   0.0000000000000000        0.00000000    
   1.7267183353332934E-003   0.00000000    
   3.4534366706665868E-003   4.92695988E-12
   5.1801550059998799E-003   1.42644282E-11
   6.9068733413331735E-003   2.70414385E-11
   8.6335916766664671E-003   4.19622150E-11
   1.0360310011999760E-002   5.75782338E-11
   1.2087028347333053E-002   7.24786897E-11
   1.3813746682666345E-002   8.54732812E-11
   1.5540465017999638E-002   9.57422058E-11
   1.7267183353332931E-002   1.02932995E-10
   1.8993901688666225E-002   1.07191617E-10
   2.0720620023999520E-002   1.09124300E-10
   2.2447338359332814E-002   1.09696009E-10
   2.4174056694666109E-002   1.10080597E-10
   2.5900775029999403E-002   1.11483961E-10
   2.7627493365332698E-002   1.14964975E-10
   2.9354211700665992E-002   1.21279528E-10
   3.1080930035999287E-002   1.30769243E-10
   3.2807648371332578E-002   1.43310183E-10
   3.4534366706665869E-002   1.58328628E-10
   3.6261085041999160E-002   1.74881165E-10
   3.7987803377332451E-002   1.91787711E-10
   3.9714521712665742E-002   2.07798237E-10
   4.1441240047999033E-002   2.21769547E-10
   4.3167958383332324E-002   2.32826966E-10
   4.4894676718665615E-002   2.40487824E-10
   4.6621395053998906E-002   2.44729348E-10
   4.8348113389332197E-002   2.45991505E-10
   5.0074831724665488E-002   2.45114457E-10
   5.1801550059998779E-002   2.43219778E-10
   5.3528268395332070E-002   2.41552611E-10
   5.5254986730665361E-002   2.41307085E-10
   5.6981705065998652E-002   2.43460002E-10
   5.8708423401331943E-002   2.48636028E-10
   6.0435141736665234E-002   2.57023125E-10
   6.2161860071998525E-002   2.68349898E-10
   6.3888578407331822E-002   2.81927565E-10
   6.5615296742665113E-002   2.96749847E-10
   6.7342015077998404E-002   3.11636772E-10
   6.9068733413331695E-002   3.25401733E-10
   7.0795451748664986E-002   3.37017997E-10
   7.2522170083998277E-002   3.45761697E-10
   7.4248888419331568E-002   3.51311202E-10
   7.5975606754664859E-002   3.53789054E-10
   7.7702325089998150E-002   3.53741092E-10
   7.9429043425331441E-002   3.52055995E-10
   8.1155761760664732E-002   3.49836826E-10
   8.2882480095998023E-002   3.48242990E-10
   8.4609198431331314E-002   3.48325396E-10
   8.6335916766664605E-002   3.50877855E-10
   8.8062635101997896E-002   3.56326219E-10
   8.9789353437331187E-002   3.64670766E-10
   9.1516071772664478E-002   3.75489584E-10
   9.3242790107997769E-002   3.88002491E-10
   9.4969508443331060E-002   4.01185585E-10
   9.6696226778664351E-002   4.13920065E-10
   9.8422945113997642E-002   4.25153440E-10
  0.10014966344933093        4.34050268E-10
  0.10187638178466422        4.40110726E-10
  0.10360310011999752        4.43240444E-10
  0.10532981845533081        4.43761916E-10
  0.10705653679066410        4.42366394E-10
  0.10878325512599739        4.40013442E-10
  0.11050997346133068        4.37792913E-10
  0.11223669179666397        4.36769121E-10
  0.11396341013199726        4.37829328E-10
  0.11569012846733055        4.41558373E-10
  0.11741684680266384        4.48156706E-10
  0.11914356513799713        4.57413468E-10
  0.12087028347333043        4.68738326E-10
  0.12259700180866372        4.81247320E-10
  0.12432372014399701        4.93890373E-10
  0.12605043847933031        5.05602171E-10
  0.12777715681466362        5.15455068E-10
  0.12950387514999692        5.22791699E-10
  0.13123059348533023        5.27318744E-10
  0.13295731182066353        5.29148225E-10
  0.13468403015599684        5.28780464E-10
  0.13641074849133014        5.27031196E-10
  0.13813746682666345        5.24913613E-10
  0.13986418516199675        5.23492139E-10
  0.14159090349733006        5.23729338E-10
  0.14331762183266336        5.26347799E-10
  0.14504434016799667        5.31726774E-10
  0.14677105850332997        5.39848610E-10
  0.14849777683866328        5.50302026E-10
  0.15022449517399658        5.62341840E-10
  0.15195121350932989        5.74996162E-10
  0.15367793184466319        5.87206006E-10
  0.15540465017999650        5.97976724E-10
  0.15713136851532980        6.06520056E-10
  0.15885808685066310        6.12366768E-10
  0.16058480518599641        6.15433260E-10
  0.16231152352132971        6.16033502E-10
  0.16403824185666302        6.14833906E-10
  0.16576496019199632        6.12758067E-10
  0.16749167852732963        6.10854256E-10
  0.16921839686266293        6.10145212E-10
  0.17094511519799624        6.11481032E-10
  0.17267183353332954        6.15416385E-10
  0.17439855186866285        6.22130070E-10
  0.17612527020399615        6.31398267E-10
  0.17785198853932946        6.42625564E-10
  0.17957870687466276        6.54929777E-10
  0.18130542520999607        6.67268574E-10
  0.18303214354532937        6.78589240E-10
  0.18475886188066268        6.87980894E-10
  0.18648558021599598        6.94806823E-10
  0.18821229855132929        6.98797520E-10
  0.18993901688666259        7.00091596E-10
  0.19166573522199590        6.99217961E-10
  0.19339245355732920        6.97021607E-10
  0.19511917189266251        6.94543978E-10
  0.19684589022799581        6.92873925E-10
  0.19857260856332912        6.92990776E-10
  0.20029932689866242        6.95621893E-10
  0.20202604523399573        7.01134539E-10
  0.20375276356932903        7.09477810E-10
  0.20547948190466234        7.20183302E-10
  0.20720620023999564        7.32424676E-10
  0.20893291857532895        7.45128903E-10
  0.21065963691066225        7.57123475E-10
  0.21238635524599556        7.67300223E-10
  0.21411307358132886        7.74772191E-10
  0.21583979191666217        7.79002529E-10
  0.21756651025199547        7.79886544E-10
  0.21929322858732878        7.77775233E-10
  0.22101994692266208        7.73436204E-10
  0.22274666525799539        7.67957253E-10
  0.22447338359332869        7.62604979E-10
  0.22620010192866200        7.58657581E-10
  0.22792682026399530        7.57235386E-10
  0.22965353859932860        7.59151686E-10
  0.23138025693466191        7.64804442E-10
  0.23310697526999521        7.74124209E-10
  0.23483369360532852        7.86584964E-10
  0.23656041194066182        8.01275879E-10
  0.23828713027599513        8.17024559E-10
  0.24001384861132843        8.32554359E-10
  0.24174056694666174        8.46653747E-10
  0.24346728528199504        8.58335236E-10
  0.24519400361732835        8.66961780E-10
  0.24692072195266165        8.72323602E-10
  0.24864744028799496        8.74655848E-10
  0.25037415862332824        8.74594230E-10
  0.25210087695866151        8.73076056E-10
  0.25382759529399479        8.71200223E-10
  0.25555431362932807        8.70065908E-10
  0.25728103196466134        8.70612693E-10
  0.25900775029999462        8.73484063E-10
  0.26073446863532790        8.78934259E-10
  0.26246118697066118        8.86790530E-10
  0.26418790530599445        8.96477115E-10
  0.26591462364132773        9.07097120E-10
  0.26764134197666101        9.17561027E-10
  0.26936806031199428        9.26743959E-10
  0.27109477864732756        9.33649269E-10
  0.27282149698266084        9.37555589E-10
  0.27454821531799412        9.38126576E-10
  0.27627493365332739        9.35467703E-10
  0.27800165198866067        9.30122590E-10
  0.27972837032399395        9.23008170E-10
  0.28145508865932722        9.15298892E-10
  0.28318180699466050        9.08274733E-10
  0.28490852532999378        9.03154884E-10
  0.28663524366532706        9.00939323E-10
  0.28836196200066033        9.02279695E-10
  0.29008868033599361        9.07397713E-10
  0.29181539867132689        9.16061504E-10
  0.29354211700666016        9.27622645E-10
  0.29526883534199344        9.41109191E-10
  0.29699555367732672        9.55361346E-10
  0.29872227201266000        9.69190950E-10
  0.30044899034799327        9.81543180E-10
  0.30217570868332655        9.91637994E-10
  0.30390242701865983        9.99071936E-10
  0.30562914535399310        1.00386621E-09
  0.30735586368932638        1.00645547E-09
  0.30908258202465966        1.00761788E-09
  0.31080930035999293        1.00835706E-09
  0.31253601869532621        1.00975373E-09
  0.31426273703065949        1.01280606E-09
  0.31598945536599277        1.01828324E-09
  0.31771617370132604        1.02661124E-09
  0.31944289203665932        1.03780828E-09
  0.32116961037199260        1.05147768E-09
  0.32289632870732587        1.06685938E-09
  0.32462304704265915        1.08293274E-09
  0.32634976537799243        1.09855547E-09
  0.32807648371332571        1.11262000E-09
  0.32980320204865898        1.12420462E-09
  0.33152992038399226        1.13269838E-09
  0.33325663871932554        1.13788323E-09
  0.33498335705465881        1.13996168E-09
  0.33671007538999209        1.13952614E-09
  0.33843679372532537        1.13747489E-09
  0.34016351206065865        1.13488652E-09
  0.34189023039599192        1.13286969E-09
  0.34361694873132520        1.13241005E-09
  0.34534366706665848        1.13423515E-09
  0.34707038540199175        1.13871546E-09
  0.34879710373732503        1.14581700E-09
  0.35052382207265831        1.15511001E-09
  0.35225054040799159        1.16583365E-09
  0.35397725874332486        1.17700705E-09
  0.35570397707865814        1.18757104E-09
  0.35743069541399142        1.19653987E-09
  0.35915741374932469        1.20314236E-09
  0.36088413208465797        1.20693155E-09
  0.36261085041999125        1.20784849E-09
  0.36433756875532453        1.20623012E-09
  0.36606428709065780        1.20276167E-09
  0.36779100542599108        1.19838028E-09
  0.36951772376132436        1.19414345E-09
  0.37124444209665763        1.19108146E-09
  0.37297116043199091        1.19005494E-09
  0.37469787876732419        1.19163734E-09
  0.37642459710265747        1.19603871E-09
  0.37815131543799074        1.20308152E-09
  0.37987803377332402        1.21223143E-09
  0.38160475210865730        1.22267796E-09
  0.38333147044399057        1.23345434E-09
  0.38505818877932385        1.24357802E-09
  0.38678490711465713        1.25219324E-09
  0.38851162544999041        1.25869404E-09
  0.39023834378532368        1.26281108E-09
  0.39196506212065696        1.26464927E-09
  0.39369178045599024        1.26467115E-09
  0.39541849879132351        1.26362809E-09
  0.39714521712665679        1.26244937E-09
  0.39887193546199007        1.26210553E-09
  0.40059865379732335        1.26346456E-09
  0.40232537213265662        1.26716382E-09
  0.40405209046798990        1.27351474E-09
  0.40577880880332318        1.28245481E-09
  0.40750552713865645        1.29355493E-09
  0.40923224547398973        1.30607991E-09
  0.41095896380932301        1.31909428E-09
  0.41268568214465629        1.33159794E-09
  0.41441240047998956        1.34267242E-09
  0.41613911881532284        1.35161560E-09
  0.41786583715065612        1.35804623E-09
  0.41959255548598939        1.36196321E-09
  0.42131927382132267        1.36374900E-09
  0.42304599215665595        1.36411848E-09
  0.42477271049198922        1.36401845E-09
  0.42649942882732250        1.36449263E-09
  0.42822614716265578        1.36653044E-09
  0.42995286549798906        1.37092160E-09
  0.43167958383332233        1.37813683E-09
  0.43340630216865561        1.38825229E-09
  0.43513302050398889        1.40092926E-09
  0.43685973883932216        1.41545287E-09
  0.43858645717465544        1.43082413E-09
  0.44031317550998872        1.44589474E-09
  0.44203989384532200        1.45952506E-09
  0.44376661218065527        1.47074275E-09
  0.44549333051598855        1.47888102E-09
  0.44722004885132183        1.48367496E-09
  0.44894676718665510        1.48530344E-09
  0.45067348552198838        1.48436874E-09
  0.45240020385732166        1.48181767E-09
  0.45412692219265494        1.47881352E-09
  0.45585364052798821        1.47657730E-09
  0.45758035886332149        1.47622070E-09
  0.45930707719865477        1.47859314E-09
  0.46103379553398804        1.48416490E-09
  0.46276051386932132        1.49296320E-09
  0.46448723220465460        1.50456936E-09
  0.46621395053998788        1.51817758E-09
  0.46794066887532115        1.53270807E-09
  0.46966738721065443        1.54695734E-09
  0.47139410554598771        1.55976565E-09
  0.47312082388132098        1.57017799E-09
  0.47484754221665426        1.57757607E-09
  0.47657426055198754        1.58176161E-09
  0.47830097888732082        1.58298108E-09
  0.48002769722265409        1.58188584E-09
  0.48175441555798737        1.57943492E-09
  0.48348113389332065        1.57675284E-09
  0.48520785222865392        1.57496316E-09
  0.48693457056398720        1.57502078E-09
  0.48866128889932048        1.57756797E-09
  0.49038800723465376        1.58283386E-09
  0.49211472556998703        1.59059332E-09
  0.49384144390532031        1.60019065E-09
  0.49556816224065359        1.61062663E-09
  0.49729488057598686        1.62069502E-09
  0.49902159891132014        1.62915181E-09
  0.50074831724665347        1.63489156E-09
  0.50247503558198681        1.63710734E-09
  0.50420175391732014        1.63541014E-09
  0.50592847225265347        1.62989222E-09
  0.50765519058798680        1.62112423E-09
  0.50938190892332014        1.61008606E-09
  0.51110862725865347        1.59804092E-09
  0.51283534559398680        1.58636992E-09
  0.51456206392932013        1.57638969E-09
  0.51628878226465347        1.56917745E-09
  0.51801550059998680        1.56542912E-09
  0.51974221893532013        1.56536839E-09
  0.52146893727065347        1.56872060E-09
  0.52319565560598680        1.57475477E-09
  0.52492237394132013        1.58238811E-09
  0.52664909227665346        1.59033808E-09
  0.52837581061198680        1.59730207E-09
  0.53010252894732013        1.60213820E-09
  0.53182924728265346        1.60402269E-09
  0.53355596561798679        1.60256208E-09
  0.53528268395332013        1.59784364E-09
  0.53700940228865346        1.59041769E-09
  0.53873612062398679        1.58121416E-09
  0.54046283895932012        1.57140545E-09
  0.54218955729465346        1.56223479E-09
  0.54391627562998679        1.55483537E-09
  0.54564299396532012        1.55006508E-09
  0.54736971230065345        1.54838020E-09
  0.54909643063598679        1.54976720E-09
  0.55082314897132012        1.55374058E-09
  0.55254986730665345        1.55940771E-09
  0.55427658564198679        1.56559254E-09
  0.55600330397732012        1.57099900E-09
  0.55773002231265345        1.57439284E-09
  0.55945674064798678        1.57477609E-09
  0.56118345898332012        1.57152957E-09
  0.56291017731865345        1.56450408E-09
  0.56463689565398678        1.55404689E-09
  0.56636361398932011        1.54096058E-09
  0.56809033232465345        1.52639912E-09
  0.56981705065998678        1.51171620E-09
  0.57154376899532011        1.49828561E-09
  0.57327048733065344        1.48732049E-09
  0.57499720566598678        1.47971446E-09
  0.57672392400132011        1.47592794E-09
  0.57845064233665344        1.47593515E-09
  0.58017736067198677        1.47923795E-09
  0.58190407900732011        1.48494517E-09
  0.58363079734265344        1.49190504E-09
  0.58535751567798677        1.49887203E-09
  0.58708423401332011        1.50468427E-09
  0.58881095234865344        1.50842616E-09
  0.59053767068398677        1.50955404E-09
  0.59226438901932010        1.50796697E-09
  0.59399110735465344        1.50401391E-09
  0.59571782568998677        1.49843637E-09
  0.59744454402532010        1.49225643E-09
  0.59917126236065343        1.48662493E-09
  0.60089798069598677        1.48265367E-09
  0.60262469903132010        1.48125345E-09
  0.60435141736665343        1.48300261E-09
  0.60607813570198676        1.48806301E-09
  0.60780485403732010        1.49615609E-09
  0.60953157237265343        1.50660062E-09
  0.61125829070798676        1.51840818E-09
  0.61298500904332009        1.53042057E-09
  0.61471172737865343        1.54147095E-09
  0.61643844571398676        1.55054425E-09
  0.61816516404932009        1.55691493E-09
  0.61989188238465343        1.56024194E-09
  0.62161860071998676        1.56060742E-09
  0.62334531905532009        1.55849411E-09
  0.62507203739065342        1.55470525E-09
  0.62679875572598676        1.55023838E-09
  0.62852547406132009        1.54613233E-09
  0.63025219239665342        1.54330948E-09
  0.63197891073198675        1.54243618E-09
  0.63370562906732009        1.54382218E-09
  0.63543234740265342        1.54737267E-09
  0.63715906573798675        1.55260060E-09
  0.63888578407332008        1.55869684E-09
  0.64061250240865342        1.56464752E-09
  0.64233922074398675        1.56938218E-09
  0.64406593907932008        1.57193092E-09
  0.64579265741465341        1.57156776E-09
  0.64751937574998675        1.56791979E-09
  0.64924609408532008        1.56102620E-09
  0.65097281242065341        1.55133917E-09
  0.65269953075598675        1.53966517E-09
  0.65442624909132008        1.52705593E-09
  0.65615296742665341        1.51466384E-09
  0.65787968576198674        1.50358259E-09
  0.65960640409732008        1.49469526E-09
  0.66133312243265341        1.48855173E-09
  0.66305984076798674        1.48529344E-09
  0.66478655910332007        1.48463564E-09
  0.66651327743865341        1.48591062E-09
  0.66823999577398674        1.48816548E-09
  0.66996671410932007        1.49030044E-09
  0.67169343244465340        1.49122836E-09
  0.67342015077998674        1.49003232E-09
  0.67514686911532007        1.48609891E-09
  0.67687358745065340        1.47920809E-09
  0.67860030578598673        1.46956658E-09
  0.68032702412132007        1.45778101E-09
  0.68205374245665340        1.44477363E-09
  0.68378046079198673        1.43165391E-09
  0.68550717912732007        1.41956336E-09
  0.68723389746265340        1.40951684E-09
  0.68896061579798673        1.40226164E-09
  0.69068733413332006        1.39817546E-09
  0.69241405246865340        1.39721690E-09
  0.69414077080398673        1.39893508E-09
  0.69586748913932006        1.40253809E-09
  0.69759420747465339        1.40700884E-09
  0.69932092580998673        1.41125345E-09
  0.70104764414532006        1.41425971E-09
  0.70277436248065339        1.41524337E-09
  0.70450108081598672        1.41376177E-09
  0.70622779915132006        1.40977752E-09
  0.70795451748665339        1.40366341E-09
  0.70968123582198672        1.39614731E-09
  0.71140795415732005        1.38820511E-09
  0.71313467249265339        1.38091627E-09
  0.71486139082798672        1.37530320E-09
  0.71658810916332005        1.37217704E-09
  0.71831482749865339        1.37201306E-09
  0.72004154583398672        1.37487255E-09
  0.72176826416932005        1.38038403E-09
  0.72349498250465338        1.38778633E-09
  0.72522170083998672        1.39602740E-09
  0.72694841917532005        1.40390577E-09
  0.72867513751065338        1.41023515E-09
  0.73040185584598671        1.41400780E-09
  0.73212857418132005        1.41453538E-09
  0.73385529251665338        1.41154655E-09
  0.73558201085198671        1.40522727E-09
  0.73730872918732004        1.39619927E-09
  0.73903544752265338        1.38543776E-09
  0.74076216585798671        1.37414102E-09
  0.74248888419332004        1.36356926E-09
  0.74421560252865337        1.35487421E-09
  0.74594232086398671        1.34894440E-09
  0.74766903919932004        1.34628630E-09
  0.74939575753465337        1.34695877E-09
  0.75112247586998671        1.35056966E-09
  0.75284919420532004        1.35633504E-09
  0.75457591254065337        1.36319267E-09
  0.75630263087598670        1.36995471E-09
  0.75802934921132004        1.37547673E-09
  0.75975606754665337        1.37882061E-09
  0.76148278588198670        1.37938772E-09
  0.76320950421732003        1.37700307E-09
  0.76493622255265337        1.37193956E-09
  0.76666294088798670        1.36487799E-09
  0.76838965922332003        1.35680922E-09
  0.77011637755865336        1.34889167E-09
  0.77184309589398670        1.34228462E-09
  0.77356981422932003        1.33798084E-09
  0.77529653256465336        1.33666112E-09
  0.77702325089998669        1.33859268E-09
  0.77874996923532003        1.34358380E-09
  0.78047668757065336        1.35100309E-09
  0.78220340590598669        1.35985956E-09
  0.78393012424132003        1.36893341E-09
  0.78565684257665336        1.37693934E-09
  0.78738356091198669        1.38270095E-09
  0.78911027924732002        1.38531120E-09
  0.79083699758265336        1.38425782E-09
  0.79256371591798669        1.37949663E-09
  0.79429043425332002        1.37146128E-09
  0.79601715258865335        1.36100942E-09
  0.79774387092398669        1.34931166E-09
  0.79947058925932002        1.33769895E-09
  0.80119730759465335        1.32748834E-09
  0.80292402592998668        1.31981281E-09
  0.80465074426532002        1.31547606E-09
  0.80637746260065335        1.31485345E-09
  0.80810418093598668        1.31785216E-09
  0.80983089927132001        1.32393463E-09
  0.81155761760665335        1.33220235E-09
  0.81328433594198668        1.34152667E-09
  0.81501105427732001        1.35070921E-09
  0.81673777261265335        1.35864830E-09
  0.81846449094798668        1.36448908E-09
  0.82019120928332001        1.36773681E-09
  0.82191792761865334        1.36831757E-09
  0.82364464595398668        1.36657963E-09
  0.82537136428932001        1.36323497E-09
  0.82709808262465334        1.35925071E-09
  0.82882480095998667        1.35570544E-09
  0.83055151929532001        1.35363099E-09
  0.83227823763065334        1.35386136E-09
  0.83400495596598667        1.35691147E-09
  0.83573167430132000        1.36290013E-09
  0.83745839263665334        1.37153000E-09
  0.83918511097198667        1.38212597E-09
  0.84091182930732000        1.39372713E-09
  0.84263854764265333        1.40521816E-09
  0.84436526597798667        1.41548273E-09
  0.84609198431332000        1.42355638E-09
  0.84781870264865333        1.42875800E-09
  0.84954542098398667        1.43078038E-09
  0.85127213931932000        1.42972878E-09
  0.85299885765465333        1.42610113E-09
  0.85472557598998666        1.42071344E-09
  0.85645229432532000        1.41458167E-09
  0.85817901266065333        1.40877654E-09
  0.85990573099598666        1.40427225E-09
  0.86163244933131999        1.40181056E-09
  0.86335916766665333        1.40179823E-09
  0.86508588600198666        1.40425349E-09
  0.86681260433731999        1.40880807E-09
  0.86853932267265332        1.41476297E-09
  0.87026604100798666        1.42119227E-09
  0.87199275934331999        1.42707801E-09
  0.87371947767865332        1.43145806E-09
  0.87544619601398665        1.43356660E-09
  0.87717291434931999        1.43294610E-09
  0.87889963268465332        1.42951673E-09
  0.88062635101998665        1.42359213E-09
  0.88235306935531999        1.41583978E-09
  0.88407978769065332        1.40719136E-09
  0.88580650602598665        1.39871581E-09
  0.88753322436131998        1.39147238E-09
  0.88925994269665332        1.38636524E-09
  0.89098666103198665        1.38401923E-09
  0.89271337936731998        1.38469458E-09
  0.89444009770265331        1.38825296E-09
  0.89616681603798665        1.39417866E-09
  0.89789353437331998        1.40165191E-09
  0.89962025270865331        1.40966427E-09
  0.90134697104398664        1.41715906E-09
  0.90307368937931998        1.42317635E-09
  0.90480040771465331        1.42698353E-09
  0.90652712604998664        1.42817191E-09
  0.90825384438531997        1.42670631E-09
  0.90998056272065331        1.42292200E-09
  0.91170728105598664        1.41746848E-09
  0.91343399939131997        1.41120948E-09
  0.91516071772665331        1.40509349E-09
  0.91688743606198664        1.40001277E-09
  0.91861415439731997        1.39667189E-09
  0.92034087273265330        1.39548362E-09
  0.92206759106798664        1.39650758E-09
  0.92379430940331997        1.39944001E-09
  0.92552102773865330        1.40365686E-09
  0.92724774607398663        1.40830325E-09
  0.92897446440931997        1.41241729E-09
  0.93070118274465330        1.41507006E-09
  0.93242790107998663        1.41550183E-09
  0.93415461941531996        1.41323486E-09
  0.93588133775065330        1.40814604E-09
  0.93760805608598663        1.40048850E-09
  0.93933477442131996        1.39085932E-09
  0.94106149275665330        1.38011724E-09
  0.94278821109198663        1.36926237E-09
  0.94451492942731996        1.35929423E-09
  0.94624164776265329        1.35106959E-09
  0.94796836609798663        1.34518030E-09
  0.94969508443331996        1.34186739E-09
  0.95142180276865329        1.34098610E-09
  0.95314852110398662        1.34202505E-09
  0.95487523943931996        1.34417844E-09
  0.95660195777465329        1.34646061E-09
  0.95832867610998662        1.34784739E-09
  0.96005539444531995        1.34742417E-09
  0.96178211278065329        1.34451994E-09
  0.96350883111598662        1.33880829E-09
  0.96523554945131995        1.33036104E-09
  0.96696226778665328        1.31964562E-09
  0.96868898612198662        1.30746758E-09
  0.97041570445731995        1.29486433E-09
  0.97214242279265328        1.28296551E-09
  0.97386914112798662        1.27283950E-09
  0.97559585946331995        1.26534738E-09
  0.97732257779865328        1.26102484E-09
  0.97904929613398661        1.26001021E-09
  0.98077601446931995        1.26202793E-09
  0.98250273280465328        1.26643107E-09
  0.98422945113998661        1.27229671E-09
  0.98595616947531994        1.27856092E-09
  0.98768288781065328        1.28417466E-09
  0.98940960614598661        1.28825794E-09
  0.99113632448131994        1.29023014E-09
  0.99286304281665327        1.28989786E-09
  0.99458976115198661        1.28748778E-09
  0.99631647948731994        1.28361832E-09
  0.99804319782265327        1.27921496E-09
  0.99976991615798660        1.27537936E-09
   1.0014966344933198        1.27323141E-09
   1.0032233528286532        1.27374544E-09
   1.0049500711639865        1.27760391E-09
   1.0066767894993198        1.28508937E-09
   1.0084035078346532        1.29602973E-09
   1.0101302261699865        1.30980626E-09
   1.0118569445053198        1.32542377E-09
   1.0135836628406532        1.34163303E-09
   1.0153103811759865        1.35709144E-09
   1.0170370995113198        1.37053824E-09
   1.0187638178466532        1.38096112E-09
   1.0204905361819865        1.38773137E-09
   1.0222172545173198        1.39068834E-09
   1.0239439728526532        1.39016099E-09
   1.0256706911879865        1.38692369E-09
   1.0273974095233198        1.38209144E-09
   1.0291241278586531        1.37696932E-09
   1.0308508461939865        1.37287681E-09
   1.0325775645293198        1.37097089E-09
   1.0343042828646531        1.37209211E-09
   1.0360310011999865        1.37665590E-09
   1.0377577195353198        1.38460277E-09
   1.0394844378706531        1.39541401E-09
   1.0412111562059865        1.40819134E-09
   1.0429378745413198        1.42178791E-09
   1.0446645928766531        1.43497292E-09
   1.0463913112119865        1.44660617E-09
   1.0481180295473198        1.45579915E-09
   1.0498447478826531        1.46203893E-09
   1.0515714662179865        1.46525858E-09
   1.0532981845533198        1.46584400E-09
   1.0550249028886531        1.46457624E-09
   1.0567516212239865        1.46251733E-09
   1.0584783395593198        1.46085632E-09
   1.0602050578946531        1.46073542E-09
   1.0619317762299865        1.46308332E-09
   1.0636584945653198        1.46847701E-09
   1.0653852129006531        1.47705370E-09
   1.0671119312359865        1.48848411E-09
   1.0688386495713198        1.50201240E-09
   1.0705653679066531        1.51655655E-09
   1.0722920862419865        1.53085566E-09
   1.0740188045773198        1.54364344E-09
   1.0757455229126531        1.55382318E-09
   1.0774722412479865        1.56062019E-09
   1.0791989595833198        1.56368973E-09
   1.0809256779186531        1.56316571E-09
   1.0826523962539865        1.55964253E-09
   1.0843791145893198        1.55409430E-09
   1.0861058329246531        1.54774116E-09
   1.0878325512599865        1.54188218E-09
   1.0895592695953198        1.53771818E-09
   1.0912859879306531        1.53618929E-09
   1.0930127062659865        1.53784874E-09
   1.0947394246013198        1.54279178E-09
   1.0964661429366531        1.55064861E-09
   1.0981928612719865        1.56064173E-09
   1.0999195796073198        1.57170088E-09
   1.1016462979426531        1.58261837E-09
   1.1033730162779865        1.59222324E-09
   1.1050997346133198        1.59955005E-09
   1.1068264529486531        1.60397817E-09
   1.1085531712839864        1.60532232E-09
   1.1102798896193198        1.60386093E-09
   1.1120066079546531        1.60029978E-09
   1.1137333262899864        1.59567404E-09
   1.1154600446253198        1.59120506E-09
   1.1171867629606531        1.58812996E-09
   1.1189134812959864        1.58753011E-09
   1.1206401996313198        1.59018110E-09
   1.1223669179666531        1.59644697E-09
   1.1240936363019864        1.60623115E-09
   1.1258203546373198        1.61899272E-09
   1.1275470729726531        1.63382441E-09
   1.1292737913079864        1.64957992E-09
   1.1310005096433198        1.66503411E-09
   1.1327272279786531        1.67905168E-09
   1.1344539463139864        1.69074199E-09
   1.1361806646493198        1.69957681E-09
   1.1379073829846531        1.70545644E-09
   1.1396341013199864        1.70871461E-09
   1.1413608196553198        1.71006120E-09
   1.1430875379906531        1.71047321E-09
   1.1448142563259864        1.71104797E-09
   1.1465409746613198        1.71284120E-09
   1.1482676929966531        1.71671188E-09
   1.1499944113319864        1.72319758E-09
   1.1517211296673198        1.73243653E-09
   1.1534478480026531        1.74414883E-09
   1.1551745663379864        1.75767900E-09
   1.1569012846733198        1.77209247E-09
   1.1586280030086531        1.78631399E-09
   1.1603547213439864        1.79928561E-09
   1.1620814396793198        1.81012272E-09
   1.1638081580146531        1.81824467E-09
   1.1655348763499864        1.82346149E-09
   1.1672615946853198        1.82600390E-09
   1.1689883130206531        1.82649240E-09
   1.1707150313559864        1.82585091E-09
   1.1724417496913198        1.82517568E-09
   1.1741684680266531        1.82558046E-09
   1.1758951863619864        1.82803905E-09
   1.1776219046973198        1.83324766E-09
   1.1793486230326531        1.84152704E-09
   1.1810753413679864        1.85277904E-09
   1.1828020597033198        1.86650162E-09
   1.1845287780386531        1.88186244E-09
   1.1862554963739864        1.89781857E-09
   1.1879822147093198        1.91326577E-09
   1.1897089330446531        1.92719707E-09
   1.1914356513799864        1.93884575E-09
   1.1931623697153197        1.94779304E-09
   1.1948890880506531        1.95402627E-09
   1.1966158063859864        1.95793670E-09
   1.1983425247213197        1.96025884E-09
   1.2000692430566531        1.96195948E-09
   1.2017959613919864        1.96409156E-09
   1.2035226797273197        1.96763628E-09
   1.2052493980626531        1.97335415E-09
   1.2069761163979864        1.98166816E-09
   1.2087028347333197        1.99259631E-09
   1.2104295530686531        2.00574268E-09
   1.2121562714039864        2.02035011E-09
   1.2138829897393197        2.03540518E-09
   1.2156097080746531        2.04978212E-09
   1.2173364264099864        2.06240447E-09
   1.2190631447453197        2.07240092E-09
   1.2207898630806531        2.07923345E-09
   1.2225165814159864        2.08277884E-09
   1.2242432997513197        2.08335105E-09
   1.2259700180866531        2.08166218E-09
   1.2276967364219864        2.07872564E-09
   1.2294234547573197        2.07571582E-09
   1.2311501730926531        2.07380269E-09
   1.2328768914279864        2.07398521E-09
   1.2346036097633197        2.07694772E-09
   1.2363303280986531        2.08295803E-09
   1.2380570464339864        2.09182338E-09
   1.2397837647693197        2.10291051E-09
   1.2415104831046531        2.11522799E-09
   1.2432372014399864        2.12755946E-09
   1.2449639197753197        2.13862905E-09
   1.2466906381106531        2.14727724E-09
   1.2484173564459864        2.15262164E-09
   1.2501440747813197        2.15418017E-09
   1.2518707931166531        2.15193907E-09
   1.2535975114519864        2.14635709E-09
   1.2553242297873197        2.13830420E-09
   1.2570509481226531        2.12894435E-09
   1.2587776664579864        2.11957807E-09
   1.2605043847933197        2.11146833E-09
   1.2622311031286531        2.10567164E-09
   1.2639578214639864        2.10290096E-09
   1.2656845397993197        2.10343698E-09
   1.2674112581346531        2.10710116E-09
   1.2691379764699864        2.11329310E-09
   1.2708646948053197        2.12108753E-09
   1.2725914131406530        2.12937601E-09
   1.2743181314759864        2.13703366E-09
   1.2760448498113197        2.14308749E-09
   1.2777715681466530        2.14686202E-09
   1.2794982864819864        2.14808105E-09
   1.2812250048173197        2.14691176E-09
   1.2829517231526530        2.14394569E-09
   1.2846784414879864        2.14011542E-09
   1.2864051598233197        2.13656270E-09
   1.2881318781586530        2.13447371E-09
   1.2898585964939864        2.13490603E-09
   1.2915853148293197        2.13863172E-09
   1.2933120331646530        2.14601781E-09
   1.2950387514999864        2.15696372E-09
   1.2967654698353197        2.17090279E-09
   1.2984921881706530        2.18686913E-09
   1.3002189065059864        2.20361995E-09
   1.3019456248413197        2.21979812E-09
   1.3036723431766530        2.23411045E-09
   1.3053990615119864        2.24549801E-09
   1.3071257798473197        2.25327490E-09
   1.3088524981826530        2.25721664E-09
   1.3105792165179864        2.25758567E-09
   1.3123059348533197        2.25509011E-09
   1.3140326531886530        2.25078312E-09
   1.3157593715239864        2.24591523E-09
   1.3174860898593197        2.24176167E-09
   1.3192128081946530        2.23944729E-09
   1.3209395265299864        2.23979302E-09
   1.3226662448653197        2.24320629E-09
   1.3243929632006530        2.24962893E-09
   1.3261196815359864        2.25855001E-09
   1.3278463998713197        2.26908181E-09
   1.3295731182066530        2.28008856E-09
   1.3312998365419864        2.29034924E-09
   1.3330265548773197        2.29873076E-09
   1.3347532732126530        2.30434982E-09
   1.3364799915479864        2.30669928E-09
   1.3382067098833197        2.30572028E-09
   1.3399334282186530        2.30181296E-09
   1.3416601465539864        2.29578290E-09
   1.3433868648893197        2.28873032E-09
   1.3451135832246530        2.28190000E-09
   1.3468403015599864        2.27651120E-09
   1.3485670198953197        2.27359220E-09
   1.3502937382306530        2.27384178E-09
   1.3520204565659864        2.27753727E-09
   1.3537471749013197        2.28450103E-09
   1.3554738932366530        2.29412955E-09
   1.3572006115719863        2.30548070E-09
   1.3589273299073197        2.31740649E-09
   1.3606540482426530        2.32871256E-09
   1.3623807665779863        2.33832265E-09
   1.3641074849133197        2.34542474E-09
   1.3658342032486530        2.34957920E-09
   1.3675609215839863        2.35077491E-09
   1.3692876399193197        2.34942488E-09
   1.3710143582546530        2.34630271E-09
   1.3727410765899863        2.34243114E-09
   1.3744677949253197        2.33893527E-09
   1.3761945132606530        2.33688358E-09
   1.3779212315959863        2.33713937E-09
   1.3796479499313197        2.34024267E-09
   1.3813746682666530        2.34633757E-09
   1.3831013866019863        2.35515896E-09
   1.3848281049373197        2.36607489E-09
   1.3865548232726530        2.37818232E-09
   1.3882815416079863        2.39044007E-09
   1.3900082599433197        2.40181941E-09
   1.3917349782786530        2.41145215E-09
   1.3934616966139863        2.41875453E-09
   1.3951884149493197        2.42351006E-09
   1.3969151332846530        2.42589882E-09
   1.3986418516199863        2.42647191E-09
   1.4003685699553197        2.42607268E-09
   1.4020952882906530        2.42571740E-09
   1.4038220066259863        2.42645282E-09
   1.4055487249613197        2.42921083E-09
   1.4072754432966530        2.43467868E-09
   1.4090021616319863        2.44320564E-09
   1.4107288799673197        2.45475684E-09
   1.4124555983026530        2.46892129E-09
   1.4141823166379863        2.48497312E-09
   1.4159090349733197        2.50197574E-09
   1.4176357533086530        2.51891508E-09
   1.4193624716439863        2.53484234E-09
   1.4210891899793197        2.54900567E-09
   1.4228159083146530        2.56095189E-09
   1.4245426266499863        2.57058419E-09
   1.4262693449853197        2.57816812E-09
   1.4279960633206530        2.58428279E-09
   1.4297227816559863        2.58972821E-09
   1.4314494999913197        2.59539967E-09
   1.4331762183266530        2.60214850E-09
   1.4349029366619863        2.61064947E-09
   1.4366296549973196        2.62129451E-09
   1.4383563733326530        2.63412758E-09
   1.4400830916679863        2.64882982E-09
   1.4418098100033196        2.66475864E-09
   1.4435365283386530        2.68103317E-09
   1.4452632466739863        2.69665645E-09
   1.4469899650093196        2.71065548E-09
   1.4487166833446530        2.72221889E-09
   1.4504434016799863        2.73081491E-09
   1.4521701200153196        2.73626988E-09
   1.4538968383506530        2.73879897E-09
   1.4556235566859863        2.73898104E-09
   1.4573502750213196        2.73768452E-09
   1.4590769933566530        2.73595124E-09
   1.4608037116919863        2.73485523E-09
   1.4625304300273196        2.73535594E-09
   1.4642571483626530        2.73816747E-09
   1.4659838666979863        2.74366063E-09
   1.4677105850333196        2.75181256E-09
   1.4694373033686530        2.76221135E-09
   1.4711640217039863        2.77411494E-09
   1.4728907400393196        2.78655610E-09
   1.4746174583746530        2.79847856E-09
   1.4763441767099863        2.80888535E-09
   1.4780708950453196        2.81697843E-09
   1.4797976133806530        2.82226997E-09
   1.4815243317159863        2.82464896E-09
   1.4832510500513196        2.82439516E-09
   1.4849777683866530        2.82213763E-09
   1.4867044867219863        2.81876389E-09
   1.4884312050573196        2.81529355E-09
   1.4901579233926530        2.81273338E-09
   1.4918846417279863        2.81193513E-09
   1.4936113600633196        2.81347501E-09
   1.4953380783986530        2.81757373E-09
   1.4970647967339863        2.82406698E-09
   1.4987915150693196        2.83243051E-09
   1.5005182334046530        2.84185830E-09
   1.5022449517399863        2.85138069E-09
   1.5039716700753196        2.86000756E-09
   1.5056983884106530        2.86687474E-09
   1.5074251067459863        2.87137425E-09
   1.5091518250813196        2.87324808E-09
   1.5108785434166530        2.87263280E-09
   1.5126052617519863        2.87004664E-09
   1.5143319800873196        2.86632074E-09
   1.5160586984226530        2.86248492E-09
   1.5177854167579863        2.85962143E-09
   1.5195121350933196        2.85870949E-09
   1.5212388534286529        2.86048052E-09
   1.5229655717639863        2.86530666E-09
   1.5246922900993196        2.87313817E-09
   1.5264190084346529        2.88349766E-09
   1.5281457267699863        2.89553559E-09
   1.5298724451053196        2.90813662E-09
   1.5315991634406529        2.92006441E-09
   1.5333258817759863        2.93012592E-09
   1.5350526001113196        2.93733038E-09
   1.5367793184466529        2.94102320E-09
   1.5385060367819863        2.94097502E-09
   1.5402327551173196        2.93741409E-09
   1.5419594734526529        2.93099700E-09
   1.5436861917879863        2.92272162E-09
   1.5454129101233196        2.91379298E-09
   1.5471396284586529        2.90546209E-09
   1.5488663467939863        2.89885782E-09
   1.5505930651293196        2.89483637E-09
   1.5523197834646529        2.89386803E-09
   1.5540465017999863        2.89597901E-09
   1.5557732201353196        2.90075386E-09
   1.5574999384706529        2.90740099E-09
   1.5592266568059863        2.91487146E-09
   1.5609533751413196        2.92201263E-09
   1.5626800934766529        2.92773850E-09
   1.5644068118119863        2.93118996E-09
   1.5661335301473196        2.93186386E-09
   1.5678602484826529        2.92969160E-09
   1.5695869668179863        2.92505797E-09
   1.5713136851533196        2.91875479E-09
   1.5730404034886529        2.91187718E-09
   1.5747671218239863        2.90567703E-09
   1.5764938401593196        2.90139313E-09
   1.5782205584946529        2.90008018E-09
   1.5799472768299863        2.90246360E-09
   1.5816739951653196        2.90883673E-09
   1.5834007135006529        2.91901636E-09
   1.5851274318359863        2.93236280E-09
   1.5868541501713196        2.94786129E-09
   1.5885808685066529        2.96425462E-09
   1.5903075868419863        2.98020875E-09
   1.5920343051773196        2.99448732E-09
   1.5937610235126529        3.00611336E-09
   1.5954877418479863        3.01449465E-09
   1.5972144601833196        3.01949621E-09
   1.5989411785186529        3.02144798E-09
   1.6006678968539862        3.02108982E-09
   1.6023946151893196        3.01946024E-09
   1.6041213335246529        3.01774317E-09
   1.6058480518599862        3.01709679E-09
   1.6075747701953196        3.01848768E-09
   1.6093014885306529        3.02255132E-09
   1.6110282068659862        3.02950309E-09
   1.6127549252013196        3.03910719E-09
   1.6144816435366529        3.05070924E-09
   1.6162083618719862        3.06332981E-09
   1.6179350802073196        3.07580161E-09
   1.6196617985426529        3.08693293E-09
   1.6213885168779862        3.09567527E-09
   1.6231152352133196        3.10126880E-09
   1.6248419535486529        3.10334869E-09
   1.6265686718839862        3.10199488E-09
   1.6282953902193196        3.09772075E-09
   1.6300221085546529        3.09140025E-09
   1.6317488268899862        3.08414694E-09
   1.6334755452253196        3.07715831E-09
   1.6352022635606529        3.07155035E-09
   1.6369289818959862        3.06820391E-09
   1.6386557002313196        3.06764525E-09
   1.6403824185666529        3.06997716E-09
   1.6421091369019862        3.07487014E-09
   1.6438358552373196        3.08161519E-09
   1.6455625735726529        3.08922954E-09
   1.6472892919079862        3.09660164E-09
   1.6490160102433196        3.10265280E-09
   1.6507427285786529        3.10649373E-09
   1.6524694469139862        3.10755155E-09
   1.6541961652493196        3.10565196E-09
   1.6559228835846529        3.10104276E-09
   1.6576496019199862        3.09435588E-09
   1.6593763202553196        3.08651527E-09
   1.6611030385906529        3.07860137E-09
   1.6628297569259862        3.07169401E-09
   1.6645564752613196        3.06671599E-09
   1.6662831935966529        3.06429859E-09
   1.6680099119319862        3.06468850E-09
   1.6697366302673196        3.06771120E-09
   1.6714633486026529        3.07279313E-09
   1.6731900669379862        3.07904235E-09
   1.6749167852733196        3.08537440E-09
   1.6766435036086529        3.09066706E-09
   1.6783702219439862        3.09392134E-09
   1.6800969402793196        3.09440540E-09
   1.6818236586146529        3.09176329E-09
   1.6835503769499862        3.08606962E-09
   1.6852770952853195        3.07782488E-09
   1.6870038136206529        3.06789127E-09
   1.6887305319559862        3.05737657E-09
   1.6904572502913195        3.04748449E-09
   1.6921839686266529        3.03935077E-09
   1.6939106869619862        3.03389092E-09
   1.6956374052973195        3.03167735E-09
   1.6973641236326529        3.03286751E-09
   1.6990908419679862        3.03718917E-09
   1.7008175603033195        3.04398706E-09
   1.7025442786386529        3.05232328E-09
   1.7042709969739862        3.06111514E-09
   1.7059977153093195        3.06929260E-09
   1.7077244336446529        3.07595149E-09
   1.7094511519799862        3.08048032E-09
   1.7111778703153195        3.08264325E-09
   1.7129045886506529        3.08260839E-09
   1.7146313069859862        3.08091508E-09
   1.7163580253213195        3.07838866E-09
   1.7180847436566529        3.07601256E-09
   1.7198114619919862        3.07477799E-09
   1.7215381803273195        3.07553139E-09
   1.7232648986626529        3.07884451E-09
   1.7249916169979862        3.08492365E-09
   1.7267183353333195        3.09357229E-09
   1.7284450536686529        3.10421377E-09
   1.7301717720039862        3.11597126E-09
   1.7318984903393195        3.12779092E-09
   1.7336252086746529        3.13859472E-09
   1.7353519270099862        3.14743809E-09
   1.7370786453453195        3.15365023E-09
   1.7388053636806529        3.15693582E-09
   1.7405320820159862        3.15742410E-09
   1.7422588003513195        3.15565618E-09
   1.7439855186866529        3.15251247E-09
   1.7457122370219862        3.14909165E-09
   1.7474389553573195        3.14655413E-09
   1.7491656736926529        3.14595749E-09
   1.7508923920279862        3.14810356E-09
   1.7526191103633195        3.15342064E-09
   1.7543458286986529        3.16189741E-09
   1.7560725470339862        3.17307847E-09
   1.7577992653693195        3.18612270E-09
   1.7595259837046529        3.19991655E-09
   1.7612527020399862        3.21322591E-09
   1.7629794203753195        3.22486660E-09
   1.7647061387106528        3.23386851E-09
   1.7664328570459862        3.23961125E-09
   1.7681595753813195        3.24191185E-09
   1.7698862937166528        3.24105098E-09
   1.7716130120519862        3.23773452E-09
   1.7733397303873195        3.23299587E-09
   1.7750664487226528        3.22805116E-09
   1.7767931670579862        3.22412874E-09
   1.7785198853933195        3.22229643E-09
   1.7802466037286528        3.22331184E-09
   1.7819733220639862        3.22751559E-09
   1.7837000403993195        3.23478533E-09
   1.7854267587346528        3.24455418E-09
   1.7871534770699862        3.25589444E-09
   1.7888801954053195        3.26765281E-09
   1.7906069137406528        3.27861804E-09
   1.7923336320759862        3.28769767E-09
   1.7940603504113195        3.29407990E-09
   1.7957870687466528        3.29735506E-09
   1.7975137870819862        3.29758110E-09
   1.7992405054173195        3.29528405E-09
   1.8009672237526528        3.29139027E-09
   1.8026939420879862        3.28710326E-09
   1.8044206604233195        3.28373928E-09
   1.8061473787586528        3.28254623E-09
   1.8078740970939862        3.28452909E-09
   1.8096008154293195        3.29030825E-09
   1.8113275337646528        3.30002869E-09
   1.8130542520999862        3.31333383E-09
   1.8147809704353195        3.32940830E-09
   1.8165076887706528        3.34708283E-09
   1.8182344071059862        3.36498807E-09
   1.8199611254413195        3.38173600E-09
   1.8216878437766528        3.39610340E-09
   1.8234145621119862        3.40719231E-09
   1.8251412804473195        3.41454598E-09
   1.8268679987826528        3.41820239E-09
   1.8285947171179862        3.41868045E-09
   1.8303214354533195        3.41689987E-09
   1.8320481537886528        3.41404593E-09
   1.8337748721239862        3.41139983E-09
   1.8355015904593195        3.41015682E-09
   1.8372283087946528        3.41125928E-09
   1.8389550271299862        3.41526696E-09
   1.8406817454653195        3.42228268E-09
   1.8424084638006528        3.43194340E-09
   1.8441351821359862        3.44347750E-09
   1.8458619004713195        3.45581896E-09
   1.8475886188066528        3.46776385E-09
   1.8493153371419861        3.47814444E-09
   1.8510420554773195        3.48599927E-09
   1.8527687738126528        3.49071305E-09
   1.8544954921479861        3.49210727E-09
   1.8562222104833195        3.49047080E-09
   1.8579489288186528        3.48652329E-09
   1.8596756471539861        3.48131879E-09
   1.8614023654893195        3.47610274E-09
   1.8631290838246528        3.47214080E-09
   1.8648558021599861        3.47054629E-09
   1.8665825204953195        3.47212725E-09
   1.8683092388306528        3.47727847E-09
   1.8700359571659861        3.48592888E-09
   1.8717626755013195        3.49755536E-09
   1.8734893938366528        3.51125928E-09
   1.8752161121719861        3.52589447E-09
   1.8769428305073195        3.54022811E-09
   1.8786695488426528        3.55311358E-09
   1.8803962671779861        3.56364782E-09
   1.8821229855133195        3.57129348E-09
   1.8838497038486528        3.57594954E-09
   1.8855764221839861        3.57795704E-09
   1.8873031405193195        3.57804542E-09
   1.8890298588546528        3.57722163E-09
   1.8907565771899861        3.57662211E-09
   1.8924832955253195        3.57734686E-09
   1.8942100138606528        3.58029895E-09
   1.8959367321959861        3.58605212E-09
   1.8976634505313195        3.59476493E-09
   1.8993901688666528        3.60615293E-09
   1.9011168872019861        3.61952335E-09
   1.9028436055373195        3.63386632E-09
   1.9045703238726528        3.64799124E-09
   1.9062970422079861        3.66068686E-09
   1.9080237605433195        3.67088582E-09
   1.9097504788786528        3.67780828E-09
   1.9114771972139861        3.68106634E-09
   1.9132039155493195        3.68071307E-09
   1.9149306338846528        3.67723230E-09
   1.9166573522199861        3.67146824E-09
   1.9183840705553195        3.66450781E-09
   1.9201107888906528        3.65753139E-09
   1.9218375072259861        3.65165276E-09
   1.9235642255613195        3.64777186E-09
   1.9252909438966528        3.64646047E-09
   1.9270176622319861        3.64789576E-09
   1.9287443805673194        3.65185127E-09
   1.9304710989026528        3.65774344E-09
   1.9321978172379861        3.66472941E-09
   1.9339245355733194        3.67183817E-09
   1.9356512539086528        3.67811781E-09
   1.9373779722439861        3.68277764E-09
   1.9391046905793194        3.68530340E-09
   1.9408314089146528        3.68553210E-09
   1.9425581272499861        3.68367314E-09
   1.9442848455853194        3.68027631E-09
   1.9460115639206528        3.67614827E-09
   1.9477382822559861        3.67223363E-09
   1.9494650005913194        3.66947406E-09
   1.9511917189266528        3.66866937E-09
   1.9529184372619861        3.67035824E-09
   1.9546451555973194        3.67473718E-09
   1.9563718739326528        3.68163011E-09
   1.9580985922679861        3.69051101E-09
   1.9598253106033194        3.70057895E-09
   1.9615520289386528        3.71087272E-09
   1.9632787472739861        3.72041042E-09
   1.9650054656093194        3.72833142E-09
   1.9667321839446528        3.73402287E-09
   1.9684589022799861        3.73721054E-09
   1.9701856206153194        3.73800102E-09
   1.9719123389506528        3.73687037E-09
   1.9736390572859861        3.73460063E-09
   1.9753657756213194        3.73217102E-09
   1.9770924939566528        3.73062248E-09
   1.9788192122919861        3.73091247E-09
   1.9805459306273194        3.73378084E-09
   1.9822726489626528        3.73964726E-09
   1.9839993672979861        3.74855169E-09
   1.9857260856333194        3.76014997E-09
   1.9874528039686528        3.77376130E-09
   1.9891795223039861        3.78846421E-09
   1.9909062406393194        3.80322618E-09
   1.9926329589746528        3.81704757E-09
   1.9943596773099861        3.82910237E-09
   1.9960863956453194        3.83885279E-09
   1.9978131139806528        3.84612298E-09
   1.9995398323159861        3.85112076E-09
   2.0012665506513194        3.85440480E-09
   2.0029932689866525        3.85679888E-09
   2.0047199873219856        3.85927024E-09
   2.0064467056573188        3.86278476E-09
   2.0081734239926519        3.86816268E-09
   2.0099001423279850        3.87595334E-09
   2.0116268606633181        3.88634991E-09
   2.0133535789986512        3.89915300E-09
   2.0150802973339843        3.91379240E-09
   2.0168070156693174        3.92940080E-09
   2.0185337340046505        3.94493282E-09
   2.0202604523399836        3.95930844E-09
   2.0219871706753167        3.97156485E-09
   2.0237138890106499        3.98099331E-09
   2.0254406073459830        3.98724120E-09
   2.0271673256813161        3.99036715E-09
   2.0288940440166492        3.99083744E-09
   2.0306207623519823        3.98946831E-09
   2.0323474806873154        3.98731714E-09
   2.0340741990226485        3.98554034E-09
   2.0358009173579816        3.98523525E-09
   2.0375276356933147        3.98729005E-09
   2.0392543540286479        3.99226074E-09
   2.0409810723639810        4.00029032E-09
   2.0427077906993141        4.01108879E-09
   2.0444345090346472        4.02396871E-09
   2.0461612273699803        4.03793665E-09
   2.0478879457053134        4.05182865E-09
   2.0496146640406465        4.06446610E-09
   2.0513413823759796        4.07481693E-09
   2.0530681007113127        4.08213507E-09
   2.0547948190466458        4.08605993E-09
   2.0565215373819790        4.08666301E-09
   2.0582482557173121        4.08443457E-09
   2.0599749740526452        4.08021439E-09
   2.0617016923879783        4.07507050E-09
   2.0634284107233114        4.07015133E-09
   2.0651551290586445        4.06652489E-09
   2.0668818473939776        4.06503275E-09
   2.0686085657293107        4.06617362E-09
   2.0703352840646438        4.07003897E-09
   2.0720620023999770        4.07630374E-09
   2.0737887207353101        4.08427780E-09
   2.0755154390706432        4.09300815E-09
   2.0772421574059763        4.10142054E-09
   2.0789688757413094        4.10847667E-09
   2.0806955940766425        4.11332968E-09
   2.0824223124119756        4.11545242E-09
   2.0841490307473087        4.11472190E-09
   2.0858757490826418        4.11144763E-09
   2.0876024674179749        4.10633927E-09
   2.0893291857533081        4.10041734E-09
   2.0910559040886412        4.09487777E-09
   2.0927826224239743        4.09093248E-09
   2.0945093407593074        4.08964329E-09
   2.0962360590946405        4.09177670E-09
   2.0979627774299736        4.09769729E-09
   2.0996894957653067        4.10731538E-09
   2.1014162141006398        4.12009671E-09
   2.1031429324359729        4.13513312E-09
   2.1048696507713061        4.15126244E-09
   2.1065963691066392        4.16722656E-09
   2.1083230874419723        4.18183799E-09
   2.1100498057773054        4.19414059E-09
   2.1117765241126385        4.20353397E-09
   2.1135032424479716        4.20985291E-09
   2.1152299607833047        4.21338386E-09
   2.1169566791186378        4.21482094E-09
   2.1186833974539709        4.21516555E-09
   2.1204101157893041        4.21558388E-09
   2.1221368341246372        4.21724078E-09
   2.1238635524599703        4.22113589E-09
   2.1255902707953034        4.22795976E-09
   2.1273169891306365        4.23799529E-09
   2.1290437074659696        4.25107505E-09
   2.1307704258013027        4.26659863E-09
   2.1324971441366358        4.28361391E-09
   2.1342238624719689        4.30094405E-09
   2.1359505808073020        4.31734826E-09
   2.1376772991426352        4.33169012E-09
   2.1394040174779683        4.34309300E-09
   2.1411307358133014        4.35105818E-09
   2.1428574541486345        4.35553282E-09
   2.1445841724839676        4.35691661E-09
   2.1463108908193007        4.35600578E-09
   2.1480376091546338        4.35388481E-09
   2.1497643274899669        4.35177983E-09
   2.1514910458253000        4.35089476E-09
   2.1532177641606332        4.35225234E-09
   2.1549444824959663        4.35656222E-09
   2.1566712008312994        4.36413483E-09
   2.1583979191666325        4.37485115E-09
   2.1601246375019656        4.38819248E-09
   2.1618513558372987        4.40332482E-09
   2.1635780741726318        4.41922676E-09
   2.1653047925079649        4.43484005E-09
   2.1670315108432980        4.44922676E-09
   2.1687582291786311        4.46170212E-09
   2.1704849475139643        4.47193349E-09
   2.1722116658492974        4.47998527E-09
   2.1739383841846305        4.48630599E-09
   2.1756651025199636        4.49165949E-09
   2.1773918208552967        4.49700899E-09
   2.1791185391906298        4.50337279E-09
   2.1808452575259629        4.51166970E-09
   2.1825719758612960        4.52258053E-09
   2.1842986941966291        4.53644056E-09
   2.1860254125319623        4.55318316E-09
   2.1877521308672954        4.57233940E-09
   2.1894788492026285        4.59309701E-09
   2.1912055675379616        4.61440575E-09
   2.1929322858732947        4.63511896E-09
   2.1946590042086278        4.65414862E-09
   2.1963857225439609        4.67061101E-09
   2.1981124408792940        4.68394612E-09
   2.1998391592146271        4.69398875E-09
   2.2015658775499602        4.70098671E-09
   2.2032925958852934        4.70556216E-09
   2.2050193142206265        4.70861661E-09
   2.2067460325559596        4.71120298E-09
   2.2084727508912927        4.71437467E-09
   2.2101994692266258        4.71903405E-09
   2.2119261875619589        4.72580863E-09
   2.2136529058972920        4.73496176E-09
   2.2153796242326251        4.74636019E-09
   2.2171063425679582        4.75949813E-09
   2.2188330609032914        4.77357309E-09
   2.2205597792386245        4.78760809E-09
   2.2222864975739576        4.80059681E-09
   2.2240132159092907        4.81165419E-09
   2.2257399342446238        4.82014828E-09
   2.2274666525799569        4.82579576E-09
   2.2291933709152900        4.82870677E-09
   2.2309200892506231        4.82937246E-09
   2.2326468075859562        4.82859486E-09
   2.2343735259212893        4.82737184E-09
   2.2361002442566225        4.82675366E-09
   2.2378269625919556        4.82768936E-09
   2.2395536809272887        4.83088769E-09
   2.2412803992626218        4.83671236E-09
   2.2430071175979549        4.84512519E-09
   2.2447338359332880        4.85568785E-09
   2.2464605542686211        4.86762142E-09
   2.2481872726039542        4.87991558E-09
   2.2499139909392873        4.89147123E-09
   2.2516407092746205        4.90125895E-09
   2.2533674276099536        4.90846830E-09
   2.2550941459452867        4.91262853E-09
   2.2568208642806198        4.91368235E-09
   2.2585475826159529        4.91200103E-09
   2.2602743009512860        4.90834173E-09
   2.2620010192866191        4.90374674E-09
   2.2637277376219522        4.89940399E-09
   2.2654544559572853        4.89648588E-09
   2.2671811742926185        4.89598762E-09
   2.2689078926279516        4.89859087E-09
   2.2706346109632847        4.90457008E-09
   2.2723613292986178        4.91375785E-09
   2.2740880476339509        4.92556929E-09
   2.2758147659692840        4.93908736E-09
   2.2775414843046171        4.95319386E-09
   2.2792682026399502        4.96672881E-09
   2.2809949209752833        4.97865393E-09
   2.2827216393106164        4.98820052E-09
   2.2844483576459496        4.99497510E-09
   2.2861750759812827        4.99901143E-09
   2.2879017943166158        5.00076291E-09
   2.2896285126519489        5.00103203E-09
   2.2913552309872820        5.00085040E-09
   2.2930819493226151        5.00132646E-09
   2.2948086676579482        5.00347896E-09
   2.2965353859932813        5.00808595E-09
   2.2982621043286144        5.01556530E-09
   2.2999888226639476        5.02590725E-09
   2.3017155409992807        5.03866993E-09
   2.3034422593346138        5.05303577E-09
   2.3051689776699469        5.06792475E-09
   2.3068956960052800        5.08214537E-09
   2.3086224143406131        5.09456610E-09
   2.3103491326759462        5.10428055E-09
   2.3120758510112793        5.11074072E-09
   2.3138025693466124        5.11384357E-09
   2.3155292876819455        5.11395548E-09
   2.3172560060172787        5.11186737E-09
   2.3189827243526118        5.10869125E-09
   2.3207094426879449        5.10571052E-09
   2.3224361610232780        5.10420151E-09
   2.3241628793586111        5.10525622E-09
   2.3258895976939442        5.10962961E-09
   2.3276163160292773        5.11762943E-09
   2.3293430343646104        5.12906961E-09
   2.3310697526999435        5.14329201E-09
   2.3327964710352767        5.15925125E-09
   2.3345231893706098        5.17565590E-09
   2.3362499077059429        5.19114218E-09
   2.3379766260412760        5.20445953E-09
   2.3397033443766091        5.21463983E-09
   2.3414300627119422        5.22113064E-09
   2.3431567810472753        5.22386667E-09
   2.3448834993826084        5.22328003E-09
   2.3466102177179415        5.22023758E-09
   2.3483369360532746        5.21591970E-09
   2.3500636543886078        5.21165688E-09
   2.3517903727239409        5.20874366E-09
   2.3535170910592740        5.20825960E-09
   2.3552438093946071        5.21091836E-09
   2.3569705277299402        5.21697086E-09
   2.3586972460652733        5.22617150E-09
   2.3604239644006064        5.23781463E-09
   2.3621506827359395        5.25083488E-09
   2.3638774010712726        5.26395949E-09
   2.3656041194066058        5.27588773E-09
   2.3673308377419389        5.28547650E-09
   2.3690575560772720        5.29190070E-09
   2.3707842744126051        5.29477129E-09
   2.3725109927479382        5.29419220E-09
   2.3742377110832713        5.29074784E-09
   2.3759644294186044        5.28542587E-09
   2.3776911477539375        5.27948352E-09
   2.3794178660892706        5.27427746E-09
   2.3811445844246037        5.27108224E-09
   2.3828713027599369        5.27092014E-09
   2.3845980210952700        5.27442845E-09
   2.3863247394306031        5.28177901E-09
   2.3880514577659362        5.29266542E-09
   2.3897781761012693        5.30635402E-09
   2.3915048944366024        5.32179456E-09
   2.3932316127719355        5.33777511E-09
   2.3949583311072686        5.35309530E-09
   2.3966850494426017        5.36673816E-09
   2.3984117677779349        5.37801270E-09
   2.4001384861132680        5.38664935E-09
   2.4018652044486011        5.39283418E-09
   2.4035919227839342        5.39717648E-09
   2.4053186411192673        5.40061640E-09
   2.4070453594546004        5.40428458E-09
   2.4087720777899335        5.40933387E-09
   2.4104987961252666        5.41677014E-09
   2.4122255144605997        5.42730128E-09
   2.4139522327959329        5.44123147E-09
   2.4156789511312660        5.45840928E-09
   2.4174056694665991        5.47824319E-09
   2.4191323878019322        5.49977663E-09
   2.4208591061372653        5.52181545E-09
   2.4225858244725984        5.54308555E-09
   2.4243125428079315        5.56240476E-09
   2.4260392611432646        5.57883739E-09
   2.4277659794785977        5.59181768E-09
   2.4294926978139308        5.60121682E-09
   2.4312194161492640        5.60735458E-09
   2.4329461344845971        5.61094460E-09
   2.4346728528199302        5.61298963E-09
   2.4363995711552633        5.61463498E-09
   2.4381262894905964        5.61700730E-09
   2.4398530078259295        5.62105695E-09
   2.4415797261612626        5.62742875E-09
   2.4433064444965957        5.63637714E-09
   2.4450331628319288        5.64774050E-09
   2.4467598811672620        5.66097524E-09
   2.4484865995025951        5.67524383E-09
   2.4502133178379282        5.68954750E-09
   2.4519400361732613        5.70287773E-09
   2.4536667545085944        5.71437253E-09
   2.4553934728439275        5.72344616E-09
   2.4571201911792606        5.72988013E-09
   2.4588469095145937        5.73386094E-09
   2.4605736278499268        5.73595527E-09
   2.4623003461852599        5.73703307E-09
   2.4640270645205931        5.73814463E-09
   2.4657537828559262        5.74037085E-09
   2.4674805011912593        5.74467007E-09
   2.4692072195265924        5.75173953E-09
   2.4709339378619255        5.76191495E-09
   2.4726606561972586        5.77511949E-09
   2.4743873745325917        5.79087178E-09
   2.4761140928679248        5.80834802E-09
   2.4778408112032579        5.82649529E-09
   2.4795675295385911        5.84417448E-09
   2.4812942478739242        5.86031490E-09
   2.4830209662092573        5.87406079E-09
   2.4847476845445904        5.88488724E-09
   2.4864744028799235        5.89266680E-09
   2.4882011212152566        5.89768367E-09
   2.4899278395505897        5.90058846E-09
   2.4916545578859228        5.90230087E-09
   2.4933812762212559        5.90387872E-09
   2.4951079945565890        5.90636517E-09
   2.4968347128919222        5.91064309E-09
   2.4985614312272553        5.91731153E-09
   2.5002881495625884        5.92660543E-09
   2.5020148678979215        5.93836935E-09
   2.5037415862332546        5.95208638E-09
   2.5054683045685877        5.96696026E-09
   2.5071950229039208        5.98203620E-09
   2.5089217412392539        5.99634431E-09
   2.5106484595745870        6.00904260E-09
   2.5123751779099202        6.01954220E-09
   2.5141018962452533        6.02759487E-09
   2.5158286145805864        6.03332806E-09
   2.5175553329159195        6.03722805E-09
   2.5192820512512526        6.04006845E-09
   2.5210087695865857        6.04279693E-09
   2.5227354879219188        6.04639672E-09
   2.5244622062572519        6.05174044E-09
   2.5261889245925850        6.05946049E-09
   2.5279156429279181        6.06985218E-09
   2.5296423612632513        6.08282535E-09
   2.5313690795985844        6.09791195E-09
   2.5330957979339175        6.11432904E-09
   2.5348225162692506        6.13108764E-09
   2.5365492346045837        6.14713436E-09
   2.5382759529399168        6.16150331E-09
   2.5400026712752499        6.17345952E-09
   2.5417293896105830        6.18260954E-09
   2.5434561079459161        6.18896712E-09
   2.5451828262812493        6.19295948E-09
   2.5469095446165824        6.19537754E-09
   2.5486362629519155        6.19727336E-09
   2.5503629812872486        6.19982021E-09
   2.5520896996225817        6.20415364E-09
   2.5538164179579148        6.21121643E-09
   2.5555431362932479        6.22162988E-09
   2.5572698546285810        6.23560581E-09
   2.5589965729639141        6.25291730E-09
   2.5607232912992473        6.27292707E-09
   2.5624500096345804        6.29467189E-09
   2.5641767279699135        6.31699271E-09
   2.5659034463052466        6.33869046E-09
   2.5676301646405797        6.35868869E-09
   2.5693568829759128        6.37617781E-09
   2.5710836013112459        6.39072351E-09
   2.5728103196465790        6.40232134E-09
   2.5745370379819121        6.41139497E-09
   2.5762637563172452        6.41873088E-09
   2.5779904746525784        6.42536380E-09
   2.5797171929879115        6.43242881E-09
   2.5814439113232446        6.44099574E-09
   2.5831706296585777        6.45191589E-09
   2.5848973479939108        6.46569553E-09
   2.5866240663292439        6.48242127E-09
   2.5883507846645770        6.50174048E-09
   2.5900775029999101        6.52290666E-09
   2.5918042213352432        6.54487753E-09
   2.5935309396705764        6.56645582E-09
   2.5952576580059095        6.58645227E-09
   2.5969843763412426        6.60384769E-09
   2.5987110946765757        6.61793198E-09
   2.6004378130119088        6.62840183E-09
   2.6021645313472419        6.63540245E-09
   2.6038912496825750        6.63950628E-09
   2.6056179680179081        6.64163702E-09
   2.6073446863532412        6.64294308E-09
   2.6090714046885743        6.64463995E-09
   2.6107981230239075        6.64784716E-09
   2.6125248413592406        6.65343514E-09
   2.6142515596945737        6.66190791E-09
   2.6159782780299068        6.67333699E-09
   2.6177049963652399        6.68735467E-09
   2.6194317147005730        6.70320688E-09
   2.6211584330359061        6.71986156E-09
   2.6228851513712392        6.73615297E-09
   2.6246118697065723        6.75094736E-09
   2.6263385880419055        6.76330014E-09
   2.6280653063772386        6.77258916E-09
   2.6297920247125717        6.77860168E-09
   2.6315187430479048        6.78156287E-09
   2.6332454613832379        6.78210510E-09
   2.6349721797185710        6.78117962E-09
   2.6366988980539041        6.77992240E-09
   2.6384256163892372        6.77949696E-09
   2.6401523347245703        6.78093226E-09
   2.6418790530599034        6.78497925E-09
   2.6436057713952366        6.79200740E-09
   2.6453324897305697        6.80195322E-09
   2.6470592080659028        6.81432910E-09
   2.6487859264012359        6.82828993E-09
   2.6505126447365690        6.84274992E-09
   2.6522393630719021        6.85653223E-09
   2.6539660814072352        6.86853019E-09
   2.6556927997425683        6.87785917E-09
   2.6574195180779014        6.88397961E-09
   2.6591462364132346        6.88676849E-09
   2.6608729547485677        6.88653889E-09
   2.6625996730839008        6.88399471E-09
   2.6643263914192339        6.88013513E-09
   2.6660531097545670        6.87611834E-09
   2.6677798280899001        6.87310386E-09
   2.6695065464252332        6.87209534E-09
   2.6712332647605663        6.87380908E-09
   2.6729599830958994        6.87858082E-09
   2.6746867014312325        6.88632840E-09
   2.6764134197665657        6.89657353E-09
   2.6781401381018988        6.90851865E-09
   2.6798668564372319        6.92116942E-09
   2.6815935747725650        6.93348268E-09
   2.6833202931078981        6.94452140E-09
   2.6850470114432312        6.95359237E-09
   2.6867737297785643        6.96035096E-09
   2.6885004481138974        6.96485314E-09
   2.6902271664492305        6.96755187E-09
   2.6919538847845637        6.96923719E-09
   2.6936806031198968        6.97092650E-09
   2.6954073214552299        6.97372426E-09
   2.6971340397905630        6.97866698E-09
   2.6988607581258961        6.98657754E-09
   2.7005874764612292        6.99794533E-09
   2.7023141947965623        7.01285519E-09
   2.7040409131318954        7.03096870E-09
   2.7057676314672285        7.05156467E-09
   2.7074943498025617        7.07362968E-09
   2.7092210681378948        7.09599135E-09
   2.7109477864732279        7.11747017E-09
   2.7126745048085610        7.13703230E-09
   2.7144012231438941        7.15392057E-09
   2.7161279414792272        7.16774728E-09
   2.7178546598145603        7.17853377E-09
   2.7195813781498934        7.18669479E-09
   2.7213080964852265        7.19296667E-09
   2.7230348148205596        7.19829440E-09
   2.7247615331558928        7.20369142E-09
   2.7264882514912259        7.21009208E-09
   2.7282149698265590        7.21822024E-09
   2.7299416881618921        7.22849025E-09
   2.7316684064972252        7.24095450E-09
   2.7333951248325583        7.25530569E-09
   2.7351218431678914        7.27093141E-09
   2.7368485615032245        7.28701277E-09
   2.7385752798385576        7.30265315E-09
   2.7403019981738908        7.31701766E-09
   2.7420287165092239        7.32946326E-09
   2.7437554348445570        7.33964178E-09
   2.7454821531798901        7.34755723E-09
   2.7472088715152232        7.35357331E-09
   2.7489355898505563        7.35836547E-09
   2.7506623081858894        7.36282857E-09
   2.7523890265212225        7.36794936E-09
   2.7541157448565556        7.37466310E-09
   2.7558424631918887        7.38371719E-09
   2.7575691815272219        7.39556016E-09
   2.7592958998625550        7.41026973E-09
   2.7610226181978881        7.42753770E-09
   2.7627493365332212        7.44670725E-09
   2.7644760548685543        7.46686268E-09
   2.7662027732038874        7.48695683E-09
   2.7679294915392205        7.50595763E-09
   2.7696562098745536        7.52299645E-09
   2.7713829282098867        7.53749063E-09
   2.7731096465452199        7.54923146E-09
   2.7748363648805530        7.55841256E-09
   2.7765630832158861        7.56560858E-09
   2.7782898015512192        7.57169438E-09
   2.7800165198865523        7.57772423E-09
   2.7817432382218854        7.58478258E-09
   2.7834699565572185        7.59383223E-09
   2.7851966748925516        7.60557484E-09
   2.7869233932278847        7.62034880E-09
   2.7886501115632178        7.63808039E-09
   2.7903768298985510        7.65828911E-09
   2.7921035482338841        7.68015074E-09
   2.7938302665692172        7.70261188E-09
   2.7955569849045503        7.72453213E-09
   2.7972837032398834        7.74484743E-09
   2.7990104215752165        7.76271758E-09
   2.8007371399105496        7.77764342E-09
   2.8024638582458827        7.78953702E-09
   2.8041905765812158        7.79873499E-09
   2.8059172949165490        7.80594700E-09
   2.8076440132518821        7.81215537E-09
   2.8093707315872152        7.81847032E-09
   2.8110974499225483        7.82597098E-09
   2.8128241682578814        7.83554555E-09
   2.8145508865932145        7.84776066E-09
   2.8162776049285476        7.86277710E-09
   2.8180043232638807        7.88031773E-09
   2.8197310415992138        7.89970489E-09
   2.8214577599345469        7.91995092E-09
   2.8231844782698801        7.93989496E-09
   2.8249111966052132        7.95836730E-09
   2.8266379149405463        7.97435362E-09
   2.8283646332758794        7.98714517E-09
   2.8300913516112125        7.99643907E-09
   2.8318180699465456        8.00239253E-09
   2.8335447882818787        8.00560596E-09
   2.8352715066172118        8.00704925E-09
   2.8369982249525449        8.00793298E-09
   2.8387249432878781        8.00954592E-09
   2.8404516616232112        8.01307998E-09
   2.8421783799585443        8.01947131E-09
   2.8439050982938774        8.02926881E-09
   2.8456318166292105        8.04256484E-09
   2.8473585349645436        8.05898015E-09
   2.8490852532998767        8.07772427E-09
   2.8508119716352098        8.09770651E-09
   2.8525386899705429        8.11769052E-09
   2.8542654083058761        8.13647283E-09
   2.8559921266412092        8.15305246E-09
   2.8577188449765423        8.16677392E-09
   2.8594455633118754        8.17741963E-09
   2.8611722816472085        8.18524359E-09
   2.8628989999825416        8.19093326E-09
   2.8646257183178747        8.19551271E-09
   2.8663524366532078        8.20019874E-09
   2.8680791549885409        8.20622592E-09
   2.8698058733238740        8.21466895E-09
   2.8715325916592072        8.22629076E-09
   2.8732593099945403        8.24142710E-09
   2.8749860283298734        8.25993407E-09
   2.8767127466652065        8.28120061E-09
   2.8784394650005396        8.30422930E-09
   2.8801661833358727        8.32776959E-09
   2.8818929016712058        8.35048386E-09
   2.8836196200065389        8.37113223E-09
   2.8853463383418720        8.38874126E-09
   2.8870730566772052        8.40273717E-09
   2.8887997750125383        8.41302317E-09
   2.8905264933478714        8.41999181E-09
   2.8922532116832045        8.42446646E-09
   2.8939799300185376        8.42758752E-09
   2.8957066483538707        8.43064818E-09
   2.8974333666892038        8.43491588E-09
   2.8991600850245369        8.44145376E-09
   2.9008868033598700        8.45097059E-09
   2.9026135216952031        8.46372394E-09
   2.9043402400305363        8.47948733E-09
   2.9060669583658694        8.49758131E-09
   2.9077936767012025        8.51697290E-09
   2.9095203950365356        8.53642224E-09
   2.9112471133718687        8.55466098E-09
   2.9129738317072018        8.57056826E-09
   2.9147005500425349        8.58333582E-09
   2.9164272683778680        8.59257998E-09
   2.9181539867132011        8.59840199E-09
   2.9198807050485343        8.60137561E-09
   2.9216074233838674        8.60247251E-09
   2.9233341417192005        8.60293170E-09
   2.9250608600545336        8.60408989E-09
   2.9267875783898667        8.60720117E-09
   2.9285142967251998        8.61326477E-09
   2.9302410150605329        8.62289085E-09
   2.9319677333958660        8.63621885E-09
   2.9336944517311991        8.65289973E-09
   2.9354211700665322        8.67214744E-09
   2.9371478884018654        8.69284822E-09
   2.9388746067371985        8.71371508E-09
   2.9406013250725316        8.73346373E-09
   2.9423280434078647        8.75098483E-09
   2.9440547617431978        8.76549322E-09
   2.9457814800785309        8.77662476E-09
   2.9475081984138640        8.78447803E-09
   2.9492349167491971        8.78958684E-09
   2.9509616350845302        8.79283579E-09
   2.9526883534198634        8.79532536E-09
   2.9544150717551965        8.79821549E-09
   2.9561417900905296        8.80255513E-09
   2.9578685084258627        8.80913920E-09
   2.9595952267611958        8.81840290E-09
   2.9613219450965289        8.83036844E-09
   2.9630486634318620        8.84465212E-09
   2.9647753817671951        8.86053542E-09
   2.9665021001025282        8.87707774E-09
   2.9682288184378613        8.89326746E-09
   2.9699555367731945        8.90817820E-09
   2.9716822551085276        8.92111363E-09
   2.9734089734438607        8.93171936E-09
   2.9751356917791938        8.94004160E-09
   2.9768624101145269        8.94652885E-09
   2.9785891284498600        8.95197427E-09
   2.9803158467851931        8.95740548E-09
   2.9820425651205262        8.96393804E-09
   2.9837692834558593        8.97261554E-09
   2.9854960017911925        8.98426133E-09
   2.9872227201265256        8.99935415E-09
   2.9889494384618587        9.01795705E-09
   2.9906761567971918        9.03970232E-09
   2.9924028751325249        9.06383679E-09
   2.9941295934678580        9.08932307E-09
   2.9958563118031911        9.11497722E-09
   2.9975830301385242        9.13962683E-09
   2.9993097484738573        9.16226917E-09
   3.0010364668091905        9.18220344E-09
   3.0027631851445236        9.19911436E-09
   3.0044899034798567        9.21310939E-09
   3.0062166218151898        9.22468946E-09
   3.0079433401505229        9.23466903E-09
   3.0096700584858560        9.24404731E-09
   3.0113967768211891        9.25385901E-09
   3.0131234951565222        9.26501986E-09
   3.0148502134918553        9.27818800E-09
   3.0165769318271884        9.29366806E-09
   3.0183036501625216        9.31136324E-09
   3.0200303684978547        9.33078770E-09
   3.0217570868331878        9.35113587E-09
   3.0234838051685209        9.37139966E-09
   3.0252105235038540        9.39051237E-09
   3.0269372418391871        9.40750677E-09
   3.0286639601745202        9.42165546E-09
   3.0303906785098533        9.43257827E-09
   3.0321173968451864        9.44030187E-09
   3.0338441151805196        9.44525791E-09
   3.0355708335158527        9.44822531E-09
   3.0372975518511858        9.45022016E-09
   3.0390242701865189        9.45235445E-09
   3.0407509885218520        9.45567713E-09
   3.0424777068571851        9.46102841E-09
   3.0442044251925182        9.46891898E-09
   3.0459311435278513        9.47946166E-09
   3.0476578618631844        9.49235268E-09
   3.0493845801985175        9.50691970E-09
   3.0511112985338507        9.52221857E-09
   3.0528380168691838        9.53716750E-09
   3.0545647352045169        9.55070689E-09
   3.0562914535398500        9.56195301E-09
   3.0580181718751831        9.57032764E-09
   3.0597448902105162        9.57564694E-09
   3.0614716085458493        9.57815427E-09
   3.0631983268811824        9.57849178E-09
   3.0649250452165155        9.57761870E-09
   3.0666517635518487        9.57667901E-09
   3.0683784818871818        9.57684776E-09
   3.0701052002225149        9.57916946E-09
   3.0718319185578480        9.58441415E-09
   3.0735586368931811        9.59297530E-09
   3.0752853552285142        9.60481383E-09
   3.0770120735638473        9.61947233E-09
   3.0787387918991804        9.63613811E-09
   3.0804655102345135        9.65376490E-09
   3.0821922285698466        9.67122293E-09
   3.0839189469051798        9.68745972E-09
   3.0856456652405129        9.70165281E-09
   3.0873723835758460        9.71332614E-09
   3.0890991019111791        9.72241754E-09
   3.0908258202465122        9.72928760E-09
   3.0925525385818453        9.73466996E-09
   3.0942792569171784        9.73956293E-09
   3.0960059752525115        9.74508829E-09
   3.0977326935878446        9.75232872E-09
   3.0994594119231778        9.76217152E-09
   3.1011861302585109        9.77517356E-09
   3.1029128485938440        9.79147963E-09
   3.1046395669291771        9.81079218E-09
   3.1063662852645102        9.83240422E-09
   3.1080930035998433        9.85529169E-09
   3.1098197219351764        9.87825199E-09
   3.1115464402705095        9.90006477E-09
   3.1132731586058426        9.91966065E-09
   3.1149998769411757        9.93627047E-09
   3.1167265952765089        9.94953187E-09
   3.1184533136118420        9.95954075E-09
   3.1201800319471751        9.96684246E-09
   3.1219067502825082        9.97235627E-09
   3.1236334686178413        9.97725280E-09
   3.1253601869531744        9.98279148E-09
   3.1270869052885075        9.99015004E-09
   3.1288136236238406        1.00002655E-08
   3.1305403419591737        1.00137036E-08
   3.1322670602945069        1.00305835E-08
   3.1339937786298400        1.00505648E-08
   3.1357204969651731        1.00728936E-08
   3.1374472153005062        1.00965085E-08
   3.1391739336358393        1.01201874E-08
   3.1409006519711724        1.01427169E-08
   3.1426273703065055        1.01630615E-08
   3.1443540886418386        1.01805036E-08
   3.1460808069771717        1.01947455E-08
   3.1478075253125049        1.02059534E-08
   3.1495342436478380        1.02147322E-08
   3.1512609619831711        1.02220472E-08
   3.1529876803185042        1.02290922E-08
   3.1547143986538373        1.02371258E-08
   3.1564411169891704        1.02473043E-08
   3.1581678353245035        1.02605213E-08
   3.1598945536598366        1.02772884E-08
   3.1616212719951697        1.02976667E-08
   3.1633479903305028        1.03212612E-08
   3.1650747086658360        1.03472724E-08
   3.1668014270011691        1.03746105E-08
   3.1685281453365022        1.04020392E-08
   3.1702548636718353        1.04283417E-08
   3.1719815820071684        1.04524815E-08
   3.1737083003425015        1.04737357E-08
   3.1754350186778346        1.04917808E-08
   3.1771617370131677        1.05067253E-08
   3.1788884553485008        1.05190807E-08
   3.1806151736838340        1.05296785E-08
   3.1823418920191671        1.05395408E-08
   3.1840686103545002        1.05497309E-08
   3.1857953286898333        1.05611973E-08
   3.1875220470251664        1.05746398E-08
   3.1892487653604995        1.05904077E-08
   3.1909754836958326        1.06084537E-08
   3.1927022020311657        1.06283435E-08
   3.1944289203664988        1.06493214E-08
   3.1961556387018319        1.06704210E-08
   3.1978823570371651        1.06906084E-08
   3.1996090753724982        1.07089368E-08
   3.2013357937078313        1.07246860E-08
   3.2030625120431644        1.07374714E-08
   3.2047892303784975        1.07473062E-08
   3.2065159487138306        1.07546096E-08
   3.2082426670491637        1.07601545E-08
   3.2099693853844968        1.07649658E-08
   3.2116961037198299        1.07701847E-08
   3.2134228220551631        1.07769154E-08
   3.2151495403904962        1.07860743E-08
   3.2168762587258293        1.07982689E-08
   3.2186029770611624        1.08137179E-08
   3.2203296953964955        1.08322213E-08
   3.2220564137318286        1.08531921E-08
   3.2237831320671617        1.08757385E-08
   3.2255098504024948        1.08987859E-08
   3.2272365687378279        1.09212239E-08
   3.2289632870731610        1.09420544E-08
   3.2306900054084942        1.09605258E-08
   3.2324167237438273        1.09762288E-08
   3.2341434420791604        1.09891429E-08
   3.2358701604144935        1.09996332E-08
   3.2375968787498266        1.10083880E-08
   3.2393235970851597        1.10163141E-08
   3.2410503154204928        1.10244036E-08
   3.2427770337558259        1.10335883E-08
   3.2445037520911590        1.10446061E-08
   3.2462304704264922        1.10578968E-08
   3.2479571887618253        1.10735403E-08
   3.2496839070971584        1.10912488E-08
   3.2514106254324915        1.11104139E-08
   3.2531373437678246        1.11301990E-08
   3.2548640621031577        1.11496652E-08
   3.2565907804384908        1.11679128E-08
   3.2583174987738239        1.11842171E-08
   3.2600442171091570        1.11981375E-08
   3.2617709354444901        1.12095897E-08
   3.2634976537798233        1.12188632E-08
   3.2652243721151564        1.12265877E-08
   3.2669510904504895        1.12336478E-08
   3.2686778087858226        1.12410641E-08
   3.2704045271211557        1.12498517E-08
   3.2721312454564888        1.12608829E-08
   3.2738579637918219        1.12747616E-08
   3.2755846821271550        1.12917435E-08
   3.2773114004624881        1.13116974E-08
   3.2790381187978213        1.13341239E-08
   3.2807648371331544        1.13582246E-08
   3.2824915554684875        1.13830128E-08
   3.2842182738038206        1.14074501E-08
   3.2859449921391537        1.14305907E-08
   3.2876717104744868        1.14517107E-08
   3.2893984288098199        1.14704086E-08
   3.2911251471451530        1.14866543E-08
   3.2928518654804861        1.15007897E-08
   3.2945785838158193        1.15134737E-08
   3.2963053021511524        1.15255823E-08
   3.2980320204864855        1.15380763E-08
   3.2997587388218186        1.15518581E-08
   3.3014854571571517        1.15676366E-08
   3.3032121754924848        1.15858212E-08
   3.3049388938278179        1.16064580E-08
   3.3066656121631510        1.16292211E-08
   3.3083923304984841        1.16534533E-08
   3.3101190488338172        1.16782601E-08
   3.3118457671691504        1.17026371E-08
   3.3135724855044835        1.17256116E-08
   3.3152992038398166        1.17463852E-08
   3.3170259221751497        1.17644481E-08
   3.3187526405104828        1.17796564E-08
   3.3204793588458159        1.17922561E-08
   3.3222060771811490        1.18028485E-08
   3.3239327955164821        1.18123120E-08
   3.3256595138518152        1.18216725E-08
   3.3273862321871484        1.18319612E-08
   3.3291129505224815        1.18440617E-08
   3.3308396688578146        1.18585817E-08
   3.3325663871931477        1.18757582E-08
   3.3342931055284808        1.18954180E-08
   3.3360198238638139        1.19169963E-08
   3.3377465421991470        1.19396093E-08
   3.3394732605344801        1.19621770E-08
   3.3411999788698132        1.19835732E-08
   3.3429266972051463        1.20027890E-08
   3.3446534155404795        1.20190755E-08
   3.3463801338758126        1.20320598E-08
   3.3481068522111457        1.20418058E-08
   3.3498335705464788        1.20488135E-08
   3.3515602888818119        1.20539614E-08
   3.3532870072171450        1.20583925E-08
   3.3550137255524781        1.20633636E-08
   3.3567404438878112        1.20700783E-08
   3.3584671622231443        1.20795232E-08
   3.3601938805584775        1.20923369E-08
   3.3619205988938106        1.21087211E-08
   3.3636473172291437        1.21284156E-08
   3.3653740355644768        1.21507320E-08
   3.3671007538998099        1.21746497E-08
   3.3688274722351430        1.21989574E-08
   3.3705541905704761        1.22224213E-08
   3.3722809089058092        1.22439534E-08
   3.3740076272411423        1.22627686E-08
   3.3757343455764754        1.22784893E-08
   3.3774610639118086        1.22912036E-08
   3.3791877822471417        1.23014505E-08
   3.3809145005824748        1.23101485E-08
   3.3826412189178079        1.23184645E-08
   3.3843679372531410        1.23276536E-08
   3.3860946555884741        1.23388810E-08
   3.3878213739238072        1.23530581E-08
   3.3895480922591403        1.23707151E-08
   3.3912748105944734        1.23919204E-08
   3.3930015289298066        1.24162725E-08
   3.3947282472651397        1.24429507E-08
   3.3964549656004728        1.24708261E-08
   3.3981816839358059        1.24986146E-08
   3.3999084022711390        1.25250512E-08
   3.4016351206064721        1.25490631E-08
   3.4033618389418052        1.25699113E-08
   3.4050885572771383        1.25872894E-08
   3.4068152756124714        1.26013591E-08
   3.4085419939478045        1.26127215E-08
   3.4102687122831377        1.26223290E-08
   3.4119954306184708        1.26313449E-08
   3.4137221489538039        1.26409763E-08
   3.4154488672891370        1.26522997E-08
   3.4171755856244701        1.26661073E-08
   3.4189023039598032        1.26827908E-08
   3.4206290222951363        1.27022872E-08
   3.4223557406304694        1.27240840E-08
   3.4240824589658025        1.27472939E-08
   3.4258091773011357        1.27707809E-08
   3.4275358956364688        1.27933246E-08
   3.4292626139718019        1.28137945E-08
   3.4309893323071350        1.28313200E-08
   3.4327160506424681        1.28454172E-08
   3.4344427689778012        1.28560664E-08
   3.4361694873131343        1.28637252E-08
   3.4378962056484674        1.28692754E-08
   3.4396229239838005        1.28739064E-08
   3.4413496423191337        1.28789601E-08
   3.4430763606544668        1.28857547E-08
   3.4448030789897999        1.28954074E-08
   3.4465297973251330        1.29086883E-08
   3.4482565156604661        1.29259190E-08
   3.4499832339957992        1.29469342E-08
   3.4517099523311323        1.29711095E-08
   3.4534366706664654        1.29974493E-08
   3.4551633890017985        1.30247271E-08
   3.4568901073371316        1.30516540E-08
   3.4586168256724648        1.30770559E-08
   3.4603435440077979        1.31000277E-08
   3.4620702623431310        1.31200544E-08
   3.4637969806784641        1.31370728E-08
   3.4655236990137972        1.31514675E-08
   3.4672504173491303        1.31640050E-08
   3.4689771356844634        1.31757165E-08
   3.4707038540197965        1.31877398E-08
   3.4724305723551296        1.32011486E-08
   3.4741572906904628        1.32167939E-08
   3.4758840090257959        1.32351792E-08
   3.4776107273611290        1.32563853E-08
   3.4793374456964621        1.32800562E-08
   3.4810641640317952        1.33054519E-08
   3.4827908823671283        1.33315536E-08
   3.4845176007024614        1.33572113E-08
   3.4862443190377945        1.33813103E-08
   3.4879710373731276        1.34029303E-08
   3.4896977557084607        1.34214808E-08
   3.4914244740437939        1.34367912E-08
   3.4931511923791270        1.34491360E-08
   3.4948779107144601        1.34592035E-08
   3.4966046290497932        1.34680045E-08
   3.4983313473851263        1.34767344E-08
   3.5000580657204594        1.34866127E-08
   3.5017847840557925        1.34987177E-08
   3.5035115023911256        1.35138434E-08
   3.5052382207264587        1.35323921E-08
   3.5069649390617919        1.35543283E-08
   3.5086916573971250        1.35791884E-08
   3.5104183757324581        1.36061553E-08
   3.5121450940677912        1.36341773E-08
   3.5138718124031243        1.36621203E-08
   3.5155985307384574        1.36889300E-08
   3.5173252490737905        1.37137803E-08
   3.5190519674091236        1.37361864E-08
   3.5207786857444567        1.37560647E-08
   3.5225054040797898        1.37737404E-08
   3.5242321224151230        1.37898883E-08
   3.5259588407504561        1.38054252E-08
   3.5276855590857892        1.38213707E-08
   3.5294122774211223        1.38386937E-08
   3.5311389957564554        1.38581644E-08
   3.5328657140917885        1.38802401E-08
   3.5345924324271216        1.39049980E-08
   3.5363191507624547        1.39321230E-08
   3.5380458690977878        1.39609524E-08
   3.5397725874331210        1.39905758E-08
   3.5414993057684541        1.40199701E-08
   3.5432260241037872        1.40481511E-08
   3.5449527424391203        1.40743213E-08
   3.5466794607744534        1.40979921E-08
   3.5484061791097865        1.41190606E-08
   3.5501328974451196        1.41378305E-08
   3.5518596157804527        1.41549750E-08
   3.5535863341157858        1.41714445E-08
   3.5553130524511189        1.41883350E-08
   3.5570397707864521        1.42067265E-08
   3.5587664891217852        1.42275320E-08
   3.5604932074571183        1.42513610E-08
   3.5622199257924514        1.42784264E-08
   3.5639466441277845        1.43085099E-08
   3.5656733624631176        1.43409880E-08
   3.5674000807984507        1.43749146E-08
   3.5691267991337838        1.44091485E-08
   3.5708535174691169        1.44425174E-08
   3.5725802358044501        1.44739758E-08
   3.5743069541397832        1.45027563E-08
   3.5760336724751163        1.45284735E-08
   3.5777603908104494        1.45511807E-08
   3.5794871091457825        1.45713610E-08
   3.5812138274811156        1.45898591E-08
   3.5829405458164487        1.46077603E-08
   3.5846672641517818        1.46262371E-08
   3.5863939824871149        1.46463837E-08
   3.5881207008224481        1.46690544E-08
   3.5898474191577812        1.46947441E-08
   3.5915741374931143        1.47235122E-08
   3.5933008558284474        1.47549706E-08
   3.5950275741637805        1.47883306E-08
   3.5967542924991136        1.48225130E-08
   3.5984810108344467        1.48562931E-08
   3.6002077291697798        1.48884691E-08
   3.6019344475051129        1.49180277E-08
   3.6036611658404460        1.49442858E-08
   3.6053878841757792        1.49669805E-08
   3.6071146025111123        1.49863055E-08
   3.6088413208464454        1.50028789E-08
   3.6105680391817785        1.50176547E-08
   3.6122947575171116        1.50317820E-08
   3.6140214758524447        1.50464441E-08
   3.6157481941877778        1.50626871E-08
   3.6174749125231109        1.50812696E-08
   3.6192016308584440        1.51025574E-08
   3.6209283491937772        1.51264690E-08
   3.6226550675291103        1.51524855E-08
   3.6243817858644434        1.51797295E-08
   3.6261085041997765        1.52070836E-08
   3.6278352225351096        1.52333541E-08
   3.6295619408704427        1.52574398E-08
   3.6312886592057758        1.52784914E-08
   3.6330153775411089        1.52960347E-08
   3.6347420958764420        1.53100412E-08
   3.6364688142117751        1.53209427E-08
   3.6381955325471083        1.53295705E-08
   3.6399222508824414        1.53370507E-08
   3.6416489692177745        1.53446482E-08
   3.6433756875531076        1.53535940E-08
   3.6451024058884407        1.53649200E-08
   3.6468291242237738        1.53793174E-08
   3.6485558425591069        1.53970436E-08
   3.6502825608944400        1.54178892E-08
   3.6520092792297731        1.54412092E-08
   3.6537359975651063        1.54660231E-08
   3.6554627159004394        1.54911515E-08
   3.6571894342357725        1.55153899E-08
   3.6589161525711056        1.55376796E-08
   3.6606428709064387        1.55572621E-08
   3.6623695892417718        1.55737929E-08
   3.6640963075771049        1.55873945E-08
   3.6658230259124380        1.55986442E-08
   3.6675497442477711        1.56085047E-08
   3.6692764625831042        1.56181965E-08
   3.6710031809184374        1.56290305E-08
   3.6727298992537705        1.56422413E-08
   3.6744566175891036        1.56588147E-08
   3.6761833359244367        1.56793583E-08
   3.6779100542597698        1.57040247E-08
   3.6796367725951029        1.57324891E-08
   3.6813634909304360        1.57639981E-08
   3.6830902092657691        1.57974718E-08
   3.6848169276011022        1.58316507E-08
   3.6865436459364354        1.58652682E-08
   3.6882703642717685        1.58972195E-08
   3.6899970826071016        1.59267053E-08
   3.6917238009424347        1.59533311E-08
   3.6934505192777678        1.59771556E-08
   3.6951772376131009        1.59986637E-08
   3.6969039559484340        1.60186904E-08
   3.6986306742837671        1.60382907E-08
   3.7003573926191002        1.60585767E-08
   3.7020841109544333        1.60805591E-08
   3.7038108292897665        1.61049876E-08
   3.7055375476250996        1.61322458E-08
   3.7072642659604327        1.61622875E-08
   3.7089909842957658        1.61946403E-08
   3.7107177026310989        1.62284621E-08
   3.7124444209664320        1.62626623E-08
   3.7141711393017651        1.62960436E-08
   3.7158978576370982        1.63274692E-08
   3.7176245759724313        1.63560188E-08
   3.7193512943077645        1.63811134E-08
   3.7210780126430976        1.64026019E-08
   3.7228047309784307        1.64207776E-08
   3.7245314493137638        1.64363403E-08
   3.7262581676490969        1.64503113E-08
   3.7279848859844300        1.64638916E-08
   3.7297116043197631        1.64783085E-08
   3.7314383226550962        1.64946545E-08
   3.7331650409904293        1.65137486E-08
   3.7348917593257625        1.65360330E-08
   3.7366184776610956        1.65615308E-08
   3.7383451959964287        1.65898530E-08
   3.7400719143317618        1.66202678E-08
   3.7417986326670949        1.66518106E-08
   3.7435253510024280        1.66834297E-08
   3.7452520693377611        1.67141341E-08
   3.7469787876730942        1.67431349E-08
   3.7487055060084273        1.67699490E-08
   3.7504322243437604        1.67944609E-08
   3.7521589426790936        1.68169283E-08
   3.7538856610144267        1.68379319E-08
   3.7556123793497598        1.68582837E-08
   3.7573390976850929        1.68788947E-08
   3.7590658160204260        1.69006391E-08
   3.7607925343557591        1.69242202E-08
   3.7625192526910922        1.69500609E-08
   3.7642459710264253        1.69782393E-08
   3.7659726893617584        1.70084729E-08
   3.7676994076970916        1.70401560E-08
   3.7694261260324247        1.70724430E-08
   3.7711528443677578        1.71043730E-08
   3.7728795627030909        1.71350045E-08
   3.7746062810384240        1.71635524E-08
   3.7763329993737571        1.71895067E-08
   3.7780597177090902        1.72127095E-08
   3.7797864360444233        1.72333774E-08
   3.7815131543797564        1.72520824E-08
   3.7832398727150895        1.72696737E-08
   3.7849665910504227        1.72871619E-08
   3.7866933093857558        1.73055774E-08
   3.7884200277210889        1.73258314E-08
   3.7901467460564220        1.73485901E-08
   3.7918734643917551        1.73741785E-08
   3.7936001827270882        1.74025399E-08
   3.7953269010624213        1.74332477E-08
   3.7970536193977544        1.74655614E-08
   3.7987803377330875        1.74985360E-08
   3.8005070560684207        1.75311534E-08
   3.8022337744037538        1.75624706E-08
   3.8039604927390869        1.75917449E-08
   3.8056872110744200        1.76185431E-08
   3.8074139294097531        1.76427992E-08
   3.8091406477450862        1.76648225E-08
   3.8108673660804193        1.76852542E-08
   3.8125940844157524        1.77049717E-08
   3.8143208027510855        1.77249682E-08
   3.8160475210864186        1.77462063E-08
   3.8177742394217518        1.77694819E-08
   3.8195009577570849        1.77953119E-08
   3.8212276760924180        1.78238544E-08
   3.8229543944277511        1.78548873E-08
   3.8246811127630842        1.78878423E-08
   3.8264078310984173        1.79218791E-08
   3.8281345494337504        1.79560065E-08
   3.8298612677690835        1.79892243E-08
   3.8315879861044166        1.80206676E-08
   3.8333147044397498        1.80497270E-08
   3.8350414227750829        1.80761379E-08
   3.8367681411104160        1.81000210E-08
   3.8384948594457491        1.81218596E-08
   3.8402215777810822        1.81424404E-08
   3.8419482961164153        1.81627353E-08
   3.8436750144517484        1.81837638E-08
   3.8454017327870815        1.82064497E-08
   3.8471284511224146        1.82314857E-08
   3.8488551694577477        1.82592341E-08
   3.8505818877930809        1.82896738E-08
   3.8523086061284140        1.83223996E-08
   3.8540353244637471        1.83566797E-08
   3.8557620427990802        1.83915532E-08
   3.8574887611344133        1.84259683E-08
   3.8592154794697464        1.84589357E-08
   3.8609421978050795        1.84896631E-08
   3.8626689161404126        1.85176781E-08
   3.8643956344757457        1.85428970E-08
   3.8661223528110789        1.85656432E-08
   3.8678490711464120        1.85866078E-08
   3.8695757894817451        1.86067552E-08
   3.8713025078170782        1.86271905E-08
   3.8730292261524113        1.86490077E-08
   3.8747559444877444        1.86731324E-08
   3.8764826628230775        1.87001916E-08
   3.8782093811584106        1.87304199E-08
   3.8799360994937437        1.87636235E-08
   3.8816628178290769        1.87992022E-08
   3.8833895361644100        1.88362304E-08
   3.8851162544997431        1.88735783E-08
   3.8868429728350762        1.89100700E-08
   3.8885696911704093        1.89446467E-08
   3.8902964095057424        1.89765128E-08
   3.8920231278410755        1.90052454E-08
   3.8937498461764086        1.90308569E-08
   3.8954765645117417        1.90537968E-08
   3.8972032828470748        1.90748874E-08
   3.8989300011824080        1.90952179E-08
   3.9006567195177411        1.91159906E-08
   3.9023834378530742        1.91383549E-08
   3.9041101561884073        1.91632488E-08
   3.9058368745237404        1.91912637E-08
   3.9075635928590735        1.92225649E-08
   3.9092903111944066        1.92568574E-08
   3.9110170295297397        1.92934344E-08
   3.9127437478650728        1.93312619E-08
   3.9144704662004060        1.93691267E-08
   3.9161971845357391        1.94058014E-08
   3.9179239028710722        1.94402148E-08
   3.9196506212064053        1.94715977E-08
   3.9213773395417384        1.94995948E-08
   3.9231040578770715        1.95243128E-08
   3.9248307762124046        1.95463024E-08
   3.9265574945477377        1.95664853E-08
   3.9282842128830708        1.95860288E-08
   3.9300109312184039        1.96061780E-08
   3.9317376495537371        1.96280858E-08
   3.9334643678890702        1.96526528E-08
   3.9351910862244033        1.96803978E-08
   3.9369178045597364        1.97113845E-08
   3.9386445228950695        1.97452170E-08
   3.9403712412304026        1.97810834E-08
   3.9420979595657357        1.98178736E-08
   3.9438246779010688        1.98543297E-08
   3.9455513962364019        1.98892209E-08
   3.9472781145717351        1.99215098E-08
   3.9490048329070682        1.99505035E-08
   3.9507315512424013        1.99759498E-08
   3.9524582695777344        1.99980743E-08
   3.9541849879130675        2.00175574E-08
   3.9559117062484006        2.00354453E-08
   3.9576384245837337        2.00530099E-08
   3.9593651429190668        2.00715817E-08
   3.9610918612543999        2.00923775E-08
   3.9628185795897330        2.01163353E-08
   3.9645452979250662        2.01440002E-08
   3.9662720162603993        2.01754560E-08
   3.9679987345957324        2.02103294E-08
   3.9697254529310655        2.02478496E-08
   3.9714521712663986        2.02869614E-08
   3.9731788896017317        2.03264818E-08
   3.9749056079370648        2.03652668E-08
   3.9766323262723979        2.04023696E-08
   3.9783590446077310        2.04371684E-08
   3.9800857629430642        2.04694448E-08
   3.9818124812783973        2.04994048E-08
   3.9835391996137304        2.05276347E-08
   3.9852659179490635        2.05550048E-08
   3.9869926362843966        2.05825330E-08
   3.9887193546197297        2.06112194E-08
   3.9904460729550628        2.06418971E-08
   3.9921727912903959        2.06750954E-08
   3.9938995096257290        2.07109476E-08
   3.9956262279610621        2.07491659E-08
   3.9973529462963953        2.07890629E-08
   3.9990796646317284        2.08296438E-08
   4.0008063829670615        2.08697379E-08
   4.0025331013023946        2.09081605E-08
   4.0042598196377277        2.09438724E-08
   4.0059865379730608        2.09761275E-08
   4.0077132563083939        2.10045830E-08
   4.0094399746437270        2.10293418E-08
   4.0111666929790601        2.10509494E-08
   4.0128934113143933        2.10703153E-08
   4.0146201296497264        2.10885958E-08
   4.0163468479850595        2.11070326E-08
   4.0180735663203926        2.11267928E-08
   4.0198002846557257        2.11488089E-08
   4.0215270029910588        2.11736602E-08
   4.0232537213263919        2.12014992E-08
   4.0249804396617250        2.12320455E-08
   4.0267071579970581        2.12646327E-08
   4.0284338763323913        2.12983124E-08
   4.0301605946677244        2.13319957E-08
   4.0318873130030575        2.13646132E-08
   4.0336140313383906        2.13952731E-08
   4.0353407496737237        2.14233875E-08
   4.0370674680090568        2.14487557E-08
   4.0387941863443899        2.14715961E-08
   4.0405209046797230        2.14925127E-08
   4.0422476230150561        2.15124007E-08
   4.0439743413503892        2.15323244E-08
   4.0457010596857224        2.15533564E-08
   4.0474277780210555        2.15764260E-08
   4.0491544963563886        2.16021778E-08
   4.0508812146917217        2.16308873E-08
   4.0526079330270548        2.16624123E-08
   4.0543346513623879        2.16962199E-08
   4.0560613696977210        2.17314611E-08
   4.0577880880330541        2.17670930E-08
   4.0595148063683872        2.18020286E-08
   4.0612415247037204        2.18352998E-08
   4.0629682430390535        2.18661924E-08
   4.0646949613743866        2.18943477E-08
   4.0664216797097197        2.19198171E-08
   4.0681483980450528        2.19430536E-08
   4.0698751163803859        2.19648477E-08
   4.0716018347157190        2.19862102E-08
   4.0733285530510521        2.20082281E-08
   4.0750552713863852        2.20319052E-08
   4.0767819897217183        2.20580230E-08
   4.0785087080570515        2.20870220E-08
   4.0802354263923846        2.21189360E-08
   4.0819621447277177        2.21533938E-08
   4.0836888630630508        2.21896634E-08
   4.0854155813983839        2.22267609E-08
   4.0871422997337170        2.22635972E-08
   4.0888690180690501        2.22991314E-08
   4.0905957364043832        2.23325252E-08
   4.0923224547397163        2.23632686E-08
   4.0940491730750495        2.23912551E-08
   4.0957758914103826        2.24168044E-08
   4.0975026097457157        2.24406183E-08
   4.0992293280810488        2.24636825E-08
   4.1009560464163819        2.24871268E-08
   4.1026827647517150        2.25120669E-08
   4.1044094830870481        2.25394370E-08
   4.1061362014223812        2.25698624E-08
   4.1078629197577143        2.26035599E-08
   4.1095896380930474        2.26403074E-08
   4.1113163564283806        2.26794707E-08
   4.1130430747637137        2.27200925E-08
   4.1147697930990468        2.27610251E-08
   4.1164965114343799        2.28010890E-08
   4.1182232297697130        2.28392469E-08
   4.1199499481050461        2.28747457E-08
   4.1216766664403792        2.29072281E-08
   4.1234033847757123        2.29367831E-08
   4.1251301031110454        2.29639401E-08
   4.1268568214463786        2.29895942E-08
   4.1285835397817117        2.30148789E-08
   4.1303102581170448        2.30410109E-08
   4.1320369764523779        2.30691128E-08
   4.1337636947877110        2.31000516E-08
   4.1354904131230441        2.31343140E-08
   4.1372171314583772        2.31719302E-08
   4.1389438497937103        2.32124648E-08
   4.1406705681290434        2.32550725E-08
   4.1423972864643765        2.32986146E-08
   4.1441240047997097        2.33418138E-08
   4.1458507231350428        2.33834339E-08
   4.1475774414703759        2.34224462E-08
   4.1493041598057090        2.34581830E-08
   4.1510308781410421        2.34904274E-08
   4.1527575964763752        2.35194442E-08
   4.1544843148117083        2.35459456E-08
   4.1562110331470414        2.35709958E-08
   4.1579377514823745        2.35958613E-08
   4.1596644698177077        2.36218334E-08
   4.1613911881530408        2.36500508E-08
   4.1631179064883739        2.36813413E-08
   4.1648446248237070        2.37160993E-08
   4.1665713431590401        2.37542359E-08
   4.1682980614943732        2.37951809E-08
   4.1700247798297063        2.38379627E-08
   4.1717514981650394        2.38813396E-08
   4.1734782165003725        2.39239633E-08
   4.1752049348357057        2.39645690E-08
   4.1769316531710388        2.40021407E-08
   4.1786583715063719        2.40360549E-08
   4.1803850898417050        2.40661571E-08
   4.1821118081770381        2.40927864E-08
   4.1838385265123712        2.41167228E-08
   4.1855652448477043        2.41390765E-08
   4.1872919631830374        2.41611318E-08
   4.1890186815183705        2.41841711E-08
   4.1907453998537036        2.42093012E-08
   4.1924721181890368        2.42372984E-08
   4.1941988365243699        2.42685108E-08
   4.1959255548597030        2.43028175E-08
   4.1976522731950361        2.43396521E-08
   4.1993789915303692        2.43780942E-08
   4.2011057098657023        2.44170018E-08
   4.2028324282010354        2.44551792E-08
   4.2045591465363685        2.44915555E-08
   4.2062858648717016        2.45253293E-08
   4.2080125832070348        2.45560869E-08
   4.2097393015423679        2.45838656E-08
   4.2114660198777010        2.46091396E-08
   4.2131927382130341        2.46327545E-08
   4.2149194565483672        2.46558081E-08
   4.2166461748837003        2.46794869E-08
   4.2183728932190334        2.47049030E-08
   4.2200996115543665        2.47329250E-08
   4.2218263298896996        2.47640539E-08
   4.2235530482250327        2.47983500E-08
   4.2252797665603659        2.48354173E-08
   4.2270064848956990        2.48744509E-08
   4.2287332032310321        2.49143497E-08
   4.2304599215663652        2.49538648E-08
   4.2321866399016983        2.49917740E-08
   4.2339133582370314        2.50270507E-08
   4.2356400765723645        2.50590055E-08
   4.2373667949076976        2.50873846E-08
   4.2390935132430307        2.51124064E-08
   4.2408202315783639        2.51347370E-08
   4.2425469499136970        2.51554031E-08
   4.2442736682490301        2.51756536E-08
   4.2460003865843632        2.51968011E-08
   4.2477271049196963        2.52200483E-08
   4.2494538232550294        2.52463384E-08
   4.2511805415903625        2.52762344E-08
   4.2529072599256956        2.53098644E-08
   4.2546339782610287        2.53469103E-08
   4.2563606965963618        2.53866759E-08
   4.2580874149316950        2.54281893E-08
   4.2598141332670281        2.54703512E-08
   4.2615408516023612        2.55120920E-08
   4.2632675699376943        2.55525308E-08
   4.2649942882730274        2.55910884E-08
   4.2667210066083605        2.56275694E-08
   4.2684477249436936        2.56621817E-08
   4.2701744432790267        2.56954973E-08
   4.2719011616143598        2.57283581E-08
   4.2736278799496930        2.57617518E-08
   4.2753545982850261        2.57966501E-08
   4.2770813166203592        2.58338702E-08
   4.2788080349556923        2.58739448E-08
   4.2805347532910254        2.59170339E-08
   4.2822614716263585        2.59628994E-08
   4.2839881899616916        2.60109303E-08
   4.2857149082970247        2.60602153E-08
   4.2874416266323578        2.61096673E-08
   4.2891683449676909        2.61581725E-08
   4.2908950633030241        2.62047344E-08
   4.2926217816383572        2.62486033E-08
   4.2943484999736903        2.62893796E-08
   4.2960752183090234        2.63270543E-08
   4.2978019366443565        2.63620059E-08
   4.2995286549796896        2.63949396E-08
   4.3012553733150227        2.64267754E-08
   4.3029820916503558        2.64585207E-08
   4.3047088099856889        2.64911222E-08
   4.3064355283210221        2.65253330E-08
   4.3081622466563552        2.65616045E-08
   4.3098889649916883        2.66000306E-08
   4.3116156833270214        2.66403344E-08
   4.3133424016623545        2.66819189E-08
   4.3150691199976876        2.67239564E-08
   4.3167958383330207        2.67655178E-08
   4.3185225566683538        2.68057079E-08
   4.3202492750036869        2.68438036E-08
   4.3219759933390201        2.68793681E-08
   4.3237027116743532        2.69123124E-08
   4.3254294300096863        2.69429172E-08
   4.3271561483450194        2.69717955E-08
   4.3288828666803525        2.69998104E-08
   4.3306095850156856        2.70279532E-08
   4.3323363033510187        2.70572045E-08
   4.3340630216863518        2.70883938E-08
   4.3357897400216849        2.71220895E-08
   4.3375164583570180        2.71585119E-08
   4.3392431766923512        2.71975065E-08
   4.3409698950276843        2.72385652E-08
   4.3426966133630174        2.72809011E-08
   4.3444233316983505        2.73235621E-08
   4.3461500500336836        2.73655676E-08
   4.3478767683690167        2.74060490E-08
   4.3496034867043498        2.74443792E-08
   4.3513302050396829        2.74802634E-08
   4.3530569233750160        2.75137868E-08
   4.3547836417103492        2.75454042E-08
   4.3565103600456823        2.75758794E-08
   4.3582370783810154        2.76061769E-08
   4.3599637967163485        2.76373306E-08
   4.3616905150516816        2.76702909E-08
   4.3634172333870147        2.77057879E-08
   4.3651439517223478        2.77442229E-08
   4.3668706700576809        2.77856085E-08
   4.3685973883930140        2.78295555E-08
   4.3703241067283471        2.78753287E-08
   4.3720508250636803        2.79219403E-08
   4.3737775433990134        2.79682819E-08
   4.3755042617343465        2.80132859E-08
   4.3772309800696796        2.80560606E-08
   4.3789576984050127        2.80960233E-08
   4.3806844167403458        2.81329804E-08
   4.3824111350756789        2.81671504E-08
   4.3841378534110120        2.81991444E-08
   4.3858645717463451        2.82298735E-08
   4.3875912900816783        2.82604322E-08
   4.3893180084170114        2.82919412E-08
   4.3910447267523445        2.83253954E-08
   4.3927714450876776        2.83615247E-08
   4.3944981634230107        2.84006934E-08
   4.3962248817583438        2.84428445E-08
   4.3979516000936769        2.84875057E-08
   4.3996783184290100        2.85338579E-08
   4.4014050367643431        2.85808390E-08
   4.4031317550996762        2.86272979E-08
   4.4048584734350094        2.86721438E-08
   4.4065851917703425        2.87145046E-08
   4.4083119101056756        2.87538402E-08
   4.4100386284410087        2.87900210E-08
   4.4117653467763418        2.88233437E-08
   4.4134920651116749        2.88544832E-08
   4.4152187834470080        2.88844024E-08
   4.4169455017823411        2.89142115E-08
   4.4186722201176742        2.89450153E-08
   4.4203989384530074        2.89777553E-08
   4.4221256567883405        2.90130782E-08
   4.4238523751236736        2.90512503E-08
   4.4255790934590067        2.90921136E-08
   4.4273058117943398        2.91351157E-08
   4.4290325301296729        2.91793878E-08
   4.4307592484650060        2.92238678E-08
   4.4324859668003391        2.92674507E-08
   4.4342126851356722        2.93091578E-08
   4.4359394034710053        2.93482660E-08
   4.4376661218063385        2.93844273E-08
   4.4393928401416716        2.94177198E-08
   4.4411195584770047        2.94486444E-08
   4.4428462768123378        2.94780609E-08
   4.4445729951476709        2.95070759E-08
   4.4462997134830040        2.95368885E-08
   4.4480264318183371        2.95686284E-08
   4.4497531501536702        2.96031963E-08
   4.4514798684890033        2.96411340E-08
   4.4532065868243365        2.96825426E-08
   4.4549333051596696        2.97270670E-08
   4.4566600234950027        2.97739362E-08
   4.4583867418303358        2.98220577E-08
   4.4601134601656689        2.98701757E-08
   4.4618401785010020        2.99170182E-08
   4.4635668968363351        2.99614875E-08
   4.4652936151716682        3.00027949E-08
   4.4670203335070013        3.00405674E-08
   4.4687470518423345        3.00749043E-08
   4.4704737701776676        3.01063636E-08
   4.4722004885130007        3.01358760E-08
   4.4739272068483338        3.01646317E-08
   4.4756539251836669        3.01939167E-08
   4.4773806435190000        3.02249425E-08
   4.4791073618543331        3.02586898E-08
   4.4808340801896662        3.02957801E-08
   4.4825607985249993        3.03364018E-08
   4.4842875168603324        3.03802885E-08
   4.4860142351956656        3.04267722E-08
   4.4877409535309987        3.04748795E-08
   4.4894676718663318        3.05234771E-08
   4.4911943902016649        3.05714352E-08
   4.4929211085369980        3.06177910E-08
   4.4946478268723311        3.06618801E-08
   4.4963745452076642        3.07034327E-08
   4.4981012635429973        3.07426085E-08
   4.4998279818783304        3.07799688E-08
   4.5015547002136636        3.08164019E-08
   4.5032814185489967        3.08529806E-08
   4.5050081368843298        3.08908135E-08
   4.5067348552196629        3.09308774E-08
   4.5084615735549960        3.09738866E-08
   4.5101882918903291        3.10201749E-08
   4.5119150102256622        3.10696393E-08
   4.5136417285609953        3.11217647E-08
   4.5153684468963284        3.11756700E-08
   4.5170951652316615        3.12302362E-08
   4.5188218835669947        3.12842587E-08
   4.5205486019023278        3.13365938E-08
   4.5222753202376609        3.13863318E-08
   4.5240020385729940        3.14329007E-08
   4.5257287569083271        3.14761479E-08
   4.5274554752436602        3.15163575E-08
   4.5291821935789933        3.15542081E-08
   4.5309089119143264        3.15906696E-08
   4.5326356302496595        3.16268753E-08
   4.5343623485849927        3.16639586E-08
   4.5360890669203258        3.17028999E-08
   4.5378157852556589        3.17443991E-08
   4.5395425035909920        3.17887761E-08
   4.5412692219263251        3.18359490E-08
   4.5429959402616582        3.18854489E-08
   4.5447226585969913        3.19365050E-08
   4.5464493769323244        3.19881650E-08
   4.5481760952676575        3.20394342E-08
   4.5499028136029906        3.20894387E-08
   4.5516295319383238        3.21375495E-08
   4.5533562502736569        3.21834790E-08
   4.5550829686089900        3.22273301E-08
   4.5568096869443231        3.22695755E-08
   4.5585364052796562        3.23109894E-08
   4.5602631236149893        3.23525420E-08
   4.5619898419503224        3.23952527E-08
   4.5637165602856555        3.24400382E-08
   4.5654432786209886        3.24875806E-08
   4.5671699969563218        3.25382175E-08
   4.5688967152916549        3.25918883E-08
   4.5706234336269880        3.26481349E-08
   4.5723501519623211        3.27061613E-08
   4.5740768702976542        3.27649374E-08
   4.5758035886329873        3.28233405E-08
   4.5775303069683204        3.28803083E-08
   4.5792570253036535        3.29349845E-08
   4.5809837436389866        3.29868364E-08
   4.5827104619743197        3.30357324E-08
   4.5844371803096529        3.30819496E-08
   4.5861638986449860        3.31261276E-08
   4.5878906169803191        3.31691830E-08
   4.5896173353156522        3.32121601E-08
   4.5913440536509853        3.32560859E-08
   4.5930707719863184        3.33018164E-08
   4.5947974903216515        3.33499024E-08
   4.5965242086569846        3.34005108E-08
   4.5982509269923177        3.34534001E-08
   4.5999776453276509        3.35079449E-08
   4.6017043636629840        3.35632215E-08
   4.6034310819983171        3.36181429E-08
   4.6051578003336502        3.36716042E-08
   4.6068845186689833        3.37226531E-08
   4.6086112370043164        3.37706147E-08
   4.6103379553396495        3.38152013E-08
   4.6120646736749826        3.38565478E-08
   4.6137913920103157        3.38952120E-08
   4.6155181103456489        3.39320856E-08
   4.6172448286809820        3.39682842E-08
   4.6189715470163151        3.40049979E-08
   4.6206982653516482        3.40433175E-08
   4.6224249836869813        3.40840920E-08
   4.6241517020223144        3.41278152E-08
   4.6258784203576475        3.41745583E-08
   4.6276051386929806        3.42239623E-08
   4.6293318570283137        3.42753061E-08
   4.6310585753636468        3.43276056E-08
   4.6327852936989800        3.43797701E-08
   4.6345120120343131        3.44307516E-08
   4.6362387303696462        3.44797151E-08
   4.6379654487049793        3.45261526E-08
   4.6396921670403124        3.45699718E-08
   4.6414188853756455        3.46115030E-08
   4.6431456037109786        3.46514568E-08
   4.6448723220463117        3.46908351E-08
   4.6465990403816448        3.47307711E-08
   4.6483257587169780        3.47723805E-08
   4.6500524770523111        3.48165905E-08
   4.6517791953876442        3.48640121E-08
   4.6535059137229773        3.49148408E-08
   4.6552326320583104        3.49688207E-08
   4.6569593503936435        3.50252911E-08
   4.6586860687289766        3.50832572E-08
   4.6604127870643097        3.51415430E-08
   4.6621395053996428        3.51989442E-08
   4.6638662237349759        3.52544092E-08
   4.6655929420703091        3.53071918E-08
   4.6673196604056422        3.53569583E-08
   4.6690463787409753        3.54038399E-08
   4.6707730970763084        3.54484229E-08
   4.6724998154116415        3.54916772E-08
   4.6742265337469746        3.55348142E-08
   4.6759532520823077        3.55791308E-08
   4.6776799704176408        3.56258170E-08
   4.6794066887529739        3.56757894E-08
   4.6811334070883071        3.57295669E-08
   4.6828601254236402        3.57871812E-08
   4.6845868437589733        3.58481742E-08
   4.6863135620943064        3.59116470E-08
   4.6880402804296395        3.59763845E-08
   4.6897669987649726        3.60410120E-08
   4.6914937171003057        3.61041756E-08
   4.6932204354356388        3.61647352E-08
   4.6949471537709719        3.62219055E-08
   4.6966738721063050        3.62753632E-08
   4.6984005904416382        3.63252859E-08
   4.7001273087769713        3.63723274E-08
   4.7018540271123044        3.64175179E-08
   4.7035807454476375        3.64621222E-08
   4.7053074637829706        3.65074655E-08
   4.7070341821183037        3.65547379E-08
   4.7087609004536368        3.66048454E-08
   4.7104876187889699        3.66582782E-08
   4.7122143371243030        3.67150399E-08
   4.7139410554596362        3.67746580E-08
   4.7156677737949693        3.68362620E-08
   4.7173944921303024        3.68986939E-08
   4.7191212104656355        3.69606816E-08
   4.7208479288009686        3.70210316E-08
   4.7225746471363017        3.70787845E-08
   4.7243013654716348        3.71333648E-08
   4.7260280838069679        3.71846625E-08
   4.7277548021423010        3.72330433E-08
   4.7294815204776341        3.72793032E-08
   4.7312082388129673        3.73245577E-08
   4.7329349571483004        3.73700857E-08
   4.7346616754836335        3.74171520E-08
   4.7363883938189666        3.74668225E-08
   4.7381151121542997        3.75198255E-08
   4.7398418304896328        3.75764380E-08
   4.7415685488249659        3.76364504E-08
   4.7432952671602990        3.76991878E-08
   4.7450219854956321        3.77636056E-08
   4.7467487038309653        3.78284213E-08
   4.7484754221662984        3.78922920E-08
   4.7502021405016315        3.79539955E-08
   4.7519288588369646        3.80125869E-08
   4.7536555771722977        3.80675260E-08
   4.7553822955076308        3.81187455E-08
   4.7571090138429639        3.81666503E-08
   4.7588357321782970        3.82120504E-08
   4.7605624505136301        3.82560437E-08
   4.7622891688489633        3.82998699E-08
   4.7640158871842964        3.83447230E-08
   4.7657426055196295        3.83915939E-08
   4.7674693238549626        3.84411400E-08
   4.7691960421902957        3.84936030E-08
   4.7709227605256288        3.85487873E-08
   4.7726494788609619        3.86060925E-08
   4.7743761971962950        3.86646271E-08
   4.7761029155316281        3.87233392E-08
   4.7778296338669612        3.87811774E-08
   4.7795563522022944        3.88372570E-08
   4.7812830705376275        3.88909847E-08
   4.7830097888729606        3.89421544E-08
   4.7847365072082937        3.89909793E-08
   4.7864632255436268        3.90380634E-08
   4.7881899438789599        3.90843198E-08
   4.7899166622142930        3.91308390E-08
   4.7916433805496261        3.91787331E-08
   4.7933700988849592        3.92289827E-08
   4.7950968172202924        3.92822841E-08
   4.7968235355556255        3.93389641E-08
   4.7985502538909586        3.93989126E-08
   4.8002769722262917        3.94616038E-08
   4.8020036905616248        3.95261672E-08
   4.8037304088969579        3.95915016E-08
   4.8054571272322910        3.96564275E-08
   4.8071838455676241        3.97198470E-08
   4.8089105639029572        3.97808932E-08
   4.8106372822382903        3.98390476E-08
   4.8123640005736235        3.98942070E-08
   4.8140907189089566        3.99466877E-08
   4.8158174372442897        3.99971825E-08
   4.8175441555796228        4.00466504E-08
   4.8192708739149559        4.00961859E-08
   4.8209975922502890        4.01468583E-08
   4.8227243105856221        4.01995592E-08
   4.8244510289209552        4.02548821E-08
   4.8261777472562883        4.03130436E-08
   4.8279044655916215        4.03738625E-08
   4.8296311839269546        4.04367846E-08
   4.8313579022622877        4.05009715E-08
   4.8330846205976208        4.05654248E-08
   4.8348113389329539        4.06291321E-08
   4.8365380572682870        4.06912193E-08
   4.8382647756036201        4.07510719E-08
   4.8399914939389532        4.08084269E-08
   4.8417182122742863        4.08634158E-08
   4.8434449306096194        4.09165466E-08
   4.8451716489449526        4.09686294E-08
   4.8468983672802857        4.10206589E-08
   4.8486250856156188        4.10736831E-08
   4.8503518039509519        4.11286472E-08
   4.8520785222862850        4.11862651E-08
   4.8538052406216181        4.12469134E-08
   4.8555319589569512        4.13105887E-08
   4.8572586772922843        4.13769037E-08
   4.8589853956276174        4.14451549E-08
   4.8607121139629506        4.15144150E-08
   4.8624388322982837        4.15836787E-08
   4.8641655506336168        4.16520010E-08
   4.8658922689689499        4.17186357E-08
   4.8676189873042830        4.17831387E-08
   4.8693457056396161        4.18454285E-08
   4.8710724239749492        4.19057997E-08
   4.8727991423102823        4.19648636E-08
   4.8745258606456154        4.20234620E-08
   4.8762525789809485        4.20825437E-08
   4.8779792973162817        4.21430073E-08
   4.8797060156516148        4.22055706E-08
   4.8814327339869479        4.22706528E-08
   4.8831594523222810        4.23383071E-08
   4.8848861706576141        4.24081961E-08
   4.8866128889929472        4.24796340E-08
   4.8883396073282803        4.25516653E-08
   4.8900663256636134        4.26232063E-08
   4.8917930439989465        4.26931805E-08
   4.8935197623342797        4.27606821E-08
   4.8952464806696128        4.28250893E-08
   4.8969731990049459        4.28861746E-08
   4.8986999173402790        4.29441265E-08
   4.9004266356756121        4.29995346E-08
   4.9021533540109452        4.30533120E-08
   4.9038800723462783        4.31065743E-08
   4.9056067906816114        4.31604903E-08
   4.9073335090169445        4.32161258E-08
   4.9090602273522776        4.32742944E-08
   4.9107869456876108        4.33354472E-08
   4.9125136640229439        4.33996235E-08
   4.9142403823582770        4.34664393E-08
   4.9159671006936101        4.35351417E-08
   4.9176938190289432        4.36047287E-08
   4.9194205373642763        4.36740777E-08
   4.9211472556996094        4.37421157E-08
   4.9228739740349425        4.38079653E-08
   4.9246006923702756        4.38710721E-08
   4.9263274107056088        4.39312871E-08
   4.9280541290409419        4.39888908E-08
   4.9297808473762750        4.40445547E-08
   4.9315075657116081        4.40992522E-08
   4.9332342840469412        4.41541310E-08
   4.9349610023822743        4.42103492E-08
   4.9366877207176074        4.42689156E-08
   4.9384144390529405        4.43305552E-08
   4.9401411573882736        4.43955983E-08
   4.9418678757236068        4.44639454E-08
   4.9435945940589399        4.45350707E-08
   4.9453213123942730        4.46081074E-08
   4.9470480307296061        4.46819541E-08
   4.9487747490649392        4.47554420E-08
   4.9505014674002723        4.48274875E-08
   4.9522281857356054        4.48972486E-08
   4.9539549040709385        4.49642457E-08
   4.9556816224062716        4.50284325E-08
   4.9574083407416047        4.50901894E-08
   4.9591350590769379        4.51502942E-08
   4.9608617774122710        4.52097950E-08
   4.9625884957476041        4.52698821E-08
   4.9643152140829372        4.53317170E-08
   4.9660419324182703        4.53962699E-08
   4.9677686507536034        4.54641800E-08
   4.9694953690889365        4.55356748E-08
   4.9712220874242696        4.56105234E-08
   4.9729488057596027        4.56880649E-08
   4.9746755240949359        4.57672940E-08
   4.9764022424302690        4.58469884E-08
   4.9781289607656021        4.59258693E-08
   4.9798556791009352        4.60027678E-08
   4.9815823974362683        4.60767779E-08
   4.9833091157716014        4.61473668E-08
   4.9850358341069345        4.62144385E-08
   4.9867625524422676        4.62783412E-08
   4.9884892707776007        4.63398031E-08
   4.9902159891129338        4.63998227E-08
   4.9919427074482670        4.64595331E-08
   4.9936694257836001        4.65200252E-08
   4.9953961441189332        4.65822012E-08
   4.9971228624542663        4.66466581E-08
   4.9988495807895994        4.67135948E-08
   5.0005762991249325        4.67827945E-08
   5.0023030174602656        4.68536641E-08
   5.0040297357955987        4.69253258E-08
   5.0057564541309318        4.69967389E-08
   5.0074831724662650        4.70668660E-08
   5.0092098908015981        4.71348258E-08
   5.0109366091369312        4.72000181E-08
   5.0126633274722643        4.72622297E-08
   5.0143900458075974        4.73216595E-08
   5.0161167641429305        4.73789186E-08
   5.0178434824782636        4.74349342E-08
   5.0195702008135967        4.74908468E-08
   5.0212969191489298        4.75478430E-08
   5.0230236374842629        4.76070028E-08
   5.0247503558195961        4.76691504E-08
   5.0264770741549292        4.77347406E-08
   5.0282037924902623        4.78037947E-08
   5.0299305108255954        4.78759006E-08
   5.0316572291609285        4.79502553E-08
   5.0333839474962616        4.80257860E-08
   5.0351106658315947        4.81012918E-08
   5.0368373841669278        4.81756004E-08
   5.0385641025022609        4.82477205E-08
   5.0402908208375941        4.83169877E-08
   5.0420175391729272        4.83831322E-08
   5.0437442575082603        4.84463207E-08
   5.0454709758435934        4.85071254E-08
   5.0471976941789265        4.85664344E-08
   5.0489244125142596        4.86253278E-08
   5.0506511308495927        4.86849281E-08
   5.0523778491849258        4.87462515E-08
   5.0541045675202589        4.88100547E-08
   5.0558312858555920        4.88767533E-08
   5.0575580041909252        4.89463616E-08
   5.0592847225262583        4.90184924E-08
   5.0610114408615914        4.90924386E-08
   5.0627381591969245        4.91672623E-08
   5.0644648775322576        4.92419403E-08
   5.0661915958675907        4.93155241E-08
   5.0679183142029238        4.93872605E-08
   5.0696450325382569        4.94567125E-08
   5.0713717508735900        4.95238233E-08
   5.0730984692089232        4.95889232E-08
   5.0748251875442563        4.96526766E-08
   5.0765519058795894        4.97159967E-08
   5.0782786242149225        4.97799029E-08
   5.0800053425502556        4.98453829E-08
   5.0817320608855887        4.99132504E-08
   5.0834587792209218        4.99840276E-08
   5.0851854975562549        5.00578707E-08
   5.0869122158915880        5.01345490E-08
   5.0886389342269212        5.02134831E-08
   5.0903656525622543        5.02938242E-08
   5.0920923708975874        5.03745703E-08
   5.0938190892329205        5.04547160E-08
   5.0955458075682536        5.05333944E-08
   5.0972725259035867        5.06099873E-08
   5.0989992442389198        5.06842284E-08
   5.1007259625742529        5.07562170E-08
   5.1024526809095860        5.08264115E-08
   5.1041793992449191        5.08955544E-08
   5.1059061175802523        5.09645517E-08
   5.1076328359155854        5.10343448E-08
   5.1093595542509185        5.11057614E-08
   5.1110862725862516        5.11793878E-08
   5.1128129909215847        5.12554728E-08
   5.1145397092569178        5.13338918E-08
   5.1162664275922509        5.14141476E-08
   5.1179931459275840        5.14954372E-08
   5.1197198642629171        5.15767589E-08
   5.1214465825982503        5.16570609E-08
   5.1231733009335834        5.17353840E-08
   5.1249000192689165        5.18110035E-08
   5.1266267376042496        5.18835357E-08
   5.1283534559395827        5.19529948E-08
   5.1300801742749158        5.20198000E-08
   5.1318068926102489        5.20847259E-08
   5.1335336109455820        5.21487884E-08
   5.1352603292809151        5.22131138E-08
   5.1369870476162482        5.22787822E-08
   5.1387137659515814        5.23466817E-08
   5.1404404842869145        5.24173878E-08
   5.1421672026222476        5.24910746E-08
   5.1438939209575807        5.25675041E-08
   5.1456206392929138        5.26460617E-08
   5.1473473576282469        5.27258415E-08
   5.1490740759635800        5.28057811E-08
   5.1508007942989131        5.28848112E-08
   5.1525275126342462        5.29620223E-08
   5.1542542309695794        5.30367821E-08
   5.1559809493049125        5.31088453E-08
   5.1577076676402456        5.31783790E-08
   5.1594343859755787        5.32459516E-08
   5.1611611043109118        5.33124513E-08
   5.1628878226462449        5.33789546E-08
   5.1646145409815780        5.34465698E-08
   5.1663412593169111        5.35162847E-08
   5.1680679776522442        5.35888098E-08
   5.1697946959875773        5.36644720E-08
   5.1715214143229105        5.37431610E-08
   5.1732481326582436        5.38243334E-08
   5.1749748509935767        5.39070761E-08
   5.1767015693289098        5.39902345E-08
   5.1784282876642429        5.40725615E-08
   5.1801550059995760        5.41528955E-08
   5.1818817243349091        5.42303127E-08
   5.1836084426702422        5.43042589E-08
   5.1853351610055753        5.43746310E-08
   5.1870618793409085        5.44417880E-08
   5.1887885976762416        5.45065113E-08
   5.1905153160115747        5.45698953E-08
   5.1922420343469078        5.46331869E-08
   5.1939687526822409        5.46976402E-08
   5.1956954710175740        5.47643175E-08
   5.1974221893529071        5.48339543E-08
   5.1991489076882402        5.49068631E-08
   5.2008756260235733        5.49828805E-08
   5.2026023443589064        5.50613990E-08
   5.2043290626942396        5.51414523E-08
   5.2060557810295727        5.52218467E-08
   5.2077824993649058        5.53013457E-08
   5.2095092177002389        5.53788304E-08
   5.2112359360355720        5.54534694E-08
   5.2129626543709051        5.55248292E-08
   5.2146893727062382        5.55929418E-08
   5.2164160910415713        5.56583082E-08
   5.2181428093769044        5.57218129E-08
   5.2198695277122376        5.57846107E-08
   5.2215962460475707        5.58479663E-08
   5.2233229643829038        5.59130662E-08
   5.2250496827182369        5.59808662E-08
   5.2267764010535700        5.60519453E-08
   5.2285031193889031        5.61264351E-08
   5.2302298377242362        5.62039979E-08
   5.2319565560595693        5.62838807E-08
   5.2336832743949024        5.63650211E-08
   5.2354099927302356        5.64461970E-08
   5.2371367110655687        5.65262219E-08
   5.2388634294009018        5.66041010E-08
   5.2405901477362349        5.66791876E-08
   5.2423168660715680        5.67512899E-08
   5.2440435844069011        5.68207028E-08
   5.2457703027422342        5.68881795E-08
   5.2474970210775673        5.69548355E-08
   5.2492237394129004        5.70219996E-08
   5.2509504577482335        5.70910395E-08
   5.2526771760835667        5.71631738E-08
   5.2544038944188998        5.72393013E-08
   5.2561306127542329        5.73198768E-08
   5.2578573310895660        5.74048471E-08
   5.2595840494248991        5.74936507E-08
   5.2613107677602322        5.75852930E-08
   5.2630374860955653        5.76784771E-08
   5.2647642044308984        5.77717678E-08
   5.2664909227662315        5.78637795E-08
   5.2682176411015647        5.79533648E-08
   5.2699443594368978        5.80397419E-08
   5.2716710777722309        5.81226054E-08
   5.2733977961075640        5.82021329E-08
   5.2751245144428971        5.82789674E-08
   5.2768512327782302        5.83540931E-08
   5.2785779511135633        5.84287001E-08
   5.2803046694488964        5.85040105E-08
   5.2820313877842295        5.85810938E-08
   5.2837581061195626        5.86607172E-08
   5.2854848244548958        5.87432432E-08
   5.2872115427902289        5.88285758E-08
   5.2889382611255620        5.89161857E-08
   5.2906649794608951        5.90051776E-08
   5.2923916977962282        5.90944360E-08
   5.2941184161315613        5.91827813E-08
   5.2958451344668944        5.92691407E-08
   5.2975718528022275        5.93527005E-08
   5.2992985711375606        5.94330380E-08
   5.3010252894728938        5.95101710E-08
   5.3027520078082269        5.95845577E-08
   5.3044787261435600        5.96570331E-08
   5.3062054444788931        5.97286984E-08
   5.3079321628142262        5.98007546E-08
   5.3096588811495593        5.98743455E-08
   5.3113855994848924        5.99504020E-08
   5.3131123178202255        6.00294996E-08
   5.3148390361555586        6.01117947E-08
   5.3165657544908917        6.01970171E-08
   5.3182924728262249        6.02844850E-08
   5.3200191911615580        6.03732246E-08
   5.3217459094968911        6.04621206E-08
   5.3234726278322242        6.05500645E-08
   5.3251993461675573        6.06360970E-08
   5.3269260645028904        6.07195716E-08
   5.3286527828382235        6.08002324E-08
   5.3303795011735566        6.08782358E-08
   5.3321062195088897        6.09541431E-08
   5.3338329378442229        6.10288069E-08
   5.3355596561795560        6.11032718E-08
   5.3372863745148891        6.11786035E-08
   5.3390130928502222        6.12557471E-08
   5.3407398111855553        6.13353777E-08
   5.3424665295208884        6.14177935E-08
   5.3441932478562215        6.15028952E-08
   5.3459199661915546        6.15901854E-08
   5.3476466845268877        6.16788398E-08
   5.3493734028622208        6.17678424E-08
   5.3511001211975540        6.18561131E-08
   5.3528268395328871        6.19426714E-08
   5.3545535578682202        6.20267855E-08
   5.3562802762035533        6.21080787E-08
   5.3580069945388864        6.21865723E-08
   5.3597337128742195        6.22626999E-08
   5.3614604312095526        6.23372429E-08
   5.3631871495448857        6.24112246E-08
   5.3649138678802188        6.24857535E-08
   5.3666405862155520        6.25618881E-08
   5.3683673045508851        6.26404812E-08
   5.3700940228862182        6.27220658E-08
   5.3718207412215513        6.28067696E-08
   5.3735474595568844        6.28943155E-08
   5.3752741778922175        6.29840713E-08
   5.3770008962275506        6.30751202E-08
   5.3787276145628837        6.31664250E-08
   5.3804543328982168        6.32569481E-08
   5.3821810512335500        6.33458370E-08
   5.3839077695688831        6.34325161E-08
   5.3856344879042162        6.35168007E-08
   5.3873612062395493        6.35989039E-08
   5.3890879245748824        6.36794013E-08
   5.3908146429102155        6.37591739E-08
   5.3925413612455486        6.38392450E-08
   5.3942680795808817        6.39206519E-08
   5.3959947979162148        6.40042828E-08
   5.3977215162515479        6.40907416E-08
   5.3994482345868811        6.41802629E-08
   5.4011749529222142        6.42726619E-08
   5.4029016712575473        6.43673630E-08
   5.4046283895928804        6.44634568E-08
   5.4063551079282135        6.45598419E-08
   5.4080818262635466        6.46553531E-08
   5.4098085445988797        6.47489315E-08
   5.4115352629342128        6.48397673E-08
   5.4132619812695459        6.49274128E-08
   5.4149886996048791        6.50118466E-08
   5.4167154179402122        6.50934595E-08
   5.4184421362755453        6.51730190E-08
   5.4201688546108784        6.52515411E-08
   5.4218955729462115        6.53301697E-08
   5.4236222912815446        6.54099992E-08
   5.4253490096168777        6.54919319E-08
   5.4270757279522108        6.55765504E-08
   5.4288024462875439        6.56640537E-08
   5.4305291646228770        6.57542003E-08
   5.4322558829582102        6.58463861E-08
   5.4339826012935433        6.59397159E-08
   5.4357093196288764        6.60331381E-08
   5.4374360379642095        6.61256152E-08
   5.4391627562995426        6.62162591E-08
   5.4408894746348757        6.63044801E-08
   5.4426161929702088        6.63900650E-08
   5.4443429113055419        6.64732269E-08
   5.4460696296408750        6.65545485E-08
   5.4477963479762082        6.66349464E-08
   5.4495230663115413        6.67155078E-08
   5.4512497846468744        6.67973481E-08
   5.4529765029822075        6.68814621E-08
   5.4547032213175406        6.69685605E-08
   5.4564299396528737        6.70589699E-08
   5.4581566579882068        6.71525910E-08
   5.4598833763235399        6.72488980E-08
   5.4616100946588730        6.73470026E-08
   5.4633368129942061        6.74457610E-08
   5.4650635313295393        6.75439509E-08
   5.4667902496648724        6.76404213E-08
   5.4685169680002055        6.77342697E-08
   5.4702436863355386        6.78249492E-08
   5.4719704046708717        6.79123602E-08
   5.4736971230062048        6.79968792E-08
   5.4754238413415379        6.80792809E-08
   5.4771505596768710        6.81606807E-08
   5.4788772780122041        6.82423433E-08
   5.4806039963475373        6.83255479E-08
   5.4823307146828704        6.84113886E-08
   5.4840574330182035        6.85006540E-08
   5.4857841513535366        6.85937067E-08
   5.4875108696888697        6.86904329E-08
   5.4892375880242028        6.87902642E-08
   5.4909643063595359        6.88922555E-08
   5.4926910246948690        6.89952202E-08
   5.4944177430302021        6.90978723E-08
   5.4961444613655352        6.91990181E-08
   5.4978711797008684        6.92976911E-08
   5.4995978980362015        6.93933018E-08
   5.5013246163715346        6.94856865E-08
   5.5030513347068677        6.95751510E-08
   5.5047780530422008        6.96623914E-08
   5.5065047713775339        6.97484026E-08
   5.5082314897128670        6.98343499E-08
   5.5099582080482001        6.99213842E-08
   5.5116849263835332        7.00104934E-08
   5.5134116447188664        7.01023595E-08
   5.5151383630541995        7.01972596E-08
   5.5168650813895326        7.02950587E-08
   5.5185917997248657        7.03951955E-08
   5.5203185180601988        7.04968031E-08
   5.5220452363955319        7.05988157E-08
   5.5237719547308650        7.07001249E-08
   5.5254986730661981        7.07997501E-08
   5.5272253914015312        7.08969736E-08
   5.5289521097368644        7.09914474E-08
   5.5306788280721975        7.10832566E-08
   5.5324055464075306        7.11728987E-08
   5.5341322647428637        7.12612263E-08
   5.5358589830781968        7.13493407E-08
   5.5375857014135299        7.14384214E-08
   5.5393124197488630        7.15295982E-08
   5.5410391380841961        7.16237665E-08
   5.5427658564195292        7.17214945E-08
   5.5444925747548623        7.18229316E-08
   5.5462192930901955        7.19277935E-08
   5.5479460114255286        7.20354123E-08
   5.5496727297608617        7.21448075E-08
   5.5513994480961948        7.22548492E-08
   5.5531261664315279        7.23643723E-08
   5.5548528847668610        7.24723748E-08
   5.5565796031021941        7.25781106E-08
   5.5583063214375272        7.26812033E-08
   5.5600330397728603        7.27816882E-08
   5.5617597581081935        7.28799847E-08
   5.5634864764435266        7.29768388E-08
   5.5652131947788597        7.30731884E-08
   5.5669399131141928        7.31700354E-08
   5.5686666314495259        7.32682963E-08
   5.5703933497848590        7.33686392E-08
   5.5721200681201921        7.34714263E-08
   5.5738467864555252        7.35766292E-08
   5.5755735047908583        7.36838288E-08
   5.5773002231261914        7.37923003E-08
   5.5790269414615246        7.39010844E-08
   5.5807536597968577        7.40091295E-08
   5.5824803781321908        7.41154551E-08
   5.5842070964675239        7.42192725E-08
   5.5859338148028570        7.43200985E-08
   5.5876605331381901        7.44178479E-08
   5.5893872514735232        7.45128119E-08
   5.5911139698088563        7.46056514E-08
   5.5928406881441894        7.46972901E-08
   5.5945674064795226        7.47888009E-08
   5.5962941248148557        7.48812496E-08
   5.5980208431501888        7.49755600E-08
   5.5997475614855219        7.50723927E-08
   5.6014742798208550        7.51720606E-08
   5.6032009981561881        7.52744782E-08
   5.6049277164915212        7.53792051E-08
   5.6066544348268543        7.54855023E-08
   5.6083811531621874        7.55924461E-08
   5.6101078714975205        7.56990772E-08
   5.6118345898328537        7.58045360E-08
   5.6135613081681868        7.59081829E-08
   5.6152880265035199        7.60097123E-08
   5.6170147448388530        7.61091812E-08
   5.6187414631741861        7.62070158E-08
   5.6204681815095192        7.63039552E-08
   5.6221948998448523        7.64009300E-08
   5.6239216181801854        7.64989423E-08
   5.6256483365155185        7.65989370E-08
   5.6273750548508517        7.67016459E-08
   5.6291017731861848        7.68074884E-08
   5.6308284915215179        7.69165212E-08
   5.6325552098568510        7.70284103E-08
   5.6342819281921841        7.71424951E-08
   5.6360086465275172        7.72578730E-08
   5.6377353648628503        7.73735209E-08
   5.6394620831981834        7.74884370E-08
   5.6411888015335165        7.76017828E-08
   5.6429155198688496        7.77130040E-08
   5.6446422382041828        7.78218876E-08
   5.6463689565395159        7.79286253E-08
   5.6480956748748490        7.80337430E-08
   5.6498223932101821        7.81380436E-08
   5.6515491115455152        7.82424863E-08
   5.6532758298808483        7.83480516E-08
   5.6550025482161814        7.84555922E-08
   5.6567292665515145        7.85657122E-08
   5.6584559848868476        7.86786885E-08
   5.6601827032221808        7.87944145E-08
   5.6619094215575139        7.89124286E-08
   5.6636361398928470        7.90319916E-08
   5.6653628582281801        7.91521799E-08
   5.6670895765635132        7.92720414E-08
   5.6688162948988463        7.93907233E-08
   5.6705430132341794        7.95076076E-08
   5.6722697315695125        7.96224029E-08
   5.6739964499048456        7.97352016E-08
   5.6757231682401788        7.98464583E-08
   5.6774498865755119        7.99569406E-08
   5.6791766049108450        8.00676148E-08
   5.6809033232461781        8.01795039E-08
   5.6826300415815112        8.02935531E-08
   5.6843567599168443        8.04104658E-08
   5.6860834782521774        8.05306044E-08
   5.6878101965875105        8.06539191E-08
   5.6895369149228436        8.07799410E-08
   5.6912636332581767        8.09078315E-08
   5.6929903515935099        8.10364824E-08
   5.6947170699288430        8.11646714E-08
   5.6964437882641761        8.12912049E-08
   5.6981705065995092        8.14150880E-08
   5.6998972249348423        8.15356671E-08
   5.7016239432701754        8.16527148E-08
   5.7033506616055085        8.17664514E-08
   5.7050773799408416        8.18775305E-08
   5.7068040982761747        8.19869541E-08
   5.7085308166115079        8.20959158E-08
   5.7102575349468410        8.22056734E-08
   5.7119842532821741        8.23173352E-08
   5.7137109716175072        8.24317397E-08
   5.7154376899528403        8.25493345E-08
   5.7171644082881734        8.26701125E-08
   5.7188911266235065        8.27936191E-08
   5.7206178449588396        8.29190157E-08
   5.7223445632941727        8.30452080E-08
   5.7240712816295058        8.31709883E-08
   5.7257979999648390        8.32952125E-08
   5.7275247183001721        8.34169640E-08
   5.7292514366355052        8.35356673E-08
   5.7309781549708383        8.36511944E-08
   5.7327048733061714        8.37638794E-08
   5.7344315916415045        8.38744683E-08
   5.7361583099768376        8.39839984E-08
   5.7378850283121707        8.40936920E-08
   5.7396117466475038        8.42047498E-08
   5.7413384649828370        8.43181880E-08
   5.7430651833181701        8.44347170E-08
   5.7447919016535032        8.45545998E-08
   5.7465186199888363        8.46776445E-08
   5.7482453383241694        8.48032258E-08
   5.7499720566595025        8.49303561E-08
   5.7516987749948356        8.50578417E-08
   5.7534254933301687        8.51844320E-08
   5.7551522116655018        8.53090114E-08
   5.7568789300008349        8.54307558E-08
   5.7586056483361681        8.55492459E-08
   5.7603323666715012        8.56645457E-08
   5.7620590850068343        8.57771667E-08
   5.7637858033421674        8.58880469E-08
   5.7655125216775005        8.59983871E-08
   5.7672392400128336        8.61095018E-08
   5.7689659583481667        8.62226486E-08
   5.7706926766834998        8.63388507E-08
   5.7724193950188329        8.64587619E-08
   5.7741461133541661        8.65825669E-08
   5.7758728316894992        8.67099601E-08
   5.7775995500248323        8.68401884E-08
   5.7793262683601654        8.69721788E-08
   5.7810529866954985        8.71046453E-08
   5.7827797050308316        8.72362875E-08
   5.7845064233661647        8.73659758E-08
   5.7862331417014978        8.74929000E-08
   5.7879598600368309        8.76166624E-08
   5.7896865783721640        8.77373338E-08
   5.7914132967074972        8.78554474E-08
   5.7931400150428303        8.79718982E-08
   5.7948667333781634        8.80878233E-08
   5.7965934517134965        8.82044233E-08
   5.7983201700488296        8.83227997E-08
   5.8000468883841627        8.84437910E-08
   5.8017736067194958        8.85678517E-08
   5.8035003250548289        8.86949749E-08
   5.8052270433901620        8.88247200E-08
   5.8069537617254952        8.89562557E-08
   5.8086804800608283        8.90884806E-08
   5.8104071983961614        8.92201726E-08
   5.8121339167314945        8.93502019E-08
   5.8138606350668276        8.94776377E-08
   5.8155873534021607        8.96019330E-08
   5.8173140717374938        8.97229882E-08
   5.8190407900728269        8.98411585E-08
   5.8207675084081600        8.99572399E-08
   5.8224942267434932        9.00723478E-08
   5.8242209450788263        9.01877684E-08
   5.8259476634141594        9.03047948E-08
   5.8276743817494925        9.04245425E-08
   5.8294011000848256        9.05478146E-08
   5.8311278184201587        9.06749946E-08
   5.8328545367554918        9.08059903E-08
   5.8345812550908249        9.09402686E-08
   5.8363079734261580        9.10769273E-08
   5.8380346917614911        9.12148437E-08
   5.8397614100968243        9.13528169E-08
   5.8414881284321574        9.14897456E-08
   5.8432148467674905        9.16247842E-08
   5.8449415651028236        9.17574638E-08
   5.8466682834381567        9.18877276E-08
   5.8483950017734898        9.20159593E-08
   5.8501217201088229        9.21428978E-08
   5.8518484384441560        9.22695449E-08
   5.8535751567794891        9.23970020E-08
   5.8553018751148223        9.25262995E-08
   5.8570285934501554        9.26582615E-08
   5.8587553117854885        9.27933712E-08
   5.8604820301208216        9.29316997E-08
   5.8622087484561547        9.30728987E-08
   5.8639354667914878        9.32162294E-08
   5.8656621851268209        9.33606898E-08
   5.8673889034621540        9.35051219E-08
   5.8691156217974871        9.36483886E-08
   5.8708423401328202        9.37895379E-08
   5.8725690584681534        9.39279090E-08
   5.8742957768034865        9.40632390E-08
   5.8760224951388196        9.41956770E-08
   5.8777492134741527        9.43257632E-08
   5.8794759318094858        9.44543359E-08
   5.8812026501448189        9.45824183E-08
   5.8829293684801520        9.47110408E-08
   5.8846560868154851        9.48411127E-08
   5.8863828051508182        9.49732666E-08
   5.8881095234861514        9.51077936E-08
   5.8898362418214845        9.52445802E-08
   5.8915629601568176        9.53831574E-08
   5.8932896784921507        9.55227506E-08
   5.8950163968274838        9.56624149E-08
   5.8967431151628169        9.58011768E-08
   5.8984698334981500        9.59381836E-08
   5.9001965518334831        9.60728457E-08
   5.9019232701688162        9.62049356E-08
   5.9036499885041493        9.63346238E-08
   5.9053767068394825        9.64624718E-08
   5.9071034251748156        9.65893605E-08
   5.9088301435101487        9.67163700E-08
   5.9105568618454818        9.68446443E-08
   5.9122835801808149        9.69752065E-08
   5.9140102985161480        9.71088454E-08
   5.9157370168514811        9.72459659E-08
   5.9174637351868142        9.73865539E-08
   5.9191904535221473        9.75301546E-08
   5.9209171718574805        9.76759438E-08
   5.9226438901928136        9.78228343E-08
   5.9243706085281467        9.79696253E-08
   5.9260973268634798        9.81151587E-08
   5.9278240451988129        9.82584965E-08
   5.9295507635341460        9.83990418E-08
   5.9312774818694791        9.85366029E-08
   5.9330042002048122        9.86714497E-08
   5.9347309185401453        9.88042501E-08
   5.9364576368754784        9.89359776E-08
   5.9381843552108116        9.90677762E-08
   5.9399110735461447        9.92008040E-08
   5.9416377918814778        9.93360629E-08
   5.9433645102168109        9.94742635E-08
   5.9450912285521440        9.96157326E-08
   5.9468179468874771        9.97603422E-08
   5.9485446652228102        9.99075667E-08
   5.9502713835581433        1.00056539E-07
   5.9519981018934764        1.00206179E-07
   5.9537248202288096        1.00355351E-07
   5.9554515385641427        1.00503044E-07
   5.9571782568994758        1.00648499E-07
   5.9589049752348089        1.00791333E-07
   5.9606316935701420        1.00931587E-07
   5.9623584119054751        1.01069730E-07
   5.9640851302408082        1.01206602E-07
   5.9658118485761413        1.01343275E-07
   5.9675385669114744        1.01480921E-07
   5.9692652852468076        1.01620628E-07
   5.9709920035821407        1.01763248E-07
   5.9727187219174738        1.01909265E-07
   5.9744454402528069        1.02058728E-07
   5.9761721585881400        1.02211224E-07
   5.9778988769234731        1.02365945E-07
   5.9796255952588062        1.02521781E-07
   5.9813523135941393        1.02677475E-07
   5.9830790319294724        1.02831784E-07
   5.9848057502648055        1.02983648E-07
   5.9865324686001387        1.03132336E-07
   5.9882591869354718        1.03277557E-07
   5.9899859052708049        1.03419481E-07
   5.9917126236061380        1.03558726E-07
   5.9934393419414711        1.03696266E-07
   5.9951660602768042        1.03833294E-07
   5.9968927786121373        1.03971068E-07
   5.9986194969474704        1.04110725E-07
   6.0003462152828035        1.04253125E-07
   6.0020729336181367        1.04398744E-07
   6.0037996519534698        1.04547610E-07
   6.0055263702888029        1.04699289E-07
   6.0072530886241360        1.04852958E-07
   6.0089798069594691        1.05007523E-07
   6.0107065252948022        1.05161774E-07
   6.0124332436301353        1.05314555E-07
   6.0141599619654684        1.05464927E-07
   6.0158866803008015        1.05612308E-07
   6.0176133986361346        1.05756534E-07
   6.0193401169714678        1.05897918E-07
   6.0210668353068009        1.06037170E-07
   6.0227935536421340        1.06175314E-07
   6.0245202719774671        1.06313536E-07
   6.0262469903128002        1.06453030E-07
   6.0279737086481333        1.06594825E-07
   6.0297004269834664        1.06739634E-07
   6.0314271453187995        1.06887761E-07
   6.0331538636541326        1.07039050E-07
   6.0348805819894658        1.07192918E-07
   6.0366073003247989        1.07348427E-07
   6.0383340186601320        1.07504412E-07
   6.0400607369954651        1.07659652E-07
   6.0417874553307982        1.07813044E-07
   6.0435141736661313        1.07963743E-07
   6.0452408920014644        1.08111301E-07
   6.0469676103367975        1.08255712E-07
   6.0486943286721306        1.08397437E-07
   6.0504210470074637        1.08537336E-07
   6.0521477653427969        1.08676559E-07
   6.0538744836781300        1.08816408E-07
   6.0556012020134631        1.08958133E-07
   6.0573279203487962        1.09102800E-07
   6.0590546386841293        1.09251133E-07
   6.0607813570194624        1.09403430E-07
   6.0625080753547955        1.09559537E-07
   6.0642347936901286        1.09718854E-07
   6.0659615120254617        1.09880453E-07
   6.0676882303607949        1.10043196E-07
   6.0694149486961280        1.10205882E-07
   6.0711416670314611        1.10367417E-07
   6.0728683853667942        1.10526969E-07
   6.0745951037021273        1.10684063E-07
   6.0763218220374604        1.10838641E-07
   6.0780485403727935        1.10991067E-07
   6.0797752587081266        1.11142036E-07
   6.0815019770434597        1.11292486E-07
   6.0832286953787928        1.11443470E-07
   6.0849554137141260        1.11595973E-07
   6.0866821320494591        1.11750786E-07
   6.0884088503847922        1.11908385E-07
   6.0901355687201253        1.12068854E-07
   6.0918622870554584        1.12231874E-07
   6.0935890053907915        1.12396791E-07
   6.0953157237261246        1.12562674E-07
   6.0970424420614577        1.12728458E-07
   6.0987691603967908        1.12893098E-07
   6.1004958787321240        1.13055705E-07
   6.1022225970674571        1.13215663E-07
   6.1039493154027902        1.13372721E-07
   6.1056760337381233        1.13527022E-07
   6.1074027520734564        1.13679079E-07
   6.1091294704087895        1.13829678E-07
   6.1108561887441226        1.13979794E-07
   6.1125829070794557        1.14130430E-07
   6.1143096254147888        1.14282471E-07
   6.1160363437501220        1.14436581E-07
   6.1177630620854551        1.14593092E-07
   6.1194897804207882        1.14751984E-07
   6.1212164987561213        1.14912872E-07
   6.1229432170914544        1.15075082E-07
   6.1246699354267875        1.15237746E-07
   6.1263966537621206        1.15399942E-07
   6.1281233720974537        1.15560837E-07
   6.1298500904327868        1.15719793E-07
   6.1315768087681199        1.15876496E-07
   6.1333035271034531        1.16030975E-07
   6.1350302454387862        1.16183635E-07
   6.1367569637741193        1.16335187E-07
   6.1384836821094524        1.16486554E-07
   6.1402104004447855        1.16638745E-07
   6.1419371187801186        1.16792727E-07
   6.1436638371154517        1.16949259E-07
   6.1453905554507848        1.17108804E-07
   6.1471172737861179        1.17271462E-07
   6.1488439921214511        1.17436933E-07
   6.1505707104567842        1.17604571E-07
   6.1522974287921173        1.17773467E-07
   6.1540241471274504        1.17942562E-07
   6.1557508654627835        1.18110798E-07
   6.1574775837981166        1.18277256E-07
   6.1592043021334497        1.18441271E-07
   6.1609310204687828        1.18602514E-07
   6.1626577388041159        1.18761051E-07
   6.1643844571394490        1.18917299E-07
   6.1661111754747822        1.19071970E-07
   6.1678378938101153        1.19225973E-07
   6.1695646121454484        1.19380260E-07
   6.1712913304807815        1.19535699E-07
   6.1730180488161146        1.19692956E-07
   6.1747447671514477        1.19852373E-07
   6.1764714854867808        1.20013965E-07
   6.1781982038221139        1.20177361E-07
   6.1799249221574470        1.20341923E-07
   6.1816516404927802        1.20506797E-07
   6.1833783588281133        1.20671061E-07
   6.1851050771634464        1.20833874E-07
   6.1868317954987795        1.20994599E-07
   6.1885585138341126        1.21152894E-07
   6.1902852321694457        1.21308801E-07
   6.1920119505047788        1.21462719E-07
   6.1937386688401119        1.21615386E-07
   6.1954653871754450        1.21767783E-07
   6.1971921055107781        1.21920976E-07
   6.1989188238461113        1.22076003E-07
   6.2006455421814444        1.22233729E-07
   6.2023722605167775        1.22394695E-07
   6.2040989788521106        1.22559101E-07
   6.2058256971874437        1.22726703E-07
   6.2075524155227768        1.22896907E-07
   6.2092791338581099        1.23068816E-07
   6.2110058521934430        1.23241364E-07
   6.2127325705287761        1.23413471E-07
   6.2144592888641093        1.23584186E-07
   6.2161860071994424        1.23752798E-07
   6.2179127255347755        1.23918980E-07
   6.2196394438701086        1.24082788E-07
   6.2213661622054417        1.24244693E-07
   6.2230928805407748        1.24405489E-07
   6.2248195988761079        1.24566185E-07
   6.2265463172114410        1.24727890E-07
   6.2282730355467741        1.24891599E-07
   6.2299997538821072        1.25058108E-07
   6.2317264722174404        1.25227871E-07
   6.2334531905527735        1.25400945E-07
   6.2351799088881066        1.25576960E-07
   6.2369066272234397        1.25755207E-07
   6.2386333455587728        1.25934690E-07
   6.2403600638941059        1.26114301E-07
   6.2420867822294390        1.26292974E-07
   6.2438135005647721        1.26469814E-07
   6.2455402189001052        1.26644252E-07
   6.2472669372354384        1.26816118E-07
   6.2489936555707715        1.26985682E-07
   6.2507203739061046        1.27153598E-07
   6.2524470922414377        1.27320803E-07
   6.2541738105767708        1.27488448E-07
   6.2559005289121039        1.27657671E-07
   6.2576272472474370        1.27829452E-07
   6.2593539655827701        1.28004487E-07
   6.2610806839181032        1.28183061E-07
   6.2628074022534364        1.28365016E-07
   6.2645341205887695        1.28549743E-07
   6.2662608389241026        1.28736275E-07
   6.2679875572594357        1.28923375E-07
   6.2697142755947688        1.29109750E-07
   6.2714409939301019        1.29294179E-07
   6.2731677122654350        1.29475694E-07
   6.2748944306007681        1.29653714E-07
   6.2766211489361012        1.29828109E-07
   6.2783478672714343        1.29999250E-07
   6.2800745856067675        1.30167933E-07
   6.2818013039421006        1.30335266E-07
   6.2835280222774337        1.30502542E-07
   6.2852547406127668        1.30671054E-07
   6.2869814589480999        1.30841940E-07
   6.2887081772834330        1.31015994E-07
   6.2904348956187661        1.31193602E-07
   6.2921616139540992        1.31374662E-07
   6.2938883322894323        1.31558622E-07
   6.2956150506247655        1.31744557E-07
   6.2973417689600986        1.31931316E-07
   6.2990684872954317        1.32117648E-07
   6.3007952056307648        1.32302404E-07
   6.3025219239660979        1.32484686E-07
   6.3042486423014310        1.32663985E-07
   6.3059753606367641        1.32840213E-07
   6.3077020789720972        1.33013742E-07
   6.3094287973074303        1.33185338E-07
   6.3111555156427634        1.33356068E-07
   6.3128822339780966        1.33527109E-07
   6.3146089523134297        1.33699629E-07
   6.3163356706487628        1.33874565E-07
   6.3180623889840959        1.34052542E-07
   6.3197891073194290        1.34233744E-07
   6.3215158256547621        1.34417917E-07
   6.3232425439900952        1.34604406E-07
   6.3249692623254283        1.34792245E-07
   6.3266959806607614        1.34980269E-07
   6.3284226989960946        1.35167326E-07
   6.3301494173314277        1.35352408E-07
   6.3318761356667608        1.35534805E-07
   6.3336028540020939        1.35714217E-07
   6.3353295723374270        1.35890772E-07
   6.3370562906727601        1.36065040E-07
   6.3387830090080932        1.36237944E-07
   6.3405097273434263        1.36410620E-07
   6.3422364456787594        1.36584262E-07
   6.3439631640140925        1.36759994E-07
   6.3456898823494257        1.36938667E-07
   6.3474166006847588        1.37120750E-07
   6.3491433190200919        1.37306316E-07
   6.3508700373554250        1.37494993E-07
   6.3525967556907581        1.37686015E-07
   6.3543234740260912        1.37878359E-07
   6.3560501923614243        1.38070902E-07
   6.3577769106967574        1.38262550E-07
   6.3595036290320905        1.38452435E-07
   6.3612303473674237        1.38639990E-07
   6.3629570657027568        1.38825072E-07
   6.3646837840380899        1.39007980E-07
   6.3664105023734230        1.39189396E-07
   6.3681372207087561        1.39370286E-07
   6.3698639390440892        1.39551787E-07
   6.3715906573794223        1.39735008E-07
   6.3733173757147554        1.39920900E-07
   6.3750440940500885        1.40110117E-07
   6.3767708123854216        1.40302902E-07
   6.3784975307207548        1.40499068E-07
   6.3802242490560879        1.40698006E-07
   6.3819509673914210        1.40898791E-07
   6.3836776857267541        1.41100273E-07
   6.3854044040620872        1.41301257E-07
   6.3871311223974203        1.41500678E-07
   6.3888578407327534        1.41697726E-07
   6.3905845590680865        1.41891917E-07
   6.3923112774034196        1.42083238E-07
   6.3940379957387528        1.42272057E-07
   6.3957647140740859        1.42459101E-07
   6.3974914324094190        1.42645334E-07
   6.3992181507447521        1.42831823E-07
   6.4009448690800852        1.43019562E-07
   6.4026715874154183        1.43209348E-07
   6.4043983057507514        1.43401650E-07
   6.4061250240860845        1.43596552E-07
   6.4078517424214176        1.43793756E-07
   6.4095784607567508        1.43992608E-07
   6.4113051790920839        1.44192200E-07
   6.4130318974274170        1.44391549E-07
   6.4147586157627501        1.44589691E-07
   6.4164853340980832        1.44785872E-07
   6.4182120524334163        1.44979666E-07
   6.4199387707687494        1.45171029E-07
   6.4216654891040825        1.45360318E-07
   6.4233922074394156        1.45548256E-07
   6.4251189257747487        1.45735868E-07
   6.4268456441100819        1.45924275E-07
   6.4285723624454150        1.46114601E-07
   6.4302990807807481        1.46307798E-07
   6.4320257991160812        1.46504505E-07
   6.4337525174514143        1.46704963E-07
   6.4354792357867474        1.46908988E-07
   6.4372059541220805        1.47115998E-07
   6.4389326724574136        1.47325082E-07
   6.4406593907927467        1.47535133E-07
   6.4423861091280799        1.47745013E-07
   6.4441128274634130        1.47953713E-07
   6.4458395457987461        1.48160453E-07
   6.4475662641340792        1.48364848E-07
   6.4492929824694123        1.48566897E-07
   6.4510197008047454        1.48767015E-07
   6.4527464191400785        1.48965938E-07
   6.4544731374754116        1.49164634E-07
   6.4561998558107447        1.49364126E-07
   6.4579265741460778        1.49565366E-07
   6.4596532924814110        1.49769036E-07
   6.4613800108167441        1.49975506E-07
   6.4631067291520772        1.50184718E-07
   6.4648334474874103        1.50396218E-07
   6.4665601658227434        1.50609196E-07
   6.4682868841580765        1.50822615E-07
   6.4700136024934096        1.51035337E-07
   6.4717403208287427        1.51246311E-07
   6.4734670391640758        1.51454728E-07
   6.4751937574994090        1.51660117E-07
   6.4769204758347421        1.51862452E-07
   6.4786471941700752        1.52062157E-07
   6.4803739125054083        1.52260043E-07
   6.4821006308407414        1.52457218E-07
   6.4838273491760745        1.52654934E-07
   6.4855540675114076        1.52854412E-07
   6.4872807858467407        1.53056703E-07
   6.4890075041820738        1.53262491E-07
   6.4907342225174069        1.53472044E-07
   6.4924609408527401        1.53685150E-07
   6.4941876591880732        1.53901127E-07
   6.4959143775234063        1.54118950E-07
   6.4976410958587394        1.54337371E-07
   6.4993678141940725        1.54555096E-07
   6.5010945325294056        1.54770945E-07
   6.5028212508647387        1.54984036E-07
   6.5045479692000718        1.55193902E-07
   6.5062746875354049        1.55400556E-07
   6.5080014058707381        1.55604496E-07
   6.5097281242060712        1.55806603E-07
   6.5114548425414043        1.56008070E-07
   6.5131815608767374        1.56210206E-07
   6.5149082792120705        1.56414274E-07
   6.5166349975474036        1.56621297E-07
   6.5183617158827367        1.56831959E-07
   6.5200884342180698        1.57046472E-07
   6.5218151525534029        1.57264580E-07
   6.5235418708887360        1.57485587E-07
   6.5252685892240692        1.57708484E-07
   6.5269953075594023        1.57932050E-07
   6.5287220258947354        1.58155075E-07
   6.5304487442300685        1.58376480E-07
   6.5321754625654016        1.58595526E-07
   6.5339021809007347        1.58811872E-07
   6.5356288992360678        1.59025618E-07
   6.5373556175714009        1.59237331E-07
   6.5390823359067340        1.59447936E-07
   6.5408090542420672        1.59658555E-07
   6.5425357725774003        1.59870396E-07
   6.5442624909127334        1.60084539E-07
   6.5459892092480665        1.60301809E-07
   6.5477159275833996        1.60522617E-07
   6.5494426459187327        1.60746936E-07
   6.5511693642540658        1.60974253E-07
   6.5528960825893989        1.61203687E-07
   6.5546228009247320        1.61434073E-07
   6.5563495192600652        1.61664147E-07
   6.5580762375953983        1.61892672E-07
   6.5598029559307314        1.62118667E-07
   6.5615296742660645        1.62341479E-07
   6.5632563926013976        1.62560923E-07
   6.5649831109367307        1.62777283E-07
   6.5667098292720638        1.62991270E-07
   6.5684365476073969        1.63203921E-07
   6.5701632659427300        1.63416445E-07
   6.5718899842780631        1.63630091E-07
   6.5736167026133963        1.63845939E-07
   6.5753434209487294        1.64064758E-07
   6.5770701392840625        1.64286931E-07
   6.5787968576193956        1.64512372E-07
   6.5805235759547287        1.64740555E-07
   6.5822502942900618        1.64970615E-07
   6.5839770126253949        1.65201442E-07
   6.5857037309607280        1.65431842E-07
   6.5874304492960611        1.65660722E-07
   6.5891571676313943        1.65887229E-07
   6.5908838859667274        1.66110894E-07
   6.5926106043020605        1.66331674E-07
   6.5943373226373936        1.66549981E-07
   6.5960640409727267        1.66766583E-07
   6.5977907593080598        1.66982545E-07
   6.5995174776433929        1.67199062E-07
   6.6012441959787260        1.67417298E-07
   6.6029709143140591        1.67638206E-07
   6.6046976326493922        1.67862439E-07
   6.6064243509847254        1.68090224E-07
   6.6081510693200585        1.68321364E-07
   6.6098777876553916        1.68555246E-07
   6.6116045059907247        1.68790976E-07
   6.6133312243260578        1.69027459E-07
   6.6150579426613909        1.69263558E-07
   6.6167846609967240        1.69498293E-07
   6.6185113793320571        1.69730924E-07
   6.6202380976673902        1.69961098E-07
   6.6219648160027234        1.70188855E-07
   6.6236915343380565        1.70414637E-07
   6.6254182526733896        1.70639225E-07
   6.6271449710087227        1.70863629E-07
   6.6288716893440558        1.71088928E-07
   6.6305984076793889        1.71316131E-07
   6.6323251260147220        1.71546034E-07
   6.6340518443500551        1.71779092E-07
   6.6357785626853882        1.72015390E-07
   6.6375052810207213        1.72254630E-07
   6.6392319993560545        1.72496186E-07
   6.6409587176913876        1.72739163E-07
   6.6426854360267207        1.72982581E-07
   6.6444121543620538        1.73225501E-07
   6.6461388726973869        1.73467143E-07
   6.6478655910327200        1.73707036E-07
   6.6495923093680531        1.73945054E-07
   6.6513190277033862        1.74181451E-07
   6.6530457460387193        1.74416826E-07
   6.6547724643740525        1.74652058E-07
   6.6564991827093856        1.74888129E-07
   6.6582259010447187        1.75126047E-07
   6.6599526193800518        1.75366665E-07
   6.6616793377153849        1.75610566E-07
   6.6634060560507180        1.75858020E-07
   6.6651327743860511        1.76108870E-07
   6.6668594927213842        1.76362633E-07
   6.6685862110567173        1.76618528E-07
   6.6703129293920504        1.76875574E-07
   6.6720396477273836        1.77132748E-07
   6.6737663660627167        1.77389140E-07
   6.6754930843980498        1.77644012E-07
   6.6772198027333829        1.77896951E-07
   6.6789465210687160        1.78147900E-07
   6.6806732394040491        1.78397144E-07
   6.6823999577393822        1.78645266E-07
   6.6841266760747153        1.78893032E-07
   6.6858533944100484        1.79141267E-07
   6.6875801127453816        1.79390753E-07
   6.6893068310807147        1.79642043E-07
   6.6910335494160478        1.79895437E-07
   6.6927602677513809        1.80150877E-07
   6.6944869860867140        1.80407966E-07
   6.6962137044220471        1.80666007E-07
   6.6979404227573802        1.80924104E-07
   6.6996671410927133        1.81181306E-07
   6.7013938594280464        1.81436718E-07
   6.7031205777633796        1.81689643E-07
   6.7048472960987127        1.81939697E-07
   6.7065740144340458        1.82186866E-07
   6.7083007327693789        1.82431549E-07
   6.7100274511047120        1.82674455E-07
   6.7117541694400451        1.82916594E-07
   6.7134808877753782        1.83159102E-07
   6.7152076061107113        1.83403102E-07
   6.7169343244460444        1.83649561E-07
   6.7186610427813775        1.83899161E-07
   6.7203877611167107        1.84152213E-07
   6.7221144794520438        1.84408620E-07
   6.7238411977873769        1.84667883E-07
   6.7255679161227100        1.84929178E-07
   6.7272946344580431        1.85191496E-07
   6.7290213527933762        1.85453743E-07
   6.7307480711287093        1.85714910E-07
   6.7324747894640424        1.85974216E-07
   6.7342015077993755        1.86231219E-07
   6.7359282261347087        1.86485863E-07
   6.7376549444700418        1.86738504E-07
   6.7393816628053749        1.86989823E-07
   6.7411083811407080        1.87240758E-07
   6.7428350994760411        1.87492375E-07
   6.7445618178113742        1.87745655E-07
   6.7462885361467073        1.88001451E-07
   6.7480152544820404        1.88260273E-07
   6.7497419728173735        1.88522264E-07
   6.7514686911527066        1.88787183E-07
   6.7531954094880398        1.89054404E-07
   6.7549221278233729        1.89323018E-07
   6.7566488461587060        1.89591987E-07
   6.7583755644940391        1.89860245E-07
   6.7601022828293722        1.90126883E-07
   6.7618290011647053        1.90391262E-07
   6.7635557195000384        1.90653111E-07
   6.7652824378353715        1.90912587E-07
   6.7670091561707046        1.91170230E-07
   6.7687358745060378        1.91426906E-07
   6.7704625928413709        1.91683682E-07
   6.7721893111767040        1.91941680E-07
   6.7739160295120371        1.92201909E-07
   6.7756427478473702        1.92465151E-07
   6.7773694661827033        1.92731832E-07
   6.7790961845180364        1.93001924E-07
   6.7808229028533695        1.93274985E-07
   6.7825496211887026        1.93550221E-07
   6.7842763395240357        1.93826565E-07
   6.7860030578593689        1.94102853E-07
   6.7877297761947020        1.94377932E-07
   6.7894564945300351        1.94650866E-07
   6.7911832128653682        1.94921057E-07
   6.7929099312007013        1.95188321E-07
   6.7946366495360344        1.95452913E-07
   6.7963633678713675        1.95715501E-07
   6.7980900862067006        1.95977080E-07
   6.7998168045420337        1.96238830E-07
   6.8015435228773669        1.96501972E-07
   6.8032702412127000        1.96767587E-07
   6.8049969595480331        1.97036485E-07
   6.8067236778833662        1.97309063E-07
   6.8084503962186993        1.97585294E-07
   6.8101771145540324        1.97864708E-07
   6.8119038328893655        1.98146466E-07
   6.8136305512246986        1.98429461E-07
   6.8153572695600317        1.98712499E-07
   6.8170839878953648        1.98994456E-07
   6.8188107062306980        1.99274453E-07
   6.8205374245660311        1.99551934E-07
   6.8222641429013642        1.99826786E-07
   6.8239908612366973        2.00099322E-07
   6.8257175795720304        2.00370280E-07
   6.8274442979073635        2.00640670E-07
   6.8291710162426966        2.00911686E-07
   6.8308977345780297        2.01184491E-07
   6.8326244529133628        2.01460082E-07
   6.8343511712486960        2.01739155E-07
   6.8360778895840291        2.02021980E-07
   6.8378046079193622        2.02308357E-07
   6.8395313262546953        2.02597704E-07
   6.8412580445900284        2.02889041E-07
   6.8429847629253615        2.03181187E-07
   6.8447114812606946        2.03472894E-07
   6.8464381995960277        2.03763008E-07
   6.8481649179313608        2.04050636E-07
   6.8498916362666940        2.04335265E-07
   6.8516183546020271        2.04616825E-07
   6.8533450729373602        2.04895656E-07
   6.8550717912726933        2.05172526E-07
   6.8567985096080264        2.05448472E-07
   6.8585252279433595        2.05724632E-07
   6.8602519462786926        2.06002156E-07
   6.8619786646140257        2.06281968E-07
   6.8637053829493588        2.06564692E-07
   6.8654321012846919        2.06850530E-07
   6.8671588196200251        2.07139280E-07
   6.8688855379553582        2.07430318E-07
   6.8706122562906913        2.07722735E-07
   6.8723389746260244        2.08015450E-07
   6.8740656929613575        2.08307341E-07
   6.8757924112966906        2.08597456E-07
   6.8775191296320237        2.08885112E-07
   6.8792458479673568        2.09169997E-07
   6.8809725663026899        2.09452210E-07
   6.8826992846380231        2.09732278E-07
   6.8844260029733562        2.10011052E-07
   6.8861527213086893        2.10289599E-07
   6.8878794396440224        2.10569056E-07
   6.8896061579793555        2.10850459E-07
   6.8913328763146886        2.11134633E-07
   6.8930595946500217        2.11422062E-07
   6.8947863129853548        2.11712802E-07
   6.8965130313206879        2.12006526E-07
   6.8982397496560210        2.12302567E-07
   6.8999664679913542        2.12599986E-07
   6.9016931863266873        2.12897731E-07
   6.9034199046620204        2.13194809E-07
   6.9051466229973535        2.13490409E-07
   6.9068733413326866        2.13784006E-07
   6.9086000596680197        2.14075470E-07
   6.9103267780033528        2.14365045E-07
   6.9120534963386859        2.14653312E-07
   6.9137802146740190        2.14941139E-07
   6.9155069330093522        2.15229477E-07
   6.9172336513446853        2.15519293E-07
   6.9189603696800184        2.15811369E-07
   6.9206870880153515        2.16106201E-07
   6.9224138063506846        2.16403919E-07
   6.9241405246860177        2.16704279E-07
   6.9258672430213508        2.17006672E-07
   6.9275939613566839        2.17310202E-07
   6.9293206796920170        2.17613845E-07
   6.9310473980273501        2.17916565E-07
   6.9327741163626833        2.18217480E-07
   6.9345008346980164        2.18516007E-07
   6.9362275530333495        2.18811920E-07
   6.9379542713686826        2.19105416E-07
   6.9396809897040157        2.19397108E-07
   6.9414077080393488        2.19687919E-07
   6.9431344263746819        2.19978972E-07
   6.9448611447100150        2.20271460E-07
   6.9465878630453481        2.20566463E-07
   6.9483145813806813        2.20864820E-07
   6.9500412997160144        2.21166999E-07
   6.9517680180513475        2.21473044E-07
   6.9534947363866806        2.21782571E-07
   6.9552214547220137        2.22094840E-07
   6.9569481730573468        2.22408843E-07
   6.9586748913926799        2.22723472E-07
   6.9604016097280130        2.23037631E-07
   6.9621283280633461        2.23350440E-07
   6.9638550463986792        2.23661303E-07
   6.9655817647340124        2.23970034E-07
   6.9673084830693455        2.24276832E-07
   6.9690352014046786        2.24582266E-07
   6.9707619197400117        2.24887188E-07
   6.9724886380753448        2.25192579E-07
   6.9742153564106779        2.25499392E-07
   6.9759420747460110        2.25808421E-07
   6.9776687930813441        2.26120193E-07
   6.9793955114166772        2.26434821E-07
   6.9811222297520104        2.26752022E-07
   6.9828489480873435        2.27071155E-07
   6.9845756664226766        2.27391283E-07
   6.9863023847580097        2.27711311E-07
   6.9880291030933428        2.28030146E-07
   6.9897558214286759        2.28346849E-07
   6.9914825397640090        2.28660781E-07
   6.9932092580993421        2.28971714E-07
   6.9949359764346752        2.29279834E-07
   6.9966626947700084        2.29585766E-07
   6.9983894131053415        2.29890475E-07
   7.0001161314406746        2.30195127E-07
   7.0018428497760077        2.30500959E-07
   7.0035695681113408        2.30809079E-07
   7.0052962864466739        2.31120325E-07
   7.0070230047820070        2.31435180E-07
   7.0087497231173401        2.31753646E-07
   7.0104764414526732        2.32075294E-07
   7.0122031597880063        2.32399330E-07
   7.0139298781233395        2.32724659E-07
   7.0156565964586726        2.33050088E-07
   7.0173833147940057        2.33374465E-07
   7.0191100331293388        2.33696866E-07
   7.0208367514646719        2.34016724E-07
   7.0225634698000050        2.34333925E-07
   7.0242901881353381        2.34648795E-07
   7.0260169064706712        2.34962101E-07
   7.0277436248060043        2.35274911E-07
   7.0294703431413375        2.35588459E-07
   7.0311970614766706        2.35903983E-07
   7.0329237798120037        2.36222533E-07
   7.0346504981473368        2.36544821E-07
   7.0363772164826699        2.36871159E-07
   7.0381039348180030        2.37201348E-07
   7.0398306531533361        2.37534749E-07
   7.0415573714886692        2.37870367E-07
   7.0432840898240023        2.38206965E-07
   7.0450108081593354        2.38543237E-07
   7.0467375264946686        2.38878044E-07
   7.0484642448300017        2.39210465E-07
   7.0501909631653348        2.39540071E-07
   7.0519176815006679        2.39866836E-07
   7.0536443998360010        2.40191241E-07
   7.0553711181713341        2.40514140E-07
   7.0570978365066672        2.40836755E-07
   7.0588245548420003        2.41160336E-07
   7.0605512731773334        2.41486134E-07
   7.0622779915126666        2.41815115E-07
   7.0640047098479997        2.42147934E-07
   7.0657314281833328        2.42484731E-07
   7.0674581465186659        2.42825166E-07
   7.0691848648539990        2.43168444E-07
   7.0709115831893321        2.43513426E-07
   7.0726383015246652        2.43858779E-07
   7.0743650198599983        2.44203164E-07
   7.0760917381953314        2.44545419E-07
   7.0778184565306645        2.44884689E-07
   7.0795451748659977        2.45220548E-07
   7.0812718932013308        2.45553082E-07
   7.0829986115366639        2.45882831E-07
   7.0847253298719970        2.46210760E-07
   7.0864520482073301        2.46538093E-07
   7.0881787665426632        2.46866136E-07
   7.0899054848779963        2.47196112E-07
   7.0916322032133294        2.47528959E-07
   7.0933589215486625        2.47865273E-07
   7.0950856398839957        2.48205168E-07
   7.0968123582193288        2.48548304E-07
   7.0985390765546619        2.48893940E-07
   7.1002657948899950        2.49240998E-07
   7.1019925132253281        2.49588311E-07
   7.1037192315606612        2.49934686E-07
   7.1054459498959943        2.50279129E-07
   7.1071726682313274        2.50621014E-07
   7.1088993865666605        2.50960085E-07
   7.1106261049019936        2.51296598E-07
   7.1123528232373268        2.51631207E-07
   7.1140795415726599        2.51964849E-07
   7.1158062599079930        2.52298719E-07
   7.1175329782433261        2.52633981E-07
   7.1192596965786592        2.52971716E-07
   7.1209864149139923        2.53312663E-07
   7.1227131332493254        2.53657191E-07
   7.1244398515846585        2.54005215E-07
   7.1261665699199916        2.54356280E-07
   7.1278932882553248        2.54709505E-07
   7.1296200065906579        2.55063810E-07
   7.1313467249259910        2.55418058E-07
   7.1330734432613241        2.55771170E-07
   7.1348001615966572        2.56122320E-07
   7.1365268799319903        2.56471026E-07
   7.1382535982673234        2.56817231E-07
   7.1399803166026565        2.57161275E-07
   7.1417070349379896        2.57503899E-07
   7.1434337532733228        2.57846040E-07
   7.1451604716086559        2.58188749E-07
   7.1468871899439890        2.58533049E-07
   7.1486139082793221        2.58879766E-07
   7.1503406266146552        2.59229381E-07
   7.1520673449499883        2.59581981E-07
   7.1537940632853214        2.59937281E-07
   7.1555207816206545        2.60294570E-07
   7.1572474999559876        2.60652882E-07
   7.1589742182913207        2.61011110E-07
   7.1607009366266539        2.61368172E-07
   7.1624276549619870        2.61723102E-07
   7.1641543732973201        2.62075247E-07
   7.1658810916326532        2.62424351E-07
   7.1676078099679863        2.62770612E-07
   7.1693345283033194        2.63114600E-07
   7.1710612466386525        2.63457196E-07
   7.1727879649739856        2.63799535E-07
   7.1745146833093187        2.64142813E-07
   7.1762414016446519        2.64488079E-07
   7.1779681199799850        2.64836160E-07
   7.1796948383153181        2.65187595E-07
   7.1814215566506512        2.65542468E-07
   7.1831482749859843        2.65900468E-07
   7.1848749933213174        2.66260997E-07
   7.1866017116566505        2.66623175E-07
   7.1883284299919836        2.66986035E-07
   7.1900551483273167        2.67348639E-07
   7.1917818666626498        2.67710249E-07
   7.1935085849979830        2.68070409E-07
   7.1952353033333161        2.68428977E-07
   7.1969620216686492        2.68786238E-07
   7.1986887400039823        2.69142703E-07
   7.2004154583393154        2.69499196E-07
   7.2021421766746485        2.69856628E-07
   7.2038688950099816        2.70215878E-07
   7.2055956133453147        2.70577658E-07
   7.2073223316806478        2.70942394E-07
   7.2090490500159810        2.71310199E-07
   7.2107757683513141        2.71680761E-07
   7.2125024866866472        2.72053484E-07
   7.2142292050219803        2.72427485E-07
   7.2159559233573134        2.72801799E-07
   7.2176826416926465        2.73175459E-07
   7.2194093600279796        2.73547670E-07
   7.2211360783633127        2.73917863E-07
   7.2228627966986458        2.74285867E-07
   7.2245895150339789        2.74651853E-07
   7.2263162333693121        2.75016419E-07
   7.2280429517046452        2.75380387E-07
   7.2297696700399783        2.75744810E-07
   7.2314963883753114        2.76110768E-07
   7.2332231067106445        2.76479199E-07
   7.2349498250459776        2.76850812E-07
   7.2366765433813107        2.77225979E-07
   7.2384032617166438        2.77604670E-07
   7.2401299800519769        2.77986516E-07
   7.2418566983873101        2.78370777E-07
   7.2435834167226432        2.78756545E-07
   7.2453101350579763        2.79142739E-07
   7.2470368533933094        2.79528422E-07
   7.2487635717286425        2.79912797E-07
   7.2504902900639756        2.80295382E-07
   7.2522170083993087        2.80676062E-07
   7.2539437267346418        2.81055151E-07
   7.2556704450699749        2.81433273E-07
   7.2573971634053080        2.81811282E-07
   7.2591238817406412        2.82190172E-07
   7.2608506000759743        2.82570909E-07
   7.2625773184113074        2.82954261E-07
   7.2643040367466405        2.83340682E-07
   7.2660307550819736        2.83730287E-07
   7.2677574734173067        2.84122763E-07
   7.2694841917526398        2.84517455E-07
   7.2712109100879729        2.84913398E-07
   7.2729376284233060        2.85309426E-07
   7.2746643467586392        2.85704431E-07
   7.2763910650939723        2.86097389E-07
   7.2781177834293054        2.86487619E-07
   7.2798445017646385        2.86874723E-07
   7.2815712200999716        2.87258842E-07
   7.2832979384353047        2.87640432E-07
   7.2850246567706378        2.88020374E-07
   7.2867513751059709        2.88399747E-07
   7.2884780934413040        2.88779773E-07
   7.2902048117766372        2.89161534E-07
   7.2919315301119703        2.89545966E-07
   7.2936582484473034        2.89933610E-07
   7.2953849667826365        2.90324635E-07
   7.2971116851179696        2.90718731E-07
   7.2988384034533027        2.91115214E-07
   7.3005651217886358        2.91513089E-07
   7.3022918401239689        2.91911221E-07
   7.3040185584593020        2.92308471E-07
   7.3057452767946351        2.92703874E-07
   7.3074719951299683        2.93096747E-07
   7.3091987134653014        2.93486806E-07
   7.3109254318006345        2.93874223E-07
   7.3126521501359676        2.94259593E-07
   7.3143788684713007        2.94643797E-07
   7.3161055868066338        2.95028002E-07
   7.3178323051419669        2.95413429E-07
   7.3195590234773000        2.95801186E-07
   7.3212857418126331        2.96192155E-07
   7.3230124601479663        2.96586876E-07
   7.3247391784832994        2.96985434E-07
   7.3264658968186325        2.97387487E-07
   7.3281926151539656        2.97792354E-07
   7.3299193334892987        2.98199069E-07
   7.3316460518246318        2.98606523E-07
   7.3333727701599649        2.99013635E-07
   7.3350994884952980        2.99419497E-07
   7.3368262068306311        2.99823512E-07
   7.3385529251659642        3.00225480E-07
   7.3402796435012974        3.00625601E-07
   7.3420063618366305        3.01024500E-07
   7.3437330801719636        3.01423086E-07
   7.3454597985072967        3.01822467E-07
   7.3471865168426298        3.02223725E-07
   7.3489132351779629        3.02627853E-07
   7.3506399535132960        3.03035534E-07
   7.3523666718486291        3.03447109E-07
   7.3540933901839622        3.03862464E-07
   7.3558201085192954        3.04281087E-07
   7.3575468268546285        3.04702127E-07
   7.3592735451899616        3.05124473E-07
   7.3610002635252947        3.05546962E-07
   7.3627269818606278        3.05968484E-07
   7.3644537001959609        3.06388159E-07
   7.3661804185312940        3.06805475E-07
   7.3679071368666271        3.07220290E-07
   7.3696338552019602        3.07632888E-07
   7.3713605735372933        3.08043951E-07
   7.3730872918726265        3.08454474E-07
   7.3748140102079596        3.08865538E-07
   7.3765407285432927        3.09278278E-07
   7.3782674468786258        3.09693604E-07
   7.3799941652139589        3.10112142E-07
   7.3817208835492920        3.10534176E-07
   7.3834476018846251        3.10959507E-07
   7.3851743202199582        3.11387566E-07
   7.3869010385552913        3.11817473E-07
   7.3886277568906245        3.12248090E-07
   7.3903544752259576        3.12678253E-07
   7.3920811935612907        3.13106909E-07
   7.3938079118966238        3.13533263E-07
   7.3955346302319569        3.13956917E-07
   7.3972613485672900        3.14377843E-07
   7.3989880669026231        3.14796438E-07
   7.4007147852379562        3.15213498E-07
   7.4024415035732893        3.15630047E-07
   7.4041682219086224        3.16047249E-07
   7.4058949402439556        3.16466242E-07
   7.4076216585792887        3.16887991E-07
   7.4093483769146218        3.17313123E-07
   7.4110750952499549        3.17741922E-07
   7.4128018135852880        3.18174216E-07
   7.4145285319206211        3.18609494E-07
   7.4162552502559542        3.19046933E-07
   7.4179819685912873        3.19485565E-07
   7.4197086869266204        3.19924425E-07
   7.4214354052619536        3.20362602E-07
   7.4231621235972867        3.20799444E-07
   7.4248888419326198        3.21234694E-07
   7.4266155602679529        3.21668438E-07
   7.4283422786032860        3.22101101E-07
   7.4300689969386191        3.22533424E-07
   7.4317957152739522        3.22966315E-07
   7.4335224336092853        3.23400656E-07
   7.4352491519446184        3.23837327E-07
   7.4369758702799516        3.24276897E-07
   7.4387025886152847        3.24719593E-07
   7.4404293069506178        3.25165331E-07
   7.4421560252859509        3.25613627E-07
   7.4438827436212840        3.26063656E-07
   7.4456094619566171        3.26514481E-07
   7.4473361802919502        3.26965022E-07
   7.4490628986272833        3.27414313E-07
   7.4507896169626164        3.27861613E-07
   7.4525163352979495        3.28306470E-07
   7.4542430536332827        3.28748854E-07
   7.4559697719686158        3.29189106E-07
   7.4576964903039489        3.29627937E-07
   7.4594232086392820        3.30066257E-07
   7.4611499269746151        3.30505117E-07
   7.4628766453099482        3.30945539E-07
   7.4646033636452813        3.31388406E-07
   7.4663300819806144        3.31834286E-07
   7.4680568003159475        3.32283406E-07
   7.4697835186512807        3.32735567E-07
   7.4715102369866138        3.33190286E-07
   7.4732369553219469        3.33646767E-07
   7.4749636736572800        3.34104101E-07
   7.4766903919926131        3.34561321E-07
   7.4784171103279462        3.35017660E-07
   7.4801438286632793        3.35472549E-07
   7.4818705469986124        3.35925790E-07
   7.4835972653339455        3.36377582E-07
   7.4853239836692786        3.36828435E-07
   7.4870507020046118        3.37279147E-07
   7.4887774203399449        3.37730711E-07
   7.4905041386752780        3.38184094E-07
   7.4922308570106111        3.38640120E-07
   7.4939575753459442        3.39099387E-07
   7.4956842936812773        3.39562149E-07
   7.4974110120166104        3.40028208E-07
   7.4991377303519435        3.40497024E-07
   7.5008644486872766        3.40967716E-07
   7.5025911670226098        3.41439176E-07
   7.5043178853579429        3.41910265E-07
   7.5060446036932760        3.42379934E-07
   7.5077713220286091        3.42847358E-07
   7.5094980403639422        3.43312138E-07
   7.5112247586992753        3.43774218E-07
   7.5129514770346084        3.44233996E-07
   7.5146781953699415        3.44692296E-07
   7.5164049137052746        3.45150170E-07
   7.5181316320406077        3.45608839E-07
   7.5198583503759409        3.46069442E-07
   7.5215850687112740        3.46533000E-07
   7.5233117870466071        3.47000110E-07
   7.5250385053819402        3.47471058E-07
   7.5267652237172733        3.47945587E-07
   7.5284919420526064        3.48423100E-07
   7.5302186603879395        3.48902631E-07
   7.5319453787232726        3.49383072E-07
   7.5336720970586057        3.49863228E-07
   7.5353988153939389        3.50342106E-07
   7.5371255337292720        3.50818965E-07
   7.5388522520646051        3.51293437E-07
   7.5405789703999382        3.51765635E-07
   7.5423056887352713        3.52236071E-07
   7.5440324070706044        3.52705626E-07
   7.5457591254059375        3.53175409E-07
   7.5474858437412706        3.53646584E-07
   7.5492125620766037        3.54120260E-07
   7.5509392804119368        3.54597233E-07
   7.5526659987472700        3.55077987E-07
   7.5543927170826031        3.55562491E-07
   7.5561194354179362        3.56050350E-07
   7.5578461537532693        3.56540710E-07
   7.5595728720886024        3.57032491E-07
   7.5612995904239355        3.57524470E-07
   7.5630263087592686        3.58015456E-07
   7.5647530270946017        3.58504479E-07
   7.5664797454299348        3.58990945E-07
   7.5682064637652680        3.59474683E-07
   7.5699331821006011        3.59955976E-07
   7.5716599004359342        3.60435536E-07
   7.5733866187712673        3.60914413E-07
   7.5751133371066004        3.61393830E-07
   7.5768400554419335        3.61875010E-07
   7.5785667737772666        3.62359032E-07
   7.5802934921125997        3.62846635E-07
   7.5820202104479328        3.63338131E-07
   7.5837469287832660        3.63833351E-07
   7.5854736471185991        3.64331669E-07
   7.5872003654539322        3.64832090E-07
   7.5889270837892653        3.65333420E-07
   7.5906538021245984        3.65834325E-07
   7.5923805204599315        3.66333637E-07
   7.5941072387952646        3.66830449E-07
   7.5958339571305977        3.67324304E-07
   7.5975606754659308        3.67815176E-07
   7.5992873938012639        3.68303546E-07
   7.6010141121365971        3.68790325E-07
   7.6027408304719302        3.69276734E-07
   7.6044675488072633        3.69764109E-07
   7.6061942671425964        3.70253787E-07
   7.6079209854779295        3.70746875E-07
   7.6096477038132626        3.71244084E-07
   7.6113744221485957        3.71745728E-07
   7.6131011404839288        3.72251577E-07
   7.6148278588192619        3.72760923E-07
   7.6165545771545951        3.73272769E-07
   7.6182812954899282        3.73785866E-07
   7.6200080138252613        3.74298878E-07
   7.6217347321605944        3.74810696E-07
   7.6234614504959275        3.75320496E-07
   7.6251881688312606        3.75827824E-07
   7.6269148871665937        3.76332736E-07
   7.6286416055019268        3.76835743E-07
   7.6303683238372599        3.77337727E-07
   7.6320950421725930        3.77839882E-07
   7.6338217605079262        3.78343486E-07
   7.6355484788432593        3.78849705E-07
   7.6372751971785924        3.79359506E-07
   7.6390019155139255        3.79873484E-07
   7.6407286338492586        3.80391754E-07
   7.6424553521845917        3.80914003E-07
   7.6441820705199248        3.81439520E-07
   7.6459087888552579        3.81967226E-07
   7.6476355071905910        3.82495955E-07
   7.6493622255259242        3.83024513E-07
   7.6510889438612573        3.83551907E-07
   7.6528156621965904        3.84077481E-07
   7.6545423805319235        3.84600924E-07
   7.6562690988672566        3.85122405E-07
   7.6579958172025897        3.85642494E-07
   7.6597225355379228        3.86162043E-07
   7.6614492538732559        3.86682160E-07
   7.6631759722085890        3.87203897E-07
   7.6649026905439221        3.87728221E-07
   7.6666294088792553        3.88255785E-07
   7.6683561272145884        3.88786844E-07
   7.6700828455499215        3.89321286E-07
   7.6718095638852546        3.89858542E-07
   7.6735362822205877        3.90397702E-07
   7.6752630005559208        3.90937657E-07
   7.6769897188912539        3.91477244E-07
   7.6787164372265870        3.92015380E-07
   7.6804431555619201        3.92551271E-07
   7.6821698738972533        3.93084406E-07
   7.6838965922325864        3.93614755E-07
   7.6856233105679195        3.94142688E-07
   7.6873500289032526        3.94668916E-07
   7.6890767472385857        3.95194462E-07
   7.6908034655739188        3.95720434E-07
   7.6925301839092519        3.96247913E-07
   7.6942569022445850        3.96777807E-07
   7.6959836205799181        3.97310714E-07
   7.6977103389152512        3.97846833E-07
   7.6994370572505844        3.98385993E-07
   7.7011637755859175        3.98927682E-07
   7.7028904939212506        3.99471134E-07
   7.7046172122565837        4.00015352E-07
   7.7063439305919168        4.00559458E-07
   7.7080706489272499        4.01102682E-07
   7.7097973672625830        4.01644513E-07
   7.7115240855979161        4.02184838E-07
   7.7132508039332492        4.02723913E-07
   7.7149775222685824        4.03262305E-07
   7.7167042406039155        4.03800868E-07
   7.7184309589392486        4.04340597E-07
   7.7201576772745817        4.04882485E-07
   7.7218843956099148        4.05427357E-07
   7.7236111139452479        4.05975783E-07
   7.7253378322805810        4.06527988E-07
   7.7270645506159141        4.07083775E-07
   7.7287912689512472        4.07642517E-07
   7.7305179872865804        4.08203334E-07
   7.7322447056219135        4.08765118E-07
   7.7339714239572466        4.09326759E-07
   7.7356981422925797        4.09887178E-07
   7.7374248606279128        4.10445608E-07
   7.7391515789632459        4.11001622E-07
   7.7408782972985790        4.11555163E-07
   7.7426050156339121        4.12106630E-07
   7.7443317339692452        4.12656760E-07
   7.7460584523045783        4.13206521E-07
   7.7477851706399115        4.13757022E-07
   7.7495118889752446        4.14309341E-07
   7.7512386073105777        4.14864331E-07
   7.7529653256459108        4.15422562E-07
   7.7546920439812439        4.15984232E-07
   7.7564187623165770        4.16549142E-07
   7.7581454806519101        4.17116695E-07
   7.7598721989872432        4.17686095E-07
   7.7615989173225763        4.18256377E-07
   7.7633256356579095        4.18826573E-07
   7.7650523539932426        4.19395860E-07
   7.7667790723285757        4.19963698E-07
   7.7685057906639088        4.20529915E-07
   7.7702325089992419        4.21094711E-07
   7.7719592273345750        4.21658655E-07
   7.7736859456699081        4.22222598E-07
   7.7754126640052412        4.22787565E-07
   7.7771393823405743        4.23354550E-07
   7.7788661006759074        4.23924462E-07
   7.7805928190112406        4.24497955E-07
   7.7823195373465737        4.25075285E-07
   7.7840462556819068        4.25656310E-07
   7.7857729740172399        4.26240518E-07
   7.7874996923525730        4.26827086E-07
   7.7892264106879061        4.27414960E-07
   7.7909531290232392        4.28003034E-07
   7.7926798473585723        4.28590312E-07
   7.7944065656939054        4.29175969E-07
   7.7961332840292386        4.29759581E-07
   7.7978600023645717        4.30341146E-07
   7.7995867206999048        4.30921062E-07
   7.8013134390352379        4.31500069E-07
   7.8030401573705710        4.32079219E-07
   7.8047668757059041        4.32659618E-07
   7.8064935940412372        4.33242349E-07
   7.8082203123765703        4.33828319E-07
   7.8099470307119034        4.34418098E-07
   7.8116737490472365        4.35011827E-07
   7.8134004673825697        4.35609252E-07
   7.8151271857179028        4.36209660E-07
   7.8168539040532359        4.36812087E-07
   7.8185806223885690        4.37415366E-07
   7.8203073407239021        4.38018304E-07
   7.8220340590592352        4.38619821E-07
   7.8237607773945683        4.39219207E-07
   7.8254874957299014        4.39816034E-07
   7.8272142140652345        4.40410389E-07
   7.8289409324005677        4.41002783E-07
   7.8306676507359008        4.41594096E-07
   7.8323943690712339        4.42185438E-07
   7.8341210874065670        4.42778003E-07
   7.8358478057419001        4.43372954E-07
   7.8375745240772332        4.43971203E-07
   7.8393012424125663        4.44573317E-07
   7.8410279607478994        4.45179381E-07
   7.8427546790832325        4.45789112E-07
   7.8444813974185656        4.46401771E-07
   7.8462081157538988        4.47016305E-07
   7.8479348340892319        4.47631493E-07
   7.8496615524245650        4.48246141E-07
   7.8513882707598981        4.48859225E-07
   7.8531149890952312        4.49470008E-07
   7.8548417074305643        4.50078147E-07
   7.8565684257658974        4.50683729E-07
   7.8582951441012305        4.51287264E-07
   7.8600218624365636        4.51889633E-07
   7.8617485807718968        4.52491918E-07
   7.8634752991072299        4.53095282E-07
   7.8652020174425630        4.53700807E-07
   7.8669287357778961        4.54309344E-07
   7.8686554541132292        4.54921377E-07
   7.8703821724485623        4.55536934E-07
   7.8721088907838954        4.56155675E-07
   7.8738356091192285        4.56776860E-07
   7.8755623274545616        4.57399466E-07
   7.8772890457898948        4.58022384E-07
   7.8790157641252279        4.58644507E-07
   7.8807424824605610        4.59264896E-07
   7.8824692007958941        4.59882955E-07
   7.8841959191312272        4.60498484E-07
   7.8859226374665603        4.61111682E-07
   7.8876493558018934        4.61723204E-07
   7.8893760741372265        4.62333986E-07
   7.8911027924725596        4.62945110E-07
   7.8928295108078927        4.63557768E-07
   7.8945562291432259        4.64172984E-07
   7.8962829474785590        4.64791526E-07
   7.8980096658138921        4.65413791E-07
   7.8997363841492252        4.66039779E-07
   7.9014631024845583        4.66669093E-07
   7.9031898208198914        4.67300964E-07
   7.9049165391552245        4.67934370E-07
   7.9066432574905576        4.68568231E-07
   7.9083699758258907        4.69201552E-07
   7.9100966941612239        4.69833509E-07
   7.9118234124965570        4.70463561E-07
   7.9135501308318901        4.71091596E-07
   7.9152768491672232        4.71717925E-07
   7.9170035675025563        4.72343203E-07
   7.9187302858378894        4.72968338E-07
   7.9204570041732225        4.73594412E-07
   7.9221837225085556        4.74222475E-07
   7.9239104408438887        4.74853408E-07
   7.9256371591792218        4.75487838E-07
   7.9273638775145550        4.76126075E-07
   7.9290905958498881        4.76767980E-07
   7.9308173141852212        4.77413096E-07
   7.9325440325205543        4.78060656E-07
   7.9342707508558874        4.78709751E-07
   7.9359974691912205        4.79359358E-07
   7.9377241875265536        4.80008680E-07
   7.9394509058618867        4.80657036E-07
   7.9411776241972198        4.81304085E-07
   7.9429043425325530        4.81949940E-07
   7.9446310608678861        4.82594999E-07
   7.9463577792032192        4.83240001E-07
   7.9480844975385523        4.83885856E-07
   7.9498112158738854        4.84533530E-07
   7.9515379342092185        4.85183875E-07
   7.9532646525445516        4.85837631E-07
   7.9549913708798847        4.86495139E-07
   7.9567180892152178        4.87156399E-07
   7.9584448075505509        4.87820955E-07
   7.9601715258858841        4.88488070E-07
   7.9618982442212172        4.89156776E-07
   7.9636249625565503        4.89825936E-07
   7.9653516808918834        4.90494415E-07
   7.9670783992272165        4.91161302E-07
   7.9688051175625496        4.91825915E-07
   7.9705318358978827        4.92488027E-07
   7.9722585542332158        4.93147752E-07
   7.9739852725685489        4.93805544E-07
   7.9757119909038821        4.94462199E-07
   7.9774387092392152        4.95118684E-07
   7.9791654275745483        4.95776021E-07
   7.9808921459098814        4.96435121E-07
   7.9826188642452145        4.97096721E-07
   7.9843455825805476        4.97761221E-07
   7.9860723009158807        4.98428619E-07
   7.9877990192512138        4.99098633E-07
   7.9895257375865469        4.99770692E-07
   7.9912524559218800        5.00443946E-07
   7.9929791742572132        5.01117654E-07
   7.9947058925925463        5.01791021E-07
   7.9964326109278794        5.02463479E-07
   7.9981593292632125        5.03134800E-07
   7.9998860475985456        5.03805040E-07
   8.0016127659338796        5.04474656E-07
   8.0033394842692136        5.05144328E-07
   8.0050662026045476        5.05814967E-07
   8.0067929209398816        5.06487538E-07
   8.0085196392752156        5.07162952E-07
   8.0102463576105496        5.07841946E-07
   8.0119730759458836        5.08524863E-07
   8.0136997942812176        5.09211759E-07
   8.0154265126165516        5.09902236E-07
   8.0171532309518856        5.10595612E-07
   8.0188799492872196        5.11290921E-07
   8.0206066676225536        5.11987139E-07
   8.0223333859578876        5.12683187E-07
   8.0240601042932216        5.13378268E-07
   8.0257868226285556        5.14071814E-07
   8.0275135409638896        5.14763656E-07
   8.0292402592992236        5.15454019E-07
   8.0309669776345576        5.16143530E-07
   8.0326936959698916        5.16833040E-07
   8.0344204143052256        5.17523517E-07
   8.0361471326405596        5.18216098E-07
   8.0378738509758936        5.18911691E-07
   8.0396005693112276        5.19610865E-07
   8.0413272876465616        5.20313904E-07
   8.0430540059818956        5.21020695E-07
   8.0447807243172296        5.21730726E-07
   8.0465074426525636        5.22443145E-07
   8.0482341609878976        5.23156814E-07
   8.0499608793232316        5.23870597E-07
   8.0516875976585656        5.24583470E-07
   8.0534143159938996        5.25294638E-07
   8.0551410343292336        5.26003703E-07
   8.0568677526645676        5.26710664E-07
   8.0585944709999016        5.27415921E-07
   8.0603211893352356        5.28120268E-07
   8.0620479076705696        5.28824785E-07
   8.0637746260059036        5.29530666E-07
   8.0655013443412376        5.30239049E-07
   8.0672280626765716        5.30950899E-07
   8.0689547810119056        5.31666785E-07
   8.0706814993472396        5.32386878E-07
   8.0724082176825736        5.33110892E-07
   8.0741349360179075        5.33838147E-07
   8.0758616543532415        5.34567619E-07
   8.0775883726885755        5.35298113E-07
   8.0793150910239095        5.36028381E-07
   8.0810418093592435        5.36757398E-07
   8.0827685276945775        5.37484368E-07
   8.0844952460299115        5.38208951E-07
   8.0862219643652455        5.38931261E-07
   8.0879486827005795        5.39651808E-07
   8.0896754010359135        5.40371502E-07
   8.0914021193712475        5.41091538E-07
   8.0931288377065815        5.41813165E-07
   8.0948555560419155        5.42537464E-07
   8.0965822743772495        5.43265401E-07
   8.0983089927125835        5.43997430E-07
   8.1000357110479175        5.44733609E-07
   8.1017624293832515        5.45473540E-07
   8.1034891477185855        5.46216370E-07
   8.1052158660539195        5.46961019E-07
   8.1069425843892535        5.47706236E-07
   8.1086693027245875        5.48450714E-07
   8.1103960210599215        5.49193487E-07
   8.1121227393952555        5.49933873E-07
   8.1138494577305895        5.50671643E-07
   8.1155761760659235        5.51407027E-07
   8.1173028944012575        5.52140762E-07
   8.1190296127365915        5.52873814E-07
   8.1207563310719255        5.53607492E-07
   8.1224830494072595        5.54343103E-07
   8.1242097677425935        5.55081783E-07
   8.1259364860779275        5.55824386E-07
   8.1276632044132615        5.56571308E-07
   8.1293899227485955        5.57322494E-07
   8.1311166410839295        5.58077431E-07
   8.1328433594192635        5.58835268E-07
   8.1345700777545975        5.59594866E-07
   8.1362967960899315        5.60354920E-07
   8.1380235144252655        5.61114234E-07
   8.1397502327605995        5.61871900E-07
   8.1414769510959335        5.62627349E-07
   8.1432036694312675        5.63380468E-07
   8.1449303877666015        5.64131653E-07
   8.1466571061019355        5.64881589E-07
   8.1483838244372695        5.65631410E-07
   8.1501105427726035        5.66382312E-07
   8.1518372611079375        5.67135487E-07
   8.1535639794432715        5.67891959E-07
   8.1552906977786055        5.68652354E-07
   8.1570174161139395        5.69416954E-07
   8.1587441344492735        5.70185534E-07
   8.1604708527846075        5.70957411E-07
   8.1621975711199415        5.71731618E-07
   8.1639242894552755        5.72507020E-07
   8.1656510077906095        5.73282364E-07
   8.1673777261259435        5.74056571E-07
   8.1691044444612775        5.74828846E-07
   8.1708311627966115        5.75598847E-07
   8.1725578811319455        5.76366688E-07
   8.1742845994672795        5.77132994E-07
   8.1760113178026135        5.77898618E-07
   8.1777380361379475        5.78664753E-07
   8.1794647544732815        5.79432651E-07
   8.1811914728086155        5.80203448E-07
   8.1829181911439495        5.80978167E-07
   8.1846449094792835        5.81757320E-07
   8.1863716278146175        5.82540963E-07
   8.1880983461499515        5.83328813E-07
   8.1898250644852855        5.84120016E-07
   8.1915517828206195        5.84913550E-07
   8.1932785011559535        5.85708165E-07
   8.1950052194912875        5.86502608E-07
   8.1967319378266215        5.87295858E-07
   8.1984586561619555        5.88087232E-07
   8.2001853744972895        5.88876333E-07
   8.2019120928326235        5.89663330E-07
   8.2036388111679575        5.90448792E-07
   8.2053655295032915        5.91233572E-07
   8.2070922478386255        5.92018750E-07
   8.2088189661739595        5.92805463E-07
   8.2105456845092935        5.93594734E-07
   8.2122724028446275        5.94387302E-07
   8.2139991211799614        5.95183565E-07
   8.2157258395152954        5.95983579E-07
   8.2174525578506294        5.96786947E-07
   8.2191792761859634        5.97592930E-07
   8.2209059945212974        5.98400675E-07
   8.2226327128566314        5.99209216E-07
   8.2243594311919654        6.00017643E-07
   8.2260861495272994        6.00825331E-07
   8.2278128678626334        6.01631939E-07
   8.2295395861979674        6.02437581E-07
   8.2312663045333014        6.03242654E-07
   8.2329930228686354        6.04047898E-07
   8.2347197412039694        6.04854279E-07
   8.2364464595393034        6.05662876E-07
   8.2381731778746374        6.06474600E-07
   8.2398998962099714        6.07290133E-07
   8.2416266145453054        6.08109872E-07
   8.2433533328806394        6.08933760E-07
   8.2450800512159734        6.09761400E-07
   8.2468067695513074        6.10591997E-07
   8.2485334878866414        6.11424525E-07
   8.2502602062219754        6.12257850E-07
   8.2519869245573094        6.13090776E-07
   8.2537136428926434        6.13922396E-07
   8.2554403612279774        6.14752082E-07
   8.2571670795633114        6.15579609E-07
   8.2588937978986454        6.16405089E-07
   8.2606205162339794        6.17229148E-07
   8.2623472345693134        6.18052638E-07
   8.2640739529046474        6.18876527E-07
   8.2658006712399814        6.19701893E-07
   8.2675273895753154        6.20529590E-07
   8.2692541079106494        6.21360243E-07
   8.2709808262459834        6.22194136E-07
   8.2727075445813174        6.23031099E-07
   8.2744342629166514        6.23870562E-07
   8.2761609812519854        6.24711788E-07
   8.2778876995873194        6.25553753E-07
   8.2796144179226534        6.26395433E-07
   8.2813411362579874        6.27235920E-07
   8.2830678545933214        6.28074588E-07
   8.2847945729286554        6.28911152E-07
   8.2865212912639894        6.29745784E-07
   8.2882480095993234        6.30579052E-07
   8.2899747279346574        6.31411808E-07
   8.2917014462699914        6.32245133E-07
   8.2934281646053254        6.33080276E-07
   8.2951548829406594        6.33918319E-07
   8.2968816012759934        6.34760056E-07
   8.2986083196113274        6.35606057E-07
   8.3003350379466614        6.36456377E-07
   8.3020617562819954        6.37310734E-07
   8.3037884746173294        6.38168387E-07
   8.3055151929526634        6.39028315E-07
   8.3072419112879974        6.39889379E-07
   8.3089686296233314        6.40750500E-07
   8.3106953479586654        6.41610768E-07
   8.3124220662939994        6.42469558E-07
   8.3141487846293334        6.43326700E-07
   8.3158755029646674        6.44182421E-07
   8.3176022213000014        6.45037346E-07
   8.3193289396353354        6.45892442E-07
   8.3210556579706694        6.46748845E-07
   8.3227823763060034        6.47607635E-07
   8.3245090946413374        6.48469893E-07
   8.3262358129766714        6.49336300E-07
   8.3279625313120054        6.50207198E-07
   8.3296892496473394        6.51082473E-07
   8.3314159679826734        6.51961557E-07
   8.3331426863180074        6.52843596E-07
   8.3348694046533414        6.53727454E-07
   8.3365961229886754        6.54611938E-07
   8.3383228413240094        6.55495967E-07
   8.3400495596593434        6.56378631E-07
   8.3417762779946774        6.57259477E-07
   8.3435029963300114        6.58138390E-07
   8.3452297146653454        6.59015768E-07
   8.3469564330006794        6.59892407E-07
   8.3486831513360134        6.60769331E-07
   8.3504098696713474        6.61647732E-07
   8.3521365880066814        6.62528748E-07
   8.3538633063420153        6.63413346E-07
   8.3555900246773493        6.64302149E-07
   8.3573167430126833        6.65195387E-07
   8.3590434613480173        6.66092888E-07
   8.3607701796833513        6.66993969E-07
   8.3624968980186853        6.67897723E-07
   8.3642236163540193        6.68802954E-07
   8.3659503346893533        6.69708584E-07
   8.3676770530246873        6.70613531E-07
   8.3694037713600213        6.71517057E-07
   8.3711304896953553        6.72418707E-07
   8.3728572080306893        6.73318652E-07
   8.3745839263660233        6.74217347E-07
   8.3763106447013573        6.75115700E-07
   8.3780373630366913        6.76014849E-07
   8.3797640813720253        6.76915931E-07
   8.3814907997073593        6.77820026E-07
   8.3832175180426933        6.78728043E-07
   8.3849442363780273        6.79640436E-07
   8.3866709547133613        6.80557321E-07
   8.3883976730486953        6.81478355E-07
   8.3901243913840293        6.82402685E-07
   8.3918511097193633        6.83329290E-07
   8.3935778280546973        6.84256975E-07
   8.3953045463900313        6.85184489E-07
   8.3970312647253653        6.86110752E-07
   8.3987579830606993        6.87035140E-07
   8.4004847013960333        6.87957254E-07
   8.4022114197313673        6.88877265E-07
   8.4039381380667013        6.89795797E-07
   8.4056648564020353        6.90713819E-07
   8.4073915747373693        6.91632465E-07
   8.4091182930727033        6.92552987E-07
   8.4108450114080373        6.93476522E-07
   8.4125717297433713        6.94403980E-07
   8.4142984480787053        6.95335928E-07
   8.4160251664140393        6.96272423E-07
   8.4177518847493733        6.97213068E-07
   8.4194786030847073        6.98157180E-07
   8.4212053214200413        6.99103737E-07
   8.4229320397553753        7.00051544E-07
   8.4246587580907093        7.00999408E-07
   8.4263854764260433        7.01946419E-07
   8.4281121947613773        7.02891839E-07
   8.4298389130967113        7.03835440E-07
   8.4315656314320453        7.04777278E-07
   8.4332923497673793        7.05717866E-07
   8.4350190681027133        7.06658057E-07
   8.4367457864380473        7.07598815E-07
   8.4384725047733813        7.08541165E-07
   8.4401992231087153        7.09486017E-07
   8.4419259414440493        7.10434108E-07
   8.4436526597793833        7.11385724E-07
   8.4453793781147173        7.12340920E-07
   8.4471060964500513        7.13299301E-07
   8.4488328147853853        7.14260125E-07
   8.4505595331207193        7.15222541E-07
   8.4522862514560533        7.16185582E-07
   8.4540129697913873        7.17148396E-07
   8.4557396881267213        7.18110300E-07
   8.4574664064620553        7.19070954E-07
   8.4591931247973893        7.20030300E-07
   8.4609198431327233        7.20988737E-07
   8.4626465614680573        7.21947004E-07
   8.4643732798033913        7.22906066E-07
   8.4660999981387253        7.23866890E-07
   8.4678267164740593        7.24830500E-07
   8.4695534348093933        7.25797747E-07
   8.4712801531447273        7.26769088E-07
   8.4730068714800613        7.27744691E-07
   8.4747335898153953        7.28724331E-07
   8.4764603081507293        7.29707381E-07
   8.4781870264860633        7.30692989E-07
   8.4799137448213973        7.31680132E-07
   8.4816404631567313        7.32667729E-07
   8.4833671814920653        7.33654929E-07
   8.4850938998273993        7.34640992E-07
   8.4868206181627333        7.35625633E-07
   8.4885473364980673        7.36608854E-07
   8.4902740548334013        7.37591108E-07
   8.4920007731687353        7.38573021E-07
   8.4937274915040692        7.39555560E-07
   8.4954542098394032        7.40539633E-07
   8.4971809281747372        7.41526094E-07
   8.4989076465100712        7.42515567E-07
   8.5006343648454052        7.43508508E-07
   8.5023610831807392        7.44504916E-07
   8.5040878015160732        7.45504508E-07
   8.5058145198514072        7.46506601E-07
   8.5075412381867412        7.47510398E-07
   8.5092679565220752        7.48515049E-07
   8.5109946748574092        7.49519643E-07
   8.5127213931927432        7.50523554E-07
   8.5144481115280772        7.51526386E-07
   8.5161748298634112        7.52528194E-07
   8.5179015481987452        7.53529321E-07
   8.5196282665340792        7.54530447E-07
   8.5213549848694132        7.55532540E-07
   8.5230817032047472        7.56536565E-07
   8.5248084215400812        7.57543489E-07
   8.5265351398754152        7.58554165E-07
   8.5282618582107492        7.59569105E-07
   8.5299885765460832        7.60588478E-07
   8.5317152948814172        7.61612114E-07
   8.5334420132167512        7.62639388E-07
   8.5351687315520852        7.63669448E-07
   8.5368954498874192        7.64701213E-07
   8.5386221682227532        7.65733660E-07
   8.5403488865580872        7.66765822E-07
   8.5420756048934212        7.67797019E-07
   8.5438023232287552        7.68826794E-07
   8.5455290415640892        7.69855205E-07
   8.5472557598994232        7.70882650E-07
   8.5489824782347572        7.71909811E-07
   8.5507091965700912        7.72937540E-07
   8.5524359149054252        7.73966804E-07
   8.5541626332407592        7.74998568E-07
   8.5558893515760932        7.76033517E-07
   8.5576160699114272        7.77071989E-07
   8.5593427882467612        7.78114043E-07
   8.5610695065820952        7.79159279E-07
   8.5627962249174292        7.80206960E-07
   8.5645229432527632        7.81256176E-07
   8.5662496615880972        7.82305904E-07
   8.5679763799234312        7.83355233E-07
   8.5697030982587652        7.84403312E-07
   8.5714298165940992        7.85449629E-07
   8.5731565349294332        7.86494070E-07
   8.5748832532647672        7.87537033E-07
   8.5766099716001012        7.88579143E-07
   8.5783366899354352        7.89621311E-07
   8.5800634082707692        7.90664728E-07
   8.5817901266061032        7.91710534E-07
   8.5835168449414372        7.92759693E-07
   8.5852435632767712        7.93812887E-07
   8.5869702816121052        7.94870459E-07
   8.5886969999474392        7.95932237E-07
   8.5904237182827732        7.96997824E-07
   8.5921504366181072        7.98066310E-07
   8.5938771549534412        7.99136672E-07
   8.5956038732887752        8.00207886E-07
   8.5973305916241092        8.01278873E-07
   8.5990573099594432        8.02348950E-07
   8.6007840282947772        8.03417777E-07
   8.6025107466301112        8.04485353E-07
   8.6042374649654452        8.05552190E-07
   8.6059641833007792        8.06619198E-07
   8.6076909016361132        8.07687456E-07
   8.6094176199714472        8.08758159E-07
   8.6111443383067812        8.09832500E-07
   8.6128710566421152        8.10911388E-07
   8.6145977749774492        8.11995392E-07
   8.6163244933127832        8.13084625E-07
   8.6180512116481172        8.14178748E-07
   8.6197779299834512        8.15276962E-07
   8.6215046483187852        8.16378247E-07
   8.6232313666541192        8.17481293E-07
   8.6249580849894532        8.18584738E-07
   8.6266848033247872        8.19687386E-07
   8.6284115216601212        8.20788443E-07
   8.6301382399954552        8.21887454E-07
   8.6318649583307892        8.22984475E-07
   8.6335916766661231        8.24080018E-07
   8.6353183950014571        8.25174936E-07
   8.6370451133367911        8.26270423E-07
   8.6387718316721251        8.27367842E-07
   8.6404985500074591        8.28468330E-07
   8.6422252683427931        8.29572855E-07
   8.6439519866781271        8.30682040E-07
   8.6456787050134611        8.31796001E-07
   8.6474054233487951        8.32914395E-07
   8.6491321416841291        8.34036484E-07
   8.6508588600194631        8.35161245E-07
   8.6525855783547971        8.36287370E-07
   8.6543122966901311        8.37413666E-07
   8.6560390150254651        8.38539052E-07
   8.6577657333607991        8.39662789E-07
   8.6594924516961331        8.40784537E-07
   8.6612191700314671        8.41904409E-07
   8.6629458883668011        8.43022917E-07
   8.6646726067021351        8.44141027E-07
   8.6663993250374691        8.45259876E-07
   8.6681260433728031        8.46380601E-07
   8.6698527617081371        8.47504282E-07
   8.6715794800434711        8.48631771E-07
   8.6733061983788051        8.49763467E-07
   8.6750329167141391        8.50899426E-07
   8.6767596350494731        8.52039136E-07
   8.6784863533848071        8.53181746E-07
   8.6802130717201411        8.54326174E-07
   8.6819397900554751        8.55471285E-07
   8.6836665083908091        8.56615941E-07
   8.6853932267261431        8.57759233E-07
   8.6871199450614771        8.58900705E-07
   8.6888466633968111        8.60040245E-07
   8.6905733817321451        8.61178194E-07
   8.6923001000674791        8.62315403E-07
   8.6940268184028131        8.63453010E-07
   8.6957535367381471        8.64592209E-07
   8.6974802550734811        8.65734307E-07
   8.6992069734088151        8.66880328E-07
   8.7009336917441491        8.68030952E-07
   8.7026604100794831        8.69186579E-07
   8.7043871284148171        8.70347037E-07
   8.7061138467501511        8.71511759E-07
   8.7078405650854851        8.72679834E-07
   8.7095672834208191        8.73850126E-07
   8.7112940017561531        8.75021442E-07
   8.7130207200914871        8.76192701E-07
   8.7147474384268211        8.77363050E-07
   8.7164741567621551        8.78532035E-07
   8.7182008750974891        8.79699655E-07
   8.7199275934328231        8.80866310E-07
   8.7216543117681571        8.82032737E-07
   8.7233810301034911        8.83199903E-07
   8.7251077484388251        8.84368944E-07
   8.7268344667741591        8.85540885E-07
   8.7285611851094931        8.86716521E-07
   8.7302879034448271        8.87896363E-07
   8.7320146217801611        8.89080468E-07
   8.7337413401154951        8.90268552E-07
   8.7354680584508291        8.91459877E-07
   8.7371947767861631        8.92653532E-07
   8.7389214951214971        8.93848437E-07
   8.7406482134568311        8.95043570E-07
   8.7423749317921651        8.96238078E-07
   8.7441016501274991        8.97431505E-07
   8.7458283684628331        8.98623739E-07
   8.7475550867981671        8.99815063E-07
   8.7492818051335011        9.01006160E-07
   8.7510085234688351        9.02198053E-07
   8.7527352418041691        9.03391879E-07
   8.7544619601395031        9.04588717E-07
   8.7561886784748371        9.05789591E-07
   8.7579153968101711        9.06995240E-07
   8.7596421151455051        9.08205948E-07
   8.7613688334808391        9.09421601E-07
   8.7630955518161731        9.10641688E-07
   8.7648222701515071        9.11865300E-07
   8.7665489884868411        9.13091412E-07
   8.7682757068221751        9.14318832E-07
   8.7700024251575091        9.15546480E-07
   8.7717291434928431        9.16773615E-07
   8.7734558618281770        9.17999785E-07
   8.7751825801635110        9.19224874E-07
   8.7769092984988450        9.20449224E-07
   8.7786360168341790        9.21673575E-07
   8.7803627351695130        9.22898778E-07
   8.7820894535048470        9.24125914E-07
   8.7838161718401810        9.25355891E-07
   8.7855428901755150        9.26589451E-07
   8.7872696085108490        9.27826989E-07
   8.7889963268461830        9.29068563E-07
   8.7907230451815170        9.30313774E-07
   8.7924497635168510        9.31561999E-07
   8.7941764818521850        9.32812270E-07
   8.7959032001875190        9.34063507E-07
   8.7976299185228530        9.35314802E-07
   8.7993566368581870        9.36565357E-07
   8.8010833551935210        9.37814775E-07
   8.8028100735288550        9.39062943E-07
   8.8045367918641890        9.40310315E-07
   8.8062635101995230        9.41557516E-07
   8.8079902285348570        9.42805627E-07
   8.8097169468701910        9.44055728E-07
   8.8114436652055250        9.45308898E-07
   8.8131703835408590        9.46566161E-07
   8.8148971018761930        9.47828084E-07
   8.8166238202115270        9.49094840E-07
   8.8183505385468610        9.50366200E-07
   8.8200772568821950        9.51641596E-07
   8.8218039752175290        9.52920061E-07
   8.8235306935528630        9.54200573E-07
   8.8252574118881970        9.55481823E-07
   8.8269841302235310        9.56762847E-07
   8.8287108485588650        9.58042847E-07
   8.8304375668941990        9.59321596E-07
   8.8321642852295330        9.60599209E-07
   8.8338910035648670        9.61876026E-07
   8.8356177219002010        9.63153070E-07
   8.8373444402355350        9.64431479E-07
   8.8390711585708690        9.65712388E-07
   8.8407978769062030        9.66996936E-07
   8.8425245952415370        9.68286031E-07
   8.8442513135768710        9.69579901E-07
   8.8459780319122050        9.70878659E-07
   8.8477047502475390        9.72181851E-07
   8.8494314685828730        9.73488568E-07
   8.8511581869182070        9.74797558E-07
   8.8528849052535410        9.76107572E-07
   8.8546116235888750        9.77417358E-07
   8.8563383419242090        9.78725780E-07
   8.8580650602595430        9.80032155E-07
   8.8597917785948770        9.81336143E-07
   8.8615184969302110        9.82637971E-07
   8.8632452152655450        9.83938321E-07
   8.8649719336008790        9.85238216E-07
   8.8666986519362130        9.86538794E-07
   8.8684253702715470        9.87841531E-07
   8.8701520886068810        9.89147452E-07
   8.8718788069422150        9.90457465E-07
   8.8736055252775490        9.91772140E-07
   8.8753322436128830        9.93091362E-07
   8.8770589619482170        9.94414677E-07
   8.8787856802835510        9.95741289E-07
   8.8805123986188850        9.97070174E-07
   8.8822391169542190        9.98400083E-07
   8.8839658352895530        9.99729991E-07
   8.8856925536248870        1.00105899E-06
   8.8874192719602210        1.00238663E-06
   8.8891459902955550        1.00371278E-06
   8.8908727086308890        1.00503792E-06
   8.8925994269662230        1.00636282E-06
   8.8943261453015570        1.00768875E-06
   8.8960528636368910        1.00901684E-06
   8.8977795819722250        1.01034834E-06
   8.8995063003075590        1.01168428E-06
   8.9012330186428930        1.01302533E-06
   8.9029597369782270        1.01437172E-06
   8.9046864553135610        1.01572334E-06
   8.9064131736488950        1.01707951E-06
   8.9081398919842290        1.01843921E-06
   8.9098666103195630        1.01980129E-06
   8.9115933286548970        1.02116439E-06
   8.9133200469902309        1.02252739E-06
   8.9150467653255649        1.02388947E-06
   8.9167734836608989        1.02525019E-06
   8.9185002019962329        1.02660965E-06
   8.9202269203315669        1.02796821E-06
   8.9219536386669009        1.02932688E-06
   8.9236803570022349        1.03068669E-06
   8.9254070753375689        1.03204889E-06
   8.9271337936729029        1.03341461E-06
   8.9288605120082369        1.03478487E-06
   8.9305872303435709        1.03616026E-06
   8.9323139486789049        1.03754098E-06
   8.9340406670142389        1.03892660E-06
   8.9357673853495729        1.04031653E-06
   8.9374941036849069        1.04170977E-06
   8.9392208220202409        1.04310516E-06
   8.9409475403555749        1.04450146E-06
   8.9426742586909089        1.04589765E-06
   8.9444009770262429        1.04729293E-06
   8.9461276953615769        1.04868695E-06
   8.9478544136969109        1.05007973E-06
   8.9495811320322449        1.05147194E-06
   8.9513078503675789        1.05286426E-06
   8.9530345687029129        1.05425784E-06
   8.9547612870382469        1.05565368E-06
   8.9564880053735809        1.05705283E-06
   8.9582147237089149        1.05845606E-06
   8.9599414420442489        1.05986385E-06
   8.9616681603795829        1.06127607E-06
   8.9633948787149169        1.06269226E-06
   8.9651215970502509        1.06411164E-06
   8.9668483153855849        1.06553318E-06
   8.9685750337209189        1.06695575E-06
   8.9703017520562529        1.06837831E-06
   8.9720284703915869        1.06979996E-06
   8.9737551887269209        1.07122025E-06
   8.9754819070622549        1.07263907E-06
   8.9772086253975889        1.07405674E-06
   8.9789353437329229        1.07547396E-06
   8.9806620620682569        1.07689175E-06
   8.9823887804035909        1.07831124E-06
   8.9841154987389249        1.07973358E-06
   8.9858422170742589        1.08115978E-06
   8.9875689354095929        1.08259064E-06
   8.9892956537449269        1.08402651E-06
   8.9910223720802609        1.08546726E-06
   8.9927490904155949        1.08691256E-06
   8.9944758087509289        1.08836173E-06
   8.9962025270862629        1.08981362E-06
   8.9979292454215969        1.09126734E-06
   8.9996559637569309        1.09272196E-06
   9.0013826820922649        1.09417658E-06
   9.0031094004275989        1.09563086E-06
   9.0048361187629329        1.09708469E-06
   9.0065628370982669        1.09853829E-06
   9.0082895554336009        1.09999235E-06
   9.0100162737689349        1.10144754E-06
   9.0117429921042689        1.10290489E-06
   9.0134697104396029        1.10436520E-06
   9.0151964287749369        1.10582914E-06
   9.0169231471102709        1.10729718E-06
   9.0186498654456049        1.10876931E-06
   9.0203765837809389        1.11024519E-06
   9.0221033021162729        1.11172426E-06
   9.0238300204516069        1.11320571E-06
   9.0255567387869409        1.11468876E-06
   9.0272834571222749        1.11617237E-06
   9.0290101754576089        1.11765598E-06
   9.0307368937929429        1.11913903E-06
   9.0324636121282769        1.12062162E-06
   9.0341903304636109        1.12210398E-06
   9.0359170487989449        1.12358669E-06
   9.0376437671342789        1.12507064E-06
   9.0393704854696129        1.12655675E-06
   9.0410972038049469        1.12804605E-06
   9.0428239221402809        1.12953956E-06
   9.0445506404756149        1.13103772E-06
   9.0462773588109489        1.13254077E-06
   9.0480040771462829        1.13404872E-06
   9.0497307954816169        1.13556098E-06
   9.0514575138169509        1.13707677E-06
   9.0531842321522848        1.13859505E-06
   9.0549109504876188        1.14011493E-06
   9.0566376688229528        1.14163538E-06
   9.0583643871582868        1.14315583E-06
   9.0600911054936208        1.14467582E-06
   9.0618178238289548        1.14619536E-06
   9.0635445421642888        1.14771490E-06
   9.0652712604996228        1.14923512E-06
   9.0669979788349568        1.15075693E-06
   9.0687246971702908        1.15228136E-06
   9.0704514155056248        1.15380931E-06
   9.0721781338409588        1.15534158E-06
   9.0739048521762928        1.15687851E-06
   9.0756315705116268        1.15842033E-06
   9.0773582888469608        1.15996659E-06
   9.0790850071822948        1.16151659E-06
   9.0808117255176288        1.16306944E-06
   9.0825384438529628        1.16462400E-06
   9.0842651621882968        1.16617923E-06
   9.0859918805236308        1.16773413E-06
   9.0877185988589648        1.16928811E-06
   9.0894453171942988        1.17084096E-06
   9.0911720355296328        1.17239290E-06
   9.0928987538649668        1.17394427E-06
   9.0946254722003008        1.17549610E-06
   9.0963521905356348        1.17704940E-06
   9.0980789088709688        1.17860520E-06
   9.0998056272063028        1.18016453E-06
   9.1015323455416368        1.18172818E-06
   9.1032590638769708        1.18329660E-06
   9.1049857822123048        1.18486969E-06
   9.1067125005476388        1.18644721E-06
   9.1084392188829728        1.18802836E-06
   9.1101659372183068        1.18961225E-06
   9.1118926555536408        1.19119784E-06
   9.1136193738889748        1.19278411E-06
   9.1153460922243088        1.19437038E-06
   9.1170728105596428        1.19595609E-06
   9.1187995288949768        1.19754122E-06
   9.1205262472303108        1.19912602E-06
   9.1222529655656448        1.20071127E-06
   9.1239796839009788        1.20229788E-06
   9.1257064022363128        1.20388700E-06
   9.1274331205716468        1.20547986E-06
   9.1291598389069808        1.20707728E-06
   9.1308865572423148        1.20867992E-06
   9.1326132755776488        1.21028813E-06
   9.1343399939129828        1.21190169E-06
   9.1360667122483168        1.21351991E-06
   9.1377934305836508        1.21514188E-06
   9.1395201489189848        1.21676646E-06
   9.1412468672543188        1.21839230E-06
   9.1429735855896528        1.22001836E-06
   9.1447003039249868        1.22164374E-06
   9.1464270222603208        1.22326799E-06
   9.1481537405956548        1.22489087E-06
   9.1498804589309888        1.22651295E-06
   9.1516071772663228        1.22813492E-06
   9.1533338956016568        1.22975780E-06
   9.1550606139369908        1.23138284E-06
   9.1567873322723248        1.23301129E-06
   9.1585140506076588        1.23464395E-06
   9.1602407689429928        1.23628161E-06
   9.1619674872783268        1.23792449E-06
   9.1636942056136608        1.23957238E-06
   9.1654209239489948        1.24122460E-06
   9.1671476422843288        1.24288022E-06
   9.1688743606196628        1.24453823E-06
   9.1706010789549968        1.24619737E-06
   9.1723277972903308        1.24785663E-06
   9.1740545156256648        1.24951521E-06
   9.1757812339609988        1.25117288E-06
   9.1775079522963328        1.25282975E-06
   9.1792346706316668        1.25448639E-06
   9.1809613889670008        1.25614361E-06
   9.1826881073023348        1.25780264E-06
   9.1844148256376688        1.25946474E-06
   9.1861415439730028        1.26113116E-06
   9.1878682623083368        1.26280270E-06
   9.1895949806436708        1.26447992E-06
   9.1913216989790048        1.26616294E-06
   9.1930484173143387        1.26785130E-06
   9.1947751356496727        1.26954421E-06
   9.1965018539850067        1.27124065E-06
   9.1982285723203407        1.27293936E-06
   9.1999552906556747        1.27463898E-06
   9.2016820089910087        1.27633859E-06
   9.2034087273263427        1.27803742E-06
   9.2051354456616767        1.27973522E-06
   9.2068621639970107        1.28143211E-06
   9.2085888823323447        1.28312877E-06
   9.2103156006676787        1.28482611E-06
   9.2120423190030127        1.28652528E-06
   9.2137690373383467        1.28822751E-06
   9.2154957556736807        1.28993395E-06
   9.2172224740090147        1.29164550E-06
   9.2189491923443487        1.29336263E-06
   9.2206759106796827        1.29508544E-06
   9.2224026290150167        1.29681348E-06
   9.2241293473503507        1.29854607E-06
   9.2258560656856847        1.30028207E-06
   9.2275827840210187        1.30202022E-06
   9.2293095023563527        1.30375952E-06
   9.2310362206916867        1.30549904E-06
   9.2327629390270207        1.30723799E-06
   9.2344896573623547        1.30897638E-06
   9.2362163756976887        1.31071420E-06
   9.2379430940330227        1.31245213E-06
   9.2396698123683567        1.31419097E-06
   9.2413965307036907        1.31593174E-06
   9.2431232490390247        1.31767536E-06
   9.2448499673743587        1.31942272E-06
   9.2465766857096927        1.32117430E-06
   9.2483034040450267        1.32293019E-06
   9.2500301223803607        1.32469017E-06
   9.2517568407156947        1.32645368E-06
   9.2534835590510287        1.32821981E-06
   9.2552102773863627        1.32998753E-06
   9.2569369957216967        1.33175570E-06
   9.2586637140570307        1.33352341E-06
   9.2603904323923647        1.33529022E-06
   9.2621171507276987        1.33705578E-06
   9.2638438690630327        1.33882031E-06
   9.2655705873983667        1.34058428E-06
   9.2672973057337007        1.34234870E-06
   9.2690240240690347        1.34411471E-06
   9.2707507424043687        1.34588356E-06
   9.2724774607397027        1.34765628E-06
   9.2742041790750367        1.34943377E-06
   9.2759308974103707        1.35121650E-06
   9.2776576157457047        1.35300456E-06
   9.2793843340810387        1.35479752E-06
   9.2811110524163727        1.35659479E-06
   9.2828377707517067        1.35839537E-06
   9.2845644890870407        1.36019810E-06
   9.2862912074223747        1.36200197E-06
   9.2880179257577087        1.36380629E-06
   9.2897446440930427        1.36561050E-06
   9.2914713624283767        1.36741448E-06
   9.2931980807637107        1.36921858E-06
   9.2949247990990447        1.37102336E-06
   9.2966515174343787        1.37282984E-06
   9.2983782357697127        1.37463906E-06
   9.3001049541050467        1.37645213E-06
   9.3018316724403807        1.37826987E-06
   9.3035583907757147        1.38009295E-06
   9.3052851091110487        1.38192149E-06
   9.3070118274463827        1.38375526E-06
   9.3087385457817167        1.38559369E-06
   9.3104652641170507        1.38743587E-06
   9.3121919824523847        1.38928056E-06
   9.3139187007877187        1.39112672E-06
   9.3156454191230527        1.39297345E-06
   9.3173721374583867        1.39481995E-06
   9.3190988557937207        1.39666588E-06
   9.3208255741290547        1.39851136E-06
   9.3225522924643887        1.40035695E-06
   9.3242790107997227        1.40220357E-06
   9.3260057291350567        1.40405234E-06
   9.3277324474703907        1.40590430E-06
   9.3294591658057247        1.40776046E-06
   9.3311858841410587        1.40962163E-06
   9.3329126024763926        1.41148826E-06
   9.3346393208117266        1.41336034E-06
   9.3363660391470606        1.41523753E-06
   9.3380927574823946        1.41711905E-06
   9.3398194758177286        1.41900375E-06
   9.3415461941530626        1.42089061E-06
   9.3432729124883966        1.42277861E-06
   9.3449996308237306        1.42466695E-06
   9.3467263491590646        1.42655517E-06
   9.3484530674943986        1.42844317E-06
   9.3501797858297326        1.43033117E-06
   9.3519065041650666        1.43222007E-06
   9.3536332225004006        1.43411091E-06
   9.3553599408357346        1.43600471E-06
   9.3570866591710686        1.43790271E-06
   9.3588133775064026        1.43980583E-06
   9.3605400958417366        1.44171474E-06
   9.3622668141770706        1.44362957E-06
   9.3639935325124046        1.44554997E-06
   9.3657202508477386        1.44747526E-06
   9.3674469691830726        1.44940452E-06
   9.3691736875184066        1.45133640E-06
   9.3709004058537406        1.45326965E-06
   9.3726271241890746        1.45520323E-06
   9.3743538425244086        1.45713625E-06
   9.3760805608597426        1.45906836E-06
   9.3778072791950766        1.46099956E-06
   9.3795339975304106        1.46293041E-06
   9.3812607158657446        1.46486184E-06
   9.3829874342010786        1.46679497E-06
   9.3847141525364126        1.46873106E-06
   9.3864408708717466        1.47067112E-06
   9.3881675892070806        1.47261619E-06
   9.3898943075424146        1.47456672E-06
   9.3916210258777486        1.47652281E-06
   9.3933477442130826        1.47848402E-06
   9.3950744625484166        1.48044955E-06
   9.3968011808837506        1.48241827E-06
   9.3985278992190846        1.48438903E-06
   9.4002546175544186        1.48636070E-06
   9.4019813358897526        1.48833226E-06
   9.4037080542250866        1.49030313E-06
   9.4054347725604206        1.49227310E-06
   9.4071614908957546        1.49424261E-06
   9.4088882092310886        1.49621246E-06
   9.4106149275664226        1.49818368E-06
   9.4123416459017566        1.50015762E-06
   9.4140683642370906        1.50213566E-06
   9.4157950825724246        1.50411893E-06
   9.4175218009077586        1.50610822E-06
   9.4192485192430926        1.50810411E-06
   9.4209752375784266        1.51010636E-06
   9.4227019559137606        1.51211452E-06
   9.4244286742490946        1.51412746E-06
   9.4261553925844286        1.51614404E-06
   9.4278821109197626        1.51816289E-06
   9.4296088292550966        1.52018265E-06
   9.4313355475904306        1.52220218E-06
   9.4330622659257646        1.52422092E-06
   9.4347889842610986        1.52623863E-06
   9.4365157025964326        1.52825555E-06
   9.4382424209317666        1.53027236E-06
   9.4399691392671006        1.53229007E-06
   9.4416958576024346        1.53431006E-06
   9.4434225759377686        1.53633346E-06
   9.4451492942731026        1.53836152E-06
   9.4468760126084366        1.54039492E-06
   9.4486027309437706        1.54243412E-06
   9.4503294492791046        1.54447889E-06
   9.4520561676144386        1.54652878E-06
   9.4537828859497726        1.54858287E-06
   9.4555096042851066        1.55064004E-06
   9.4572363226204406        1.55269902E-06
   9.4589630409557746        1.55475880E-06
   9.4606897592911086        1.55681846E-06
   9.4624164776264426        1.55887778E-06
   9.4641431959617766        1.56093665E-06
   9.4658699142971106        1.56299564E-06
   9.4675966326324446        1.56505541E-06
   9.4693233509677786        1.56711712E-06
   9.4710500693031126        1.56918190E-06
   9.4727767876384465        1.57125089E-06
   9.4745035059737805        1.57332488E-06
   9.4762302243091145        1.57540444E-06
   9.4779569426444485        1.57748968E-06
   9.4796836609797825        1.57958027E-06
   9.4814103793151165        1.58167552E-06
   9.4831370976504505        1.58377429E-06
   9.4848638159857845        1.58587545E-06
   9.4865905343211185        1.58797786E-06
   9.4883172526564525        1.59008050E-06
   9.4900439709917865        1.59218280E-06
   9.4917706893271205        1.59428453E-06
   9.4934974076624545        1.59638591E-06
   9.4952241259977885        1.59848764E-06
   9.4969508443331225        1.60059074E-06
   9.4986775626684565        1.60269633E-06
   9.5004042810037905        1.60480568E-06
   9.5021309993391245        1.60692002E-06
   9.5038577176744585        1.60904005E-06
   9.5055844360097925        1.61116634E-06
   9.5073111543451265        1.61329876E-06
   9.5090378726804605        1.61543699E-06
   9.5107645910157945        1.61758032E-06
   9.5124913093511285        1.61972775E-06
   9.5142180276864625        1.62187803E-06
   9.5159447460217965        1.62403023E-06
   9.5176714643571305        1.62618346E-06
   9.5193981826924645        1.62833715E-06
   9.5211249010277985        1.63049106E-06
   9.5228516193631325        1.63264554E-06
   9.5245783376984665        1.63480115E-06
   9.5263050560338005        1.63695881E-06
   9.5280317743691345        1.63911943E-06
   9.5297584927044685        1.64128403E-06
   9.5314852110398025        1.64345340E-06
   9.5332119293751365        1.64562800E-06
   9.5349386477104705        1.64780806E-06
   9.5366653660458045        1.64999324E-06
   9.5383920843811385        1.65218296E-06
   9.5401188027164725        1.65437621E-06
   9.5418455210518065        1.65657195E-06
   9.5435722393871405        1.65876918E-06
   9.5452989577224745        1.66096686E-06
   9.5470256760578085        1.66316443E-06
   9.5487523943931425        1.66536154E-06
   9.5504791127284765        1.66755819E-06
   9.5522058310638105        1.66975497E-06
   9.5539325493991445        1.67195265E-06
   9.5556592677344785        1.67415214E-06
   9.5573859860698125        1.67635449E-06
   9.5591127044051465        1.67856069E-06
   9.5608394227404805        1.68077156E-06
   9.5625661410758145        1.68298754E-06
   9.5642928594111485        1.68520876E-06
   9.5660195777464825        1.68743475E-06
   9.5677462960818165        1.68966505E-06
   9.5694730144171505        1.69189877E-06
   9.5711997327524845        1.69413499E-06
   9.5729264510878185        1.69637281E-06
   9.5746531694231525        1.69861153E-06
   9.5763798877584865        1.70085070E-06
   9.5781066060938205        1.70309033E-06
   9.5798333244291545        1.70533076E-06
   9.5815600427644885        1.70757266E-06
   9.5832867610998225        1.70981684E-06
   9.5850134794351565        1.71206432E-06
   9.5867401977704905        1.71431623E-06
   9.5884669161058245        1.71657337E-06
   9.5901936344411585        1.71883630E-06
   9.5919203527764925        1.72110515E-06
   9.5936470711118265        1.72337968E-06
   9.5953737894471605        1.72565933E-06
   9.5971005077824945        1.72794319E-06
   9.5988272261178285        1.73023034E-06
   9.6005539444531625        1.73251965E-06
   9.6022806627884965        1.73481033E-06
   9.6040073811238305        1.73710157E-06
   9.6057340994591645        1.73939304E-06
   9.6074608177944985        1.74168497E-06
   9.6091875361298325        1.74397769E-06
   9.6109142544651665        1.74627201E-06
   9.6126409728005004        1.74856893E-06
   9.6143676911358344        1.75086961E-06
   9.6160944094711684        1.75317484E-06
   9.6178211278065024        1.75548553E-06
   9.6195478461418364        1.75780190E-06
   9.6212745644771704        1.76012406E-06
   9.6230012828125044        1.76245157E-06
   9.6247280011478384        1.76478363E-06
   9.6264547194831724        1.76711922E-06
   9.6281814378185064        1.76945730E-06
   9.6299081561538404        1.77179675E-06
   9.6316348744891744        1.77413665E-06
   9.6333615928245084        1.77647655E-06
   9.6350883111598424        1.77881634E-06
   9.6368150294951764        1.78115624E-06
   9.6385417478305104        1.78349705E-06
   9.6402684661658444        1.78583980E-06
   9.6419951845011784        1.78818561E-06
   9.6437219028365124        1.79053575E-06
   9.6454486211718464        1.79289123E-06
   9.6471753395071804        1.79525284E-06
   9.6489020578425144        1.79762094E-06
   9.6506287761778484        1.79999552E-06
   9.6523554945131824        1.80237589E-06
   9.6540822128485164        1.80476138E-06
   9.6558089311838504        1.80715074E-06
   9.6575356495191844        1.80954260E-06
   9.6592623678545184        1.81193593E-06
   9.6609890861898524        1.81432972E-06
   9.6627158045251864        1.81672340E-06
   9.6644425228605204        1.81911673E-06
   9.6661692411958544        1.82150995E-06
   9.6678959595311884        1.82390374E-06
   9.6696226778665224        1.82629890E-06
   9.6713493962018564        1.82869667E-06
   9.6730761145371904        1.83109807E-06
   9.6748028328725244        1.83350403E-06
   9.6765295512078584        1.83591533E-06
   9.6782562695431924        1.83833220E-06
   9.6799829878785264        1.84075441E-06
   9.6817097062138604        1.84318162E-06
   9.6834364245491944        1.84561293E-06
   9.6851631428845284        1.84804730E-06
   9.6868898612198624        1.85048361E-06
   9.6886165795551964        1.85292106E-06
   9.6903432978905304        1.85535885E-06
   9.6920700162258644        1.85779675E-06
   9.6937967345611984        1.86023487E-06
   9.6955234528965324        1.86267368E-06
   9.6972501712318664        1.86511397E-06
   9.6989768895672004        1.86755688E-06
   9.7007036079025344        1.87000364E-06
   9.7024303262378684        1.87245530E-06
   9.7041570445732024        1.87491275E-06
   9.7058837629085364        1.87737658E-06
   9.7076104812438704        1.87984699E-06
   9.7093371995792044        1.88232377E-06
   9.7110639179145384        1.88480612E-06
   9.7127906362498724        1.88729302E-06
   9.7145173545852064        1.88978333E-06
   9.7162440729205404        1.89227580E-06
   9.7179707912558744        1.89476953E-06
   9.7196975095912084        1.89726370E-06
   9.7214242279265424        1.89975799E-06
   9.7231509462618764        1.90225251E-06
   9.7248776645972104        1.90474793E-06
   9.7266043829325444        1.90724506E-06
   9.7283311012678784        1.90974515E-06
   9.7300578196032124        1.91224922E-06
   9.7317845379385464        1.91475851E-06
   9.7335112562738804        1.91727372E-06
   9.7352379746092144        1.91979530E-06
   9.7369646929445484        1.92232346E-06
   9.7386914112798824        1.92485800E-06
   9.7404181296152164        1.92739799E-06
   9.7421448479505504        1.92994275E-06
   9.7438715662858844        1.93249093E-06
   9.7455982846212184        1.93504161E-06
   9.7473250029565524        1.93759365E-06
   9.7490517212918864        1.94014660E-06
   9.7507784396272204        1.94270024E-06
   9.7525051579625543        1.94525478E-06
   9.7542318762978883        1.94781069E-06
   9.7559585946332223        1.95036910E-06
   9.7576853129685563        1.95293069E-06
   9.7594120313038903        1.95549683E-06
   9.7611387496392243        1.95806842E-06
   9.7628654679745583        1.96064593E-06
   9.7645921863098923        1.96322958E-06
   9.7663189046452263        1.96581937E-06
   9.7680456229805603        1.96841484E-06
   9.7697723413158943        1.97101508E-06
   9.7714990596512283        1.97361896E-06
   9.7732257779865623        1.97622558E-06
   9.7749524963218963        1.97883378E-06
   9.7766792146572303        1.98144267E-06
   9.7784059329925643        1.98405201E-06
   9.7801326513278983        1.98666157E-06
   9.7818593696632323        1.98927182E-06
   9.7835860879985663        1.99188321E-06
   9.7853128063339003        1.99449687E-06
   9.7870395246692343        1.99711394E-06
   9.7887662430045683        1.99973533E-06
   9.7904929613399023        2.00236218E-06
   9.7922196796752363        2.00499494E-06
   9.7939463980105703        2.00763384E-06
   9.7956731163459043        2.01027888E-06
   9.7973998346812383        2.01292937E-06
   9.7991265530165723        2.01558464E-06
   9.8008532713519063        2.01824355E-06
   9.8025799896872403        2.02090541E-06
   9.8043067080225743        2.02356932E-06
   9.8060334263579083        2.02623460E-06
   9.8077601446932423        2.02890101E-06
   9.8094868630285763        2.03156878E-06
   9.8112135813639103        2.03423838E-06
   9.8129402996992443        2.03691047E-06
   9.8146670180345783        2.03958621E-06
   9.8163937363699123        2.04226649E-06
   9.8181204547052463        2.04495200E-06
   9.8198471730405803        2.04764319E-06
   9.8215738913759143        2.05034053E-06
   9.8233006097112483        2.05304354E-06
   9.8250273280465823        2.05575202E-06
   9.8267540463819163        2.05846504E-06
   9.8284807647172503        2.06118170E-06
   9.8302074830525843        2.06390087E-06
   9.8319342013879183        2.06662162E-06
   9.8336609197232523        2.06934328E-06
   9.8353876380585863        2.07206540E-06
   9.8371143563939203        2.07478797E-06
   9.8388410747292543        2.07751123E-06
   9.8405677930645883        2.08023607E-06
   9.8422945113999223        2.08296342E-06
   9.8440212297352563        2.08569418E-06
   9.8457479480705903        2.08842948E-06
   9.8474746664059243        2.09117024E-06
   9.8492013847412583        2.09391669E-06
   9.8509281030765923        2.09666905E-06
   9.8526548214119263        2.09942709E-06
   9.8543815397472603        2.10219014E-06
   9.8561082580825943        2.10495728E-06
   9.8578349764179283        2.10772714E-06
   9.8595616947532623        2.11049905E-06
   9.8612884130885963        2.11327188E-06
   9.8630151314239303        2.11604538E-06
   9.8647418497592643        2.11881934E-06
   9.8664685680945983        2.12159398E-06
   9.8681952864299323        2.12436998E-06
   9.8699220047652663        2.12714826E-06
   9.8716487231006003        2.12992995E-06
   9.8733754414359343        2.13271642E-06
   9.8751021597712683        2.13550879E-06
   9.8768288781066023        2.13830799E-06
   9.8785555964419363        2.14111424E-06
   9.8802823147772703        2.14392776E-06
   9.8820090331126043        2.14674810E-06
   9.8837357514479383        2.14957436E-06
   9.8854624697832723        2.15240539E-06
   9.8871891881186063        2.15524005E-06
   9.8889159064539403        2.15807745E-06
   9.8906426247892743        2.16091667E-06
   9.8923693431246082        2.16375702E-06
   9.8940960614599422        2.16659851E-06
   9.8958227797952762        2.16944136E-06
   9.8975494981306102        2.17228603E-06
   9.8992762164659442        2.17513366E-06
   9.9010029348012782        2.17798538E-06
   9.9027296531366122        2.18084233E-06
   9.9044563714719462        2.18370519E-06
   9.9061830898072802        2.18657465E-06
   9.9079098081426142        2.18945070E-06
   9.9096365264779482        2.19233334E-06
   9.9113632448132822        2.19522167E-06
   9.9130899631486162        2.19811477E-06
   9.9148166814839502        2.20101151E-06
   9.9165433998192842        2.20391075E-06
   9.9182701181546182        2.20681136E-06
   9.9199968364899522        2.20971287E-06
   9.9217235548252862        2.21261485E-06
   9.9234502731606202        2.21551727E-06
   9.9251769914959542        2.21842083E-06
   9.9269037098312882        2.22132667E-06
   9.9286304281666222        2.22423591E-06
   9.9303571465019562        2.22714971E-06
   9.9320838648372902        2.23006964E-06
   9.9338105831726242        2.23299617E-06
   9.9355373015079582        2.23593020E-06
   9.9372640198432922        2.23887173E-06
   9.9389907381786262        2.24182008E-06
   9.9407174565139602        2.24477458E-06
   9.9424441748492942        2.24773407E-06
   9.9441708931846282        2.25069721E-06
   9.9458976115199622        2.25366284E-06
   9.9476243298552962        2.25662961E-06
   9.9493510481906302        2.25959707E-06
   9.9510777665259642        2.26256475E-06
   9.9528044848612982        2.26553266E-06
   9.9545312031966322        2.26850170E-06
   9.9562579215319662        2.27147279E-06
   9.9579846398673002        2.27444707E-06
   9.9597113582026342        2.27742566E-06
   9.9614380765379682        2.28040994E-06
   9.9631647948733022        2.28340082E-06
   9.9648915132086362        2.28639851E-06
   9.9666182315439702        2.28940326E-06
   9.9683449498793042        2.29241437E-06
   9.9700716682146382        2.29543116E-06
   9.9717983865499722        2.29845227E-06
   9.9735251048853062        2.30147657E-06
   9.9752518232206402        2.30450291E-06
   9.9769785415559742        2.30753017E-06
   9.9787052598913082        2.31055787E-06
   9.9804319782266422        2.31358604E-06
   9.9821586965619762        2.31661511E-06
   9.9838854148973102        2.31964577E-06
   9.9856121332326442        2.32267939E-06
   9.9873388515679782        2.32571711E-06
   9.9890655699033122        2.32876005E-06
   9.9907922882386462        2.33180936E-06
   9.9925190065739802        2.33486594E-06
   9.9942457249093142        2.33793003E-06
   9.9959724432446482        2.34100139E-06
   9.9976991615799822        2.34407935E-06
   9.9994258799153162        2.34716299E-06
   10.001152598250650        2.35025118E-06
   10.002879316585984        2.35334255E-06
   10.004606034921318        2.35643597E-06
   10.006332753256652        2.35953053E-06
   10.008059471591986        2.36262576E-06
   10.009786189927320        2.36572168E-06
   10.011512908262654        2.36881874E-06
   10.013239626597988        2.37191762E-06
   10.014966344933322        2.37501968E-06
   10.016693063268656        2.37812583E-06
   10.018419781603990        2.38123744E-06
   10.020146499939324        2.38435518E-06
   10.021873218274658        2.38747998E-06
   10.023599936609992        2.39061205E-06
   10.025326654945326        2.39375095E-06
   10.027053373280660        2.39689598E-06
   10.028780091615994        2.40004647E-06
   10.030506809951328        2.40320128E-06
   10.032233528286662        2.40635950E-06
   10.033960246621996        2.40951999E-06
   10.035686964957330        2.41268231E-06
   10.037413683292664        2.41584621E-06
   10.039140401627998        2.41901171E-06
   10.040867119963332        2.42217948E-06
   10.042593838298666        2.42535020E-06
   10.044320556634000        2.42852502E-06
   10.046047274969334        2.43170507E-06
   10.047773993304668        2.43489126E-06
   10.049500711640002        2.43808404E-06
   10.051227429975336        2.44128387E-06
   10.052954148310670        2.44449029E-06
   10.054680866646004        2.44770308E-06
   10.056407584981338        2.45092133E-06
   10.058134303316672        2.45414412E-06
   10.059861021652006        2.45737010E-06
   10.061587739987340        2.46059835E-06
   10.063314458322674        2.46382797E-06
   10.065041176658008        2.46705872E-06
   10.066767894993342        2.47029038E-06
   10.068494613328676        2.47352341E-06
   10.070221331664010        2.47675871E-06
   10.071948049999344        2.47999719E-06
   10.073674768334678        2.48324000E-06
   10.075401486670012        2.48648826E-06
   10.077128205005346        2.48974266E-06
   10.078854923340680        2.49300388E-06
   10.080581641676014        2.49627215E-06
   10.082308360011348        2.49954724E-06
   10.084035078346682        2.50282847E-06
   10.085761796682016        2.50611492E-06
   10.087488515017350        2.50940570E-06
   10.089215233352684        2.51269944E-06
   10.090941951688018        2.51599545E-06
   10.092668670023352        2.51929328E-06
   10.094395388358686        2.52259269E-06
   10.096122106694020        2.52589393E-06
   10.097848825029354        2.52919745E-06
   10.099575543364688        2.53250414E-06
   10.101302261700022        2.53581538E-06
   10.103028980035356        2.53913208E-06
   10.104755698370690        2.54245538E-06
   10.106482416706024        2.54578595E-06
   10.108209135041358        2.54912402E-06
   10.109935853376692        2.55246982E-06
   10.111662571712026        2.55582268E-06
   10.113389290047360        2.55918189E-06
   10.115116008382694        2.56254634E-06
   10.116842726718028        2.56591488E-06
   10.118569445053362        2.56928661E-06
   10.120296163388696        2.57266083E-06
   10.122022881724030        2.57603710E-06
   10.123749600059364        2.57941520E-06
   10.125476318394698        2.58279556E-06
   10.127203036730032        2.58617865E-06
   10.128929755065366        2.58956561E-06
   10.130656473400700        2.59295712E-06
   10.132383191736034        2.59635431E-06
   10.134109910071368        2.59975786E-06
   10.135836628406702        2.60316824E-06
   10.137563346742036        2.60658544E-06
   10.139290065077370        2.61000923E-06
   10.141016783412704        2.61343871E-06
   10.142743501748038        2.61687296E-06
   10.144470220083372        2.62031085E-06
   10.146196938418706        2.62375147E-06
   10.147923656754040        2.62719368E-06
   10.149650375089374        2.63063703E-06
   10.151377093424708        2.63408128E-06
   10.153103811760042        2.63752690E-06
   10.154830530095376        2.64097457E-06
   10.156557248430710        2.64442519E-06
   10.158283966766044        2.64787991E-06
   10.160010685101378        2.65134008E-06
   10.161737403436712        2.65480685E-06
   10.163464121772046        2.65828112E-06
   10.165190840107380        2.66176335E-06
   10.166917558442714        2.66525353E-06
   10.168644276778048        2.66875145E-06
   10.170370995113382        2.67225596E-06
   10.172097713448716        2.67576615E-06
   10.173824431784050        2.67928090E-06
   10.175551150119384        2.68279928E-06
   10.177277868454718        2.68632016E-06
   10.179004586790052        2.68984309E-06
   10.180731305125386        2.69336783E-06
   10.182458023460720        2.69689463E-06
   10.184184741796054        2.70042415E-06
   10.185911460131388        2.70395753E-06
   10.187638178466722        2.70749592E-06
   10.189364896802056        2.71104022E-06
   10.191091615137390        2.71459157E-06
   10.192818333472724        2.71815065E-06
   10.194545051808058        2.72171746E-06
   10.196271770143392        2.72529201E-06
   10.197998488478726        2.72887360E-06
   10.199725206814060        2.73246133E-06
   10.201451925149394        2.73605406E-06
   10.203178643484728        2.73965065E-06
   10.204905361820062        2.74324998E-06
   10.206632080155396        2.74685112E-06
   10.208358798490730        2.75045340E-06
   10.210085516826064        2.75405705E-06
   10.211812235161398        2.75766229E-06
   10.213538953496732        2.76127025E-06
   10.215265671832066        2.76488186E-06
   10.216992390167400        2.76849823E-06
   10.218719108502734        2.77212075E-06
   10.220445826838068        2.77575054E-06
   10.222172545173402        2.77938807E-06
   10.223899263508736        2.78303355E-06
   10.225625981844070        2.78668676E-06
   10.227352700179404        2.79034725E-06
   10.229079418514738        2.79401388E-06
   10.230806136850072        2.79768551E-06
   10.232532855185406        2.80136101E-06
   10.234259573520740        2.80503900E-06
   10.235986291856074        2.80871882E-06
   10.237713010191408        2.81240000E-06
   10.239439728526742        2.81608231E-06
   10.241166446862076        2.81976622E-06
   10.242893165197410        2.82345241E-06
   10.244619883532744        2.82714177E-06
   10.246346601868078        2.83083568E-06
   10.248073320203412        2.83453505E-06
   10.249800038538746        2.83824102E-06
   10.251526756874080        2.84195403E-06
   10.253253475209414        2.84567432E-06
   10.254980193544748        2.84940165E-06
   10.256706911880082        2.85313536E-06
   10.258433630215416        2.85687452E-06
   10.260160348550750        2.86061822E-06
   10.261887066886084        2.86436534E-06
   10.263613785221418        2.86811496E-06
   10.265340503556752        2.87186663E-06
   10.267067221892086        2.87562011E-06
   10.268793940227420        2.87937564E-06
   10.270520658562754        2.88313367E-06
   10.272247376898088        2.88689512E-06
   10.273974095233422        2.89066111E-06
   10.275700813568756        2.89443255E-06
   10.277427531904090        2.89821082E-06
   10.279154250239424        2.90199637E-06
   10.280880968574758        2.90578987E-06
   10.282607686910092        2.90959133E-06
   10.284334405245426        2.91340029E-06
   10.286061123580760        2.91721585E-06
   10.287787841916094        2.92103709E-06
   10.289514560251428        2.92486288E-06
   10.291241278586762        2.92869208E-06
   10.292967996922096        2.93252401E-06
   10.294694715257430        2.93635799E-06
   10.296421433592764        2.94019378E-06
   10.298148151928098        2.94403185E-06
   10.299874870263432        2.94787287E-06
   10.301601588598766        2.95171753E-06
   10.303328306934100        2.95556720E-06
   10.305055025269434        2.95942300E-06
   10.306781743604768        2.96328562E-06
   10.308508461940102        2.96715598E-06
   10.310235180275436        2.97103429E-06
   10.311961898610770        2.97492056E-06
   10.313688616946104        2.97881434E-06
   10.315415335281438        2.98271493E-06
   10.317142053616772        2.98662144E-06
   10.318868771952106        2.99053272E-06
   10.320595490287440        2.99444787E-06
   10.322322208622774        2.99836620E-06
   10.324048926958108        3.00228726E-06
   10.325775645293442        3.00621105E-06
   10.327502363628776        3.01013802E-06
   10.329229081964110        3.01406885E-06
   10.330955800299444        3.01800446E-06
   10.332682518634778        3.02194599E-06
   10.334409236970112        3.02589410E-06
   10.336135955305446        3.02984972E-06
   10.337862673640780        3.03381330E-06
   10.339589391976114        3.03778484E-06
   10.341316110311448        3.04176388E-06
   10.343042828646782        3.04574996E-06
   10.344769546982116        3.04974219E-06
   10.346496265317450        3.05373965E-06
   10.348222983652784        3.05774120E-06
   10.349949701988118        3.06174616E-06
   10.351676420323452        3.06575407E-06
   10.353403138658786        3.06976472E-06
   10.355129856994120        3.07377809E-06
   10.356856575329454        3.07779464E-06
   10.358583293664788        3.08181507E-06
   10.360310012000122        3.08584026E-06
   10.362036730335456        3.08987114E-06
   10.363763448670790        3.09390862E-06
   10.365490167006124        3.09795314E-06
   10.367216885341458        3.10200494E-06
   10.368943603676792        3.10606379E-06
   10.370670322012126        3.11012946E-06
   10.372397040347460        3.11420081E-06
   10.374123758682794        3.11827716E-06
   10.375850477018128        3.12235738E-06
   10.377577195353462        3.12644079E-06
   10.379303913688796        3.13052669E-06
   10.381030632024130        3.13461487E-06
   10.382757350359464        3.13870510E-06
   10.384484068694798        3.14279805E-06
   10.386210787030132        3.14689441E-06
   10.387937505365466        3.15099510E-06
   10.389664223700800        3.15510147E-06
   10.391390942036134        3.15921466E-06
   10.393117660371468        3.16333535E-06
   10.394844378706802        3.16746446E-06
   10.396571097042136        3.17160197E-06
   10.398297815377470        3.17574768E-06
   10.400024533712804        3.17990089E-06
   10.401751252048138        3.18406092E-06
   10.403477970383472        3.18822640E-06
   10.405204688718806        3.19239666E-06
   10.406931407054140        3.19657056E-06
   10.408658125389474        3.20074741E-06
   10.410384843724808        3.20492700E-06
   10.412111562060142        3.20910976E-06
   10.413838280395476        3.21329594E-06
   10.415564998730810        3.21748644E-06
   10.417291717066144        3.22168262E-06
   10.419018435401478        3.22588517E-06
   10.420745153736812        3.23009522E-06
   10.422471872072146        3.23431345E-06
   10.424198590407480        3.23854033E-06
   10.425925308742814        3.24277539E-06
   10.427652027078148        3.24701841E-06
   10.429378745413482        3.25126825E-06
   10.431105463748816        3.25552378E-06
   10.432832182084150        3.25978363E-06
   10.434558900419484        3.26404665E-06
   10.436285618754818        3.26831196E-06
   10.438012337090152        3.27257908E-06
   10.439739055425486        3.27684779E-06
   10.441465773760820        3.28111878E-06
   10.443192492096154        3.28539272E-06
   10.444919210431488        3.28967076E-06
   10.446645928766822        3.29395402E-06
   10.448372647102156        3.29824411E-06
   10.450099365437490        3.30254215E-06
   10.451826083772824        3.30684884E-06
   10.453552802108158        3.31116439E-06
   10.455279520443492        3.31548904E-06
   10.457006238778826        3.31982187E-06
   10.458732957114160        3.32416221E-06
   10.460459675449494        3.32850891E-06
   10.462186393784828        3.33286084E-06
   10.463913112120162        3.33721687E-06
   10.465639830455496        3.34157608E-06
   10.467366548790830        3.34593778E-06
   10.469093267126164        3.35030222E-06
   10.470819985461498        3.35466984E-06
   10.472546703796832        3.35904110E-06
   10.474273422132166        3.36341736E-06
   10.476000140467500        3.36779976E-06
   10.477726858802834        3.37218944E-06
   10.479453577138168        3.37658753E-06
   10.481180295473502        3.38099449E-06
   10.482907013808836        3.38541054E-06
   10.484633732144170        3.38983546E-06
   10.486360450479504        3.39426833E-06
   10.488087168814838        3.39870826E-06
   10.489813887150172        3.40315387E-06
   10.491540605485506        3.40760403E-06
   10.493267323820840        3.41205782E-06
   10.494994042156174        3.41651435E-06
   10.496720760491508        3.42097360E-06
   10.498447478826842        3.42543535E-06
   10.500174197162176        3.42990029E-06
   10.501900915497510        3.43436955E-06
   10.503627633832844        3.43884449E-06
   10.505354352168178        3.44332625E-06
   10.507081070503512        3.44781597E-06
   10.508807788838846        3.45231456E-06
   10.510534507174180        3.45682224E-06
   10.512261225509514        3.46133947E-06
   10.513987943844848        3.46586535E-06
   10.515714662180182        3.47039918E-06
   10.517441380515516        3.47493983E-06
   10.519168098850850        3.47948617E-06
   10.520894817186184        3.48403660E-06
   10.522621535521518        3.48859021E-06
   10.524348253856852        3.49314610E-06
   10.526074972192186        3.49770403E-06
   10.527801690527520        3.50226446E-06
   10.529528408862854        3.50682785E-06
   10.531255127198188        3.51139533E-06
   10.532981845533522        3.51596805E-06
   10.534708563868856        3.52054735E-06
   10.536435282204190        3.52513416E-06
   10.538162000539524        3.52972961E-06
   10.539888718874858        3.53433393E-06
   10.541615437210192        3.53894688E-06
   10.543342155545526        3.54356803E-06
   10.545068873880860        3.54819667E-06
   10.546795592216194        3.55283146E-06
   10.548522310551528        3.55747147E-06
   10.550249028886862        3.56211558E-06
   10.551975747222196        3.56676287E-06
   10.553702465557530        3.57141289E-06
   10.555429183892864        3.57606564E-06
   10.557155902228198        3.58072180E-06
   10.558882620563532        3.58538205E-06
   10.560609338898866        3.59004753E-06
   10.562336057234200        3.59471915E-06
   10.564062775569534        3.59939827E-06
   10.565789493904868        3.60408580E-06
   10.567516212240202        3.60878221E-06
   10.569242930575536        3.61348771E-06
   10.570969648910870        3.61820207E-06
   10.572696367246204        3.62292462E-06
   10.574423085581538        3.62765445E-06
   10.576149803916872        3.63239042E-06
   10.577876522252206        3.63713139E-06
   10.579603240587540        3.64187622E-06
   10.581329958922874        3.64662446E-06
   10.583056677258208        3.65137589E-06
   10.584783395593542        3.65613073E-06
   10.586510113928876        3.66088943E-06
   10.588236832264210        3.66565291E-06
   10.589963550599544        3.67042230E-06
   10.591690268934878        3.67519874E-06
   10.593416987270212        3.67998337E-06
   10.595143705605546        3.68477640E-06
   10.596870423940880        3.68957853E-06
   10.598597142276214        3.69438931E-06
   10.600323860611548        3.69920826E-06
   10.602050578946882        3.70403473E-06
   10.603777297282216        3.70886755E-06
   10.605504015617550        3.71370561E-06
   10.607230733952884        3.71854799E-06
   10.608957452288218        3.72339400E-06
   10.610684170623552        3.72824297E-06
   10.612410888958886        3.73309535E-06
   10.614137607294220        3.73795137E-06
   10.615864325629554        3.74281171E-06
   10.617591043964888        3.74767774E-06
   10.619317762300222        3.75255036E-06
   10.621044480635556        3.75743070E-06
   10.622771198970890        3.76231969E-06
   10.624497917306224        3.76721800E-06
   10.626224635641558        3.77212541E-06
   10.627951353976892        3.77704191E-06
   10.629678072312226        3.78196683E-06
   10.631404790647560        3.78689901E-06
   10.633131508982894        3.79183757E-06
   10.634858227318228        3.79678136E-06
   10.636584945653562        3.80172946E-06
   10.638311663988896        3.80668143E-06
   10.640038382324230        3.81163682E-06
   10.641765100659564        3.81659584E-06
   10.643491818994898        3.82155940E-06
   10.645218537330232        3.82652797E-06
   10.646945255665566        3.83150291E-06
   10.648671974000900        3.83648512E-06
   10.650398692336234        3.84147552E-06
   10.652125410671568        3.84647456E-06
   10.653852129006902        3.85148269E-06
   10.655578847342236        3.85649992E-06
   10.657305565677570        3.86152533E-06
   10.659032284012904        3.86655847E-06
   10.660759002348238        3.87159798E-06
   10.662485720683572        3.87664250E-06
   10.664212439018906        3.88169110E-06
   10.665939157354240        3.88674289E-06
   10.667665875689574        3.89179741E-06
   10.669392594024908        3.89685465E-06
   10.671119312360242        3.90191508E-06
   10.672846030695576        3.90697915E-06
   10.674572749030910        3.91204821E-06
   10.676299467366244        3.91712365E-06
   10.678026185701578        3.92220636E-06
   10.679752904036912        3.92729771E-06
   10.681479622372246        3.93239861E-06
   10.683206340707580        3.93750906E-06
   10.684933059042914        3.94262861E-06
   10.686659777378248        3.94775725E-06
   10.688386495713582        3.95289408E-06
   10.690113214048916        3.95803818E-06
   10.691839932384250        3.96318865E-06
   10.693566650719584        3.96834412E-06
   10.695293369054918        3.97350414E-06
   10.697020087390252        3.97866870E-06
   10.698746805725586        3.98383781E-06
   10.700473524060920        3.98901147E-06
   10.702200242396254        3.99419059E-06
   10.703926960731588        3.99937653E-06
   10.705653679066922        4.00457020E-06
   10.707380397402256        4.00977297E-06
   10.709107115737590        4.01498528E-06
   10.710833834072924        4.02020714E-06
   10.712560552408258        4.02543901E-06
   10.714287270743592        4.03068043E-06
   10.716013989078926        4.03593049E-06
   10.717740707414260        4.04118782E-06
   10.719467425749594        4.04645152E-06
   10.721194144084928        4.05172023E-06
   10.722920862420262        4.05699302E-06
   10.724647580755596        4.06226945E-06
   10.726374299090930        4.06754953E-06
   10.728101017426264        4.07283278E-06
   10.729827735761598        4.07812058E-06
   10.731554454096932        4.08341384E-06
   10.733281172432266        4.08871347E-06
   10.735007890767600        4.09402082E-06
   10.736734609102934        4.09933682E-06
   10.738461327438268        4.10466237E-06
   10.740188045773602        4.10999792E-06
   10.741914764108936        4.11534347E-06
   10.743641482444270        4.12069858E-06
   10.745368200779604        4.12606278E-06
   10.747094919114938        4.13143471E-06
   10.748821637450272        4.13681346E-06
   10.750548355785606        4.14219767E-06
   10.752275074120940        4.14758597E-06
   10.754001792456274        4.15297836E-06
   10.755728510791608        4.15837440E-06
   10.757455229126942        4.16377407E-06
   10.759181947462276        4.16917828E-06
   10.760908665797610        4.17458841E-06
   10.762635384132944        4.18000536E-06
   10.764362102468278        4.18543050E-06
   10.766088820803612        4.19086427E-06
   10.767815539138946        4.19630805E-06
   10.769542257474280        4.20176184E-06
   10.771268975809614        4.20722563E-06
   10.772995694144948        4.21269851E-06
   10.774722412480282        4.21818004E-06
   10.776449130815616        4.22366929E-06
   10.778175849150950        4.22916492E-06
   10.779902567486284        4.23466599E-06
   10.781629285821618        4.24017207E-06
   10.783356004156952        4.24568270E-06
   10.785082722492286        4.25119742E-06
   10.786809440827620        4.25671715E-06
   10.788536159162954        4.26224233E-06
   10.790262877498288        4.26777433E-06
   10.791989595833622        4.27331361E-06
   10.793716314168956        4.27886152E-06
   10.795443032504290        4.28441854E-06
   10.797169750839624        4.28998555E-06
   10.798896469174958        4.29556258E-06
   10.800623187510292        4.30114915E-06
   10.802349905845626        4.30674481E-06
   10.804076624180960        4.31234866E-06
   10.805803342516294        4.31795934E-06
   10.807530060851628        4.32357592E-06
   10.809256779186962        4.32919796E-06
   10.810983497522296        4.33482501E-06
   10.812710215857630        4.34045614E-06
   10.814436934192964        4.34609228E-06
   10.816163652528298        4.35173297E-06
   10.817890370863632        4.35737957E-06
   10.819617089198966        4.36303253E-06
   10.821343807534300        4.36869277E-06
   10.823070525869634        4.37436120E-06
   10.824797244204968        4.38003872E-06
   10.826523962540302        4.38572533E-06
   10.828250680875636        4.39142104E-06
   10.829977399210970        4.39712585E-06
   10.831704117546304        4.40283884E-06
   10.833430835881638        4.40855911E-06
   10.835157554216972        4.41428620E-06
   10.836884272552306        4.42001920E-06
   10.838610990887640        4.42575674E-06
   10.840337709222974        4.43149884E-06
   10.842064427558308        4.43724548E-06
   10.843791145893642        4.44299712E-06
   10.845517864228976        4.44875423E-06
   10.847244582564310        4.45451769E-06
   10.848971300899644        4.46028844E-06
   10.850698019234978        4.46606737E-06
   10.852424737570312        4.47185539E-06
   10.854151455905646        4.47765296E-06
   10.855878174240980        4.48346009E-06
   10.857604892576314        4.48927722E-06
   10.859331610911648        4.49510344E-06
   10.861058329246982        4.50093830E-06
   10.862785047582316        4.50678090E-06
   10.864511765917650        4.51263031E-06
   10.866238484252984        4.51848609E-06
   10.867965202588318        4.52434733E-06
   10.869691920923652        4.53021403E-06
   10.871418639258986        4.53608618E-06
   10.873145357594320        4.54196470E-06
   10.874872075929654        4.54784958E-06
   10.876598794264988        4.55374220E-06
   10.878325512600322        4.55964346E-06
   10.880052230935656        4.56555426E-06
   10.881778949270990        4.57147507E-06
   10.883505667606324        4.57740589E-06
   10.885232385941658        4.58334716E-06
   10.886959104276992        4.58929844E-06
   10.888685822612326        4.59525882E-06
   10.890412540947660        4.60122783E-06
   10.892139259282994        4.60720412E-06
   10.893865977618328        4.61318723E-06
   10.895592695953662        4.61917625E-06
   10.897319414288996        4.62517028E-06
   10.899046132624330        4.63116930E-06
   10.900772850959664        4.63717379E-06
   10.902499569294998        4.64318418E-06
   10.904226287630332        4.64920095E-06
   10.905953005965666        4.65522544E-06
   10.907679724301000        4.66125812E-06
   10.909406442636334        4.66730035E-06
   10.911133160971668        4.67335258E-06
   10.912859879307002        4.67941527E-06
   10.914586597642336        4.68548797E-06
   10.916313315977670        4.69157112E-06
   10.918040034313004        4.69766337E-06
   10.919766752648338        4.70376426E-06
   10.921493470983672        4.70987288E-06
   10.923220189319006        4.71598787E-06
   10.924946907654340        4.72210877E-06
   10.926673625989674        4.72823558E-06
   10.928400344325008        4.73436785E-06
   10.930127062660342        4.74050648E-06
   10.931853780995676        4.74665148E-06
   10.933580499331010        4.75280422E-06
   10.935307217666344        4.75896559E-06
   10.937033936001678        4.76513651E-06
   10.938760654337012        4.77131744E-06
   10.940487372672346        4.77750882E-06
   10.942214091007679        4.78371112E-06
   10.943940809343013        4.78992342E-06
   10.945667527678347        4.79614528E-06
   10.947394246013681        4.80237532E-06
   10.949120964349015        4.80861218E-06
   10.950847682684349        4.81485495E-06
   10.952574401019683        4.82110318E-06
   10.954301119355017        4.82735550E-06
   10.956027837690351        4.83361191E-06
   10.957754556025685        4.83987287E-06
   10.959481274361019        4.84613838E-06
   10.961207992696353        4.85240980E-06
   10.962934711031687        4.85868850E-06
   10.964661429367021        4.86497538E-06
   10.966388147702355        4.87127136E-06
   10.968114866037689        4.87757734E-06
   10.969841584373023        4.88389378E-06
   10.971568302708357        4.89022113E-06
   10.973295021043691        4.89655895E-06
   10.975021739379025        4.90290677E-06
   10.976748457714359        4.90926323E-06
   10.978475176049693        4.91562741E-06
   10.980201894385027        4.92199888E-06
   10.981928612720361        4.92837626E-06
   10.983655331055695        4.93475909E-06
   10.985382049391029        4.94114738E-06
   10.987108767726363        4.94754158E-06
   10.988835486061697        4.95394215E-06
   10.990562204397031        4.96035000E-06
   10.992288922732365        4.96676603E-06
   10.994015641067699        4.97319115E-06
   10.995742359403033        4.97962674E-06
   10.997469077738367        4.98607324E-06
   10.999195796073701        4.99253110E-06
   11.000922514409035        4.99900034E-06
   11.002649232744369        5.00548049E-06
   11.004375951079703        5.01197064E-06
   11.006102669415037        5.01846989E-06
   11.007829387750371        5.02497733E-06
   11.009556106085705        5.03149158E-06
   11.011282824421039        5.03801175E-06
   11.013009542756373        5.04453737E-06
   11.014736261091707        5.05106846E-06
   11.016462979427041        5.05760545E-06
   11.018189697762375        5.06414881E-06
   11.019916416097709        5.07069944E-06
   11.021643134433043        5.07725872E-06
   11.023369852768377        5.08382755E-06
   11.025096571103711        5.09040683E-06
   11.026823289439045        5.09699748E-06
   11.028550007774379        5.10359951E-06
   11.030276726109713        5.11021290E-06
   11.032003444445047        5.11683675E-06
   11.033730162780381        5.12347060E-06
   11.035456881115715        5.13011310E-06
   11.037183599451049        5.13676332E-06
   11.038910317786383        5.14342037E-06
   11.040637036121717        5.15008333E-06
   11.042363754457051        5.15675174E-06
   11.044090472792385        5.16342561E-06
   11.045817191127719        5.17010494E-06
   11.047543909463053        5.17679109E-06
   11.049270627798387        5.18348452E-06
   11.050997346133721        5.19018613E-06
   11.052724064469055        5.19689729E-06
   11.054450782804389        5.20361937E-06
   11.056177501139723        5.21035236E-06
   11.057904219475057        5.21709671E-06
   11.059630937810391        5.22385199E-06
   11.061357656145725        5.23061817E-06
   11.063084374481059        5.23739391E-06
   11.064811092816393        5.24417783E-06
   11.066537811151727        5.25096948E-06
   11.068264529487061        5.25776750E-06
   11.069991247822395        5.26457143E-06
   11.071717966157729        5.27138127E-06
   11.073444684493063        5.27819702E-06
   11.075171402828397        5.28501960E-06
   11.076898121163731        5.29184990E-06
   11.078624839499065        5.29868885E-06
   11.080351557834399        5.30553734E-06
   11.082078276169733        5.31239675E-06
   11.083804994505067        5.31926753E-06
   11.085531712840401        5.32614968E-06
   11.087258431175735        5.33304365E-06
   11.088985149511069        5.33994898E-06
   11.090711867846403        5.34686478E-06
   11.092438586181737        5.35379013E-06
   11.094165304517071        5.36072412E-06
   11.095892022852405        5.36766584E-06
   11.097618741187739        5.37461437E-06
   11.099345459523073        5.38156928E-06
   11.101072177858407        5.38853055E-06
   11.102798896193741        5.39549819E-06
   11.104525614529075        5.40247311E-06
   11.106252332864409        5.40945621E-06
   11.107979051199743        5.41644886E-06
   11.109705769535077        5.42345151E-06
   11.111432487870411        5.43046554E-06
   11.113159206205745        5.43749138E-06
   11.114885924541079        5.44452860E-06
   11.116612642876413        5.45157718E-06
   11.118339361211747        5.45863668E-06
   11.120066079547081        5.46570618E-06
   11.121792797882415        5.47278432E-06
   11.123519516217749        5.47987065E-06
   11.125246234553083        5.48696380E-06
   11.126972952888417        5.49406332E-06
   11.128699671223751        5.50116920E-06
   11.130426389559085        5.50828145E-06
   11.132153107894419        5.51540006E-06
   11.133879826229753        5.52252641E-06
   11.135606544565087        5.52966139E-06
   11.137333262900421        5.53680593E-06
   11.139059981235755        5.54396092E-06
   11.140786699571089        5.55112683E-06
   11.142513417906423        5.55830457E-06
   11.144240136241757        5.56549412E-06
   11.145966854577091        5.57269504E-06
   11.147693572912425        5.57990643E-06
   11.149420291247759        5.58712736E-06
   11.151147009583093        5.59435694E-06
   11.152873727918427        5.60159469E-06
   11.154600446253761        5.60883973E-06
   11.156327164589095        5.61609158E-06
   11.158053882924429        5.62335026E-06
   11.159780601259763        5.63061667E-06
   11.161507319595097        5.63789126E-06
   11.163234037930431        5.64517541E-06
   11.164960756265765        5.65246955E-06
   11.166687474601099        5.65977552E-06
   11.168414192936433        5.66709332E-06
   11.170140911271767        5.67442385E-06
   11.171867629607101        5.68176711E-06
   11.173594347942435        5.68912219E-06
   11.175321066277769        5.69648910E-06
   11.177047784613103        5.70386646E-06
   11.178774502948437        5.71125292E-06
   11.180501221283771        5.71864757E-06
   11.182227939619105        5.72604949E-06
   11.183954657954439        5.73345824E-06
   11.185681376289773        5.74087289E-06
   11.187408094625107        5.74829346E-06
   11.189134812960441        5.75572085E-06
   11.190861531295775        5.76315597E-06
   11.192588249631109        5.77059973E-06
   11.194314967966443        5.77805349E-06
   11.196041686301777        5.78551817E-06
   11.197768404637111        5.79299467E-06
   11.199495122972445        5.80048345E-06
   11.201221841307779        5.80798451E-06
   11.202948559643113        5.81549739E-06
   11.204675277978447        5.82302118E-06
   11.206401996313781        5.83055544E-06
   11.208128714649115        5.83809879E-06
   11.209855432984449        5.84565078E-06
   11.211582151319783        5.85321004E-06
   11.213308869655117        5.86077658E-06
   11.215035587990451        5.86834994E-06
   11.216762306325785        5.87593104E-06
   11.218489024661119        5.88352032E-06
   11.220215742996453        5.89111824E-06
   11.221942461331787        5.89872616E-06
   11.223669179667121        5.90634545E-06
   11.225395898002455        5.91397657E-06
   11.227122616337789        5.92162041E-06
   11.228849334673123        5.92927699E-06
   11.230576053008457        5.93694676E-06
   11.232302771343791        5.94462836E-06
   11.234029489679125        5.95232086E-06
   11.235756208014459        5.96002337E-06
   11.237482926349793        5.96773407E-06
   11.239209644685127        5.97545204E-06
   11.240936363020461        5.98317683E-06
   11.242663081355795        5.99090754E-06
   11.244389799691129        5.99864416E-06
   11.246116518026463        6.00638759E-06
   11.247843236361797        6.01413831E-06
   11.249569954697131        6.02189766E-06
   11.251296673032465        6.02966702E-06
   11.253023391367799        6.03744775E-06
   11.254750109703133        6.04524030E-06
   11.256476828038467        6.05304558E-06
   11.258203546373801        6.06086360E-06
   11.259930264709135        6.06869435E-06
   11.261656983044469        6.07653692E-06
   11.263383701379803        6.08439041E-06
   11.265110419715137        6.09225344E-06
   11.266837138050471        6.10012512E-06
   11.268563856385805        6.10800498E-06
   11.270290574721139        6.11589212E-06
   11.272017293056473        6.12378653E-06
   11.273744011391807        6.13168822E-06
   11.275470729727141        6.13959764E-06
   11.277197448062475        6.14751571E-06
   11.278924166397809        6.15544377E-06
   11.280650884733143        6.16338275E-06
   11.282377603068477        6.17133401E-06
   11.284104321403811        6.17929845E-06
   11.285831039739145        6.18727609E-06
   11.287557758074479        6.19526691E-06
   11.289284476409813        6.20327046E-06
   11.291011194745147        6.21128629E-06
   11.292737913080481        6.21931304E-06
   11.294464631415815        6.22734979E-06
   11.296191349751149        6.23539563E-06
   11.297918068086483        6.24344966E-06
   11.299644786421817        6.25151188E-06
   11.301371504757151        6.25958137E-06
   11.303098223092485        6.26765905E-06
   11.304824941427819        6.27574536E-06
   11.306551659763153        6.28384123E-06
   11.308278378098487        6.29194756E-06
   11.310005096433821        6.30006525E-06
   11.311731814769155        6.30819568E-06
   11.313458533104489        6.31633884E-06
   11.315185251439823        6.32449564E-06
   11.316911969775157        6.33266563E-06
   11.318638688110491        6.34084881E-06
   11.320365406445825        6.34904427E-06
   11.322092124781159        6.35725064E-06
   11.323818843116493        6.36546702E-06
   11.325545561451827        6.37369203E-06
   11.327272279787161        6.38192523E-06
   11.328998998122495        6.39016616E-06
   11.330725716457829        6.39841437E-06
   11.332452434793163        6.40667076E-06
   11.334179153128497        6.41493580E-06
   11.335905871463831        6.42321038E-06
   11.337632589799165        6.43149542E-06
   11.339359308134499        6.43979183E-06
   11.341086026469833        6.44810052E-06
   11.342812744805167        6.45642149E-06
   11.344539463140501        6.46475519E-06
   11.346266181475835        6.47310162E-06
   11.347992899811169        6.48146033E-06
   11.349719618146503        6.48983041E-06
   11.351446336481837        6.49821095E-06
   11.353173054817171        6.50660104E-06
   11.354899773152505        6.51499977E-06
   11.356626491487839        6.52340714E-06
   11.358353209823173        6.53182269E-06
   11.360079928158507        6.54024643E-06
   11.361806646493841        6.54867881E-06
   11.363533364829175        6.55712074E-06
   11.365260083164509        6.56557268E-06
   11.366986801499843        6.57403598E-06
   11.368713519835177        6.58251111E-06
   11.370440238170511        6.59099851E-06
   11.372166956505845        6.59949865E-06
   11.373893674841179        6.60801152E-06
   11.375620393176513        6.61653667E-06
   11.377347111511847        6.62507364E-06
   11.379073829847181        6.63362198E-06
   11.380800548182515        6.64218032E-06
   11.382527266517849        6.65074822E-06
   11.384253984853183        6.65932521E-06
   11.385980703188517        6.66791084E-06
   11.387707421523851        6.67650556E-06
   11.389434139859185        6.68510938E-06
   11.391160858194519        6.69372321E-06
   11.392887576529853        6.70234795E-06
   11.394614294865187        6.71098405E-06
   11.396341013200521        6.71963244E-06
   11.398067731535855        6.72829356E-06
   11.399794449871189        6.73696832E-06
   11.401521168206523        6.74565672E-06
   11.403247886541857        6.75435786E-06
   11.404974604877191        6.76307172E-06
   11.406701323212525        6.77179742E-06
   11.408428041547859        6.78053402E-06
   11.410154759883193        6.78928109E-06
   11.411881478218527        6.79803770E-06
   11.413608196553861        6.80680250E-06
   11.415334914889195        6.81557594E-06
   11.417061633224529        6.82435757E-06
   11.418788351559863        6.83314784E-06
   11.420515069895197        6.84194720E-06
   11.422241788230531        6.85075702E-06
   11.423968506565865        6.85957775E-06
   11.425695224901199        6.86841031E-06
   11.427421943236533        6.87725560E-06
   11.429148661571867        6.88611408E-06
   11.430875379907201        6.89498529E-06
   11.432602098242535        6.90386923E-06
   11.434328816577869        6.91276546E-06
   11.436055534913203        6.92167305E-06
   11.437782253248537        6.93059201E-06
   11.439508971583871        6.93952097E-06
   11.441235689919205        6.94845949E-06
   11.442962408254539        6.95740755E-06
   11.444689126589873        6.96636516E-06
   11.446415844925207        6.97533278E-06
   11.448142563260541        6.98431086E-06
   11.449869281595875        6.99330030E-06
   11.451595999931209        7.00230157E-06
   11.453322718266543        7.01131603E-06
   11.455049436601877        7.02034458E-06
   11.456776154937211        7.02938723E-06
   11.458502873272545        7.03844489E-06
   11.460229591607879        7.04751710E-06
   11.461956309943213        7.05660295E-06
   11.463683028278547        7.06570245E-06
   11.465409746613881        7.07481422E-06
   11.467136464949215        7.08393691E-06
   11.468863183284549        7.09306960E-06
   11.470589901619883        7.10221229E-06
   11.472316619955217        7.11136408E-06
   11.474043338290551        7.12052497E-06
   11.475770056625885        7.12969540E-06
   11.477496774961219        7.13887584E-06
   11.479223493296553        7.14806720E-06
   11.480950211631887        7.15727037E-06
   11.482676929967221        7.16648583E-06
   11.484403648302555        7.17571447E-06
   11.486130366637889        7.18495721E-06
   11.487857084973223        7.19421405E-06
   11.489583803308557        7.20348453E-06
   11.491310521643891        7.21276865E-06
   11.493037239979225        7.22206551E-06
   11.494763958314559        7.23137418E-06
   11.496490676649893        7.24069423E-06
   11.498217394985227        7.25002474E-06
   11.499944113320561        7.25936525E-06
   11.501670831655895        7.26871531E-06
   11.503397549991229        7.27807492E-06
   11.505124268326563        7.28744453E-06
   11.506850986661897        7.29682506E-06
   11.508577704997231        7.30621696E-06
   11.510304423332565        7.31562159E-06
   11.512031141667899        7.32503986E-06
   11.513757860003233        7.33447268E-06
   11.515484578338567        7.34392006E-06
   11.517211296673901        7.35338244E-06
   11.518938015009235        7.36285892E-06
   11.520664733344569        7.37234905E-06
   11.522391451679903        7.38185190E-06
   11.524118170015237        7.39136613E-06
   11.525844888350571        7.40089081E-06
   11.527571606685905        7.41042550E-06
   11.529298325021239        7.41996928E-06
   11.531025043356573        7.42952170E-06
   11.532751761691907        7.43908322E-06
   11.534478480027241        7.44865429E-06
   11.536205198362575        7.45823536E-06
   11.537931916697909        7.46782825E-06
   11.539658635033243        7.47743343E-06
   11.541385353368577        7.48705224E-06
   11.543112071703911        7.49668516E-06
   11.544838790039245        7.50633262E-06
   11.546565508374579        7.51599509E-06
   11.548292226709913        7.52567166E-06
   11.550018945045247        7.53536233E-06
   11.551745663380581        7.54506618E-06
   11.553472381715915        7.55478186E-06
   11.555199100051249        7.56450845E-06
   11.556925818386583        7.57424505E-06
   11.558652536721917        7.58399074E-06
   11.560379255057251        7.59374598E-06
   11.562105973392585        7.60351122E-06
   11.563832691727919        7.61328647E-06
   11.565559410063253        7.62307309E-06
   11.567286128398587        7.63287153E-06
   11.569012846733921        7.64268316E-06
   11.570739565069255        7.65250934E-06
   11.572466283404589        7.66234916E-06
   11.574193001739923        7.67220445E-06
   11.575919720075257        7.68207428E-06
   11.577646438410591        7.69195867E-06
   11.579373156745925        7.70185670E-06
   11.581099875081259        7.71176747E-06
   11.582826593416593        7.72169096E-06
   11.584553311751927        7.73162537E-06
   11.586280030087261        7.74157070E-06
   11.588006748422595        7.75152694E-06
   11.589733466757929        7.76149409E-06
   11.591460185093263        7.77147216E-06
   11.593186903428597        7.78146205E-06
   11.594913621763931        7.79146376E-06
   11.596640340099265        7.80147820E-06
   11.598367058434599        7.81150720E-06
   11.600093776769933        7.82155075E-06
   11.601820495105267        7.83160976E-06
   11.603547213440601        7.84168424E-06
   11.605273931775935        7.85177326E-06
   11.607000650111269        7.86187684E-06
   11.608727368446603        7.87199406E-06
   11.610454086781937        7.88212310E-06
   11.612180805117271        7.89226488E-06
   11.613907523452605        7.90241756E-06
   11.615634241787939        7.91258026E-06
   11.617360960123273        7.92275296E-06
   11.619087678458607        7.93293657E-06
   11.620814396793941        7.94313110E-06
   11.622541115129275        7.95333654E-06
   11.624267833464609        7.96355471E-06
   11.625994551799943        7.97378652E-06
   11.627721270135277        7.98403198E-06
   11.629447988470611        7.99429290E-06
   11.631174706805945        8.00456928E-06
   11.632901425141279        8.01486021E-06
   11.634628143476613        8.02516661E-06
   11.636354861811947        8.03548755E-06
   11.638081580147281        8.04582214E-06
   11.639808298482615        8.05616855E-06
   11.641535016817949        8.06652679E-06
   11.643261735153283        8.07689503E-06
   11.644988453488617        8.08727418E-06
   11.646715171823951        8.09766334E-06
   11.648441890159285        8.10806250E-06
   11.650168608494619        8.11847258E-06
   11.651895326829953        8.12889448E-06
   11.653622045165287        8.13932820E-06
   11.655348763500621        8.14977648E-06
   11.657075481835955        8.16023930E-06
   11.658802200171289        8.17071668E-06
   11.660528918506623        8.18120861E-06
   11.662255636841957        8.19171601E-06
   11.663982355177291        8.20223795E-06
   11.665709073512625        8.21277445E-06
   11.667435791847959        8.22332368E-06
   11.669162510183293        8.23388564E-06
   11.670889228518627        8.24445942E-06
   11.672615946853961        8.25504412E-06
   11.674342665189295        8.26563974E-06
   11.676069383524629        8.27624626E-06
   11.677796101859963        8.28686370E-06
   11.679522820195297        8.29749388E-06
   11.681249538530631        8.30813678E-06
   11.682976256865965        8.31879424E-06
   11.684702975201299        8.32946716E-06
   11.686429693536633        8.34015646E-06
   11.688156411871967        8.35086394E-06
   11.689883130207301        8.36158870E-06
   11.691609848542635        8.37232983E-06
   11.693336566877969        8.38308733E-06
   11.695063285213303        8.39386030E-06
   11.696790003548637        8.40464691E-06
   11.698516721883971        8.41544625E-06
   11.700243440219305        8.42625650E-06
   11.701970158554639        8.43707767E-06
   11.703696876889973        8.44790975E-06
   11.705423595225307        8.45875184E-06
   11.707150313560641        8.46960575E-06
   11.708877031895975        8.48047148E-06
   11.710603750231309        8.49135085E-06
   11.712330468566643        8.50224478E-06
   11.714057186901977        8.51315417E-06
   11.715783905237311        8.52407902E-06
   11.717510623572645        8.53502024E-06
   11.719237341907979        8.54597783E-06
   11.720964060243313        8.55695180E-06
   11.722690778578647        8.56794122E-06
   11.724417496913981        8.57894429E-06
   11.726144215249315        8.58996009E-06
   11.727870933584649        8.60098771E-06
   11.729597651919983        8.61202625E-06
   11.731324370255317        8.62307570E-06
   11.733051088590651        8.63413607E-06
   11.734777806925985        8.64520734E-06
   11.736504525261319        8.65629136E-06
   11.738231243596653        8.66738901E-06
   11.739957961931987        8.67850213E-06
   11.741684680267321        8.68963070E-06
   11.743411398602655        8.70077656E-06
   11.745138116937989        8.71193970E-06
   11.746864835273323        8.72312103E-06
   11.748591553608657        8.73431964E-06
   11.750318271943991        8.74553461E-06
   11.752044990279325        8.75676506E-06
   11.753771708614659        8.76800914E-06
   11.755498426949993        8.77926686E-06
   11.757225145285327        8.79053641E-06
   11.758951863620661        8.80181778E-06
   11.760678581955995        8.81311007E-06
   11.762405300291329        8.82441327E-06
   11.764132018626663        8.83572829E-06
   11.765858736961997        8.84705605E-06
   11.767585455297331        8.85839745E-06
   11.769312173632665        8.86975340E-06
   11.771038891967999        8.88112481E-06
   11.772765610303333        8.89251260E-06
   11.774492328638667        8.90391766E-06
   11.776219046974001        8.91534000E-06
   11.777945765309335        8.92677963E-06
   11.779672483644669        8.93823562E-06
   11.781399201980003        8.94970617E-06
   11.783125920315337        8.96119036E-06
   11.784852638650671        8.97268728E-06
   11.786579356986005        8.98419603E-06
   11.788306075321339        8.99571660E-06
   11.790032793656673        9.00724808E-06
   11.791759511992007        9.01879139E-06
   11.793486230327341        9.03034834E-06
   11.795212948662675        9.04191893E-06
   11.796939666998009        9.05350407E-06
   11.798666385333343        9.06510468E-06
   11.800393103668677        9.07672256E-06
   11.802119822004011        9.08835773E-06
   11.803846540339345        9.10001017E-06
   11.805573258674679        9.11167990E-06
   11.807299977010013        9.12336600E-06
   11.809026695345347        9.13506756E-06
   11.810753413680681        9.14678458E-06
   11.812480132016015        9.15851524E-06
   11.814206850351349        9.17025773E-06
   11.815933568686683        9.18201295E-06
   11.817660287022017        9.19377999E-06
   11.819387005357351        9.20555885E-06
   11.821113723692685        9.21735045E-06
   11.822840442028019        9.22915569E-06
   11.824567160363353        9.24097549E-06
   11.826293878698687        9.25281074E-06
   11.828020597034021        9.26466237E-06
   11.829747315369355        9.27653127E-06
   11.831474033704689        9.28841837E-06
   11.833200752040023        9.30032274E-06
   11.834927470375357        9.31224440E-06
   11.836654188710691        9.32418243E-06
   11.838380907046025        9.33613592E-06
   11.840107625381359        9.34810396E-06
   11.841834343716693        9.36008564E-06
   11.843561062052027        9.37208006E-06
   11.845287780387361        9.38408630E-06
   11.847014498722695        9.39610527E-06
   11.848741217058029        9.40813698E-06
   11.850467935393363        9.42018141E-06
   11.852194653728697        9.43224040E-06
   11.853921372064031        9.44431395E-06
   11.855648090399365        9.45640386E-06
   11.857374808734699        9.46851105E-06
   11.859101527070033        9.48063644E-06
   11.860828245405367        9.49278001E-06
   11.862554963740701        9.50494177E-06
   11.864281682076035        9.51712082E-06
   11.866008400411369        9.52931623E-06
   11.867735118746703        9.54152711E-06
   11.869461837082037        9.55375344E-06
   11.871188555417371        9.56599251E-06
   11.872915273752705        9.57824523E-06
   11.874641992088039        9.59051067E-06
   11.876368710423373        9.60278885E-06
   11.878095428758707        9.61508158E-06
   11.879822147094041        9.62738886E-06
   11.881548865429375        9.63971161E-06
   11.883275583764709        9.65205163E-06
   11.885002302100043        9.66440894E-06
   11.886729020435377        9.67678443E-06
   11.888455738770711        9.68917902E-06
   11.890182457106045        9.70159181E-06
   11.891909175441379        9.71402278E-06
   11.893635893776713        9.72647013E-06
   11.895362612112047        9.73893384E-06
   11.897089330447381        9.75141211E-06
   11.898816048782715        9.76390493E-06
   11.900542767118049        9.77641139E-06
   11.902269485453383        9.78893058E-06
   11.903996203788717        9.80146342E-06
   11.905722922124051        9.81400990E-06
   11.907449640459385        9.82657093E-06
   11.909176358794719        9.83914651E-06
   11.910903077130053        9.85173938E-06
   11.912629795465387        9.86434952E-06
   11.914356513800721        9.87697786E-06
   11.916083232136055        9.88962438E-06
   11.917809950471389        9.90229000E-06
   11.919536668806723        9.91497382E-06
   11.921263387142057        9.92767673E-06
   11.922990105477391        9.94039601E-06
   11.924716823812725        9.95313167E-06
   11.926443542148059        9.96588187E-06
   11.928170260483393        9.97864663E-06
   11.929896978818727        9.99142503E-06
   11.931623697154061        1.00042171E-05
   11.933350415489395        1.00170228E-05
   11.935077133824729        1.00298421E-05
   11.936803852160063        1.00426760E-05
   11.938530570495397        1.00555253E-05
   11.940257288830731        1.00683901E-05
   11.941984007166065        1.00812713E-05
   11.943710725501399        1.00941706E-05
   11.945437443836733        1.01070882E-05
   11.947164162172067        1.01200230E-05
   11.948890880507401        1.01329761E-05
   11.950617598842735        1.01459464E-05
   11.952344317178069        1.01589330E-05
   11.954071035513403        1.01719352E-05
   11.955797753848737        1.01849519E-05
   11.957524472184071        1.01979822E-05
   11.959251190519405        1.02110262E-05
   11.960977908854739        1.02240838E-05
   11.962704627190073        1.02371541E-05
   11.964431345525407        1.02502390E-05
   11.966158063860741        1.02633394E-05
   11.967884782196075        1.02764561E-05
   11.969611500531409        1.02895901E-05
   11.971338218866743        1.03027432E-05
   11.973064937202077        1.03159155E-05
   11.974791655537411        1.03291068E-05
   11.976518373872745        1.03423181E-05
   11.978245092208079        1.03555485E-05
   11.979971810543413        1.03687971E-05
   11.981698528878747        1.03820630E-05
   11.983425247214081        1.03953453E-05
   11.985151965549415        1.04086439E-05
   11.986878683884749        1.04219580E-05
   11.988605402220083        1.04352866E-05
   11.990332120555417        1.04486289E-05
   11.992058838890751        1.04619867E-05
   11.993785557226085        1.04753590E-05
   11.995512275561419        1.04887476E-05
   11.997238993896753        1.05021536E-05
   11.998965712232087        1.05155768E-05
   12.000692430567421        1.05290183E-05
   12.002419148902755        1.05424788E-05
   12.004145867238089        1.05559584E-05
   12.005872585573423        1.05694571E-05
   12.007599303908757        1.05829749E-05
   12.009326022244091        1.05965100E-05
   12.011052740579425        1.06100615E-05
   12.012779458914759        1.06236294E-05
   12.014506177250093        1.06372117E-05
   12.016232895585427        1.06508087E-05
   12.017959613920761        1.06644211E-05
   12.019686332256095        1.06780481E-05
   12.021413050591429        1.06916896E-05
   12.023139768926763        1.07053474E-05
   12.024866487262097        1.07190217E-05
   12.026593205597431        1.07327141E-05
   12.028319923932765        1.07464248E-05
   12.030046642268099        1.07601545E-05
   12.031773360603433        1.07739043E-05
   12.033500078938767        1.07876740E-05
   12.035226797274101        1.08014638E-05
   12.036953515609435        1.08152717E-05
   12.038680233944769        1.08290988E-05
   12.040406952280103        1.08429431E-05
   12.042133670615437        1.08568047E-05
   12.043860388950771        1.08706818E-05
   12.045587107286105        1.08845743E-05
   12.047313825621439        1.08984814E-05
   12.049040543956773        1.09124048E-05
   12.050767262292107        1.09263437E-05
   12.052493980627441        1.09402990E-05
   12.054220698962775        1.09542716E-05
   12.055947417298109        1.09682624E-05
   12.057674135633443        1.09822722E-05
   12.059400853968777        1.09963021E-05
   12.061127572304111        1.10103520E-05
   12.062854290639445        1.10244218E-05
   12.064581008974779        1.10385108E-05
   12.066307727310113        1.10526189E-05
   12.068034445645447        1.10667461E-05
   12.069761163980781        1.10808905E-05
   12.071487882316115        1.10950523E-05
   12.073214600651449        1.11092304E-05
   12.074941318986783        1.11234240E-05
   12.076668037322117        1.11376330E-05
   12.078394755657451        1.11518584E-05
   12.080121473992785        1.11660993E-05
   12.081848192328119        1.11803574E-05
   12.083574910663453        1.11946329E-05
   12.085301628998787        1.12089274E-05
   12.087028347334121        1.12232410E-05
   12.088755065669455        1.12375747E-05
   12.090481784004789        1.12519274E-05
   12.092208502340123        1.12663001E-05
   12.093935220675457        1.12806929E-05
   12.095661939010791        1.12951038E-05
   12.097388657346125        1.13095330E-05
   12.099115375681459        1.13239785E-05
   12.100842094016793        1.13384403E-05
   12.102568812352127        1.13529186E-05
   12.104295530687461        1.13674132E-05
   12.106022249022795        1.13819242E-05
   12.107748967358129        1.13964516E-05
   12.109475685693463        1.14109962E-05
   12.111202404028797        1.14255590E-05
   12.112929122364131        1.14401419E-05
   12.114655840699465        1.14547447E-05
   12.116382559034799        1.14693676E-05
   12.118109277370133        1.14840113E-05
   12.119835995705467        1.14986751E-05
   12.121562714040801        1.15133598E-05
   12.123289432376135        1.15280645E-05
   12.125016150711469        1.15427874E-05
   12.126742869046803        1.15575285E-05
   12.128469587382137        1.15722860E-05
   12.130196305717471        1.15870607E-05
   12.131923024052805        1.16018509E-05
   12.133649742388139        1.16166566E-05
   12.135376460723473        1.16314786E-05
   12.137103179058807        1.16463179E-05
   12.138829897394141        1.16611745E-05
   12.140556615729475        1.16760502E-05
   12.142283334064809        1.16909459E-05
   12.144010052400143        1.17058626E-05
   12.145736770735477        1.17208001E-05
   12.147463489070811        1.17357595E-05
   12.149190207406145        1.17507398E-05
   12.150916925741479        1.17657401E-05
   12.152643644076813        1.17807604E-05
   12.154370362412147        1.17957998E-05
   12.156097080747481        1.18108574E-05
   12.157823799082815        1.18259322E-05
   12.159550517418149        1.18410244E-05
   12.161277235753483        1.18561338E-05
   12.163003954088817        1.18712605E-05
   12.164730672424151        1.18864045E-05
   12.166457390759485        1.19015667E-05
   12.168184109094819        1.19167480E-05
   12.169910827430153        1.19319484E-05
   12.171637545765487        1.19471688E-05
   12.173364264100821        1.19624110E-05
   12.175090982436155        1.19776751E-05
   12.176817700771489        1.19929618E-05
   12.178544419106823        1.20082696E-05
   12.180271137442157        1.20235982E-05
   12.181997855777491        1.20389468E-05
   12.183724574112825        1.20543136E-05
   12.185451292448159        1.20696986E-05
   12.187178010783493        1.20851000E-05
   12.188904729118827        1.21005187E-05
   12.190631447454161        1.21159537E-05
   12.192358165789495        1.21314051E-05
   12.194084884124829        1.21468738E-05
   12.195811602460163        1.21623607E-05
   12.197538320795497        1.21778667E-05
   12.199265039130831        1.21933936E-05
   12.200991757466165        1.22089414E-05
   12.202718475801499        1.22245110E-05
   12.204445194136833        1.22401034E-05
   12.206171912472167        1.22557176E-05
   12.207898630807501        1.22713536E-05
   12.209625349142835        1.22870115E-05
   12.211352067478169        1.23026903E-05
   12.213078785813503        1.23183891E-05
   12.214805504148837        1.23341069E-05
   12.216532222484171        1.23498421E-05
   12.218258940819505        1.23655946E-05
   12.219985659154839        1.23813643E-05
   12.221712377490173        1.23971513E-05
   12.223439095825507        1.24129565E-05
   12.225165814160841        1.24287799E-05
   12.226892532496175        1.24446233E-05
   12.228619250831509        1.24604876E-05
   12.230345969166843        1.24763728E-05
   12.232072687502177        1.24922808E-05
   12.233799405837511        1.25082106E-05
   12.235526124172845        1.25241613E-05
   12.237252842508179        1.25401330E-05
   12.238979560843513        1.25561246E-05
   12.240706279178847        1.25721363E-05
   12.242432997514181        1.25881670E-05
   12.244159715849515        1.26042150E-05
   12.245886434184849        1.26202804E-05
   12.247613152520183        1.26363630E-05
   12.249339870855517        1.26524628E-05
   12.251066589190851        1.26685800E-05
   12.252793307526185        1.26847162E-05
   12.254520025861519        1.27008716E-05
   12.256246744196853        1.27170470E-05
   12.257973462532187        1.27332451E-05
   12.259700180867521        1.27494659E-05
   12.261426899202855        1.27657095E-05
   12.263153617538189        1.27819767E-05
   12.264880335873523        1.27982676E-05
   12.266607054208857        1.28145812E-05
   12.268333772544191        1.28309175E-05
   12.270060490879525        1.28472748E-05
   12.271787209214859        1.28636520E-05
   12.273513927550193        1.28800484E-05
   12.275240645885527        1.28964630E-05
   12.276967364220861        1.29128957E-05
   12.278694082556195        1.29293476E-05
   12.280420800891529        1.29458185E-05
   12.282147519226863        1.29623095E-05
   12.283874237562197        1.29788214E-05
   12.285600955897531        1.29953551E-05
   12.287327674232865        1.30119106E-05
   12.289054392568199        1.30284898E-05
   12.290781110903533        1.30450926E-05
   12.292507829238867        1.30617191E-05
   12.294234547574201        1.30783692E-05
   12.295961265909535        1.30950420E-05
   12.297687984244869        1.31117367E-05
   12.299414702580203        1.31284523E-05
   12.301141420915537        1.31451879E-05
   12.302868139250871        1.31619427E-05
   12.304594857586205        1.31787165E-05
   12.306321575921539        1.31955085E-05
   12.308048294256873        1.32123196E-05
   12.309775012592207        1.32291489E-05
   12.311501730927541        1.32459991E-05
   12.313228449262875        1.32628702E-05
   12.314955167598209        1.32797632E-05
   12.316681885933543        1.32966788E-05
   12.318408604268877        1.33136182E-05
   12.320135322604211        1.33305803E-05
   12.321862040939545        1.33475660E-05
   12.323588759274879        1.33645735E-05
   12.325315477610213        1.33816029E-05
   12.327042195945547        1.33986532E-05
   12.328768914280881        1.34157235E-05
   12.330495632616215        1.34328138E-05
   12.332222350951549        1.34499232E-05
   12.333949069286883        1.34670508E-05
   12.335675787622217        1.34841976E-05
   12.337402505957551        1.35013634E-05
   12.339129224292885        1.35185492E-05
   12.340855942628219        1.35357559E-05
   12.342582660963552        1.35529854E-05
   12.344309379298886        1.35702376E-05
   12.346036097634220        1.35875134E-05
   12.347762815969554        1.36048138E-05
   12.349489534304888        1.36221388E-05
   12.351216252640222        1.36394883E-05
   12.352942970975556        1.36568615E-05
   12.354669689310890        1.36742565E-05
   12.356396407646224        1.36916733E-05
   12.358123125981558        1.37091101E-05
   12.359849844316892        1.37265661E-05
   12.361576562652226        1.37440402E-05
   12.363303280987560        1.37615334E-05
   12.365029999322894        1.37790457E-05
   12.366756717658228        1.37965772E-05
   12.368483435993562        1.38141295E-05
   12.370210154328896        1.38317037E-05
   12.371936872664230        1.38493006E-05
   12.373663590999564        1.38669202E-05
   12.375390309334898        1.38845644E-05
   12.377117027670232        1.39022331E-05
   12.378843746005566        1.39199265E-05
   12.380570464340900        1.39376434E-05
   12.382297182676234        1.39553840E-05
   12.384023901011568        1.39731465E-05
   12.385750619346902        1.39909307E-05
   12.387477337682236        1.40087359E-05
   12.389204056017570        1.40265602E-05
   12.390930774352904        1.40444045E-05
   12.392657492688238        1.40622687E-05
   12.394384211023572        1.40801531E-05
   12.396110929358906        1.40980592E-05
   12.397837647694240        1.41159871E-05
   12.399564366029574        1.41339378E-05
   12.401291084364908        1.41519122E-05
   12.403017802700242        1.41699111E-05
   12.404744521035576        1.41879354E-05
   12.406471239370910        1.42059853E-05
   12.408197957706244        1.42240606E-05
   12.409924676041578        1.42421604E-05
   12.411651394376912        1.42602839E-05
   12.413378112712246        1.42784293E-05
   12.415104831047580        1.42965955E-05
   12.416831549382914        1.43147827E-05
   12.418558267718248        1.43329898E-05
   12.420284986053582        1.43512161E-05
   12.422011704388916        1.43694624E-05
   12.423738422724250        1.43877296E-05
   12.425465141059584        1.44060177E-05
   12.427191859394918        1.44243277E-05
   12.428918577730252        1.44426604E-05
   12.430645296065586        1.44610167E-05
   12.432372014400920        1.44793976E-05
   12.434098732736254        1.44978039E-05
   12.435825451071588        1.45162367E-05
   12.437552169406922        1.45346949E-05
   12.439278887742256        1.45531785E-05
   12.441005606077590        1.45716867E-05
   12.442732324412924        1.45902195E-05
   12.444459042748258        1.46087759E-05
   12.446185761083592        1.46273542E-05
   12.447912479418926        1.46459533E-05
   12.449639197754260        1.46645743E-05
   12.451365916089594        1.46832162E-05
   12.453092634424928        1.47018800E-05
   12.454819352760262        1.47205665E-05
   12.456546071095596        1.47392757E-05
   12.458272789430930        1.47580095E-05
   12.459999507766264        1.47767678E-05
   12.461726226101598        1.47955516E-05
   12.463452944436932        1.48143608E-05
   12.465179662772266        1.48331956E-05
   12.466906381107600        1.48520558E-05
   12.468633099442934        1.48709405E-05
   12.470359817778268        1.48898489E-05
   12.472086536113602        1.49087809E-05
   12.473813254448936        1.49277348E-05
   12.475539972784270        1.49467105E-05
   12.477266691119604        1.49657080E-05
   12.478993409454938        1.49847265E-05
   12.480720127790272        1.50037658E-05
   12.482446846125606        1.50228270E-05
   12.484173564460940        1.50419110E-05
   12.485900282796274        1.50610185E-05
   12.487627001131608        1.50801507E-05
   12.489353719466942        1.50993083E-05
   12.491080437802276        1.51184922E-05
   12.492807156137610        1.51377035E-05
   12.494533874472944        1.51569411E-05
   12.496260592808278        1.51762051E-05
   12.497987311143612        1.51954955E-05
   12.499714029478946        1.52148114E-05
   12.501440747814280        1.52341509E-05
   12.503167466149614        1.52535140E-05
   12.504894184484948        1.52729008E-05
   12.506620902820282        1.52923112E-05
   12.508347621155616        1.53117435E-05
   12.510074339490950        1.53311976E-05
   12.511801057826284        1.53506753E-05
   12.513527776161618        1.53701767E-05
   12.515254494496952        1.53897017E-05
   12.516981212832286        1.54092504E-05
   12.518707931167620        1.54288246E-05
   12.520434649502954        1.54484242E-05
   12.522161367838288        1.54680492E-05
   12.523888086173622        1.54877016E-05
   12.525614804508956        1.55073794E-05
   12.527341522844290        1.55270827E-05
   12.529068241179624        1.55468115E-05
   12.530794959514958        1.55665639E-05
   12.532521677850292        1.55863381E-05
   12.534248396185626        1.56061360E-05
   12.535975114520960        1.56259557E-05
   12.537701832856294        1.56457972E-05
   12.539428551191628        1.56656606E-05
   12.541155269526962        1.56855476E-05
   12.542881987862296        1.57054583E-05
   12.544608706197630        1.57253944E-05
   12.546335424532964        1.57453560E-05
   12.548062142868298        1.57653431E-05
   12.549788861203632        1.57853574E-05
   12.551515579538966        1.58053990E-05
   12.553242297874300        1.58254679E-05
   12.554969016209634        1.58455623E-05
   12.556695734544968        1.58656821E-05
   12.558422452880302        1.58858275E-05
   12.560149171215636        1.59059982E-05
   12.561875889550970        1.59261908E-05
   12.563602607886304        1.59464071E-05
   12.565329326221638        1.59666452E-05
   12.567056044556972        1.59869069E-05
   12.568782762892306        1.60071922E-05
   12.570509481227640        1.60275031E-05
   12.572236199562974        1.60478394E-05
   12.573962917898308        1.60682011E-05
   12.575689636233642        1.60885902E-05
   12.577416354568976        1.61090065E-05
   12.579143072904310        1.61294502E-05
   12.580869791239644        1.61499229E-05
   12.582596509574978        1.61704247E-05
   12.584323227910312        1.61909538E-05
   12.586049946245646        1.62115102E-05
   12.587776664580980        1.62320921E-05
   12.589503382916314        1.62526976E-05
   12.591230101251648        1.62733268E-05
   12.592956819586982        1.62939796E-05
   12.594683537922316        1.63146578E-05
   12.596410256257650        1.63353598E-05
   12.598136974592984        1.63560853E-05
   12.599863692928318        1.63768364E-05
   12.601590411263652        1.63976129E-05
   12.603317129598986        1.64184166E-05
   12.605043847934320        1.64392477E-05
   12.606770566269654        1.64601061E-05
   12.608497284604988        1.64809917E-05
   12.610224002940322        1.65019046E-05
   12.611950721275656        1.65228448E-05
   12.613677439610990        1.65438123E-05
   12.615404157946324        1.65648071E-05
   12.617130876281658        1.65858273E-05
   12.618857594616992        1.66068712E-05
   12.620584312952326        1.66279387E-05
   12.622311031287660        1.66490299E-05
   12.624037749622994        1.66701448E-05
   12.625764467958328        1.66912851E-05
   12.627491186293662        1.67124490E-05
   12.629217904628996        1.67336384E-05
   12.630944622964330        1.67548551E-05
   12.632671341299664        1.67760991E-05
   12.634398059634998        1.67973722E-05
   12.636124777970332        1.68186743E-05
   12.637851496305666        1.68400056E-05
   12.639578214641000        1.68613660E-05
   12.641304932976334        1.68827555E-05
   12.643031651311668        1.69041741E-05
   12.644758369647002        1.69256200E-05
   12.646485087982336        1.69470914E-05
   12.648211806317670        1.69685864E-05
   12.649938524653004        1.69901050E-05
   12.651665242988338        1.70116473E-05
   12.653391961323672        1.70332132E-05
   12.655118679659006        1.70548028E-05
   12.656845397994340        1.70764160E-05
   12.658572116329674        1.70980547E-05
   12.660298834665008        1.71197207E-05
   12.662025553000342        1.71414140E-05
   12.663752271335676        1.71631345E-05
   12.665478989671010        1.71848860E-05
   12.667205708006344        1.72066666E-05
   12.668932426341678        1.72284763E-05
   12.670659144677012        1.72503151E-05
   12.672385863012346        1.72721830E-05
   12.674112581347680        1.72940800E-05
   12.675839299683014        1.73160024E-05
   12.677566018018348        1.73379522E-05
   12.679292736353682        1.73599274E-05
   12.681019454689016        1.73819280E-05
   12.682746173024350        1.74039560E-05
   12.684472891359684        1.74260094E-05
   12.686199609695018        1.74480883E-05
   12.687926328030352        1.74701945E-05
   12.689653046365686        1.74923280E-05
   12.691379764701020        1.75144887E-05
   12.693106483036354        1.75366786E-05
   12.694833201371688        1.75588975E-05
   12.696559919707022        1.75811474E-05
   12.698286638042356        1.76034264E-05
   12.700013356377690        1.76257363E-05
   12.701740074713024        1.76480735E-05
   12.703466793048358        1.76704398E-05
   12.705193511383692        1.76928315E-05
   12.706920229719026        1.77152506E-05
   12.708646948054360        1.77376951E-05
   12.710373666389694        1.77601651E-05
   12.712100384725028        1.77826605E-05
   12.713827103060362        1.78051814E-05
   12.715553821395696        1.78277278E-05
   12.717280539731030        1.78503014E-05
   12.719007258066364        1.78729024E-05
   12.720733976401698        1.78955324E-05
   12.722460694737032        1.79181916E-05
   12.724187413072366        1.79408798E-05
   12.725914131407700        1.79635990E-05
   12.727640849743034        1.79863491E-05
   12.729367568078368        1.80091283E-05
   12.731094286413702        1.80319385E-05
   12.732821004749036        1.80547795E-05
   12.734547723084370        1.80776497E-05
   12.736274441419704        1.81005489E-05
   12.738001159755038        1.81234755E-05
   12.739727878090372        1.81464293E-05
   12.741454596425706        1.81694104E-05
   12.743181314761040        1.81924188E-05
   12.744908033096374        1.82154545E-05
   12.746634751431708        1.82385174E-05
   12.748361469767042        1.82616095E-05
   12.750088188102376        1.82847289E-05
   12.751814906437710        1.83078791E-05
   12.753541624773044        1.83310585E-05
   12.755268343108378        1.83542670E-05
   12.756995061443712        1.83775046E-05
   12.758721779779046        1.84007713E-05
   12.760448498114380        1.84240671E-05
   12.762175216449714        1.84473920E-05
   12.763901934785048        1.84707442E-05
   12.765628653120382        1.84941255E-05
   12.767355371455716        1.85175340E-05
   12.769082089791050        1.85409717E-05
   12.770808808126384        1.85644367E-05
   12.772535526461718        1.85879308E-05
   12.774262244797052        1.86114521E-05
   12.775988963132386        1.86350026E-05
   12.777715681467720        1.86585821E-05
   12.779442399803054        1.86821908E-05
   12.781169118138388        1.87058286E-05
   12.782895836473722        1.87294954E-05
   12.784622554809056        1.87531932E-05
   12.786349273144390        1.87769219E-05
   12.788075991479724        1.88006816E-05
   12.789802709815058        1.88244721E-05
   12.791529428150392        1.88482918E-05
   12.793256146485726        1.88721406E-05
   12.794982864821060        1.88960184E-05
   12.796709583156394        1.89199254E-05
   12.798436301491728        1.89438615E-05
   12.800163019827062        1.89678267E-05
   12.801889738162396        1.89918210E-05
   12.803616456497730        1.90158444E-05
   12.805343174833064        1.90398969E-05
   12.807069893168398        1.90639785E-05
   12.808796611503732        1.90880910E-05
   12.810523329839066        1.91122344E-05
   12.812250048174400        1.91364088E-05
   12.813976766509734        1.91606123E-05
   12.815703484845068        1.91848485E-05
   12.817430203180402        1.92091138E-05
   12.819156921515736        1.92334101E-05
   12.820883639851070        1.92577372E-05
   12.822610358186404        1.92820935E-05
   12.824337076521738        1.93064807E-05
   12.826063794857072        1.93308970E-05
   12.827790513192406        1.93553442E-05
   12.829517231527740        1.93798205E-05
   12.831243949863074        1.94043259E-05
   12.832970668198408        1.94288623E-05
   12.834697386533742        1.94534296E-05
   12.836424104869076        1.94780278E-05
   12.838150823204410        1.95026569E-05
   12.839877541539744        1.95273169E-05
   12.841604259875078        1.95520061E-05
   12.843330978210412        1.95767261E-05
   12.845057696545746        1.96014771E-05
   12.846784414881080        1.96262590E-05
   12.848511133216414        1.96510700E-05
   12.850237851551748        1.96759120E-05
   12.851964569887082        1.97007830E-05
   12.853691288222416        1.97256850E-05
   12.855418006557750        1.97506179E-05
   12.857144724893084        1.97755817E-05
   12.858871443228418        1.98005764E-05
   12.860598161563752        1.98256021E-05
   12.862324879899086        1.98506605E-05
   12.864051598234420        1.98757498E-05
   12.865778316569754        1.99008718E-05
   12.867505034905088        1.99260285E-05
   12.869231753240422        1.99512178E-05
   12.870958471575756        1.99764399E-05
   12.872685189911090        2.00016948E-05
   12.874411908246424        2.00269842E-05
   12.876138626581758        2.00523045E-05
   12.877865344917092        2.00776576E-05
   12.879592063252426        2.01030416E-05
   12.881318781587760        2.01284565E-05
   12.883045499923094        2.01539006E-05
   12.884772218258428        2.01793737E-05
   12.886498936593762        2.02048777E-05
   12.888225654929096        2.02304127E-05
   12.889952373264430        2.02559786E-05
   12.891679091599764        2.02815772E-05
   12.893405809935098        2.03072086E-05
   12.895132528270432        2.03328727E-05
   12.896859246605766        2.03585714E-05
   12.898585964941100        2.03843028E-05
   12.900312683276434        2.04100670E-05
   12.902039401611768        2.04358639E-05
   12.903766119947102        2.04616917E-05
   12.905492838282436        2.04875505E-05
   12.907219556617770        2.05134402E-05
   12.908946274953104        2.05393608E-05
   12.910672993288438        2.05653105E-05
   12.912399711623772        2.05912911E-05
   12.914126429959106        2.06173027E-05
   12.915853148294440        2.06433451E-05
   12.917579866629774        2.06694203E-05
   12.919306584965108        2.06955283E-05
   12.921033303300442        2.07216708E-05
   12.922760021635776        2.07478479E-05
   12.924486739971110        2.07740595E-05
   12.926213458306444        2.08003057E-05
   12.927940176641778        2.08265865E-05
   12.929666894977112        2.08529000E-05
   12.931393613312446        2.08792462E-05
   12.933120331647780        2.09056234E-05
   12.934847049983114        2.09320333E-05
   12.936573768318448        2.09584723E-05
   12.938300486653782        2.09849422E-05
   12.940027204989116        2.10114413E-05
   12.941753923324450        2.10379694E-05
   12.943480641659784        2.10645285E-05
   12.945207359995118        2.10911185E-05
   12.946934078330452        2.11177412E-05
   12.948660796665786        2.11443967E-05
   12.950387515001120        2.11710849E-05
   12.952114233336454        2.11978077E-05
   12.953840951671788        2.12245650E-05
   12.955567670007122        2.12513569E-05
   12.957294388342456        2.12781852E-05
   12.959021106677790        2.13050480E-05
   12.960747825013124        2.13319454E-05
   12.962474543348458        2.13588755E-05
   12.964201261683792        2.13858402E-05
   12.965927980019126        2.14128377E-05
   12.967654698354460        2.14398660E-05
   12.969381416689794        2.14669271E-05
   12.971108135025128        2.14940210E-05
   12.972834853360462        2.15211476E-05
   12.974561571695796        2.15483069E-05
   12.976288290031130        2.15755008E-05
   12.978015008366464        2.16027292E-05
   12.979741726701798        2.16299923E-05
   12.981468445037132        2.16572898E-05
   12.983195163372466        2.16846238E-05
   12.984921881707800        2.17119941E-05
   12.986648600043134        2.17393990E-05
   12.988375318378468        2.17668403E-05
   12.990102036713802        2.17943143E-05
   12.991828755049136        2.18218229E-05
   12.993555473384470        2.18493642E-05
   12.995282191719804        2.18769383E-05
   12.997008910055138        2.19045451E-05
   12.998735628390472        2.19321846E-05
   13.000462346725806        2.19598569E-05
   13.002189065061140        2.19875619E-05
   13.003915783396474        2.20152997E-05
   13.005642501731808        2.20430702E-05
   13.007369220067142        2.20708753E-05
   13.009095938402476        2.20987149E-05
   13.010822656737810        2.21265891E-05
   13.012549375073144        2.21544997E-05
   13.014276093408478        2.21824466E-05
   13.016002811743812        2.22104300E-05
   13.017729530079146        2.22384497E-05
   13.019456248414480        2.22665058E-05
   13.021182966749814        2.22945964E-05
   13.022909685085148        2.23227235E-05
   13.024636403420482        2.23508850E-05
   13.026363121755816        2.23790812E-05
   13.028089840091150        2.24073119E-05
   13.029816558426484        2.24355772E-05
   13.031543276761818        2.24638752E-05
   13.033269995097152        2.24922078E-05
   13.034996713432486        2.25205749E-05
   13.036723431767820        2.25489766E-05
   13.038450150103154        2.25774129E-05
   13.040176868438488        2.26058837E-05
   13.041903586773822        2.26343909E-05
   13.043630305109156        2.26629327E-05
   13.045357023444490        2.26915126E-05
   13.047083741779824        2.27201272E-05
   13.048810460115158        2.27487781E-05
   13.050537178450492        2.27774653E-05
   13.052263896785826        2.28061890E-05
   13.053990615121160        2.28349472E-05
   13.055717333456494        2.28637418E-05
   13.057444051791828        2.28925710E-05
   13.059170770127162        2.29214347E-05
   13.060897488462496        2.29503348E-05
   13.062624206797830        2.29792695E-05
   13.064350925133164        2.30082405E-05
   13.066077643468498        2.30372480E-05
   13.067804361803832        2.30662918E-05
   13.069531080139166        2.30953719E-05
   13.071257798474500        2.31244885E-05
   13.072984516809834        2.31536415E-05
   13.074711235145168        2.31828308E-05
   13.076437953480502        2.32120547E-05
   13.078164671815836        2.32413149E-05
   13.079891390151170        2.32706097E-05
   13.081618108486504        2.32999409E-05
   13.083344826821838        2.33293085E-05
   13.085071545157172        2.33587107E-05
   13.086798263492506        2.33881492E-05
   13.088524981827840        2.34176241E-05
   13.090251700163174        2.34471354E-05
   13.091978418498508        2.34766849E-05
   13.093705136833842        2.35062707E-05
   13.095431855169176        2.35358948E-05
   13.097158573504510        2.35655552E-05
   13.098885291839844        2.35952539E-05
   13.100612010175178        2.36249907E-05
   13.102338728510512        2.36547639E-05
   13.104065446845846        2.36845754E-05
   13.105792165181180        2.37144232E-05
   13.107518883516514        2.37443073E-05
   13.109245601851848        2.37742297E-05
   13.110972320187182        2.38041885E-05
   13.112699038522516        2.38341836E-05
   13.114425756857850        2.38642151E-05
   13.116152475193184        2.38942830E-05
   13.117879193528518        2.39243873E-05
   13.119605911863852        2.39545298E-05
   13.121332630199186        2.39847104E-05
   13.123059348534520        2.40149293E-05
   13.124786066869854        2.40451864E-05
   13.126512785205188        2.40754816E-05
   13.128239503540522        2.41058133E-05
   13.129966221875856        2.41361831E-05
   13.131692940211190        2.41665875E-05
   13.133419658546524        2.41970283E-05
   13.135146376881858        2.42275055E-05
   13.136873095217192        2.42580172E-05
   13.138599813552526        2.42885635E-05
   13.140326531887860        2.43191462E-05
   13.142053250223194        2.43497652E-05
   13.143779968558528        2.43804207E-05
   13.145506686893862        2.44111143E-05
   13.147233405229196        2.44418479E-05
   13.148960123564530        2.44726216E-05
   13.150686841899864        2.45034353E-05
   13.152413560235198        2.45342908E-05
   13.154140278570532        2.45651863E-05
   13.155866996905866        2.45961237E-05
   13.157593715241200        2.46271011E-05
   13.159320433576534        2.46581185E-05
   13.161047151911868        2.46891741E-05
   13.162773870247202        2.47202661E-05
   13.164500588582536        2.47513963E-05
   13.166227306917870        2.47825610E-05
   13.167954025253204        2.48137621E-05
   13.169680743588538        2.48449996E-05
   13.171407461923872        2.48762753E-05
   13.173134180259206        2.49075892E-05
   13.174860898594540        2.49389414E-05
   13.176587616929874        2.49703335E-05
   13.178314335265208        2.50017674E-05
   13.180041053600542        2.50332414E-05
   13.181767771935876        2.50647572E-05
   13.183494490271210        2.50963130E-05
   13.185221208606544        2.51279107E-05
   13.186947926941878        2.51595466E-05
   13.188674645277212        2.51912224E-05
   13.190401363612546        2.52229365E-05
   13.192128081947880        2.52546888E-05
   13.193854800283214        2.52864775E-05
   13.195581518618548        2.53183025E-05
   13.197308236953882        2.53501657E-05
   13.199034955289216        2.53820672E-05
   13.200761673624550        2.54140068E-05
   13.202488391959884        2.54459846E-05
   13.204215110295218        2.54780025E-05
   13.205941828630552        2.55100622E-05
   13.207668546965886        2.55421637E-05
   13.209395265301220        2.55743089E-05
   13.211121983636554        2.56064959E-05
   13.212848701971888        2.56387266E-05
   13.214575420307222        2.56709991E-05
   13.216302138642556        2.57033134E-05
   13.218028856977890        2.57356660E-05
   13.219755575313224        2.57680585E-05
   13.221482293648558        2.58004893E-05
   13.223209011983892        2.58329565E-05
   13.224935730319226        2.58654600E-05
   13.226662448654560        2.58980017E-05
   13.228389166989894        2.59305798E-05
   13.230115885325228        2.59631961E-05
   13.231842603660562        2.59958506E-05
   13.233569321995896        2.60285433E-05
   13.235296040331230        2.60612760E-05
   13.237022758666564        2.60940506E-05
   13.238749477001898        2.61268651E-05
   13.240476195337232        2.61597233E-05
   13.242202913672566        2.61926234E-05
   13.243929632007900        2.62255671E-05
   13.245656350343234        2.62585527E-05
   13.247383068678568        2.62915801E-05
   13.249109787013902        2.63246493E-05
   13.250836505349236        2.63577585E-05
   13.252563223684570        2.63909078E-05
   13.254289942019904        2.64240971E-05
   13.256016660355238        2.64573246E-05
   13.257743378690572        2.64905921E-05
   13.259470097025906        2.65239014E-05
   13.261196815361240        2.65572507E-05
   13.262923533696574        2.65906419E-05
   13.264650252031908        2.66240768E-05
   13.266376970367242        2.66575535E-05
   13.268103688702576        2.66910720E-05
   13.269830407037910        2.67246342E-05
   13.271557125373244        2.67582400E-05
   13.273283843708578        2.67918876E-05
   13.275010562043912        2.68255790E-05
   13.276737280379246        2.68593121E-05
   13.278463998714580        2.68930853E-05
   13.280190717049914        2.69269003E-05
   13.281917435385248        2.69607553E-05
   13.283644153720582        2.69946522E-05
   13.285370872055916        2.70285909E-05
   13.287097590391250        2.70625696E-05
   13.288824308726584        2.70965884E-05
   13.290551027061918        2.71306490E-05
   13.292277745397252        2.71647532E-05
   13.294004463732586        2.71988993E-05
   13.295731182067920        2.72330890E-05
   13.297457900403254        2.72673242E-05
   13.299184618738588        2.73016030E-05
   13.300911337073922        2.73359256E-05
   13.302638055409256        2.73702917E-05
   13.304364773744590        2.74046997E-05
   13.306091492079924        2.74391514E-05
   13.307818210415258        2.74736449E-05
   13.309544928750592        2.75081802E-05
   13.311271647085926        2.75427574E-05
   13.312998365421260        2.75773746E-05
   13.314725083756594        2.76120318E-05
   13.316451802091928        2.76467308E-05
   13.318178520427262        2.76814735E-05
   13.319905238762596        2.77162562E-05
   13.321631957097930        2.77510826E-05
   13.323358675433264        2.77859526E-05
   13.325085393768598        2.78208645E-05
   13.326812112103932        2.78558218E-05
   13.328538830439266        2.78908228E-05
   13.330265548774600        2.79258675E-05
   13.331992267109934        2.79609558E-05
   13.333718985445268        2.79960896E-05
   13.335445703780602        2.80312652E-05
   13.337172422115936        2.80664844E-05
   13.338899140451270        2.81017474E-05
   13.340625858786604        2.81370540E-05
   13.342352577121938        2.81724024E-05
   13.344079295457272        2.82077945E-05
   13.345806013792606        2.82432284E-05
   13.347532732127940        2.82787059E-05
   13.349259450463274        2.83142272E-05
   13.350986168798608        2.83497939E-05
   13.352712887133942        2.83854024E-05
   13.354439605469276        2.84210546E-05
   13.356166323804610        2.84567504E-05
   13.357893042139944        2.84924899E-05
   13.359619760475278        2.85282731E-05
   13.361346478810612        2.85640999E-05
   13.363073197145946        2.85999704E-05
   13.364799915481280        2.86358863E-05
   13.366526633816614        2.86718459E-05
   13.368253352151948        2.87078474E-05
   13.369980070487282        2.87438925E-05
   13.371706788822616        2.87799812E-05
   13.373433507157950        2.88161118E-05
   13.375160225493284        2.88522861E-05
   13.376886943828618        2.88885039E-05
   13.378613662163952        2.89247655E-05
   13.380340380499286        2.89610725E-05
   13.382067098834620        2.89974250E-05
   13.383793817169954        2.90338230E-05
   13.385520535505288        2.90702665E-05
   13.387247253840622        2.91067554E-05
   13.388973972175956        2.91432916E-05
   13.390700690511290        2.91798733E-05
   13.392427408846624        2.92165023E-05
   13.394154127181958        2.92531768E-05
   13.395880845517292        2.92898967E-05
   13.397607563852626        2.93266621E-05
   13.399334282187960        2.93634730E-05
   13.401061000523294        2.94003294E-05
   13.402787718858628        2.94372312E-05
   13.404514437193962        2.94741785E-05
   13.406241155529296        2.95111713E-05
   13.407967873864630        2.95482096E-05
   13.409694592199964        2.95852933E-05
   13.411421310535298        2.96224243E-05
   13.413148028870632        2.96596008E-05
   13.414874747205966        2.96968246E-05
   13.416601465541300        2.97340939E-05
   13.418328183876634        2.97714087E-05
   13.420054902211968        2.98087671E-05
   13.421781620547302        2.98461709E-05
   13.423508338882636        2.98836203E-05
   13.425235057217970        2.99211151E-05
   13.426961775553304        2.99586536E-05
   13.428688493888638        2.99962376E-05
   13.430415212223972        3.00338670E-05
   13.432141930559306        3.00715437E-05
   13.433868648894640        3.01092659E-05
   13.435595367229974        3.01470354E-05
   13.437322085565308        3.01848522E-05
   13.439048803900642        3.02227163E-05
   13.440775522235976        3.02606295E-05
   13.442502240571310        3.02985918E-05
   13.444228958906644        3.03366014E-05
   13.445955677241978        3.03746601E-05
   13.447682395577312        3.04127661E-05
   13.449409113912646        3.04509213E-05
   13.451135832247980        3.04891237E-05
   13.452862550583314        3.05273716E-05
   13.454589268918648        3.05656649E-05
   13.456315987253982        3.06040056E-05
   13.458042705589316        3.06423935E-05
   13.459769423924650        3.06808251E-05
   13.461496142259984        3.07193040E-05
   13.463222860595318        3.07578302E-05
   13.464949578930652        3.07964001E-05
   13.466676297265986        3.08350172E-05
   13.468403015601320        3.08736817E-05
   13.470129733936654        3.09123934E-05
   13.471856452271988        3.09511524E-05
   13.473583170607322        3.09899624E-05
   13.475309888942656        3.10288196E-05
   13.477036607277990        3.10677278E-05
   13.478763325613324        3.11066833E-05
   13.480490043948658        3.11456861E-05
   13.482216762283992        3.11847398E-05
   13.483943480619326        3.12238408E-05
   13.485670198954660        3.12629927E-05
   13.487396917289994        3.13021919E-05
   13.489123635625328        3.13414384E-05
   13.490850353960662        3.13807323E-05
   13.492577072295996        3.14200770E-05
   13.494303790631330        3.14594690E-05
   13.496030508966664        3.14989084E-05
   13.497757227301998        3.15383950E-05
   13.499483945637332        3.15779289E-05
   13.501210663972666        3.16175101E-05
   13.502937382308000        3.16571422E-05
   13.504664100643334        3.16968253E-05
   13.506390818978668        3.17365557E-05
   13.508117537314002        3.17763333E-05
   13.509844255649336        3.18161619E-05
   13.511570973984670        3.18560378E-05
   13.513297692320004        3.18959646E-05
   13.515024410655338        3.19359388E-05
   13.516751128990672        3.19759602E-05
   13.518477847326006        3.20160289E-05
   13.520204565661340        3.20561448E-05
   13.521931283996674        3.20963081E-05
   13.523658002332008        3.21365187E-05
   13.525384720667342        3.21767802E-05
   13.527111439002676        3.22170890E-05
   13.528838157338010        3.22574488E-05
   13.530564875673344        3.22978594E-05
   13.532291594008678        3.23383210E-05
   13.534018312344012        3.23788336E-05
   13.535745030679346        3.24193970E-05
   13.537471749014680        3.24600114E-05
   13.539198467350014        3.25006768E-05
   13.540925185685348        3.25413930E-05
   13.542651904020682        3.25821566E-05
   13.544378622356016        3.26229710E-05
   13.546105340691350        3.26638328E-05
   13.547832059026684        3.27047455E-05
   13.549558777362018        3.27457092E-05
   13.551285495697352        3.27867201E-05
   13.553012214032686        3.28277820E-05
   13.554738932368020        3.28688948E-05
   13.556465650703354        3.29100585E-05
   13.558192369038688        3.29512695E-05
   13.559919087374022        3.29925315E-05
   13.561645805709356        3.30338480E-05
   13.563372524044690        3.30752155E-05
   13.565099242380024        3.31166339E-05
   13.566825960715358        3.31581032E-05
   13.568552679050692        3.31996271E-05
   13.570279397386026        3.32412019E-05
   13.572006115721360        3.32828313E-05
   13.573732834056694        3.33245116E-05
   13.575459552392028        3.33662429E-05
   13.577186270727362        3.34080287E-05
   13.578912989062696        3.34498654E-05
   13.580639707398030        3.34917531E-05
   13.582366425733364        3.35336917E-05
   13.584093144068698        3.35756777E-05
   13.585819862404032        3.36177145E-05
   13.587546580739366        3.36598023E-05
   13.589273299074700        3.37019410E-05
   13.591000017410034        3.37441306E-05
   13.592726735745368        3.37863748E-05
   13.594453454080702        3.38286736E-05
   13.596180172416036        3.38710233E-05
   13.597906890751370        3.39134276E-05
   13.599633609086704        3.39558828E-05
   13.601360327422038        3.39983926E-05
   13.603087045757372        3.40409570E-05
   13.604813764092706        3.40835722E-05
   13.606540482428040        3.41262385E-05
   13.608267200763374        3.41689556E-05
   13.609993919098708        3.42117237E-05
   13.611720637434042        3.42545427E-05
   13.613447355769376        3.42974126E-05
   13.615174074104710        3.43403335E-05
   13.616900792440044        3.43833053E-05
   13.618627510775378        3.44263281E-05
   13.620354229110712        3.44694017E-05
   13.622080947446046        3.45125300E-05
   13.623807665781380        3.45557128E-05
   13.625534384116714        3.45989502E-05
   13.627261102452048        3.46422421E-05
   13.628987820787382        3.46855886E-05
   13.630714539122716        3.47289933E-05
   13.632441257458050        3.47724526E-05
   13.634167975793384        3.48159665E-05
   13.635894694128718        3.48595349E-05
   13.637621412464052        3.49031579E-05
   13.639348130799386        3.49468355E-05
   13.641074849134720        3.49905640E-05
   13.642801567470054        3.50343471E-05
   13.644528285805388        3.50781811E-05
   13.646255004140722        3.51220660E-05
   13.647981722476056        3.51659983E-05
   13.649708440811390        3.52099814E-05
   13.651435159146724        3.52540192E-05
   13.653161877482058        3.52981078E-05
   13.654888595817392        3.53422511E-05
   13.656615314152726        3.53864525E-05
   13.658342032488060        3.54307085E-05
   13.660068750823394        3.54750191E-05
   13.661795469158728        3.55193843E-05
   13.663522187494062        3.55638076E-05
   13.665248905829396        3.56082855E-05
   13.666975624164730        3.56528180E-05
   13.668702342500064        3.56974051E-05
   13.670429060835398        3.57420467E-05
   13.672155779170732        3.57867430E-05
   13.673882497506066        3.58314937E-05
   13.675609215841400        3.58762991E-05
   13.677335934176734        3.59211626E-05
   13.679062652512068        3.59660808E-05
   13.680789370847402        3.60110535E-05
   13.682516089182736        3.60560844E-05
   13.684242807518070        3.61011698E-05
   13.685969525853404        3.61463135E-05
   13.687696244188738        3.61915118E-05
   13.689422962524072        3.62367682E-05
   13.691149680859406        3.62820792E-05
   13.692876399194740        3.63274448E-05
   13.694603117530074        3.63728650E-05
   13.696329835865408        3.64183397E-05
   13.698056554200742        3.64638690E-05
   13.699783272536076        3.65094565E-05
   13.701509990871410        3.65550986E-05
   13.703236709206744        3.66007953E-05
   13.704963427542078        3.66465465E-05
   13.706690145877412        3.66923523E-05
   13.708416864212746        3.67382127E-05
   13.710143582548080        3.67841312E-05
   13.711870300883414        3.68301044E-05
   13.713597019218748        3.68761321E-05
   13.715323737554082        3.69222180E-05
   13.717050455889416        3.69683621E-05
   13.718777174224750        3.70145608E-05
   13.720503892560084        3.70608177E-05
   13.722230610895418        3.71071328E-05
   13.723957329230752        3.71535061E-05
   13.725684047566086        3.71999377E-05
   13.727410765901420        3.72464237E-05
   13.729137484236754        3.72929680E-05
   13.730864202572088        3.73395706E-05
   13.732590920907422        3.73862313E-05
   13.734317639242756        3.74329466E-05
   13.736044357578090        3.74797164E-05
   13.737771075913424        3.75265445E-05
   13.739497794248758        3.75734271E-05
   13.741224512584091        3.76203679E-05
   13.742951230919425        3.76673670E-05
   13.744677949254759        3.77144243E-05
   13.746404667590093        3.77615361E-05
   13.748131385925427        3.78087061E-05
   13.749858104260761        3.78559344E-05
   13.751584822596095        3.79032208E-05
   13.753311540931429        3.79505618E-05
   13.755038259266763        3.79979610E-05
   13.756764977602097        3.80454185E-05
   13.758491695937431        3.80929341E-05
   13.760218414272765        3.81405080E-05
   13.761945132608099        3.81881400E-05
   13.763671850943433        3.82358303E-05
   13.765398569278767        3.82835788E-05
   13.767125287614101        3.83313854E-05
   13.768852005949435        3.83792540E-05
   13.770578724284769        3.84271843E-05
   13.772305442620103        3.84751729E-05
   13.774032160955437        3.85232233E-05
   13.775758879290771        3.85713320E-05
   13.777485597626105        3.86194988E-05
   13.779212315961439        3.86677275E-05
   13.780939034296773        3.87160144E-05
   13.782665752632107        3.87643595E-05
   13.784392470967441        3.88127628E-05
   13.786119189302775        3.88612207E-05
   13.787845907638109        3.89097368E-05
   13.789572625973443        3.89583111E-05
   13.791299344308777        3.90069436E-05
   13.793026062644111        3.90556379E-05
   13.794752780979445        3.91043941E-05
   13.796479499314779        3.91532085E-05
   13.798206217650113        3.92020847E-05
   13.799932935985447        3.92510228E-05
   13.801659654320781        3.93000228E-05
   13.803386372656115        3.93490809E-05
   13.805113090991449        3.93982009E-05
   13.806839809326783        3.94473791E-05
   13.808566527662117        3.94966191E-05
   13.810293245997451        3.95459174E-05
   13.812019964332785        3.95952738E-05
   13.813746682668119        3.96446885E-05
   13.815473401003453        3.96941614E-05
   13.817200119338787        3.97436925E-05
   13.818926837674121        3.97932854E-05
   13.820653556009455        3.98429365E-05
   13.822380274344789        3.98926531E-05
   13.824106992680123        3.99424316E-05
   13.825833711015457        3.99922719E-05
   13.827560429350791        4.00421741E-05
   13.829287147686125        4.00921417E-05
   13.831013866021459        4.01421676E-05
   13.832740584356793        4.01922589E-05
   13.834467302692127        4.02424084E-05
   13.836194021027461        4.02926198E-05
   13.837920739362795        4.03428894E-05
   13.839647457698129        4.03932208E-05
   13.841374176033463        4.04436105E-05
   13.843100894368797        4.04940620E-05
   13.844827612704131        4.05445717E-05
   13.846554331039465        4.05951432E-05
   13.848281049374799        4.06457766E-05
   13.850007767710133        4.06964718E-05
   13.851734486045467        4.07472289E-05
   13.853461204380801        4.07980515E-05
   13.855187922716135        4.08489359E-05
   13.856914641051469        4.08998858E-05
   13.858641359386803        4.09509012E-05
   13.860368077722137        4.10019857E-05
   13.862094796057471        4.10531320E-05
   13.863821514392805        4.11043438E-05
   13.865548232728139        4.11556211E-05
   13.867274951063473        4.12069603E-05
   13.869001669398807        4.12583613E-05
   13.870728387734141        4.13098242E-05
   13.872455106069475        4.13613488E-05
   13.874181824404809        4.14129354E-05
   13.875908542740143        4.14645874E-05
   13.877635261075477        4.15163013E-05
   13.879361979410811        4.15680770E-05
   13.881088697746145        4.16199146E-05
   13.882815416081479        4.16718140E-05
   13.884542134416813        4.17237752E-05
   13.886268852752147        4.17758019E-05
   13.887995571087481        4.18278942E-05
   13.889722289422815        4.18800482E-05
   13.891449007758149        4.19322678E-05
   13.893175726093483        4.19845528E-05
   13.894902444428817        4.20369033E-05
   13.896629162764151        4.20893193E-05
   13.898355881099485        4.21418008E-05
   13.900082599434819        4.21943441E-05
   13.901809317770153        4.22469493E-05
   13.903536036105487        4.22996200E-05
   13.905262754440821        4.23523525E-05
   13.906989472776155        4.24051468E-05
   13.908716191111489        4.24580030E-05
   13.910442909446823        4.25109247E-05
   13.912169627782157        4.25639118E-05
   13.913896346117491        4.26169645E-05
   13.915623064452825        4.26700826E-05
   13.917349782788159        4.27232662E-05
   13.919076501123493        4.27765153E-05
   13.920803219458827        4.28298299E-05
   13.922529937794161        4.28832136E-05
   13.924256656129495        4.29366664E-05
   13.925983374464829        4.29901847E-05
   13.927710092800163        4.30437685E-05
   13.929436811135497        4.30974178E-05
   13.931163529470831        4.31511289E-05
   13.932890247806165        4.32049055E-05
   13.934616966141499        4.32587440E-05
   13.936343684476833        4.33126443E-05
   13.938070402812167        4.33666064E-05
   13.939797121147501        4.34206304E-05
   13.941523839482835        4.34747162E-05
   13.943250557818169        4.35288675E-05
   13.944977276153503        4.35830843E-05
   13.946703994488837        4.36373703E-05
   13.948430712824171        4.36917217E-05
   13.950157431159505        4.37461458E-05
   13.951884149494839        4.38006391E-05
   13.953610867830173        4.38552015E-05
   13.955337586165507        4.39098330E-05
   13.957064304500841        4.39645337E-05
   13.958791022836175        4.40192998E-05
   13.960517741171509        4.40741351E-05
   13.962244459506843        4.41290358E-05
   13.963971177842177        4.41840020E-05
   13.965697896177511        4.42390337E-05
   13.967424614512845        4.42941309E-05
   13.969151332848179        4.43492936E-05
   13.970878051183513        4.44045254E-05
   13.972604769518847        4.44598227E-05
   13.974331487854181        4.45151854E-05
   13.976058206189515        4.45706173E-05
   13.977784924524849        4.46261183E-05
   13.979511642860183        4.46816885E-05
   13.981238361195517        4.47373277E-05
   13.982965079530851        4.47930361E-05
   13.984691797866185        4.48488136E-05
   13.986418516201519        4.49046602E-05
   13.988145234536853        4.49605759E-05
   13.989871952872187        4.50165608E-05
   13.991598671207521        4.50726147E-05
   13.993325389542855        4.51287342E-05
   13.995052107878189        4.51849228E-05
   13.996778826213523        4.52411805E-05
   13.998505544548857        4.52975073E-05
   14.000232262884191        4.53539033E-05
   14.001958981219525        4.54103647E-05
   14.003685699554859        4.54668989E-05
   14.005412417890193        4.55235022E-05
   14.007139136225527        4.55801746E-05
   14.008865854560861        4.56369162E-05
   14.010592572896195        4.56937305E-05
   14.012319291231529        4.57506139E-05
   14.014046009566863        4.58075665E-05
   14.015772727902197        4.58645882E-05
   14.017499446237531        4.59216790E-05
   14.019226164572865        4.59788425E-05
   14.020952882908199        4.60360752E-05
   14.022679601243533        4.60933734E-05
   14.024406319578867        4.61507443E-05
   14.026133037914201        4.62081844E-05
   14.027859756249535        4.62656899E-05
   14.029586474584869        4.63232682E-05
   14.031313192920203        4.63809156E-05
   14.033039911255537        4.64386358E-05
   14.034766629590871        4.64964251E-05
   14.036493347926205        4.65542835E-05
   14.038220066261539        4.66122146E-05
   14.039946784596873        4.66702149E-05
   14.041673502932207        4.67282880E-05
   14.043400221267541        4.67864302E-05
   14.045126939602875        4.68446415E-05
   14.046853657938209        4.69029219E-05
   14.048580376273543        4.69612714E-05
   14.050307094608877        4.70196937E-05
   14.052033812944211        4.70781888E-05
   14.053760531279545        4.71367566E-05
   14.055487249614879        4.71953936E-05
   14.057213967950213        4.72541033E-05
   14.058940686285547        4.73128857E-05
   14.060667404620881        4.73717446E-05
   14.062394122956215        4.74306762E-05
   14.064120841291549        4.74896769E-05
   14.065847559626883        4.75487504E-05
   14.067574277962217        4.76078967E-05
   14.069300996297551        4.76671157E-05
   14.071027714632885        4.77264039E-05
   14.072754432968219        4.77857648E-05
   14.074481151303553        4.78451948E-05
   14.076207869638887        4.79046939E-05
   14.077934587974221        4.79642658E-05
   14.079661306309555        4.80239105E-05
   14.081388024644889        4.80836243E-05
   14.083114742980223        4.81434145E-05
   14.084841461315557        4.82032774E-05
   14.086568179650891        4.82632167E-05
   14.088294897986225        4.83232288E-05
   14.090021616321559        4.83833173E-05
   14.091748334656893        4.84434786E-05
   14.093475052992227        4.85037162E-05
   14.095201771327561        4.85640267E-05
   14.096928489662895        4.86244135E-05
   14.098655207998229        4.86848730E-05
   14.100381926333563        4.87454054E-05
   14.102108644668897        4.88060105E-05
   14.103835363004231        4.88666883E-05
   14.105562081339565        4.89274389E-05
   14.107288799674899        4.89882586E-05
   14.109015518010233        4.90491511E-05
   14.110742236345567        4.91101200E-05
   14.112468954680901        4.91711617E-05
   14.114195673016235        4.92322797E-05
   14.115922391351569        4.92934741E-05
   14.117649109686903        4.93547450E-05
   14.119375828022237        4.94160922E-05
   14.121102546357571        4.94775159E-05
   14.122829264692905        4.95390159E-05
   14.124555983028239        4.96005923E-05
   14.126282701363573        4.96622415E-05
   14.128009419698907        4.97239635E-05
   14.129736138034241        4.97857545E-05
   14.131462856369575        4.98476184E-05
   14.133189574704909        4.99095549E-05
   14.134916293040243        4.99715607E-05
   14.136643011375577        5.00336428E-05
   14.138369729710911        5.00957976E-05
   14.140096448046245        5.01580289E-05
   14.141823166381579        5.02203402E-05
   14.143549884716913        5.02827315E-05
   14.145276603052247        5.03451993E-05
   14.147003321387581        5.04077507E-05
   14.148730039722915        5.04703821E-05
   14.150456758058249        5.05330936E-05
   14.152183476393583        5.05958851E-05
   14.153910194728917        5.06587530E-05
   14.155636913064251        5.07217010E-05
   14.157363631399585        5.07847253E-05
   14.159090349734919        5.08478261E-05
   14.160817068070253        5.09110032E-05
   14.162543786405587        5.09742531E-05
   14.164270504740921        5.10375794E-05
   14.165997223076255        5.11009785E-05
   14.167723941411589        5.11644503E-05
   14.169450659746923        5.12279985E-05
   14.171177378082257        5.12916195E-05
   14.172904096417591        5.13553168E-05
   14.174630814752925        5.14190906E-05
   14.176357533088259        5.14829444E-05
   14.178084251423593        5.15468782E-05
   14.179810969758927        5.16108921E-05
   14.181537688094261        5.16749860E-05
   14.183264406429595        5.17391600E-05
   14.184991124764929        5.18034140E-05
   14.186717843100263        5.18677480E-05
   14.188444561435597        5.19321657E-05
   14.190171279770931        5.19966634E-05
   14.191897998106265        5.20612375E-05
   14.193624716441599        5.21258880E-05
   14.195351434776933        5.21906186E-05
   14.197078153112267        5.22554255E-05
   14.198804871447601        5.23203053E-05
   14.200531589782935        5.23852614E-05
   14.202258308118269        5.24502975E-05
   14.203985026453603        5.25154101E-05
   14.205711744788937        5.25806026E-05
   14.207438463124271        5.26458753E-05
   14.209165181459605        5.27112243E-05
   14.210891899794939        5.27766570E-05
   14.212618618130273        5.28421697E-05
   14.214345336465607        5.29077624E-05
   14.216072054800941        5.29734389E-05
   14.217798773136275        5.30391953E-05
   14.219525491471609        5.31050355E-05
   14.221252209806943        5.31709557E-05
   14.222978928142277        5.32369559E-05
   14.224705646477611        5.33030361E-05
   14.226432364812945        5.33691964E-05
   14.228159083148279        5.34354331E-05
   14.229885801483613        5.35017462E-05
   14.231612519818947        5.35681356E-05
   14.233339238154281        5.36346051E-05
   14.235065956489615        5.37011510E-05
   14.236792674824949        5.37677770E-05
   14.238519393160283        5.38344830E-05
   14.240246111495617        5.39012726E-05
   14.241972829830951        5.39681459E-05
   14.243699548166285        5.40351066E-05
   14.245426266501619        5.41021545E-05
   14.247152984836953        5.41692862E-05
   14.248879703172287        5.42365051E-05
   14.250606421507621        5.43038077E-05
   14.252333139842955        5.43711940E-05
   14.254059858178289        5.44386639E-05
   14.255786576513623        5.45062139E-05
   14.257513294848957        5.45738440E-05
   14.259240013184291        5.46415540E-05
   14.260966731519625        5.47093441E-05
   14.262693449854959        5.47772106E-05
   14.264420168190293        5.48451608E-05
   14.266146886525627        5.49131910E-05
   14.267873604860961        5.49813012E-05
   14.269600323196295        5.50494951E-05
   14.271327041531629        5.51177727E-05
   14.273053759866963        5.51861376E-05
   14.274780478202297        5.52545862E-05
   14.276507196537631        5.53231221E-05
   14.278233914872965        5.53917416E-05
   14.279960633208299        5.54604485E-05
   14.281687351543633        5.55292390E-05
   14.283414069878967        5.55981096E-05
   14.285140788214301        5.56670639E-05
   14.286867506549635        5.57361018E-05
   14.288594224884969        5.58052234E-05
   14.290320943220303        5.58744287E-05
   14.292047661555637        5.59437140E-05
   14.293774379890971        5.60130829E-05
   14.295501098226305        5.60825392E-05
   14.297227816561639        5.61520828E-05
   14.298954534896973        5.62217101E-05
   14.300681253232307        5.62914247E-05
   14.302407971567641        5.63612230E-05
   14.304134689902975        5.64311085E-05
   14.305861408238309        5.65010778E-05
   14.307588126573643        5.65711343E-05
   14.309314844908977        5.66412746E-05
   14.311041563244311        5.67114985E-05
   14.312768281579645        5.67818061E-05
   14.314494999914979        5.68521973E-05
   14.316221718250313        5.69226722E-05
   14.317948436585647        5.69932345E-05
   14.319675154920981        5.70638804E-05
   14.321401873256315        5.71346100E-05
   14.323128591591649        5.72054269E-05
   14.324855309926983        5.72763311E-05
   14.326582028262317        5.73473226E-05
   14.328308746597651        5.74184014E-05
   14.330035464932985        5.74895676E-05
   14.331762183268319        5.75608174E-05
   14.333488901603653        5.76321545E-05
   14.335215619938987        5.77035789E-05
   14.336942338274321        5.77750870E-05
   14.338669056609655        5.78466788E-05
   14.340395774944989        5.79183579E-05
   14.342122493280323        5.79901207E-05
   14.343849211615657        5.80619744E-05
   14.345575929950991        5.81339154E-05
   14.347302648286325        5.82059438E-05
   14.349029366621659        5.82780631E-05
   14.350756084956993        5.83502733E-05
   14.352482803292327        5.84225745E-05
   14.354209521627661        5.84949667E-05
   14.355936239962995        5.85674461E-05
   14.357662958298329        5.86400092E-05
   14.359389676633663        5.87126597E-05
   14.361116394968997        5.87853974E-05
   14.362843113304331        5.88582188E-05
   14.364569831639665        5.89311239E-05
   14.366296549974999        5.90041127E-05
   14.368023268310333        5.90771851E-05
   14.369749986645667        5.91503449E-05
   14.371476704981001        5.92235920E-05
   14.373203423316335        5.92969263E-05
   14.374930141651669        5.93703517E-05
   14.376656859987003        5.94438716E-05
   14.378383578322337        5.95174861E-05
   14.380110296657671        5.95911988E-05
   14.381837014993005        5.96650098E-05
   14.383563733328339        5.97389153E-05
   14.385290451663673        5.98129154E-05
   14.387017169999007        5.98870101E-05
   14.388743888334341        5.99611958E-05
   14.390470606669675        6.00354688E-05
   14.392197325005009        6.01098291E-05
   14.393924043340343        6.01842730E-05
   14.395650761675677        6.02588007E-05
   14.397377480011011        6.03334120E-05
   14.399104198346345        6.04081106E-05
   14.400830916681679        6.04828965E-05
   14.402557635017013        6.05577734E-05
   14.404284353352347        6.06327412E-05
   14.406011071687681        6.07078000E-05
   14.407737790023015        6.07829497E-05
   14.409464508358349        6.08581940E-05
   14.411191226693683        6.09335330E-05
   14.412917945029017        6.10089701E-05
   14.414644663364351        6.10845018E-05
   14.416371381699685        6.11601281E-05
   14.418098100035019        6.12358417E-05
   14.419824818370353        6.13116499E-05
   14.421551536705687        6.13875454E-05
   14.423278255041021        6.14635283E-05
   14.425004973376355        6.15395984E-05
   14.426731691711689        6.16157558E-05
   14.428458410047023        6.16920006E-05
   14.430185128382357        6.17683327E-05
   14.431911846717691        6.18447593E-05
   14.433638565053025        6.19212806E-05
   14.435365283388359        6.19979037E-05
   14.437092001723693        6.20746214E-05
   14.438818720059027        6.21514409E-05
   14.440545438394361        6.22283624E-05
   14.442272156729695        6.23053784E-05
   14.443998875065029        6.23824963E-05
   14.445725593400363        6.24597160E-05
   14.447452311735697        6.25370230E-05
   14.449179030071031        6.26144247E-05
   14.450905748406365        6.26919136E-05
   14.452632466741699        6.27694899E-05
   14.454359185077033        6.28471535E-05
   14.456085903412367        6.29249043E-05
   14.457812621747701        6.30027498E-05
   14.459539340083035        6.30806826E-05
   14.461266058418369        6.31587027E-05
   14.462992776753703        6.32368174E-05
   14.464719495089037        6.33150339E-05
   14.466446213424371        6.33933450E-05
   14.468172931759705        6.34717580E-05
   14.469899650095039        6.35502729E-05
   14.471626368430373        6.36288969E-05
   14.473353086765707        6.37076228E-05
   14.475079805101041        6.37864432E-05
   14.476806523436375        6.38653655E-05
   14.478533241771709        6.39443824E-05
   14.480259960107043        6.40234866E-05
   14.481986678442377        6.41026854E-05
   14.483713396777711        6.41819715E-05
   14.485440115113045        6.42613522E-05
   14.487166833448379        6.43408275E-05
   14.488893551783713        6.44203901E-05
   14.490620270119047        6.45000473E-05
   14.492346988454381        6.45797991E-05
   14.494073706789715        6.46596527E-05
   14.495800425125049        6.47396082E-05
   14.497527143460383        6.48196656E-05
   14.499253861795717        6.48998248E-05
   14.500980580131051        6.49800786E-05
   14.502707298466385        6.50604343E-05
   14.504434016801719        6.51408918E-05
   14.506160735137053        6.52214439E-05
   14.507887453472387        6.53020907E-05
   14.509614171807721        6.53828320E-05
   14.511340890143055        6.54636679E-05
   14.513067608478389        6.55445911E-05
   14.514794326813723        6.56256088E-05
   14.516521045149057        6.57067212E-05
   14.518247763484391        6.57879282E-05
   14.519974481819725        6.58692370E-05
   14.521701200155059        6.59506404E-05
   14.523427918490393        6.60321457E-05
   14.525154636825727        6.61137528E-05
   14.526881355161061        6.61954618E-05
   14.528608073496395        6.62772727E-05
   14.530334791831729        6.63591854E-05
   14.532061510167063        6.64412000E-05
   14.533788228502397        6.65233165E-05
   14.535514946837731        6.66055348E-05
   14.537241665173065        6.66878477E-05
   14.538968383508399        6.67702625E-05
   14.540695101843733        6.68527719E-05
   14.542421820179067        6.69353831E-05
   14.544148538514401        6.70180889E-05
   14.545875256849735        6.71008966E-05
   14.547601975185069        6.71837988E-05
   14.549328693520403        6.72668029E-05
   14.551055411855737        6.73499089E-05
   14.552782130191071        6.74331168E-05
   14.554508848526405        6.75164265E-05
   14.556235566861739        6.75998454E-05
   14.557962285197073        6.76833661E-05
   14.559689003532407        6.77669886E-05
   14.561415721867741        6.78507131E-05
   14.563142440203075        6.79345394E-05
   14.564869158538409        6.80184603E-05
   14.566595876873743        6.81024758E-05
   14.568322595209077        6.81865931E-05
   14.570049313544411        6.82708123E-05
   14.571776031879745        6.83551334E-05
   14.573502750215079        6.84395636E-05
   14.575229468550413        6.85241030E-05
   14.576956186885747        6.86087442E-05
   14.578682905221081        6.86934945E-05
   14.580409623556415        6.87783540E-05
   14.582136341891749        6.88633154E-05
   14.583863060227083        6.89483859E-05
   14.585589778562417        6.90335510E-05
   14.587316496897751        6.91188179E-05
   14.589043215233085        6.92041867E-05
   14.590769933568419        6.92896501E-05
   14.592496651903753        6.93752154E-05
   14.594223370239087        6.94608825E-05
   14.595950088574421        6.95466442E-05
   14.597676806909755        6.96325078E-05
   14.599403525245089        6.97184805E-05
   14.601130243580423        6.98045551E-05
   14.602856961915757        6.98907388E-05
   14.604583680251091        6.99770317E-05
   14.606310398586425        7.00634337E-05
   14.608037116921759        7.01499448E-05
   14.609763835257093        7.02365651E-05
   14.611490553592427        7.03232945E-05
   14.613217271927761        7.04101258E-05
   14.614943990263095        7.04970662E-05
   14.616670708598429        7.05841085E-05
   14.618397426933763        7.06712526E-05
   14.620124145269097        7.07584986E-05
   14.621850863604431        7.08458465E-05
   14.623577581939765        7.09332962E-05
   14.625304300275099        7.10208478E-05
   14.627031018610433        7.11085013E-05
   14.628757736945767        7.11962639E-05
   14.630484455281101        7.12841284E-05
   14.632211173616435        7.13721020E-05
   14.633937891951769        7.14601847E-05
   14.635664610287103        7.15483839E-05
   14.637391328622437        7.16366922E-05
   14.639118046957771        7.17251169E-05
   14.640844765293105        7.18136507E-05
   14.642571483628439        7.19022937E-05
   14.644298201963773        7.19910386E-05
   14.646024920299107        7.20798926E-05
   14.647751638634441        7.21688484E-05
   14.649478356969775        7.22578989E-05
   14.651205075305109        7.23470512E-05
   14.652931793640443        7.24363053E-05
   14.654658511975777        7.25256614E-05
   14.656385230311111        7.26151193E-05
   14.658111948646445        7.27046790E-05
   14.659838666981779        7.27943479E-05
   14.661565385317113        7.28841333E-05
   14.663292103652447        7.29740350E-05
   14.665018821987781        7.30640531E-05
   14.666745540323115        7.31541877E-05
   14.668472258658449        7.32444460E-05
   14.670198976993783        7.33348206E-05
   14.671925695329117        7.34253044E-05
   14.673652413664451        7.35159047E-05
   14.675379131999785        7.36066140E-05
   14.677105850335119        7.36974253E-05
   14.678832568670453        7.37883456E-05
   14.680559287005787        7.38793678E-05
   14.682286005341121        7.39704919E-05
   14.684012723676455        7.40617252E-05
   14.685739442011789        7.41530603E-05
   14.687466160347123        7.42444972E-05
   14.689192878682457        7.43360433E-05
   14.690919597017791        7.44277058E-05
   14.692646315353125        7.45194848E-05
   14.694373033688459        7.46113801E-05
   14.696099752023793        7.47033919E-05
   14.697826470359127        7.47955200E-05
   14.699553188694461        7.48877719E-05
   14.701279907029795        7.49801402E-05
   14.703006625365129        7.50726176E-05
   14.704733343700463        7.51652042E-05
   14.706460062035797        7.52578999E-05
   14.708186780371131        7.53507047E-05
   14.709913498706465        7.54436187E-05
   14.711640217041799        7.55366345E-05
   14.713366935377133        7.56297522E-05
   14.715093653712467        7.57229791E-05
   14.716820372047801        7.58163151E-05
   14.718547090383135        7.59097602E-05
   14.720273808718469        7.60033145E-05
   14.722000527053803        7.60969851E-05
   14.723727245389137        7.61907722E-05
   14.725453963724471        7.62846830E-05
   14.727180682059805        7.63787175E-05
   14.728907400395139        7.64728757E-05
   14.730634118730473        7.65671575E-05
   14.732360837065807        7.66615631E-05
   14.734087555401141        7.67560850E-05
   14.735814273736475        7.68507234E-05
   14.737540992071809        7.69454709E-05
   14.739267710407143        7.70403203E-05
   14.740994428742477        7.71352716E-05
   14.742721147077811        7.72303320E-05
   14.744447865413145        7.73254942E-05
   14.746174583748479        7.74207583E-05
   14.747901302083813        7.75161316E-05
   14.749628020419147        7.76116140E-05
   14.751354738754481        7.77072128E-05
   14.753081457089815        7.78029280E-05
   14.754808175425149        7.78987669E-05
   14.756534893760483        7.79947368E-05
   14.758261612095817        7.80908304E-05
   14.759988330431151        7.81870476E-05
   14.761715048766485        7.82833959E-05
   14.763441767101819        7.83798678E-05
   14.765168485437153        7.84764561E-05
   14.766895203772487        7.85731609E-05
   14.768621922107821        7.86699748E-05
   14.770348640443155        7.87669051E-05
   14.772075358778489        7.88639445E-05
   14.773802077113823        7.89610931E-05
   14.775528795449157        7.90583508E-05
   14.777255513784491        7.91557177E-05
   14.778982232119825        7.92532010E-05
   14.780708950455159        7.93508007E-05
   14.782435668790493        7.94485240E-05
   14.784162387125827        7.95463711E-05
   14.785889105461161        7.96443419E-05
   14.787615823796495        7.97424436E-05
   14.789342542131829        7.98406691E-05
   14.791069260467163        7.99390255E-05
   14.792795978802497        8.00374983E-05
   14.794522697137831        8.01360875E-05
   14.796249415473165        8.02347931E-05
   14.797976133808499        8.03336152E-05
   14.799702852143833        8.04325464E-05
   14.801429570479167        8.05315867E-05
   14.803156288814501        8.06307435E-05
   14.804883007149835        8.07300094E-05
   14.806609725485169        8.08293917E-05
   14.808336443820503        8.09288904E-05
   14.810063162155837        8.10285055E-05
   14.811789880491171        8.11282516E-05
   14.813516598826505        8.12281214E-05
   14.815243317161839        8.13281222E-05
   14.816970035497173        8.14282466E-05
   14.818696753832507        8.15285021E-05
   14.820423472167841        8.16288884E-05
   14.822150190503175        8.17293985E-05
   14.823876908838509        8.18300250E-05
   14.825603627173843        8.19307679E-05
   14.827330345509177        8.20316272E-05
   14.829057063844511        8.21326030E-05
   14.830783782179845        8.22336879E-05
   14.832510500515179        8.23348892E-05
   14.834237218850513        8.24362069E-05
   14.835963937185847        8.25376410E-05
   14.837690655521181        8.26391988E-05
   14.839417373856515        8.27408876E-05
   14.841144092191849        8.28427001E-05
   14.842870810527183        8.29446435E-05
   14.844597528862517        8.30467179E-05
   14.846324247197851        8.31489233E-05
   14.848050965533185        8.32512524E-05
   14.849777683868519        8.33537124E-05
   14.851504402203853        8.34563034E-05
   14.853231120539187        8.35590181E-05
   14.854957838874521        8.36618565E-05
   14.856684557209855        8.37648113E-05
   14.858411275545189        8.38678825E-05
   14.860137993880523        8.39710774E-05
   14.861864712215857        8.40743887E-05
   14.863591430551191        8.41778237E-05
   14.865318148886525        8.42813897E-05
   14.867044867221859        8.43850794E-05
   14.868771585557193        8.44889000E-05
   14.870498303892527        8.45928516E-05
   14.872225022227861        8.46969269E-05
   14.873951740563195        8.48011332E-05
   14.875678458898529        8.49054632E-05
   14.877405177233863        8.50099241E-05
   14.879131895569197        8.51145014E-05
   14.880858613904531        8.52192024E-05
   14.882585332239865        8.53240272E-05
   14.884312050575199        8.54289683E-05
   14.886038768910533        8.55340331E-05
   14.887765487245867        8.56392217E-05
   14.889492205581201        8.57445266E-05
   14.891218923916535        8.58499625E-05
   14.892945642251869        8.59555294E-05
   14.894672360587203        8.60612272E-05
   14.896399078922537        8.61670560E-05
   14.898125797257871        8.62730230E-05
   14.899852515593205        8.63791211E-05
   14.901579233928539        8.64853573E-05
   14.903305952263873        8.65917245E-05
   14.905032670599207        8.66982227E-05
   14.906759388934541        8.68048446E-05
   14.908486107269875        8.69115975E-05
   14.910212825605209        8.70184740E-05
   14.911939543940543        8.71254670E-05
   14.913666262275877        8.72325836E-05
   14.915392980611211        8.73398239E-05
   14.917119698946545        8.74471880E-05
   14.918846417281879        8.75546830E-05
   14.920573135617213        8.76623089E-05
   14.922299853952547        8.77700659E-05
   14.924026572287881        8.78779611E-05
   14.925753290623215        8.79859945E-05
   14.927480008958549        8.80941589E-05
   14.929206727293883        8.82024688E-05
   14.930933445629217        8.83109096E-05
   14.932660163964551        8.84194815E-05
   14.934386882299885        8.85281843E-05
   14.936113600635219        8.86370181E-05
   14.937840318970553        8.87459682E-05
   14.939567037305887        8.88550421E-05
   14.941293755641221        8.89642397E-05
   14.943020473976555        8.90735537E-05
   14.944747192311889        8.91829914E-05
   14.946473910647223        8.92925527E-05
   14.948200628982557        8.94022451E-05
   14.949927347317891        8.95120684E-05
   14.951654065653225        8.96220299E-05
   14.953380783988559        8.97321370E-05
   14.955107502323893        8.98423896E-05
   14.956834220659227        8.99527877E-05
   14.958560938994561        9.00633313E-05
   14.960287657329895        9.01740204E-05
   14.962014375665229        9.02848478E-05
   14.963741094000563        9.03958062E-05
   14.965467812335897        9.05069028E-05
   14.967194530671231        9.06181231E-05
   14.968921249006565        9.07294670E-05
   14.970647967341899        9.08409347E-05
   14.972374685677233        9.09525261E-05
   14.974101404012567        9.10642411E-05
   14.975828122347901        9.11760799E-05
   14.977554840683235        9.12880496E-05
   14.979281559018569        9.14001575E-05
   14.981008277353903        9.15124037E-05
   14.982734995689237        9.16248027E-05
   14.984461714024571        9.17373472E-05
   14.986188432359905        9.18500373E-05
   14.987915150695239        9.19628728E-05
   14.989641869030573        9.20758466E-05
   14.991368587365907        9.21889587E-05
   14.993095305701241        9.23022089E-05
   14.994822024036575        9.24155902E-05
   14.996548742371909        9.25290951E-05
   14.998275460707243        9.26427238E-05
   15.000002179042577        9.27564834E-05
   15.001728897377911        9.28703666E-05
   15.003455615713245        9.29843809E-05
   15.005182334048579        9.30985334E-05
   15.006909052383913        9.32128241E-05
   15.008635770719247        9.33272677E-05
   15.010362489054581        9.34418567E-05
   15.012089207389915        9.35565913E-05
   15.013815925725249        9.36714787E-05
   15.015542644060583        9.37865116E-05
   15.017269362395917        9.39016900E-05
   15.018996080731251        9.40170139E-05
   15.020722799066585        9.41324761E-05
   15.022449517401919        9.42480765E-05
   15.024176235737253        9.43638006E-05
   15.025902954072587        9.44796557E-05
   15.027629672407921        9.45956417E-05
   15.029356390743255        9.47117587E-05
   15.031083109078589        9.48280067E-05
   15.032809827413923        9.49443856E-05
   15.034536545749257        9.50609028E-05
   15.036263264084591        9.51775583E-05
   15.037989982419925        9.52943592E-05
   15.039716700755259        9.54113057E-05
   15.041443419090593        9.55284049E-05
   15.043170137425927        9.56456497E-05
   15.044896855761261        9.57630400E-05
   15.046623574096595        9.58805831E-05
   15.048350292431929        9.59982717E-05
   15.050077010767263        9.61161059E-05
   15.051803729102597        9.62340782E-05
   15.053530447437931        9.63521816E-05
   15.055257165773265        9.64704232E-05
   15.056983884108599        9.65887957E-05
   15.058710602443933        9.67073065E-05
   15.060437320779267        9.68259556E-05
   15.062164039114601        9.69447428E-05
   15.063890757449935        9.70636756E-05
   15.065617475785269        9.71827540E-05
   15.067344194120603        9.73019778E-05
   15.069070912455937        9.74213544E-05
   15.070797630791271        9.75408839E-05
   15.072524349126605        9.76605661E-05
   15.074251067461939        9.77804011E-05
   15.075977785797273        9.79003817E-05
   15.077704504132607        9.80205004E-05
   15.079431222467941        9.81407647E-05
   15.081157940803275        9.82611673E-05
   15.082884659138609        9.83817081E-05
   15.084611377473943        9.85023871E-05
   15.086338095809277        9.86232044E-05
   15.088064814144611        9.87441599E-05
   15.089791532479945        9.88652610E-05
   15.091518250815279        9.89865075E-05
   15.093244969150613        9.91079069E-05
   15.094971687485947        9.92294590E-05
   15.096698405821281        9.93511567E-05
   15.098425124156615        9.94730071E-05
   15.100151842491949        9.95950031E-05
   15.101878560827283        9.97171446E-05
   15.103605279162617        9.98394316E-05
   15.105331997497951        9.99618642E-05
   15.107058715833285        1.00084435E-04
   15.108785434168619        1.00207144E-04
   15.110512152503953        1.00329999E-04
   15.112238870839287        1.00452991E-04
   15.113965589174621        1.00576130E-04
   15.115692307509955        1.00699413E-04
   15.117419025845289        1.00822850E-04
   15.119145744180623        1.00946432E-04
   15.120872462515957        1.01070174E-04
   15.122599180851291        1.01194069E-04
   15.124325899186625        1.01318125E-04
   15.126052617521959        1.01442332E-04
   15.127779335857293        1.01566700E-04
   15.129506054192627        1.01691214E-04
   15.131232772527961        1.01815880E-04
   15.132959490863295        1.01940692E-04
   15.134686209198629        1.02065649E-04
   15.136412927533963        1.02190752E-04
   15.138139645869297        1.02316000E-04
   15.139866364204631        1.02441387E-04
   15.141593082539964        1.02566919E-04
   15.143319800875298        1.02692604E-04
   15.145046519210632        1.02818434E-04
   15.146773237545966        1.02944417E-04
   15.148499955881300        1.03070561E-04
   15.150226674216634        1.03196864E-04
   15.151953392551968        1.03323327E-04
   15.153680110887302        1.03449958E-04
   15.155406829222636        1.03576749E-04
   15.157133547557970        1.03703707E-04
   15.158860265893304        1.03830818E-04
   15.160586984228638        1.03958082E-04
   15.162313702563972        1.04085491E-04
   15.164040420899306        1.04213046E-04
   15.165767139234640        1.04340746E-04
   15.167493857569974        1.04468585E-04
   15.169220575905308        1.04596562E-04
   15.170947294240642        1.04724684E-04
   15.172674012575976        1.04852945E-04
   15.174400730911310        1.04981358E-04
   15.176127449246644        1.05109924E-04
   15.177854167581978        1.05238651E-04
   15.179580885917312        1.05367537E-04
   15.181307604252646        1.05496591E-04
   15.183034322587980        1.05625812E-04
   15.184761040923314        1.05755200E-04
   15.186487759258648        1.05884756E-04
   15.188214477593982        1.06014471E-04
   15.189941195929316        1.06144347E-04
   15.191667914264650        1.06274376E-04
   15.193394632599984        1.06404557E-04
   15.195121350935318        1.06534892E-04
   15.196848069270652        1.06665379E-04
   15.198574787605986        1.06796011E-04
   15.200301505941320        1.06926789E-04
   15.202028224276654        1.07057720E-04
   15.203754942611988        1.07188804E-04
   15.205481660947322        1.07320040E-04
   15.207208379282656        1.07451437E-04
   15.208935097617990        1.07582993E-04
   15.210661815953324        1.07714717E-04
   15.212388534288658        1.07846608E-04
   15.214115252623992        1.07978667E-04
   15.215841970959326        1.08110886E-04
   15.217568689294660        1.08243272E-04
   15.219295407629994        1.08375818E-04
   15.221022125965328        1.08508524E-04
   15.222748844300662        1.08641390E-04
   15.224475562635996        1.08774402E-04
   15.226202280971330        1.08907567E-04
   15.227928999306664        1.09040884E-04
   15.229655717641998        1.09174347E-04
   15.231382435977332        1.09307955E-04
   15.233109154312666        1.09441724E-04
   15.234835872648000        1.09575652E-04
   15.236562590983334        1.09709741E-04
   15.238289309318668        1.09843997E-04
   15.240016027654002        1.09978428E-04
   15.241742745989336        1.10113026E-04
   15.243469464324670        1.10247798E-04
   15.245196182660004        1.10382738E-04
   15.246922900995338        1.10517853E-04
   15.248649619330672        1.10653134E-04
   15.250376337666006        1.10788576E-04
   15.252103056001340        1.10924171E-04
   15.253829774336674        1.11059926E-04
   15.255556492672008        1.11195834E-04
   15.257283211007342        1.11331901E-04
   15.259009929342676        1.11468122E-04
   15.260736647678010        1.11604502E-04
   15.262463366013344        1.11741036E-04
   15.264190084348678        1.11877736E-04
   15.265916802684012        1.12014604E-04
   15.267643521019346        1.12151640E-04
   15.269370239354680        1.12288843E-04
   15.271096957690014        1.12426220E-04
   15.272823676025348        1.12563772E-04
   15.274550394360682        1.12701491E-04
   15.276277112696016        1.12839385E-04
   15.278003831031350        1.12977439E-04
   15.279730549366684        1.13115660E-04
   15.281457267702018        1.13254042E-04
   15.283183986037352        1.13392576E-04
   15.284910704372686        1.13531270E-04
   15.286637422708020        1.13670125E-04
   15.288364141043354        1.13809139E-04
   15.290090859378688        1.13948314E-04
   15.291817577714022        1.14087656E-04
   15.293544296049356        1.14227172E-04
   15.295271014384690        1.14366863E-04
   15.296997732720024        1.14506722E-04
   15.298724451055358        1.14646762E-04
   15.300451169390692        1.14786970E-04
   15.302177887726026        1.14927352E-04
   15.303904606061360        1.15067909E-04
   15.305631324396694        1.15208633E-04
   15.307358042732028        1.15349532E-04
   15.309084761067362        1.15490599E-04
   15.310811479402696        1.15631832E-04
   15.312538197738030        1.15773233E-04
   15.314264916073364        1.15914801E-04
   15.315991634408698        1.16056530E-04
   15.317718352744032        1.16198426E-04
   15.319445071079366        1.16340489E-04
   15.321171789414700        1.16482726E-04
   15.322898507750034        1.16625131E-04
   15.324625226085368        1.16767711E-04
   15.326351944420702        1.16910458E-04
   15.328078662756036        1.17053380E-04
   15.329805381091370        1.17196469E-04
   15.331532099426704        1.17339725E-04
   15.333258817762038        1.17483156E-04
   15.334985536097372        1.17626747E-04
   15.336712254432706        1.17770505E-04
   15.338438972768040        1.17914431E-04
   15.340165691103374        1.18058524E-04
   15.341892409438708        1.18202785E-04
   15.343619127774042        1.18347220E-04
   15.345345846109376        1.18491829E-04
   15.347072564444710        1.18636613E-04
   15.348799282780044        1.18781580E-04
   15.350526001115378        1.18926728E-04
   15.352252719450712        1.19072058E-04
   15.353979437786046        1.19217570E-04
   15.355706156121380        1.19363263E-04
   15.357432874456714        1.19509139E-04
   15.359159592792048        1.19655197E-04
   15.360886311127382        1.19801429E-04
   15.362613029462716        1.19947836E-04
   15.364339747798050        1.20094410E-04
   15.366066466133384        1.20241159E-04
   15.367793184468718        1.20388075E-04
   15.369519902804052        1.20535158E-04
   15.371246621139386        1.20682416E-04
   15.372973339474720        1.20829842E-04
   15.374700057810054        1.20977435E-04
   15.376426776145388        1.21125209E-04
   15.378153494480722        1.21273166E-04
   15.379880212816056        1.21421304E-04
   15.381606931151390        1.21569632E-04
   15.383333649486724        1.21718142E-04
   15.385060367822058        1.21866833E-04
   15.386787086157392        1.22015714E-04
   15.388513804492726        1.22164769E-04
   15.390240522828060        1.22313999E-04
   15.391967241163394        1.22463418E-04
   15.393693959498728        1.22612997E-04
   15.395420677834062        1.22762751E-04
   15.397147396169396        1.22912679E-04
   15.398874114504730        1.23062782E-04
   15.400600832840064        1.23213045E-04
   15.402327551175398        1.23363483E-04
   15.404054269510732        1.23514095E-04
   15.405780987846066        1.23664882E-04
   15.407507706181400        1.23815858E-04
   15.409234424516734        1.23967024E-04
   15.410961142852068        1.24118378E-04
   15.412687861187402        1.24269922E-04
   15.414414579522736        1.24421655E-04
   15.416141297858070        1.24573577E-04
   15.417868016193404        1.24725688E-04
   15.419594734528738        1.24877974E-04
   15.421321452864072        1.25030449E-04
   15.423048171199406        1.25183098E-04
   15.424774889534740        1.25335937E-04
   15.426501607870074        1.25488950E-04
   15.428228326205408        1.25642124E-04
   15.429955044540742        1.25795486E-04
   15.431681762876076        1.25949024E-04
   15.433408481211410        1.26102736E-04
   15.435135199546744        1.26256637E-04
   15.436861917882078        1.26410741E-04
   15.438588636217412        1.26565035E-04
   15.440315354552746        1.26719518E-04
   15.442042072888080        1.26874205E-04
   15.443768791223414        1.27029081E-04
   15.445495509558748        1.27184147E-04
   15.447222227894082        1.27339401E-04
   15.448948946229416        1.27494844E-04
   15.450675664564750        1.27650477E-04
   15.452402382900084        1.27806285E-04
   15.454129101235418        1.27962267E-04
   15.455855819570752        1.28118423E-04
   15.457582537906086        1.28274754E-04
   15.459309256241420        1.28431260E-04
   15.461035974576754        1.28587941E-04
   15.462762692912088        1.28744810E-04
   15.464489411247422        1.28901869E-04
   15.466216129582756        1.29059117E-04
   15.467942847918090        1.29216554E-04
   15.469669566253424        1.29374195E-04
   15.471396284588758        1.29532025E-04
   15.473123002924092        1.29690059E-04
   15.474849721259426        1.29848297E-04
   15.476576439594760        1.30006738E-04
   15.478303157930094        1.30165368E-04
   15.480029876265428        1.30324173E-04
   15.481756594600762        1.30483168E-04
   15.483483312936096        1.30642336E-04
   15.485210031271430        1.30801694E-04
   15.486936749606764        1.30961242E-04
   15.488663467942098        1.31120963E-04
   15.490390186277432        1.31280874E-04
   15.492116904612766        1.31440960E-04
   15.493843622948100        1.31601235E-04
   15.495570341283434        1.31761713E-04
   15.497297059618768        1.31922381E-04
   15.499023777954102        1.32083253E-04
   15.500750496289436        1.32244342E-04
   15.502477214624770        1.32405636E-04
   15.504203932960104        1.32567133E-04
   15.505930651295438        1.32728819E-04
   15.507657369630772        1.32890695E-04
   15.509384087966106        1.33052759E-04
   15.511110806301440        1.33215013E-04
   15.512837524636774        1.33377456E-04
   15.514564242972108        1.33540074E-04
   15.516290961307442        1.33702881E-04
   15.518017679642776        1.33865877E-04
   15.519744397978110        1.34029062E-04
   15.521471116313444        1.34192436E-04
   15.523197834648778        1.34356000E-04
   15.524924552984112        1.34519767E-04
   15.526651271319446        1.34683738E-04
   15.528377989654780        1.34847913E-04
   15.530104707990114        1.35012291E-04
   15.531831426325448        1.35176873E-04
   15.533558144660782        1.35341659E-04
   15.535284862996116        1.35506634E-04
   15.537011581331450        1.35671813E-04
   15.538738299666784        1.35837196E-04
   15.540465018002118        1.36002782E-04
   15.542191736337452        1.36168557E-04
   15.543918454672786        1.36334522E-04
   15.545645173008120        1.36500690E-04
   15.547371891343454        1.36667048E-04
   15.549098609678788        1.36833594E-04
   15.550825328014122        1.37000345E-04
   15.552552046349456        1.37167299E-04
   15.554278764684790        1.37334457E-04
   15.556005483020124        1.37501818E-04
   15.557732201355458        1.37669384E-04
   15.559458919690792        1.37837138E-04
   15.561185638026126        1.38005096E-04
   15.562912356361460        1.38173244E-04
   15.564639074696794        1.38341595E-04
   15.566365793032128        1.38510135E-04
   15.568092511367462        1.38678879E-04
   15.569819229702796        1.38847812E-04
   15.571545948038130        1.39016949E-04
   15.573272666373464        1.39186275E-04
   15.574999384708798        1.39355805E-04
   15.576726103044132        1.39525553E-04
   15.578452821379466        1.39695505E-04
   15.580179539714800        1.39865675E-04
   15.581906258050134        1.40036049E-04
   15.583632976385468        1.40206626E-04
   15.585359694720802        1.40377422E-04
   15.587086413056136        1.40548422E-04
   15.588813131391470        1.40719640E-04
   15.590539849726804        1.40891061E-04
   15.592266568062138        1.41062686E-04
   15.593993286397472        1.41234515E-04
   15.595720004732806        1.41406548E-04
   15.597446723068140        1.41578770E-04
   15.599173441403474        1.41751196E-04
   15.600900159738808        1.41923825E-04
   15.602626878074142        1.42096644E-04
   15.604353596409476        1.42269681E-04
   15.606080314744810        1.42442921E-04
   15.607807033080144        1.42616380E-04
   15.609533751415478        1.42790042E-04
   15.611260469750812        1.42963923E-04
   15.612987188086146        1.43138022E-04
   15.614713906421480        1.43312340E-04
   15.616440624756814        1.43486861E-04
   15.618167343092148        1.43661586E-04
   15.619894061427482        1.43836514E-04
   15.621620779762816        1.44011647E-04
   15.623347498098150        1.44186983E-04
   15.625074216433484        1.44362508E-04
   15.626800934768818        1.44538237E-04
   15.628527653104152        1.44714169E-04
   15.630254371439486        1.44890306E-04
   15.631981089774820        1.45066660E-04
   15.633707808110154        1.45243233E-04
   15.635434526445488        1.45420010E-04
   15.637161244780822        1.45597005E-04
   15.638887963116156        1.45774218E-04
   15.640614681451490        1.45951650E-04
   15.642341399786824        1.46129300E-04
   15.644068118122158        1.46307168E-04
   15.645794836457492        1.46485254E-04
   15.647521554792826        1.46663544E-04
   15.649248273128160        1.46842052E-04
   15.650974991463494        1.47020764E-04
   15.652701709798828        1.47199680E-04
   15.654428428134162        1.47378800E-04
   15.656155146469496        1.47558138E-04
   15.657881864804830        1.47737679E-04
   15.659608583140164        1.47917439E-04
   15.661335301475498        1.48097417E-04
   15.663062019810832        1.48277613E-04
   15.664788738146166        1.48458028E-04
   15.666515456481500        1.48638661E-04
   15.668242174816834        1.48819512E-04
   15.669968893152168        1.49000596E-04
   15.671695611487502        1.49181898E-04
   15.673422329822836        1.49363419E-04
   15.675149048158170        1.49545158E-04
   15.676875766493504        1.49727115E-04
   15.678602484828838        1.49909290E-04
   15.680329203164172        1.50091670E-04
   15.682055921499506        1.50274267E-04
   15.683782639834840        1.50457068E-04
   15.685509358170174        1.50640073E-04
   15.687236076505508        1.50823282E-04
   15.688962794840842        1.51006694E-04
   15.690689513176176        1.51190325E-04
   15.692416231511510        1.51374174E-04
   15.694142949846844        1.51558255E-04
   15.695869668182178        1.51742555E-04
   15.697596386517512        1.51927088E-04
   15.699323104852846        1.52111854E-04
   15.701049823188180        1.52296852E-04
   15.702776541523514        1.52482084E-04
   15.704503259858848        1.52667548E-04
   15.706229978194182        1.52853230E-04
   15.707956696529516        1.53039146E-04
   15.709683414864850        1.53225265E-04
   15.711410133200184        1.53411602E-04
   15.713136851535518        1.53598157E-04
   15.714863569870852        1.53784917E-04
   15.716590288206186        1.53971894E-04
   15.718317006541520        1.54159075E-04
   15.720043724876854        1.54346460E-04
   15.721770443212188        1.54534064E-04
   15.723497161547522        1.54721885E-04
   15.725223879882856        1.54909940E-04
   15.726950598218190        1.55098227E-04
   15.728677316553524        1.55286747E-04
   15.730404034888858        1.55475514E-04
   15.732130753224192        1.55664529E-04
   15.733857471559526        1.55853792E-04
   15.735584189894860        1.56043287E-04
   15.737310908230194        1.56233014E-04
   15.739037626565528        1.56422975E-04
   15.740764344900862        1.56613154E-04
   15.742491063236196        1.56803551E-04
   15.744217781571530        1.56994167E-04
   15.745944499906864        1.57185001E-04
   15.747671218242198        1.57376038E-04
   15.749397936577532        1.57567294E-04
   15.751124654912866        1.57758754E-04
   15.752851373248200        1.57950431E-04
   15.754578091583534        1.58142342E-04
   15.756304809918868        1.58334486E-04
   15.758031528254202        1.58526862E-04
   15.759758246589536        1.58719471E-04
   15.761484964924870        1.58912328E-04
   15.763211683260204        1.59105432E-04
   15.764938401595538        1.59298783E-04
   15.766665119930872        1.59492367E-04
   15.768391838266206        1.59686184E-04
   15.770118556601540        1.59880234E-04
   15.771845274936874        1.60074516E-04
   15.773571993272208        1.60269003E-04
   15.775298711607542        1.60463722E-04
   15.777025429942876        1.60658645E-04
   15.778752148278210        1.60853800E-04
   15.780478866613544        1.61049174E-04
   15.782205584948878        1.61244781E-04
   15.783932303284212        1.61440621E-04
   15.785659021619546        1.61636708E-04
   15.787385739954880        1.61833043E-04
   15.789112458290214        1.62029624E-04
   15.790839176625548        1.62226439E-04
   15.792565894960882        1.62423501E-04
   15.794292613296216        1.62620810E-04
   15.796019331631550        1.62818353E-04
   15.797746049966884        1.63016128E-04
   15.799472768302218        1.63214136E-04
   15.801199486637552        1.63412362E-04
   15.802926204972886        1.63610806E-04
   15.804652923308220        1.63809484E-04
   15.806379641643554        1.64008379E-04
   15.808106359978888        1.64207508E-04
   15.809833078314222        1.64406854E-04
   15.811559796649556        1.64606448E-04
   15.813286514984890        1.64806275E-04
   15.815013233320224        1.65006350E-04
   15.816739951655558        1.65206671E-04
   15.818466669990892        1.65407255E-04
   15.820193388326226        1.65608100E-04
   15.821920106661560        1.65809193E-04
   15.823646824996894        1.66010534E-04
   15.825373543332228        1.66212121E-04
   15.827100261667562        1.66413956E-04
   15.828826980002896        1.66616024E-04
   15.830553698338230        1.66818325E-04
   15.832280416673564        1.67020858E-04
   15.834007135008898        1.67223625E-04
   15.835733853344232        1.67426624E-04
   15.837460571679566        1.67629842E-04
   15.839187290014900        1.67833292E-04
   15.840914008350234        1.68036990E-04
   15.842640726685568        1.68240920E-04
   15.844367445020902        1.68445098E-04
   15.846094163356236        1.68649523E-04
   15.847820881691570        1.68854196E-04
   15.849547600026904        1.69059131E-04
   15.851274318362238        1.69264313E-04
   15.853001036697572        1.69469742E-04
   15.854727755032906        1.69675419E-04
   15.856454473368240        1.69881343E-04
   15.858181191703574        1.70087500E-04
   15.859907910038908        1.70293890E-04
   15.861634628374242        1.70500512E-04
   15.863361346709576        1.70707368E-04
   15.865088065044910        1.70914456E-04
   15.866814783380244        1.71121792E-04
   15.868541501715578        1.71329375E-04
   15.870268220050912        1.71537205E-04
   15.871994938386246        1.71745298E-04
   15.873721656721580        1.71953652E-04
   15.875448375056914        1.72162254E-04
   15.877175093392248        1.72371118E-04
   15.878901811727582        1.72580243E-04
   15.880628530062916        1.72789616E-04
   15.882355248398250        1.72999251E-04
   15.884081966733584        1.73209133E-04
   15.885808685068918        1.73419263E-04
   15.887535403404252        1.73629640E-04
   15.889262121739586        1.73840264E-04
   15.890988840074920        1.74051122E-04
   15.892715558410254        1.74262226E-04
   15.894442276745588        1.74473578E-04
   15.896168995080922        1.74685178E-04
   15.897895713416256        1.74897039E-04
   15.899622431751590        1.75109148E-04
   15.901349150086924        1.75321518E-04
   15.903075868422258        1.75534136E-04
   15.904802586757592        1.75747016E-04
   15.906529305092926        1.75960158E-04
   15.908256023428260        1.76173562E-04
   15.909982741763594        1.76387228E-04
   15.911709460098928        1.76601141E-04
   15.913436178434262        1.76815302E-04
   15.915162896769596        1.77029695E-04
   15.916889615104930        1.77244336E-04
   15.918616333440264        1.77459209E-04
   15.920343051775598        1.77674330E-04
   15.922069770110932        1.77889699E-04
   15.923796488446266        1.78105329E-04
   15.925523206781600        1.78321221E-04
   15.927249925116934        1.78537375E-04
   15.928976643452268        1.78753806E-04
   15.930703361787602        1.78970513E-04
   15.932430080122936        1.79187482E-04
   15.934156798458270        1.79404728E-04
   15.935883516793604        1.79622250E-04
   15.937610235128938        1.79840034E-04
   15.939336953464272        1.80058065E-04
   15.941063671799606        1.80276358E-04
   15.942790390134940        1.80494884E-04
   15.944517108470274        1.80713658E-04
   15.946243826805608        1.80932679E-04
   15.947970545140942        1.81151932E-04
   15.949697263476276        1.81371433E-04
   15.951423981811610        1.81591182E-04
   15.953150700146944        1.81811178E-04
   15.954877418482278        1.82031436E-04
   15.956604136817612        1.82251970E-04
   15.958330855152946        1.82472766E-04
   15.960057573488280        1.82693853E-04
   15.961784291823614        1.82915217E-04
   15.963511010158948        1.83136872E-04
   15.965237728494282        1.83358803E-04
   15.966964446829616        1.83581011E-04
   15.968691165164950        1.83803495E-04
   15.970417883500284        1.84026241E-04
   15.972144601835618        1.84249249E-04
   15.973871320170952        1.84472519E-04
   15.975598038506286        1.84696037E-04
   15.977324756841620        1.84919802E-04
   15.979051475176954        1.85143828E-04
   15.980778193512288        1.85368102E-04
   15.982504911847622        1.85592624E-04
   15.984231630182956        1.85817407E-04
   15.985958348518290        1.86042467E-04
   15.987685066853624        1.86267804E-04
   15.989411785188958        1.86493431E-04
   15.991138503524292        1.86719335E-04
   15.992865221859626        1.86945515E-04
   15.994591940194960        1.87171958E-04
   15.996318658530294        1.87398677E-04
   15.998045376865628        1.87625657E-04
   15.999772095200962        1.87852900E-04
   16.001498813536294        1.88080405E-04
   16.003225531871628        1.88308157E-04
   16.004952250206962        1.88536171E-04
   16.006678968542296        1.88764447E-04
   16.008405686877630        1.88992999E-04
   16.010132405212964        1.89221813E-04
   16.011859123548298        1.89450904E-04
   16.013585841883632        1.89680271E-04
   16.015312560218966        1.89909930E-04
   16.017039278554300        1.90139865E-04
   16.018765996889634        1.90370090E-04
   16.020492715224968        1.90600593E-04
   16.022219433560302        1.90831386E-04
   16.023946151895636        1.91062456E-04
   16.025672870230970        1.91293802E-04
   16.027399588566304        1.91525425E-04
   16.029126306901638        1.91757325E-04
   16.030853025236972        1.91989486E-04
   16.032579743572306        1.92221909E-04
   16.034306461907640        1.92454594E-04
   16.036033180242974        1.92687541E-04
   16.037759898578308        1.92920750E-04
   16.039486616913642        1.93154221E-04
   16.041213335248976        1.93387983E-04
   16.042940053584310        1.93622021E-04
   16.044666771919644        1.93856351E-04
   16.046393490254978        1.94090971E-04
   16.048120208590312        1.94325883E-04
   16.049846926925646        1.94561071E-04
   16.051573645260980        1.94796550E-04
   16.053300363596314        1.95032320E-04
   16.055027081931648        1.95268367E-04
   16.056753800266982        1.95504676E-04
   16.058480518602316        1.95741261E-04
   16.060207236937650        1.95978122E-04
   16.061933955272984        1.96215275E-04
   16.063660673608318        1.96452704E-04
   16.065387391943652        1.96690409E-04
   16.067114110278986        1.96928391E-04
   16.068840828614320        1.97166664E-04
   16.070567546949654        1.97405214E-04
   16.072294265284988        1.97644054E-04
   16.074020983620322        1.97883171E-04
   16.075747701955656        1.98122580E-04
   16.077474420290990        1.98362264E-04
   16.079201138626324        1.98602240E-04
   16.080927856961658        1.98842507E-04
   16.082654575296992        1.99083064E-04
   16.084381293632326        1.99323913E-04
   16.086108011967660        1.99565038E-04
   16.087834730302994        1.99806454E-04
   16.089561448638328        2.00048147E-04
   16.091288166973662        2.00290116E-04
   16.093014885308996        2.00532362E-04
   16.094741603644330        2.00774899E-04
   16.096468321979664        2.01017712E-04
   16.098195040314998        2.01260802E-04
   16.099921758650332        2.01504183E-04
   16.101648476985666        2.01747840E-04
   16.103375195321000        2.01991788E-04
   16.105101913656334        2.02236028E-04
   16.106828631991668        2.02480558E-04
   16.108555350327002        2.02725379E-04
   16.110282068662336        2.02970492E-04
   16.112008786997670        2.03215895E-04
   16.113735505333004        2.03461605E-04
   16.115462223668338        2.03707605E-04
   16.117188942003672        2.03953910E-04
   16.118915660339006        2.04200522E-04
   16.120642378674340        2.04447424E-04
   16.122369097009674        2.04694617E-04
   16.124095815345008        2.04942116E-04
   16.125822533680342        2.05189921E-04
   16.127549252015676        2.05438017E-04
   16.129275970351010        2.05686418E-04
   16.131002688686344        2.05935110E-04
   16.132729407021678        2.06184093E-04
   16.134456125357012        2.06433353E-04
   16.136182843692346        2.06682904E-04
   16.137909562027680        2.06932746E-04
   16.139636280363014        2.07182864E-04
   16.141362998698348        2.07433259E-04
   16.143089717033682        2.07683945E-04
   16.144816435369016        2.07934907E-04
   16.146543153704350        2.08186175E-04
   16.148269872039684        2.08437734E-04
   16.149996590375018        2.08689598E-04
   16.151723308710352        2.08941754E-04
   16.153450027045686        2.09194215E-04
   16.155176745381020        2.09446996E-04
   16.156903463716354        2.09700069E-04
   16.158630182051688        2.09953461E-04
   16.160356900387022        2.10207159E-04
   16.162083618722356        2.10461178E-04
   16.163810337057690        2.10715487E-04
   16.165537055393024        2.10970116E-04
   16.167263773728358        2.11225037E-04
   16.168990492063692        2.11480277E-04
   16.170717210399026        2.11735809E-04
   16.172443928734360        2.11991632E-04
   16.174170647069694        2.12247745E-04
   16.175897365405028        2.12504150E-04
   16.177624083740362        2.12760860E-04
   16.179350802075696        2.13017862E-04
   16.181077520411030        2.13275169E-04
   16.182804238746364        2.13532781E-04
   16.184530957081698        2.13790699E-04
   16.186257675417032        2.14048923E-04
   16.187984393752366        2.14307453E-04
   16.189711112087700        2.14566302E-04
   16.191437830423034        2.14825457E-04
   16.193164548758368        2.15084932E-04
   16.194891267093702        2.15344713E-04
   16.196617985429036        2.15604799E-04
   16.198344703764370        2.15865191E-04
   16.200071422099704        2.16125904E-04
   16.201798140435038        2.16386921E-04
   16.203524858770372        2.16648259E-04
   16.205251577105706        2.16909903E-04
   16.206978295441040        2.17171852E-04
   16.208705013776374        2.17434106E-04
   16.210431732111708        2.17696666E-04
   16.212158450447042        2.17959547E-04
   16.213885168782376        2.18222733E-04
   16.215611887117710        2.18486239E-04
   16.217338605453044        2.18750050E-04
   16.219065323788378        2.19014182E-04
   16.220792042123712        2.19278620E-04
   16.222518760459046        2.19543377E-04
   16.224245478794380        2.19808455E-04
   16.225972197129714        2.20073838E-04
   16.227698915465048        2.20339527E-04
   16.229425633800382        2.20605521E-04
   16.231152352135716        2.20871822E-04
   16.232879070471050        2.21138442E-04
   16.234605788806384        2.21405367E-04
   16.236332507141718        2.21672613E-04
   16.238059225477052        2.21940165E-04
   16.239785943812386        2.22208022E-04
   16.241512662147720        2.22476185E-04
   16.243239380483054        2.22744682E-04
   16.244966098818388        2.23013500E-04
   16.246692817153722        2.23282637E-04
   16.248419535489056        2.23552095E-04
   16.250146253824390        2.23821873E-04
   16.251872972159724        2.24091971E-04
   16.253599690495058        2.24362404E-04
   16.255326408830392        2.24633157E-04
   16.257053127165726        2.24904230E-04
   16.258779845501060        2.25175623E-04
   16.260506563836394        2.25447337E-04
   16.262233282171728        2.25719370E-04
   16.263960000507062        2.25991738E-04
   16.265686718842396        2.26264412E-04
   16.267413437177730        2.26537406E-04
   16.269140155513064        2.26810720E-04
   16.270866873848398        2.27084354E-04
   16.272593592183732        2.27358309E-04
   16.274320310519066        2.27632598E-04
   16.276047028854400        2.27907207E-04
   16.277773747189734        2.28182151E-04
   16.279500465525068        2.28457400E-04
   16.281227183860402        2.28732984E-04
   16.282953902195736        2.29008889E-04
   16.284680620531070        2.29285113E-04
   16.286407338866404        2.29561672E-04
   16.288134057201738        2.29838552E-04
   16.289860775537072        2.30115751E-04
   16.291587493872406        2.30393285E-04
   16.293314212207740        2.30671154E-04
   16.295040930543074        2.30949358E-04
   16.296767648878408        2.31227896E-04
   16.298494367213742        2.31506769E-04
   16.300221085549076        2.31785962E-04
   16.301947803884410        2.32065489E-04
   16.303674522219744        2.32345352E-04
   16.305401240555078        2.32625549E-04
   16.307127958890412        2.32906081E-04
   16.308854677225746        2.33186947E-04
   16.310581395561080        2.33468149E-04
   16.312308113896414        2.33749684E-04
   16.314034832231748        2.34031555E-04
   16.315761550567082        2.34313760E-04
   16.317488268902416        2.34596300E-04
   16.319214987237750        2.34879175E-04
   16.320941705573084        2.35162384E-04
   16.322668423908418        2.35445914E-04
   16.324395142243752        2.35729778E-04
   16.326121860579086        2.36013962E-04
   16.327848578914420        2.36298481E-04
   16.329575297249754        2.36583321E-04
   16.331302015585088        2.36868480E-04
   16.333028733920422        2.37153959E-04
   16.334755452255756        2.37439759E-04
   16.336482170591090        2.37725893E-04
   16.338208888926424        2.38012362E-04
   16.339935607261758        2.38299181E-04
   16.341662325597092        2.38586348E-04
   16.343389043932426        2.38873865E-04
   16.345115762267760        2.39161745E-04
   16.346842480603094        2.39449975E-04
   16.348569198938428        2.39738569E-04
   16.350295917273762        2.40027526E-04
   16.352022635609096        2.40316833E-04
   16.353749353944430        2.40606474E-04
   16.355476072279764        2.40896465E-04
   16.357202790615098        2.41186804E-04
   16.358929508950432        2.41477479E-04
   16.360656227285766        2.41768488E-04
   16.362382945621100        2.42059832E-04
   16.364109663956434        2.42351511E-04
   16.365836382291768        2.42643509E-04
   16.367563100627102        2.42935843E-04
   16.369289818962436        2.43228511E-04
   16.371016537297770        2.43521528E-04
   16.372743255633104        2.43814895E-04
   16.374469973968438        2.44108611E-04
   16.376196692303772        2.44402676E-04
   16.377923410639106        2.44697090E-04
   16.379650128974440        2.44991854E-04
   16.381376847309774        2.45286967E-04
   16.383103565645108        2.45582429E-04
   16.384830283980442        2.45878211E-04
   16.386557002315776        2.46174342E-04
   16.388283720651110        2.46470823E-04
   16.390010438986444        2.46767653E-04
   16.391737157321778        2.47064861E-04
   16.393463875657112        2.47362419E-04
   16.395190593992446        2.47660326E-04
   16.396917312327780        2.47958582E-04
   16.398644030663114        2.48257216E-04
   16.400370748998448        2.48556200E-04
   16.402097467333782        2.48855533E-04
   16.403824185669116        2.49155244E-04
   16.405550904004450        2.49455305E-04
   16.407277622339784        2.49755714E-04
   16.409004340675118        2.50056473E-04
   16.410731059010452        2.50357582E-04
   16.412457777345786        2.50659039E-04
   16.414184495681120        2.50960846E-04
   16.415911214016454        2.51263031E-04
   16.417637932351788        2.51565565E-04
   16.419364650687122        2.51868449E-04
   16.421091369022456        2.52171681E-04
   16.422818087357790        2.52475264E-04
   16.424544805693124        2.52779224E-04
   16.426271524028458        2.53083534E-04
   16.427998242363792        2.53388222E-04
   16.429724960699126        2.53693259E-04
   16.431451679034460        2.53998645E-04
   16.433178397369794        2.54304381E-04
   16.434905115705128        2.54610466E-04
   16.436631834040462        2.54916929E-04
   16.438358552375796        2.55223742E-04
   16.440085270711130        2.55530904E-04
   16.441811989046464        2.55838415E-04
   16.443538707381798        2.56146304E-04
   16.445265425717132        2.56454543E-04
   16.446992144052466        2.56763160E-04
   16.448718862387800        2.57072155E-04
   16.450445580723134        2.57381529E-04
   16.452172299058468        2.57691281E-04
   16.453899017393802        2.58001412E-04
   16.455625735729136        2.58311920E-04
   16.457352454064470        2.58622778E-04
   16.459079172399804        2.58934015E-04
   16.460805890735138        2.59245600E-04
   16.462532609070472        2.59557535E-04
   16.464259327405806        2.59869819E-04
   16.465986045741140        2.60182482E-04
   16.467712764076474        2.60495493E-04
   16.469439482411808        2.60808883E-04
   16.471166200747142        2.61122623E-04
   16.472892919082476        2.61436711E-04
   16.474619637417810        2.61751178E-04
   16.476346355753144        2.62066023E-04
   16.478073074088478        2.62381247E-04
   16.479799792423812        2.62696849E-04
   16.481526510759146        2.63012829E-04
   16.483253229094480        2.63329217E-04
   16.484979947429814        2.63645983E-04
   16.486706665765148        2.63963128E-04
   16.488433384100482        2.64280650E-04
   16.490160102435816        2.64598551E-04
   16.491886820771150        2.64916831E-04
   16.493613539106484        2.65235460E-04
   16.495340257441818        2.65554467E-04
   16.497066975777152        2.65873823E-04
   16.498793694112486        2.66193558E-04
   16.500520412447820        2.66513642E-04
   16.502247130783154        2.66834104E-04
   16.503973849118488        2.67154945E-04
   16.505700567453822        2.67476193E-04
   16.507427285789156        2.67797819E-04
   16.509154004124490        2.68119853E-04
   16.510880722459824        2.68442294E-04
   16.512607440795158        2.68765114E-04
   16.514334159130492        2.69088312E-04
   16.516060877465826        2.69411888E-04
   16.517787595801160        2.69735843E-04
   16.519514314136494        2.70060176E-04
   16.521241032471828        2.70384888E-04
   16.522967750807162        2.70709948E-04
   16.524694469142496        2.71035358E-04
   16.526421187477830        2.71361147E-04
   16.528147905813164        2.71687284E-04
   16.529874624148498        2.72013800E-04
   16.531601342483832        2.72340723E-04
   16.533328060819166        2.72668025E-04
   16.535054779154500        2.72995734E-04
   16.536781497489834        2.73323851E-04
   16.538508215825168        2.73652375E-04
   16.540234934160502        2.73981306E-04
   16.541961652495836        2.74310645E-04
   16.543688370831170        2.74640362E-04
   16.545415089166504        2.74970487E-04
   16.547141807501838        2.75300990E-04
   16.548868525837172        2.75631872E-04
   16.550595244172506        2.75963132E-04
   16.552321962507840        2.76294770E-04
   16.554048680843174        2.76626786E-04
   16.555775399178508        2.76959181E-04
   16.557502117513842        2.77291954E-04
   16.559228835849176        2.77625106E-04
   16.560955554184510        2.77958636E-04
   16.562682272519844        2.78292573E-04
   16.564408990855178        2.78626889E-04
   16.566135709190512        2.78961612E-04
   16.567862427525846        2.79296713E-04
   16.569589145861180        2.79632222E-04
   16.571315864196514        2.79968139E-04
   16.573042582531848        2.80304463E-04
   16.574769300867182        2.80641194E-04
   16.576496019202516        2.80978333E-04
   16.578222737537850        2.81315879E-04
   16.579949455873184        2.81653804E-04
   16.581676174208518        2.81992136E-04
   16.583402892543852        2.82330875E-04
   16.585129610879186        2.82670022E-04
   16.586856329214520        2.83009576E-04
   16.588583047549854        2.83349538E-04
   16.590309765885188        2.83689908E-04
   16.592036484220522        2.84030684E-04
   16.593763202555856        2.84371839E-04
   16.595489920891190        2.84713402E-04
   16.597216639226524        2.85055372E-04
   16.598943357561858        2.85397720E-04
   16.600670075897192        2.85740447E-04
   16.602396794232526        2.86083581E-04
   16.604123512567860        2.86427123E-04
   16.605850230903194        2.86771072E-04
   16.607576949238528        2.87115399E-04
   16.609303667573862        2.87460134E-04
   16.611030385909196        2.87805276E-04
   16.612757104244530        2.88150826E-04
   16.614483822579864        2.88496783E-04
   16.616210540915198        2.88843177E-04
   16.617937259250532        2.89189979E-04
   16.619663977585866        2.89537158E-04
   16.621390695921200        2.89884745E-04
   16.623117414256534        2.90232740E-04
   16.624844132591868        2.90581112E-04
   16.626570850927202        2.90929893E-04
   16.628297569262536        2.91279081E-04
   16.630024287597870        2.91628676E-04
   16.631751005933204        2.91978678E-04
   16.633477724268538        2.92329089E-04
   16.635204442603872        2.92679935E-04
   16.636931160939206        2.93031218E-04
   16.638657879274540        2.93382938E-04
   16.640384597609874        2.93735095E-04
   16.642111315945208        2.94087658E-04
   16.643838034280542        2.94440659E-04
   16.645564752615876        2.94794067E-04
   16.647291470951210        2.95147911E-04
   16.649018189286544        2.95502163E-04
   16.650744907621878        2.95856851E-04
   16.652471625957212        2.96211918E-04
   16.654198344292546        2.96567392E-04
   16.655925062627880        2.96923274E-04
   16.657651780963214        2.97279563E-04
   16.659378499298548        2.97636259E-04
   16.661105217633882        2.97993363E-04
   16.662831935969216        2.98350875E-04
   16.664558654304550        2.98708794E-04
   16.666285372639884        2.99067120E-04
   16.668012090975218        2.99425883E-04
   16.669738809310552        2.99785082E-04
   16.671465527645886        3.00144718E-04
   16.673192245981220        3.00504791E-04
   16.674918964316554        3.00865300E-04
   16.676645682651888        3.01226246E-04
   16.678372400987222        3.01587628E-04
   16.680099119322556        3.01949447E-04
   16.681825837657890        3.02311673E-04
   16.683552555993224        3.02674307E-04
   16.685279274328558        3.03037348E-04
   16.687005992663892        3.03400826E-04
   16.688732710999226        3.03764711E-04
   16.690459429334560        3.04129033E-04
   16.692186147669894        3.04493762E-04
   16.693912866005228        3.04858928E-04
   16.695639584340562        3.05224501E-04
   16.697366302675896        3.05590511E-04
   16.699093021011230        3.05956957E-04
   16.700819739346564        3.06323869E-04
   16.702546457681898        3.06691218E-04
   16.704273176017232        3.07059032E-04
   16.705999894352566        3.07427283E-04
   16.707726612687900        3.07795970E-04
   16.709453331023234        3.08165094E-04
   16.711180049358568        3.08534625E-04
   16.712906767693902        3.08904593E-04
   16.714633486029236        3.09274968E-04
   16.716360204364570        3.09645751E-04
   16.718086922699904        3.10016971E-04
   16.719813641035238        3.10388597E-04
   16.721540359370572        3.10760661E-04
   16.723267077705906        3.11133161E-04
   16.724993796041240        3.11506097E-04
   16.726720514376574        3.11879470E-04
   16.728447232711908        3.12253280E-04
   16.730173951047242        3.12627555E-04
   16.731900669382576        3.13002267E-04
   16.733627387717910        3.13377444E-04
   16.735354106053244        3.13753058E-04
   16.737080824388578        3.14129109E-04
   16.738807542723912        3.14505625E-04
   16.740534261059246        3.14882578E-04
   16.742260979394580        3.15259967E-04
   16.743987697729914        3.15637822E-04
   16.745714416065248        3.16016114E-04
   16.747441134400582        3.16394842E-04
   16.749167852735916        3.16774007E-04
   16.750894571071250        3.17153608E-04
   16.752621289406584        3.17533646E-04
   16.754348007741918        3.17914149E-04
   16.756074726077252        3.18295090E-04
   16.757801444412586        3.18676466E-04
   16.759528162747920        3.19058279E-04
   16.761254881083254        3.19440558E-04
   16.762981599418588        3.19823273E-04
   16.764708317753922        3.20206454E-04
   16.766435036089256        3.20590101E-04
   16.768161754424590        3.20974184E-04
   16.769888472759924        3.21358704E-04
   16.771615191095258        3.21743690E-04
   16.773341909430592        3.22129112E-04
   16.775068627765926        3.22514999E-04
   16.776795346101260        3.22901353E-04
   16.778522064436594        3.23288172E-04
   16.780248782771928        3.23675456E-04
   16.781975501107262        3.24063236E-04
   16.783702219442596        3.24451481E-04
   16.785428937777930        3.24840163E-04
   16.787155656113264        3.25229310E-04
   16.788882374448598        3.25618894E-04
   16.790609092783932        3.26008914E-04
   16.792335811119266        3.26399371E-04
   16.794062529454600        3.26790265E-04
   16.795789247789934        3.27181595E-04
   16.797515966125268        3.27573362E-04
   16.799242684460602        3.27965565E-04
   16.800969402795936        3.28358234E-04
   16.802696121131270        3.28751368E-04
   16.804422839466604        3.29144968E-04
   16.806149557801938        3.29539034E-04
   16.807876276137272        3.29933595E-04
   16.809602994472606        3.30328650E-04
   16.811329712807940        3.30724200E-04
   16.813056431143274        3.31120216E-04
   16.814783149478608        3.31516727E-04
   16.816509867813942        3.31913703E-04
   16.818236586149276        3.32311145E-04
   16.819963304484610        3.32709023E-04
   16.821690022819944        3.33107339E-04
   16.823416741155278        3.33506090E-04
   16.825143459490612        3.33905278E-04
   16.826870177825946        3.34304932E-04
   16.828596896161280        3.34705052E-04
   16.830323614496614        3.35105666E-04
   16.832050332831948        3.35506746E-04
   16.833777051167282        3.35908320E-04
   16.835503769502616        3.36310390E-04
   16.837230487837950        3.36712954E-04
   16.838957206173284        3.37116013E-04
   16.840683924508618        3.37519567E-04
   16.842410642843952        3.37923586E-04
   16.844137361179286        3.38328071E-04
   16.845864079514620        3.38733022E-04
   16.847590797849954        3.39138409E-04
   16.849317516185288        3.39544262E-04
   16.851044234520622        3.39950551E-04
   16.852770952855955        3.40357277E-04
   16.854497671191289        3.40764440E-04
   16.856224389526623        3.41172068E-04
   16.857951107861957        3.41580191E-04
   16.859677826197291        3.41988780E-04
   16.861404544532625        3.42397863E-04
   16.863131262867959        3.42807471E-04
   16.864857981203293        3.43217573E-04
   16.866584699538627        3.43628228E-04
   16.868311417873961        3.44039407E-04
   16.870038136209295        3.44451080E-04
   16.871764854544629        3.44863249E-04
   16.873491572879963        3.45275912E-04
   16.875218291215297        3.45689041E-04
   16.876945009550631        3.46102635E-04
   16.878671727885965        3.46516696E-04
   16.880398446221299        3.46931192E-04
   16.882125164556633        3.47346155E-04
   16.883851882891967        3.47761583E-04
   16.885578601227301        3.48177506E-04
   16.887305319562635        3.48593894E-04
   16.889032037897969        3.49010777E-04
   16.890758756233303        3.49428185E-04
   16.892485474568637        3.49846086E-04
   16.894212192903971        3.50264512E-04
   16.895938911239305        3.50683433E-04
   16.897665629574639        3.51102848E-04
   16.899392347909973        3.51522758E-04
   16.901119066245307        3.51943163E-04
   16.902845784580641        3.52364063E-04
   16.904572502915975        3.52785428E-04
   16.906299221251309        3.53207259E-04
   16.908025939586643        3.53629555E-04
   16.909752657921977        3.54052318E-04
   16.911479376257311        3.54475545E-04
   16.913206094592645        3.54899268E-04
   16.914932812927979        3.55323456E-04
   16.916659531263313        3.55748169E-04
   16.918386249598647        3.56173376E-04
   16.920112967933981        3.56599106E-04
   16.921839686269315        3.57025361E-04
   16.923566404604649        3.57452140E-04
   16.925293122939983        3.57879442E-04
   16.927019841275317        3.58307298E-04
   16.928746559610651        3.58735648E-04
   16.930473277945985        3.59164522E-04
   16.932199996281319        3.59593891E-04
   16.933926714616653        3.60023754E-04
   16.935653432951987        3.60454113E-04
   16.937380151287321        3.60884966E-04
   16.939106869622655        3.61316314E-04
   16.940833587957989        3.61748156E-04
   16.942560306293323        3.62180464E-04
   16.944287024628657        3.62613267E-04
   16.946013742963991        3.63046594E-04
   16.947740461299325        3.63480416E-04
   16.949467179634659        3.63914733E-04
   16.951193897969993        3.64349573E-04
   16.952920616305327        3.64784937E-04
   16.954647334640661        3.65220796E-04
   16.956374052975995        3.65657179E-04
   16.958100771311329        3.66094086E-04
   16.959827489646663        3.66531487E-04
   16.961554207981997        3.66969412E-04
   16.963280926317331        3.67407862E-04
   16.965007644652665        3.67846806E-04
   16.966734362987999        3.68286273E-04
   16.968461081323333        3.68726265E-04
   16.970187799658667        3.69166781E-04
   16.971914517994001        3.69607791E-04
   16.973641236329335        3.70049325E-04
   16.975367954664669        3.70491383E-04
   16.977094673000003        3.70933965E-04
   16.978821391335337        3.71377071E-04
   16.980548109670671        3.71820701E-04
   16.982274828006005        3.72264854E-04
   16.984001546341339        3.72709532E-04
   16.985728264676673        3.73154704E-04
   16.987454983012007        3.73600400E-04
   16.989181701347341        3.74046591E-04
   16.990908419682675        3.74493306E-04
   16.992635138018009        3.74940515E-04
   16.994361856353343        3.75388219E-04
   16.996088574688677        3.75836447E-04
   16.997815293024011        3.76285199E-04
   16.999542011359345        3.76734504E-04
   17.001268729694679        3.77184333E-04
   17.002995448030013        3.77634715E-04
   17.004722166365347        3.78085620E-04
   17.006448884700681        3.78537079E-04
   17.008175603036015        3.78989091E-04
   17.009902321371349        3.79441655E-04
   17.011629039706683        3.79894744E-04
   17.013355758042017        3.80348356E-04
   17.015082476377351        3.80802492E-04
   17.016809194712685        3.81257152E-04
   17.018535913048019        3.81712307E-04
   17.020262631383353        3.82168015E-04
   17.021989349718687        3.82624217E-04
   17.023716068054021        3.83080944E-04
   17.025442786389355        3.83538194E-04
   17.027169504724689        3.83995997E-04
   17.028896223060023        3.84454324E-04
   17.030622941395357        3.84913204E-04
   17.032349659730691        3.85372608E-04
   17.034076378066025        3.85832565E-04
   17.035803096401359        3.86293046E-04
   17.037529814736693        3.86754080E-04
   17.039256533072027        3.87215667E-04
   17.040983251407361        3.87677806E-04
   17.042709969742695        3.88140470E-04
   17.044436688078029        3.88603687E-04
   17.046163406413363        3.89067427E-04
   17.047890124748697        3.89531691E-04
   17.049616843084031        3.89996450E-04
   17.051343561419365        3.90461762E-04
   17.053070279754699        3.90927598E-04
   17.054796998090033        3.91393987E-04
   17.056523716425367        3.91860929E-04
   17.058250434760701        3.92328424E-04
   17.059977153096035        3.92796501E-04
   17.061703871431369        3.93265131E-04
   17.063430589766703        3.93734372E-04
   17.065157308102037        3.94204166E-04
   17.066884026437371        3.94674542E-04
   17.068610744772705        3.95145471E-04
   17.070337463108039        3.95616953E-04
   17.072064181443373        3.96088988E-04
   17.073790899778707        3.96561576E-04
   17.075517618114041        3.97034688E-04
   17.077244336449375        3.97508324E-04
   17.078971054784709        3.97982454E-04
   17.080697773120043        3.98457138E-04
   17.082424491455377        3.98932345E-04
   17.084151209790711        3.99408076E-04
   17.085877928126045        3.99884360E-04
   17.087604646461379        4.00361198E-04
   17.089331364796713        4.00838617E-04
   17.091058083132047        4.01316618E-04
   17.092784801467381        4.01795201E-04
   17.094511519802715        4.02274367E-04
   17.096238238138049        4.02754114E-04
   17.097964956473383        4.03234444E-04
   17.099691674808717        4.03715327E-04
   17.101418393144051        4.04196762E-04
   17.103145111479385        4.04678751E-04
   17.104871829814719        4.05161292E-04
   17.106598548150053        4.05644416E-04
   17.108325266485387        4.06128063E-04
   17.110051984820721        4.06612264E-04
   17.111778703156055        4.07097017E-04
   17.113505421491389        4.07582353E-04
   17.115232139826723        4.08068241E-04
   17.116958858162057        4.08554712E-04
   17.118685576497391        4.09041764E-04
   17.120412294832725        4.09529370E-04
   17.122139013168059        4.10017557E-04
   17.123865731503393        4.10506327E-04
   17.125592449838727        4.10995679E-04
   17.127319168174061        4.11485613E-04
   17.129045886509395        4.11976129E-04
   17.130772604844729        4.12467227E-04
   17.132499323180063        4.12958907E-04
   17.134226041515397        4.13451140E-04
   17.135952759850731        4.13943897E-04
   17.137679478186065        4.14437207E-04
   17.139406196521399        4.14931070E-04
   17.141132914856733        4.15425486E-04
   17.142859633192067        4.15920455E-04
   17.144586351527401        4.16415976E-04
   17.146313069862735        4.16912080E-04
   17.148039788198069        4.17408766E-04
   17.149766506533403        4.17906063E-04
   17.151493224868737        4.18403943E-04
   17.153219943204071        4.18902433E-04
   17.154946661539405        4.19401535E-04
   17.156673379874739        4.19901247E-04
   17.158400098210073        4.20401600E-04
   17.160126816545407        4.20902565E-04
   17.161853534880741        4.21404140E-04
   17.163580253216075        4.21906298E-04
   17.165306971551409        4.22409008E-04
   17.167033689886743        4.22912301E-04
   17.168760408222077        4.23416175E-04
   17.170487126557411        4.23920603E-04
   17.172213844892745        4.24425583E-04
   17.173940563228079        4.24931117E-04
   17.175667281563413        4.25437203E-04
   17.177393999898747        4.25943872E-04
   17.179120718234081        4.26451152E-04
   17.180847436569415        4.26959043E-04
   17.182574154904749        4.27467545E-04
   17.184300873240083        4.27976658E-04
   17.186027591575417        4.28486383E-04
   17.187754309910751        4.28996747E-04
   17.189481028246085        4.29507723E-04
   17.191207746581419        4.30019310E-04
   17.192934464916753        4.30531480E-04
   17.194661183252087        4.31044231E-04
   17.196387901587421        4.31557564E-04
   17.198114619922755        4.32071480E-04
   17.199841338258089        4.32585948E-04
   17.201568056593423        4.33100999E-04
   17.203294774928757        4.33616602E-04
   17.205021493264091        4.34132788E-04
   17.206748211599425        4.34649555E-04
   17.208474929934759        4.35166934E-04
   17.210201648270093        4.35684953E-04
   17.211928366605427        4.36203612E-04
   17.213655084940761        4.36722912E-04
   17.215381803276095        4.37242852E-04
   17.217108521611429        4.37763432E-04
   17.218835239946763        4.38284653E-04
   17.220561958282097        4.38806514E-04
   17.222288676617431        4.39328956E-04
   17.224015394952765        4.39852010E-04
   17.225742113288099        4.40375617E-04
   17.227468831623433        4.40899807E-04
   17.229195549958767        4.41424549E-04
   17.230922268294101        4.41949873E-04
   17.232648986629435        4.42475779E-04
   17.234375704964769        4.43002267E-04
   17.236102423300103        4.43529367E-04
   17.237829141635437        4.44057077E-04
   17.239555859970771        4.44585428E-04
   17.241282578306105        4.45114420E-04
   17.243009296641439        4.45644109E-04
   17.244736014976773        4.46174468E-04
   17.246462733312107        4.46705497E-04
   17.248189451647441        4.47237166E-04
   17.249916169982775        4.47769475E-04
   17.251642888318109        4.48302395E-04
   17.253369606653443        4.48835926E-04
   17.255096324988777        4.49370069E-04
   17.256823043324111        4.49904794E-04
   17.258549761659445        4.50440100E-04
   17.260276479994779        4.50975989E-04
   17.262003198330113        4.51512460E-04
   17.263729916665447        4.52049513E-04
   17.265456635000781        4.52587206E-04
   17.267183353336115        4.53125511E-04
   17.268910071671449        4.53664456E-04
   17.270636790006783        4.54204041E-04
   17.272363508342117        4.54744266E-04
   17.274090226677451        4.55285131E-04
   17.275816945012785        4.55826666E-04
   17.277543663348119        4.56368842E-04
   17.279270381683453        4.56911657E-04
   17.280997100018787        4.57455113E-04
   17.282723818354121        4.57999209E-04
   17.284450536689455        4.58543946E-04
   17.286177255024789        4.59089293E-04
   17.287903973360123        4.59635281E-04
   17.289630691695457        4.60181880E-04
   17.291357410030791        4.60729090E-04
   17.293084128366125        4.61276941E-04
   17.294810846701459        4.61825432E-04
   17.296537565036793        4.62374563E-04
   17.298264283372127        4.62924363E-04
   17.299991001707461        4.63474804E-04
   17.301717720042795        4.64025885E-04
   17.303444438378129        4.64577635E-04
   17.305171156713463        4.65130026E-04
   17.306897875048797        4.65683086E-04
   17.308624593384131        4.66236786E-04
   17.310351311719465        4.66791127E-04
   17.312078030054799        4.67346079E-04
   17.313804748390133        4.67901642E-04
   17.315531466725467        4.68457845E-04
   17.317258185060801        4.69014660E-04
   17.318984903396135        4.69572144E-04
   17.320711621731469        4.70130268E-04
   17.322438340066803        4.70689032E-04
   17.324165058402137        4.71248466E-04
   17.325891776737471        4.71808569E-04
   17.327618495072805        4.72369313E-04
   17.329345213408139        4.72930726E-04
   17.331071931743473        4.73492808E-04
   17.332798650078807        4.74055560E-04
   17.334525368414141        4.74618952E-04
   17.336252086749475        4.75183013E-04
   17.337978805084809        4.75747715E-04
   17.339705523420143        4.76313056E-04
   17.341432241755477        4.76879039E-04
   17.343158960090811        4.77445690E-04
   17.344885678426145        4.78012982E-04
   17.346612396761479        4.78580943E-04
   17.348339115096813        4.79149545E-04
   17.350065833432147        4.79718845E-04
   17.351792551767481        4.80288843E-04
   17.353519270102815        4.80859540E-04
   17.355245988438149        4.81430907E-04
   17.356972706773483        4.82002972E-04
   17.358699425108817        4.82575735E-04
   17.360426143444151        4.83149168E-04
   17.362152861779485        4.83723270E-04
   17.363879580114819        4.84298012E-04
   17.365606298450153        4.84873395E-04
   17.367333016785487        4.85449389E-04
   17.369059735120821        4.86026023E-04
   17.370786453456155        4.86603298E-04
   17.372513171791489        4.87181213E-04
   17.374239890126823        4.87759768E-04
   17.375966608462157        4.88338992E-04
   17.377693326797491        4.88918857E-04
   17.379420045132825        4.89499420E-04
   17.381146763468159        4.90080682E-04
   17.382873481803493        4.90662700E-04
   17.384600200138827        4.91245417E-04
   17.386326918474161        4.91828891E-04
   17.388053636809495        4.92413063E-04
   17.389780355144829        4.92997933E-04
   17.391507073480163        4.93583502E-04
   17.393233791815497        4.94169770E-04
   17.394960510150831        4.94756619E-04
   17.396687228486165        4.95344109E-04
   17.398413946821499        4.95932240E-04
   17.400140665156833        4.96521010E-04
   17.401867383492167        4.97110421E-04
   17.403594101827501        4.97700472E-04
   17.405320820162835        4.98291221E-04
   17.407047538498169        4.98882728E-04
   17.408774256833503        4.99474932E-04
   17.410500975168837        5.00067894E-04
   17.412227693504171        5.00661612E-04
   17.413954411839505        5.01256087E-04
   17.415681130174839        5.01851260E-04
   17.417407848510173        5.02447132E-04
   17.419134566845507        5.03043702E-04
   17.420861285180841        5.03640971E-04
   17.422588003516175        5.04238880E-04
   17.424314721851509        5.04837430E-04
   17.426041440186843        5.05436619E-04
   17.427768158522177        5.06036391E-04
   17.429494876857511        5.06636803E-04
   17.431221595192845        5.07237855E-04
   17.432948313528179        5.07839606E-04
   17.434675031863513        5.08442055E-04
   17.436401750198847        5.09045261E-04
   17.438128468534181        5.09649224E-04
   17.439855186869515        5.10253944E-04
   17.441581905204849        5.10859478E-04
   17.443308623540183        5.11465769E-04
   17.445035341875517        5.12072816E-04
   17.446762060210851        5.12680563E-04
   17.448488778546185        5.13289066E-04
   17.450215496881519        5.13898209E-04
   17.451942215216853        5.14508050E-04
   17.453668933552187        5.15118532E-04
   17.455395651887521        5.15729713E-04
   17.457122370222855        5.16341534E-04
   17.458849088558189        5.16953995E-04
   17.460575806893523        5.17567154E-04
   17.462302525228857        5.18181012E-04
   17.464029243564191        5.18795568E-04
   17.465755961899525        5.19410823E-04
   17.467482680234859        5.20026893E-04
   17.469209398570193        5.20643720E-04
   17.470936116905527        5.21261303E-04
   17.472662835240861        5.21879643E-04
   17.474389553576195        5.22498798E-04
   17.476116271911529        5.23118651E-04
   17.477842990246863        5.23739262E-04
   17.479569708582197        5.24360628E-04
   17.481296426917531        5.24982694E-04
   17.483023145252865        5.25605457E-04
   17.484749863588199        5.26228861E-04
   17.486476581923533        5.26852964E-04
   17.488203300258867        5.27477765E-04
   17.489930018594201        5.28103206E-04
   17.491656736929535        5.28729346E-04
   17.493383455264869        5.29356184E-04
   17.495110173600203        5.29983721E-04
   17.496836891935537        5.30611956E-04
   17.498563610270871        5.31240948E-04
   17.500290328606205        5.31870697E-04
   17.502017046941539        5.32501203E-04
   17.503743765276873        5.33132523E-04
   17.505470483612207        5.33764600E-04
   17.507197201947541        5.34397434E-04
   17.508923920282875        5.35031024E-04
   17.510650638618209        5.35665371E-04
   17.512377356953543        5.36300417E-04
   17.514104075288877        5.36936161E-04
   17.515830793624211        5.37572661E-04
   17.517557511959545        5.38209861E-04
   17.519284230294879        5.38847758E-04
   17.521010948630213        5.39486413E-04
   17.522737666965547        5.40125766E-04
   17.524464385300881        5.40765875E-04
   17.526191103636215        5.41406684E-04
   17.527917821971549        5.42048248E-04
   17.529644540306883        5.42690628E-04
   17.531371258642217        5.43333765E-04
   17.533097976977551        5.43977658E-04
   17.534824695312885        5.44622366E-04
   17.536551413648219        5.45267831E-04
   17.538278131983553        5.45914052E-04
   17.540004850318887        5.46560972E-04
   17.541731568654221        5.47208707E-04
   17.543458286989555        5.47857140E-04
   17.545185005324889        5.48506330E-04
   17.546911723660223        5.49156219E-04
   17.548638441995557        5.49806864E-04
   17.550365160330891        5.50458266E-04
   17.552091878666225        5.51110425E-04
   17.553818597001559        5.51763282E-04
   17.555545315336893        5.52416896E-04
   17.557272033672227        5.53071324E-04
   17.558998752007561        5.53726510E-04
   17.560725470342895        5.54382452E-04
   17.562452188678229        5.55039209E-04
   17.564178907013563        5.55696723E-04
   17.565905625348897        5.56354993E-04
   17.567632343684231        5.57014020E-04
   17.569359062019565        5.57673746E-04
   17.571085780354899        5.58334228E-04
   17.572812498690233        5.58995467E-04
   17.574539217025567        5.59657521E-04
   17.576265935360901        5.60320332E-04
   17.577992653696235        5.60983899E-04
   17.579719372031569        5.61648281E-04
   17.581446090366903        5.62313478E-04
   17.583172808702237        5.62979432E-04
   17.584899527037571        5.63646201E-04
   17.586626245372905        5.64313726E-04
   17.588352963708239        5.64982067E-04
   17.590079682043573        5.65651164E-04
   17.591806400378907        5.66321018E-04
   17.593533118714241        5.66991628E-04
   17.595259837049575        5.67662995E-04
   17.596986555384909        5.68335119E-04
   17.598713273720243        5.69008000E-04
   17.600439992055577        5.69681637E-04
   17.602166710390911        5.70356031E-04
   17.603893428726245        5.71031182E-04
   17.605620147061579        5.71707147E-04
   17.607346865396913        5.72383928E-04
   17.609073583732247        5.73061465E-04
   17.610800302067581        5.73739817E-04
   17.612527020402915        5.74418984E-04
   17.614253738738249        5.75098908E-04
   17.615980457073583        5.75779646E-04
   17.617707175408917        5.76461200E-04
   17.619433893744251        5.77143510E-04
   17.621160612079585        5.77826577E-04
   17.622887330414919        5.78510459E-04
   17.624614048750253        5.79195097E-04
   17.626340767085587        5.79880492E-04
   17.628067485420921        5.80566702E-04
   17.629794203756255        5.81253669E-04
   17.631520922091589        5.81941451E-04
   17.633247640426923        5.82630048E-04
   17.634974358762257        5.83319459E-04
   17.636701077097591        5.84009686E-04
   17.638427795432925        5.84700785E-04
   17.640154513768259        5.85392758E-04
   17.641881232103593        5.86085545E-04
   17.643607950438927        5.86779206E-04
   17.645334668774261        5.87473682E-04
   17.647061387109595        5.88168914E-04
   17.648788105444929        5.88864961E-04
   17.650514823780263        5.89561765E-04
   17.652241542115597        5.90259326E-04
   17.653968260450931        5.90957585E-04
   17.655694978786265        5.91656601E-04
   17.657421697121599        5.92356373E-04
   17.659148415456933        5.93056902E-04
   17.660875133792267        5.93758246E-04
   17.662601852127601        5.94460405E-04
   17.664328570462935        5.95163379E-04
   17.666055288798269        5.95867226E-04
   17.667782007133603        5.96571947E-04
   17.669508725468937        5.97277598E-04
   17.671235443804271        5.97984123E-04
   17.672962162139605        5.98691520E-04
   17.674688880474939        5.99399733E-04
   17.676415598810273        6.00108819E-04
   17.678142317145607        6.00818661E-04
   17.679869035480941        6.01529318E-04
   17.681595753816275        6.02240732E-04
   17.683322472151609        6.02952903E-04
   17.685049190486943        6.03665831E-04
   17.686775908822277        6.04379515E-04
   17.688502627157611        6.05093956E-04
   17.690229345492945        6.05809211E-04
   17.691956063828279        6.06525340E-04
   17.693682782163613        6.07242342E-04
   17.695409500498947        6.07960217E-04
   17.697136218834281        6.08678965E-04
   17.698862937169615        6.09398645E-04
   17.700589655504949        6.10119256E-04
   17.702316373840283        6.10840798E-04
   17.704043092175617        6.11563213E-04
   17.705769810510951        6.12286443E-04
   17.707496528846285        6.13010488E-04
   17.709223247181619        6.13735348E-04
   17.710949965516953        6.14460965E-04
   17.712676683852287        6.15187339E-04
   17.714403402187621        6.15914527E-04
   17.716130120522955        6.16642472E-04
   17.717856838858289        6.17371174E-04
   17.719583557193623        6.18100632E-04
   17.721310275528957        6.18830964E-04
   17.723036993864291        6.19562110E-04
   17.724763712199625        6.20294129E-04
   17.726490430534959        6.21027022E-04
   17.728217148870293        6.21760846E-04
   17.729943867205627        6.22495543E-04
   17.731670585540961        6.23231172E-04
   17.733397303876295        6.23967673E-04
   17.735124022211629        6.24705106E-04
   17.736850740546963        6.25443412E-04
   17.738577458882297        6.26182533E-04
   17.740304177217631        6.26922469E-04
   17.742030895552965        6.27663219E-04
   17.743757613888299        6.28404785E-04
   17.745484332223633        6.29147165E-04
   17.747211050558967        6.29890361E-04
   17.748937768894301        6.30634429E-04
   17.750664487229635        6.31379371E-04
   17.752391205564969        6.32125186E-04
   17.754117923900303        6.32871932E-04
   17.755844642235637        6.33619609E-04
   17.757571360570971        6.34368160E-04
   17.759298078906305        6.35117583E-04
   17.761024797241639        6.35867938E-04
   17.762751515576973        6.36619166E-04
   17.764478233912307        6.37371268E-04
   17.766204952247641        6.38124184E-04
   17.767931670582975        6.38877915E-04
   17.769658388918309        6.39632519E-04
   17.771385107253643        6.40387938E-04
   17.773111825588977        6.41144230E-04
   17.774838543924311        6.41901337E-04
   17.776565262259645        6.42659317E-04
   17.778291980594979        6.43418171E-04
   17.780018698930313        6.44177897E-04
   17.781745417265647        6.44938555E-04
   17.783472135600981        6.45700144E-04
   17.785198853936315        6.46462664E-04
   17.786925572271649        6.47226116E-04
   17.788652290606983        6.47990440E-04
   17.790379008942317        6.48755697E-04
   17.792105727277651        6.49521768E-04
   17.793832445612985        6.50288712E-04
   17.795559163948319        6.51056529E-04
   17.797285882283653        6.51825161E-04
   17.799012600618987        6.52594666E-04
   17.800739318954321        6.53365045E-04
   17.802466037289655        6.54136238E-04
   17.804192755624989        6.54908305E-04
   17.805919473960323        6.55681302E-04
   17.807646192295657        6.56455173E-04
   17.809372910630991        6.57229975E-04
   17.811099628966325        6.58005767E-04
   17.812826347301659        6.58782432E-04
   17.814553065636993        6.59560086E-04
   17.816279783972327        6.60338614E-04
   17.818006502307661        6.61118072E-04
   17.819733220642995        6.61898463E-04
   17.821459938978329        6.62679726E-04
   17.823186657313663        6.63461862E-04
   17.824913375648997        6.64244872E-04
   17.826640093984331        6.65028754E-04
   17.828366812319665        6.65813510E-04
   17.830093530654999        6.66599139E-04
   17.831820248990333        6.67385641E-04
   17.833546967325667        6.68173016E-04
   17.835273685661001        6.68961322E-04
   17.837000403996335        6.69750618E-04
   17.838727122331669        6.70540845E-04
   17.840453840667003        6.71332004E-04
   17.842180559002337        6.72124152E-04
   17.843907277337671        6.72917231E-04
   17.845633995673005        6.73711183E-04
   17.847360714008339        6.74506067E-04
   17.849087432343673        6.75301824E-04
   17.850814150679007        6.76098512E-04
   17.852540869014341        6.76896074E-04
   17.854267587349675        6.77694508E-04
   17.855994305685009        6.78493816E-04
   17.857721024020343        6.79293997E-04
   17.859447742355677        6.80095109E-04
   17.861174460691011        6.80897152E-04
   17.862901179026345        6.81700185E-04
   17.864627897361679        6.82504149E-04
   17.866354615697013        6.83309103E-04
   17.868081334032347        6.84115104E-04
   17.869808052367681        6.84922095E-04
   17.871534770703015        6.85730076E-04
   17.873261489038349        6.86539046E-04
   17.874988207373683        6.87349006E-04
   17.876714925709017        6.88159838E-04
   17.878441644044351        6.88971602E-04
   17.880168362379685        6.89784240E-04
   17.881895080715019        6.90597750E-04
   17.883621799050353        6.91412075E-04
   17.885348517385687        6.92227273E-04
   17.887075235721021        6.93043286E-04
   17.888801954056355        6.93860173E-04
   17.890528672391689        6.94677990E-04
   17.892255390727023        6.95496739E-04
   17.893982109062357        6.96316478E-04
   17.895708827397691        6.97137264E-04
   17.897435545733025        6.97959098E-04
   17.899162264068359        6.98781922E-04
   17.900888982403693        6.99605793E-04
   17.902615700739027        7.00430654E-04
   17.904342419074361        7.01256504E-04
   17.906069137409695        7.02083344E-04
   17.907795855745029        7.02911057E-04
   17.909522574080363        7.03739701E-04
   17.911249292415697        7.04569218E-04
   17.912976010751031        7.05399550E-04
   17.914702729086365        7.06230814E-04
   17.916429447421699        7.07062951E-04
   17.918156165757033        7.07896019E-04
   17.919882884092367        7.08730018E-04
   17.921609602427701        7.09565007E-04
   17.923336320763035        7.10401044E-04
   17.925063039098369        7.11238128E-04
   17.926789757433703        7.12076318E-04
   17.928516475769037        7.12915557E-04
   17.930243194104371        7.13755842E-04
   17.931969912439705        7.14597176E-04
   17.933696630775039        7.15439557E-04
   17.935423349110373        7.16282870E-04
   17.937150067445707        7.17127114E-04
   17.938876785781041        7.17972289E-04
   17.940603504116375        7.18818337E-04
   17.942330222451709        7.19665259E-04
   17.944056940787043        7.20512995E-04
   17.945783659122377        7.21361663E-04
   17.947510377457711        7.22211262E-04
   17.949237095793045        7.23061792E-04
   17.950963814128379        7.23913254E-04
   17.952690532463713        7.24765763E-04
   17.954417250799047        7.25619320E-04
   17.956143969134381        7.26473925E-04
   17.957870687469715        7.27329636E-04
   17.959597405805049        7.28186395E-04
   17.961324124140383        7.29044201E-04
   17.963050842475717        7.29903055E-04
   17.964777560811051        7.30762898E-04
   17.966504279146385        7.31623673E-04
   17.968230997481719        7.32485438E-04
   17.969957715817053        7.33348134E-04
   17.971684434152387        7.34211761E-04
   17.973411152487721        7.35076261E-04
   17.975137870823055        7.35941750E-04
   17.976864589158389        7.36808171E-04
   17.978591307493723        7.37675640E-04
   17.980318025829057        7.38544157E-04
   17.982044744164391        7.39413721E-04
   17.983771462499725        7.40284275E-04
   17.985498180835059        7.41155935E-04
   17.987224899170393        7.42028642E-04
   17.988951617505727        7.42902455E-04
   17.990678335841061        7.43777317E-04
   17.992405054176395        7.44653167E-04
   17.994131772511729        7.45530007E-04
   17.995858490847063        7.46407837E-04
   17.997585209182397        7.47286656E-04
   17.999311927517731        7.48166407E-04
   18.001038645853065        7.49047147E-04
   18.002765364188399        7.49928819E-04
   18.004492082523733        7.50811421E-04
   18.006218800859067        7.51694955E-04
   18.007945519194401        7.52579479E-04
   18.009672237529735        7.53465050E-04
   18.011398955865069        7.54351728E-04
   18.013125674200403        7.55239453E-04
   18.014852392535737        7.56128284E-04
   18.016579110871071        7.57018221E-04
   18.018305829206405        7.57909263E-04
   18.020032547541739        7.58801354E-04
   18.021759265877073        7.59694492E-04
   18.023485984212407        7.60588679E-04
   18.025212702547741        7.61483854E-04
   18.026939420883075        7.62380019E-04
   18.028666139218409        7.63277174E-04
   18.030392857553743        7.64175318E-04
   18.032119575889077        7.65074452E-04
   18.033846294224411        7.65974517E-04
   18.035573012559745        7.66875572E-04
   18.037299730895079        7.67777616E-04
   18.039026449230413        7.68680708E-04
   18.040753167565747        7.69584847E-04
   18.042479885901081        7.70490093E-04
   18.044206604236415        7.71396444E-04
   18.045933322571749        7.72303902E-04
   18.047660040907083        7.73212465E-04
   18.049386759242417        7.74122134E-04
   18.051113477577751        7.75032851E-04
   18.052840195913085        7.75944616E-04
   18.054566914248419        7.76857429E-04
   18.056293632583753        7.77771231E-04
   18.058020350919087        7.78686081E-04
   18.059747069254421        7.79601978E-04
   18.061473787589755        7.80518865E-04
   18.063200505925089        7.81436858E-04
   18.064927224260423        7.82355899E-04
   18.066653942595757        7.83275987E-04
   18.068380660931091        7.84197182E-04
   18.070107379266425        7.85119424E-04
   18.071834097601759        7.86042772E-04
   18.073560815937093        7.86967168E-04
   18.075287534272427        7.87892670E-04
   18.077014252607761        7.88819219E-04
   18.078740970943095        7.89746759E-04
   18.080467689278429        7.90675404E-04
   18.082194407613763        7.91605038E-04
   18.083921125949097        7.92535779E-04
   18.085647844284431        7.93467509E-04
   18.087374562619765        7.94400286E-04
   18.089101280955099        7.95334112E-04
   18.090827999290433        7.96268985E-04
   18.092554717625767        7.97204964E-04
   18.094281435961101        7.98142049E-04
   18.096008154296435        7.99080241E-04
   18.097734872631769        8.00019596E-04
   18.099461590967103        8.00960115E-04
   18.101188309302437        8.01901740E-04
   18.102915027637771        8.02844530E-04
   18.104641745973105        8.03788367E-04
   18.106368464308439        8.04733310E-04
   18.108095182643773        8.05679301E-04
   18.109821900979107        8.06626282E-04
   18.111548619314441        8.07574310E-04
   18.113275337649775        8.08523328E-04
   18.115002055985109        8.09473393E-04
   18.116728774320443        8.10424564E-04
   18.118455492655777        8.11376784E-04
   18.120182210991111        8.12330109E-04
   18.121908929326445        8.13284540E-04
   18.123635647661779        8.14240077E-04
   18.125362365997113        8.15196778E-04
   18.127089084332447        8.16154643E-04
   18.128815802667781        8.17113672E-04
   18.130542521003115        8.18073866E-04
   18.132269239338449        8.19035165E-04
   18.133995957673783        8.19997571E-04
   18.135722676009117        8.20961082E-04
   18.137449394344451        8.21925700E-04
   18.139176112679785        8.22891365E-04
   18.140902831015119        8.23858078E-04
   18.142629549350453        8.24825838E-04
   18.144356267685787        8.25794647E-04
   18.146082986021121        8.26764561E-04
   18.147809704356455        8.27735581E-04
   18.149536422691789        8.28707707E-04
   18.151263141027123        8.29680997E-04
   18.152989859362457        8.30655394E-04
   18.154716577697791        8.31631012E-04
   18.156443296033125        8.32607795E-04
   18.158170014368459        8.33585742E-04
   18.159896732703793        8.34564911E-04
   18.161623451039127        8.35545245E-04
   18.163350169374461        8.36526742E-04
   18.165076887709795        8.37509404E-04
   18.166803606045129        8.38493172E-04
   18.168530324380463        8.39478045E-04
   18.170257042715797        8.40464025E-04
   18.171983761051131        8.41451052E-04
   18.173710479386465        8.42439185E-04
   18.175437197721799        8.43428366E-04
   18.177163916057133        8.44418653E-04
   18.178890634392467        8.45409988E-04
   18.180617352727801        8.46402487E-04
   18.182344071063135        8.47396150E-04
   18.184070789398469        8.48390977E-04
   18.185797507733803        8.49387026E-04
   18.187524226069137        8.50384240E-04
   18.189250944404471        8.51382676E-04
   18.190977662739805        8.52382276E-04
   18.192704381075139        8.53383041E-04
   18.194431099410473        8.54384969E-04
   18.196157817745807        8.55388003E-04
   18.197884536081141        8.56392086E-04
   18.199611254416475        8.57397274E-04
   18.201337972751809        8.58403568E-04
   18.203064691087143        8.59410909E-04
   18.204791409422477        8.60419357E-04
   18.206518127757811        8.61428969E-04
   18.208244846093145        8.62439745E-04
   18.209971564428479        8.63451685E-04
   18.211698282763813        8.64464848E-04
   18.213425001099147        8.65479291E-04
   18.215151719434481        8.66494956E-04
   18.216878437769815        8.67511844E-04
   18.218605156105149        8.68530013E-04
   18.220331874440483        8.69549403E-04
   18.222058592775817        8.70570017E-04
   18.223785311111151        8.71591794E-04
   18.225512029446485        8.72614735E-04
   18.227238747781819        8.73638783E-04
   18.228965466117153        8.74663936E-04
   18.230692184452487        8.75690195E-04
   18.232418902787821        8.76717560E-04
   18.234145621123155        8.77746032E-04
   18.235872339458489        8.78775609E-04
   18.237599057793823        8.79806350E-04
   18.239325776129157        8.80838255E-04
   18.241052494464491        8.81871383E-04
   18.242779212799825        8.82905733E-04
   18.244505931135159        8.83941306E-04
   18.246232649470493        8.84978159E-04
   18.247959367805827        8.86016234E-04
   18.249686086141161        8.87055532E-04
   18.251412804476495        8.88096052E-04
   18.253139522811828        8.89137853E-04
   18.254866241147162        8.90180876E-04
   18.256592959482496        8.91225063E-04
   18.258319677817830        8.92270415E-04
   18.260046396153164        8.93316872E-04
   18.261773114488498        8.94364493E-04
   18.263499832823832        8.95413279E-04
   18.265226551159166        8.96463229E-04
   18.266953269494500        8.97514343E-04
   18.268679987829834        8.98566621E-04
   18.270406706165168        8.99620063E-04
   18.272133424500502        9.00674786E-04
   18.273860142835836        9.01730731E-04
   18.275586861171170        9.02787957E-04
   18.277313579506504        9.03846521E-04
   18.279040297841838        9.04906366E-04
   18.280767016177172        9.05967434E-04
   18.282493734512506        9.07029782E-04
   18.284220452847840        9.08093352E-04
   18.285947171183174        9.09158087E-04
   18.287673889518508        9.10224044E-04
   18.289400607853842        9.11291223E-04
   18.291127326189176        9.12359508E-04
   18.292854044524510        9.13429016E-04
   18.294580762859844        9.14499687E-04
   18.296307481195178        9.15571523E-04
   18.298034199530512        9.16644582E-04
   18.299760917865846        9.17718862E-04
   18.301487636201180        9.18794423E-04
   18.303214354536514        9.19871207E-04
   18.304941072871848        9.20949271E-04
   18.306667791207182        9.22028616E-04
   18.308394509542516        9.23109241E-04
   18.310121227877850        9.24191147E-04
   18.311847946213184        9.25274275E-04
   18.313574664548518        9.26358625E-04
   18.315301382883852        9.27444198E-04
   18.317028101219186        9.28530993E-04
   18.318754819554520        9.29618953E-04
   18.320481537889854        9.30708135E-04
   18.322208256225188        9.31798539E-04
   18.323934974560522        9.32890165E-04
   18.325661692895856        9.33983072E-04
   18.327388411231190        9.35077202E-04
   18.329115129566524        9.36172670E-04
   18.330841847901858        9.37269419E-04
   18.332568566237192        9.38367448E-04
   18.334295284572526        9.39466816E-04
   18.336022002907860        9.40567465E-04
   18.337748721243194        9.41669394E-04
   18.339475439578528        9.42772604E-04
   18.341202157913862        9.43877036E-04
   18.342928876249196        9.44982748E-04
   18.344655594584530        9.46089625E-04
   18.346382312919864        9.47197783E-04
   18.348109031255198        9.48307163E-04
   18.349835749590532        9.49417765E-04
   18.351562467925866        9.50529589E-04
   18.353289186261200        9.51642694E-04
   18.355015904596534        9.52757080E-04
   18.356742622931868        9.53872805E-04
   18.358469341267202        9.54989868E-04
   18.360196059602536        9.56108270E-04
   18.361922777937870        9.57228011E-04
   18.363649496273204        9.58349090E-04
   18.365376214608538        9.59471450E-04
   18.367102932943872        9.60595091E-04
   18.368829651279206        9.61719954E-04
   18.370556369614540        9.62846098E-04
   18.372283087949874        9.63973464E-04
   18.374009806285208        9.65102110E-04
   18.375736524620542        9.66231979E-04
   18.377463242955876        9.67363070E-04
   18.379189961291210        9.68495442E-04
   18.380916679626544        9.69629153E-04
   18.382643397961878        9.70764202E-04
   18.384370116297212        9.71900590E-04
   18.386096834632546        9.73038317E-04
   18.387823552967880        9.74177383E-04
   18.389550271303214        9.75317787E-04
   18.391276989638548        9.76459531E-04
   18.393003707973882        9.77602671E-04
   18.394730426309216        9.78747150E-04
   18.396457144644550        9.79892910E-04
   18.398183862979884        9.81039950E-04
   18.399910581315218        9.82188154E-04
   18.401637299650552        9.83337639E-04
   18.403364017985886        9.84488404E-04
   18.405090736321220        9.85640450E-04
   18.406817454656554        9.86793893E-04
   18.408544172991888        9.87948617E-04
   18.410270891327222        9.89104738E-04
   18.411997609662556        9.90262139E-04
   18.413724327997890        9.91420937E-04
   18.415451046333224        9.92581132E-04
   18.417177764668558        9.93742608E-04
   18.418904483003892        9.94905480E-04
   18.420631201339226        9.96069750E-04
   18.422357919674560        9.97235300E-04
   18.424084638009894        9.98402131E-04
   18.425811356345228        9.99570242E-04
   18.427538074680562        1.00073963E-03
   18.429264793015896        1.00191019E-03
   18.430991511351230        1.00308203E-03
   18.432718229686564        1.00425514E-03
   18.434444948021898        1.00542954E-03
   18.436171666357232        1.00660534E-03
   18.437898384692566        1.00778253E-03
   18.439625103027900        1.00896112E-03
   18.441351821363234        1.01014110E-03
   18.443078539698568        1.01132260E-03
   18.444805258033902        1.01250561E-03
   18.446531976369236        1.01369014E-03
   18.448258694704570        1.01487606E-03
   18.449985413039904        1.01606338E-03
   18.451712131375238        1.01725210E-03
   18.453438849710572        1.01844210E-03
   18.455165568045906        1.01963338E-03
   18.456892286381240        1.02082593E-03
   18.458619004716574        1.02201977E-03
   18.460345723051908        1.02321478E-03
   18.462072441387242        1.02441106E-03
   18.463799159722576        1.02560874E-03
   18.465525878057910        1.02680770E-03
   18.467252596393244        1.02800806E-03
   18.468979314728578        1.02920993E-03
   18.470706033063912        1.03041320E-03
   18.472432751399246        1.03161798E-03
   18.474159469734580        1.03282428E-03
   18.475886188069914        1.03403197E-03
   18.477612906405248        1.03524118E-03
   18.479339624740582        1.03645178E-03
   18.481066343075916        1.03766366E-03
   18.482793061411250        1.03887694E-03
   18.484519779746584        1.04009151E-03
   18.486246498081918        1.04130735E-03
   18.487973216417252        1.04252447E-03
   18.489699934752586        1.04374287E-03
   18.491426653087920        1.04496267E-03
   18.493153371423254        1.04618375E-03
   18.494880089758588        1.04740623E-03
   18.496606808093922        1.04863010E-03
   18.498333526429256        1.04985549E-03
   18.500060244764590        1.05108228E-03
   18.501786963099924        1.05231057E-03
   18.503513681435258        1.05354039E-03
   18.505240399770592        1.05477171E-03
   18.506967118105926        1.05600455E-03
   18.508693836441260        1.05723878E-03
   18.510420554776594        1.05847442E-03
   18.512147273111928        1.05971145E-03
   18.513873991447262        1.06094975E-03
   18.515600709782596        1.06218946E-03
   18.517327428117930        1.06343045E-03
   18.519054146453264        1.06467283E-03
   18.520780864788598        1.06591661E-03
   18.522507583123932        1.06716179E-03
   18.524234301459266        1.06840837E-03
   18.525961019794600        1.06965646E-03
   18.527687738129934        1.07090594E-03
   18.529414456465268        1.07215694E-03
   18.531141174800602        1.07340945E-03
   18.532867893135936        1.07466348E-03
   18.534594611471270        1.07591902E-03
   18.536321329806604        1.07717596E-03
   18.538048048141938        1.07843440E-03
   18.539774766477272        1.07969414E-03
   18.541501484812606        1.08095526E-03
   18.543228203147940        1.08221779E-03
   18.544954921483274        1.08348171E-03
   18.546681639818608        1.08474691E-03
   18.548408358153942        1.08601351E-03
   18.550135076489276        1.08728162E-03
   18.551861794824610        1.08855113E-03
   18.553588513159944        1.08982215E-03
   18.555315231495278        1.09109469E-03
   18.557041949830612        1.09236874E-03
   18.558768668165946        1.09364430E-03
   18.560495386501280        1.09492138E-03
   18.562222104836614        1.09619997E-03
   18.563948823171948        1.09748007E-03
   18.565675541507282        1.09876168E-03
   18.567402259842616        1.10004481E-03
   18.569128978177950        1.10132934E-03
   18.570855696513284        1.10261526E-03
   18.572582414848618        1.10390258E-03
   18.574309133183952        1.10519130E-03
   18.576035851519286        1.10648142E-03
   18.577762569854620        1.10777293E-03
   18.579489288189954        1.10906595E-03
   18.581216006525288        1.11036049E-03
   18.582942724860622        1.11165654E-03
   18.584669443195956        1.11295411E-03
   18.586396161531290        1.11425330E-03
   18.588122879866624        1.11555401E-03
   18.589849598201958        1.11685623E-03
   18.591576316537292        1.11815997E-03
   18.593303034872626        1.11946522E-03
   18.595029753207960        1.12077186E-03
   18.596756471543294        1.12208002E-03
   18.598483189878628        1.12338958E-03
   18.600209908213962        1.12470053E-03
   18.601936626549296        1.12601288E-03
   18.603663344884630        1.12732674E-03
   18.605390063219964        1.12864200E-03
   18.607116781555298        1.12995890E-03
   18.608843499890632        1.13127730E-03
   18.610570218225966        1.13259722E-03
   18.612296936561300        1.13391865E-03
   18.614023654896634        1.13524171E-03
   18.615750373231968        1.13656628E-03
   18.617477091567302        1.13789237E-03
   18.619203809902636        1.13922008E-03
   18.620930528237970        1.14054931E-03
   18.622657246573304        1.14187994E-03
   18.624383964908638        1.14321208E-03
   18.626110683243972        1.14454562E-03
   18.627837401579306        1.14588067E-03
   18.629564119914640        1.14721723E-03
   18.631290838249974        1.14855531E-03
   18.633017556585308        1.14989490E-03
   18.634744274920642        1.15123601E-03
   18.636470993255976        1.15257874E-03
   18.638197711591310        1.15392311E-03
   18.639924429926644        1.15526898E-03
   18.641651148261978        1.15661649E-03
   18.643377866597312        1.15796563E-03
   18.645104584932646        1.15931628E-03
   18.646831303267980        1.16066856E-03
   18.648558021603314        1.16202235E-03
   18.650284739938648        1.16337766E-03
   18.652011458273982        1.16473436E-03
   18.653738176609316        1.16609246E-03
   18.655464894944650        1.16745208E-03
   18.657191613279984        1.16881309E-03
   18.658918331615318        1.17017562E-03
   18.660645049950652        1.17153965E-03
   18.662371768285986        1.17290532E-03
   18.664098486621320        1.17427250E-03
   18.665825204956654        1.17564132E-03
   18.667551923291988        1.17701176E-03
   18.669278641627322        1.17838383E-03
   18.671005359962656        1.17975764E-03
   18.672732078297990        1.18113309E-03
   18.674458796633324        1.18251017E-03
   18.676185514968658        1.18388887E-03
   18.677912233303992        1.18526921E-03
   18.679638951639326        1.18665106E-03
   18.681365669974660        1.18803454E-03
   18.683092388309994        1.18941953E-03
   18.684819106645328        1.19080592E-03
   18.686545824980662        1.19219383E-03
   18.688272543315996        1.19358324E-03
   18.689999261651330        1.19497417E-03
   18.691725979986664        1.19636673E-03
   18.693452698321998        1.19776081E-03
   18.695179416657332        1.19915651E-03
   18.696906134992666        1.20055384E-03
   18.698632853328000        1.20195292E-03
   18.700359571663334        1.20335363E-03
   18.702086289998668        1.20475609E-03
   18.703813008334002        1.20616017E-03
   18.705539726669336        1.20756589E-03
   18.707266445004670        1.20897323E-03
   18.708993163340004        1.21038209E-03
   18.710719881675338        1.21179258E-03
   18.712446600010672        1.21320458E-03
   18.714173318346006        1.21461810E-03
   18.715900036681340        1.21603312E-03
   18.717626755016674        1.21744955E-03
   18.719353473352008        1.21886760E-03
   18.721080191687342        1.22028717E-03
   18.722806910022676        1.22170837E-03
   18.724533628358010        1.22313120E-03
   18.726260346693344        1.22455577E-03
   18.727987065028678        1.22598198E-03
   18.729713783364012        1.22740993E-03
   18.731440501699346        1.22883962E-03
   18.733167220034680        1.23027095E-03
   18.734893938370014        1.23170402E-03
   18.736620656705348        1.23313873E-03
   18.738347375040682        1.23457506E-03
   18.740074093376016        1.23601302E-03
   18.741800811711350        1.23745261E-03
   18.743527530046684        1.23889372E-03
   18.745254248382018        1.24033645E-03
   18.746980966717352        1.24178082E-03
   18.748707685052686        1.24322681E-03
   18.750434403388020        1.24467432E-03
   18.752161121723354        1.24612357E-03
   18.753887840058688        1.24757446E-03
   18.755614558394022        1.24902709E-03
   18.757341276729356        1.25048147E-03
   18.759067995064690        1.25193747E-03
   18.760794713400024        1.25339522E-03
   18.762521431735358        1.25485472E-03
   18.764248150070692        1.25631597E-03
   18.765974868406026        1.25777896E-03
   18.767701586741360        1.25924358E-03
   18.769428305076694        1.26070983E-03
   18.771155023412028        1.26217771E-03
   18.772881741747362        1.26364722E-03
   18.774608460082696        1.26511825E-03
   18.776335178418030        1.26659079E-03
   18.778061896753364        1.26806495E-03
   18.779788615088698        1.26954063E-03
   18.781515333424032        1.27101794E-03
   18.783242051759366        1.27249688E-03
   18.784968770094700        1.27397757E-03
   18.786695488430034        1.27546000E-03
   18.788422206765368        1.27694418E-03
   18.790148925100702        1.27843011E-03
   18.791875643436036        1.27991778E-03
   18.793602361771370        1.28140720E-03
   18.795329080106704        1.28289848E-03
   18.797055798442038        1.28439150E-03
   18.798782516777372        1.28588628E-03
   18.800509235112706        1.28738279E-03
   18.802235953448040        1.28888106E-03
   18.803962671783374        1.29038095E-03
   18.805689390118708        1.29188248E-03
   18.807416108454042        1.29338563E-03
   18.809142826789376        1.29489042E-03
   18.810869545124710        1.29639683E-03
   18.812596263460044        1.29790488E-03
   18.814322981795378        1.29941455E-03
   18.816049700130712        1.30092597E-03
   18.817776418466046        1.30243902E-03
   18.819503136801380        1.30395393E-03
   18.821229855136714        1.30547059E-03
   18.822956573472048        1.30698911E-03
   18.824683291807382        1.30850938E-03
   18.826410010142716        1.31003151E-03
   18.828136728478050        1.31155539E-03
   18.829863446813384        1.31308101E-03
   18.831590165148718        1.31460838E-03
   18.833316883484052        1.31613750E-03
   18.835043601819386        1.31766836E-03
   18.836770320154720        1.31920085E-03
   18.838497038490054        1.32073509E-03
   18.840223756825388        1.32227095E-03
   18.841950475160722        1.32380857E-03
   18.843677193496056        1.32534781E-03
   18.845403911831390        1.32688868E-03
   18.847130630166724        1.32843142E-03
   18.848857348502058        1.32997590E-03
   18.850584066837392        1.33152225E-03
   18.852310785172726        1.33307045E-03
   18.854037503508060        1.33462041E-03
   18.855764221843394        1.33617222E-03
   18.857490940178728        1.33772590E-03
   18.859217658514062        1.33928144E-03
   18.860944376849396        1.34083873E-03
   18.862671095184730        1.34239777E-03
   18.864397813520064        1.34395855E-03
   18.866124531855398        1.34552107E-03
   18.867851250190732        1.34708534E-03
   18.869577968526066        1.34865136E-03
   18.871304686861400        1.35021913E-03
   18.873031405196734        1.35178864E-03
   18.874758123532068        1.35335990E-03
   18.876484841867402        1.35493290E-03
   18.878211560202736        1.35650765E-03
   18.879938278538070        1.35808415E-03
   18.881664996873404        1.35966251E-03
   18.883391715208738        1.36124273E-03
   18.885118433544072        1.36282481E-03
   18.886845151879406        1.36440876E-03
   18.888571870214740        1.36599445E-03
   18.890298588550074        1.36758201E-03
   18.892025306885408        1.36917131E-03
   18.893752025220742        1.37076236E-03
   18.895478743556076        1.37235515E-03
   18.897205461891410        1.37394981E-03
   18.898932180226744        1.37554610E-03
   18.900658898562078        1.37714425E-03
   18.902385616897412        1.37874414E-03
   18.904112335232746        1.38034602E-03
   18.905839053568080        1.38194975E-03
   18.907565771903414        1.38355535E-03
   18.909292490238748        1.38516282E-03
   18.911019208574082        1.38677214E-03
   18.912745926909416        1.38838333E-03
   18.914472645244750        1.38999638E-03
   18.916199363580084        1.39161118E-03
   18.917926081915418        1.39322784E-03
   18.919652800250752        1.39484624E-03
   18.921379518586086        1.39646640E-03
   18.923106236921420        1.39808829E-03
   18.924832955256754        1.39971205E-03
   18.926559673592088        1.40133768E-03
   18.928286391927422        1.40296516E-03
   18.930013110262756        1.40459451E-03
   18.931739828598090        1.40622573E-03
   18.933466546933424        1.40785880E-03
   18.935193265268758        1.40949374E-03
   18.936919983604092        1.41113065E-03
   18.938646701939426        1.41276955E-03
   18.940373420274760        1.41441030E-03
   18.942100138610094        1.41605292E-03
   18.943826856945428        1.41769729E-03
   18.945553575280762        1.41934352E-03
   18.947280293616096        1.42099150E-03
   18.949007011951430        1.42264133E-03
   18.950733730286764        1.42429292E-03
   18.952460448622098        1.42594636E-03
   18.954187166957432        1.42760167E-03
   18.955913885292766        1.42925885E-03
   18.957640603628100        1.43091788E-03
   18.959367321963434        1.43257878E-03
   18.961094040298768        1.43424165E-03
   18.962820758634102        1.43590639E-03
   18.964547476969436        1.43757311E-03
   18.966274195304770        1.43924181E-03
   18.968000913640104        1.44091249E-03
   18.969727631975438        1.44258502E-03
   18.971454350310772        1.44425954E-03
   18.973181068646106        1.44593592E-03
   18.974907786981440        1.44761428E-03
   18.976634505316774        1.44929450E-03
   18.978361223652108        1.45097659E-03
   18.980087941987442        1.45266065E-03
   18.981814660322776        1.45434658E-03
   18.983541378658110        1.45603437E-03
   18.985268096993444        1.45772414E-03
   18.986994815328778        1.45941577E-03
   18.988721533664112        1.46110938E-03
   18.990448251999446        1.46280497E-03
   18.992174970334780        1.46450254E-03
   18.993901688670114        1.46620208E-03
   18.995628407005448        1.46790373E-03
   18.997355125340782        1.46960735E-03
   18.999081843676116        1.47131283E-03
   19.000808562011450        1.47302018E-03
   19.002535280346784        1.47472939E-03
   19.004261998682118        1.47644035E-03
   19.005988717017452        1.47815316E-03
   19.007715435352786        1.47986785E-03
   19.009442153688120        1.48158439E-03
   19.011168872023454        1.48330280E-03
   19.012895590358788        1.48502307E-03
   19.014622308694122        1.48674531E-03
   19.016349027029456        1.48846954E-03
   19.018075745364790        1.49019575E-03
   19.019802463700124        1.49192393E-03
   19.021529182035458        1.49365421E-03
   19.023255900370792        1.49538659E-03
   19.024982618706126        1.49712106E-03
   19.026709337041460        1.49885763E-03
   19.028436055376794        1.50059618E-03
   19.030162773712128        1.50233682E-03
   19.031889492047462        1.50407932E-03
   19.033616210382796        1.50582381E-03
   19.035342928718130        1.50757015E-03
   19.037069647053464        1.50931836E-03
   19.038796365388798        1.51106843E-03
   19.040523083724132        1.51282037E-03
   19.042249802059466        1.51457428E-03
   19.043976520394800        1.51633017E-03
   19.045703238730134        1.51808793E-03
   19.047429957065468        1.51984778E-03
   19.049156675400802        1.52160961E-03
   19.050883393736136        1.52337353E-03
   19.052610112071470        1.52513955E-03
   19.054336830406804        1.52690778E-03
   19.056063548742138        1.52867811E-03
   19.057790267077472        1.53045054E-03
   19.059516985412806        1.53222494E-03
   19.061243703748140        1.53400144E-03
   19.062970422083474        1.53577991E-03
   19.064697140418808        1.53756025E-03
   19.066423858754142        1.53934257E-03
   19.068150577089476        1.54112675E-03
   19.069877295424810        1.54291291E-03
   19.071604013760144        1.54470094E-03
   19.073330732095478        1.54649094E-03
   19.075057450430812        1.54828292E-03
   19.076784168766146        1.55007700E-03
   19.078510887101480        1.55187317E-03
   19.080237605436814        1.55367143E-03
   19.081964323772148        1.55547180E-03
   19.083691042107482        1.55727437E-03
   19.085417760442816        1.55907904E-03
   19.087144478778150        1.56088581E-03
   19.088871197113484        1.56269467E-03
   19.090597915448818        1.56450563E-03
   19.092324633784152        1.56631856E-03
   19.094051352119486        1.56813359E-03
   19.095778070454820        1.56995060E-03
   19.097504788790154        1.57176971E-03
   19.099231507125488        1.57359079E-03
   19.100958225460822        1.57541374E-03
   19.102684943796156        1.57723879E-03
   19.104411662131490        1.57906581E-03
   19.106138380466824        1.58089481E-03
   19.107865098802158        1.58272590E-03
   19.109591817137492        1.58455898E-03
   19.111318535472826        1.58639415E-03
   19.113045253808160        1.58823153E-03
   19.114771972143494        1.59007101E-03
   19.116498690478828        1.59191270E-03
   19.118225408814162        1.59375649E-03
   19.119952127149496        1.59560237E-03
   19.121678845484830        1.59745035E-03
   19.123405563820164        1.59930054E-03
   19.125132282155498        1.60115270E-03
   19.126859000490832        1.60300697E-03
   19.128585718826166        1.60486333E-03
   19.130312437161500        1.60672178E-03
   19.132039155496834        1.60858233E-03
   19.133765873832168        1.61044498E-03
   19.135492592167502        1.61230972E-03
   19.137219310502836        1.61417655E-03
   19.138946028838170        1.61604548E-03
   19.140672747173504        1.61791663E-03
   19.142399465508838        1.61978987E-03
   19.144126183844172        1.62166532E-03
   19.145852902179506        1.62354286E-03
   19.147579620514840        1.62542262E-03
   19.149306338850174        1.62730459E-03
   19.151033057185508        1.62918877E-03
   19.152759775520842        1.63107505E-03
   19.154486493856176        1.63296342E-03
   19.156213212191510        1.63485389E-03
   19.157939930526844        1.63674634E-03
   19.159666648862178        1.63864088E-03
   19.161393367197512        1.64053752E-03
   19.163120085532846        1.64243637E-03
   19.164846803868180        1.64433732E-03
   19.166573522203514        1.64624036E-03
   19.168300240538848        1.64814561E-03
   19.170026958874182        1.65005319E-03
   19.171753677209516        1.65196299E-03
   19.173480395544850        1.65387499E-03
   19.175207113880184        1.65578909E-03
   19.176933832215518        1.65770540E-03
   19.178660550550852        1.65962393E-03
   19.180387268886186        1.66154467E-03
   19.182113987221520        1.66346750E-03
   19.183840705556854        1.66539242E-03
   19.185567423892188        1.66731945E-03
   19.187294142227522        1.66924857E-03
   19.189020860562856        1.67117990E-03
   19.190747578898190        1.67311332E-03
   19.192474297233524        1.67504884E-03
   19.194201015568858        1.67698658E-03
   19.195927733904192        1.67892640E-03
   19.197654452239526        1.68086844E-03
   19.199381170574860        1.68281281E-03
   19.201107888910194        1.68475939E-03
   19.202834607245528        1.68670830E-03
   19.204561325580862        1.68865954E-03
   19.206288043916196        1.69061299E-03
   19.208014762251530        1.69256853E-03
   19.209741480586864        1.69452629E-03
   19.211468198922198        1.69648614E-03
   19.213194917257532        1.69844809E-03
   19.214921635592866        1.70041225E-03
   19.216648353928200        1.70237862E-03
   19.218375072263534        1.70434720E-03
   19.220101790598868        1.70631811E-03
   19.221828508934202        1.70829135E-03
   19.223555227269536        1.71026704E-03
   19.225281945604870        1.71224505E-03
   19.227008663940204        1.71422539E-03
   19.228735382275538        1.71620806E-03
   19.230462100610872        1.71819294E-03
   19.232188818946206        1.72018004E-03
   19.233915537281540        1.72216934E-03
   19.235642255616874        1.72416086E-03
   19.237368973952208        1.72615459E-03
   19.239095692287542        1.72815030E-03
   19.240822410622876        1.73014810E-03
   19.242549128958210        1.73214800E-03
   19.244275847293544        1.73415011E-03
   19.246002565628878        1.73615443E-03
   19.247729283964212        1.73816097E-03
   19.249456002299546        1.74016971E-03
   19.251182720634880        1.74218090E-03
   19.252909438970214        1.74419442E-03
   19.254636157305548        1.74621039E-03
   19.256362875640882        1.74822891E-03
   19.258089593976216        1.75024988E-03
   19.259816312311550        1.75227318E-03
   19.261543030646884        1.75429892E-03
   19.263269748982218        1.75632688E-03
   19.264996467317552        1.75835716E-03
   19.266723185652886        1.76038954E-03
   19.268449903988220        1.76242413E-03
   19.270176622323554        1.76446093E-03
   19.271903340658888        1.76649983E-03
   19.273630058994222        1.76854094E-03
   19.275356777329556        1.77058426E-03
   19.277083495664890        1.77262991E-03
   19.278810214000224        1.77467801E-03
   19.280536932335558        1.77672843E-03
   19.282263650670892        1.77878141E-03
   19.283990369006226        1.78083684E-03
   19.285717087341560        1.78289483E-03
   19.287443805676894        1.78495527E-03
   19.289170524012228        1.78701815E-03
   19.290897242347562        1.78908336E-03
   19.292623960682896        1.79115089E-03
   19.294350679018230        1.79322064E-03
   19.296077397353564        1.79529248E-03
   19.297804115688898        1.79736642E-03
   19.299530834024232        1.79944257E-03
   19.301257552359566        1.80152082E-03
   19.302984270694900        1.80360116E-03
   19.304710989030234        1.80568383E-03
   19.306437707365568        1.80776883E-03
   19.308164425700902        1.80985627E-03
   19.309891144036236        1.81194616E-03
   19.311617862371570        1.81403861E-03
   19.313344580706904        1.81613362E-03
   19.315071299042238        1.81823119E-03
   19.316798017377572        1.82033132E-03
   19.318524735712906        1.82243390E-03
   19.320251454048240        1.82453892E-03
   19.321978172383574        1.82664627E-03
   19.323704890718908        1.82875595E-03
   19.325431609054242        1.83086796E-03
   19.327158327389576        1.83298229E-03
   19.328885045724910        1.83509872E-03
   19.330611764060244        1.83721748E-03
   19.332338482395578        1.83933845E-03
   19.334065200730912        1.84146164E-03
   19.335791919066246        1.84358715E-03
   19.337518637401580        1.84571510E-03
   19.339245355736914        1.84784550E-03
   19.340972074072248        1.84997846E-03
   19.342698792407582        1.85211399E-03
   19.344425510742916        1.85425219E-03
   19.346152229078250        1.85639283E-03
   19.347878947413584        1.85853604E-03
   19.349605665748918        1.86068169E-03
   19.351332384084252        1.86282978E-03
   19.353059102419586        1.86498021E-03
   19.354785820754920        1.86713296E-03
   19.356512539090254        1.86928792E-03
   19.358239257425588        1.87144533E-03
   19.359965975760922        1.87360507E-03
   19.361692694096256        1.87576714E-03
   19.363419412431590        1.87793165E-03
   19.365146130766924        1.88009848E-03
   19.366872849102258        1.88226777E-03
   19.368599567437592        1.88443961E-03
   19.370326285772926        1.88661402E-03
   19.372053004108260        1.88879098E-03
   19.373779722443594        1.89097051E-03
   19.375506440778928        1.89315260E-03
   19.377233159114262        1.89533725E-03
   19.378959877449596        1.89752446E-03
   19.380686595784930        1.89971423E-03
   19.382413314120264        1.90190633E-03
   19.384140032455598        1.90410088E-03
   19.385866750790932        1.90629775E-03
   19.387593469126266        1.90849695E-03
   19.389320187461600        1.91069848E-03
   19.391046905796934        1.91290246E-03
   19.392773624132268        1.91510876E-03
   19.394500342467602        1.91731763E-03
   19.396227060802936        1.91952905E-03
   19.397953779138270        1.92174292E-03
   19.399680497473604        1.92395935E-03
   19.401407215808938        1.92617846E-03
   19.403133934144272        1.92840013E-03
   19.404860652479606        1.93062436E-03
   19.406587370814940        1.93285127E-03
   19.408314089150274        1.93508074E-03
   19.410040807485608        1.93731266E-03
   19.411767525820942        1.93954702E-03
   19.413494244156276        1.94178382E-03
   19.415220962491610        1.94402318E-03
   19.416947680826944        1.94626499E-03
   19.418674399162278        1.94850913E-03
   19.420401117497612        1.95075572E-03
   19.422127835832946        1.95300474E-03
   19.423854554168280        1.95525633E-03
   19.425581272503614        1.95751037E-03
   19.427307990838948        1.95976719E-03
   19.429034709174282        1.96202658E-03
   19.430761427509616        1.96428853E-03
   19.432488145844950        1.96655304E-03
   19.434214864180284        1.96882035E-03
   19.435941582515618        1.97109021E-03
   19.437668300850952        1.97336264E-03
   19.439395019186286        1.97563763E-03
   19.441121737521620        1.97791518E-03
   19.442848455856954        1.98019552E-03
   19.444575174192288        1.98247842E-03
   19.446301892527622        1.98476366E-03
   19.448028610862956        1.98705145E-03
   19.449755329198290        1.98934181E-03
   19.451482047533624        1.99163472E-03
   19.453208765868958        1.99393043E-03
   19.454935484204292        1.99622870E-03
   19.456662202539626        1.99852954E-03
   19.458388920874960        2.00083293E-03
   19.460115639210294        2.00313888E-03
   19.461842357545628        2.00544717E-03
   19.463569075880962        2.00775801E-03
   19.465295794216296        2.01007165E-03
   19.467022512551630        2.01238785E-03
   19.468749230886964        2.01470661E-03
   19.470475949222298        2.01702816E-03
   19.472202667557632        2.01935228E-03
   19.473929385892966        2.02167896E-03
   19.475656104228300        2.02400843E-03
   19.477382822563634        2.02634046E-03
   19.479109540898968        2.02867528E-03
   19.480836259234302        2.03101267E-03
   19.482562977569636        2.03335262E-03
   19.484289695904970        2.03569513E-03
   19.486016414240304        2.03804043E-03
   19.487743132575638        2.04038830E-03
   19.489469850910972        2.04273872E-03
   19.491196569246306        2.04509171E-03
   19.492923287581640        2.04744702E-03
   19.494650005916974        2.04980490E-03
   19.496376724252308        2.05216534E-03
   19.498103442587642        2.05452857E-03
   19.499830160922976        2.05689459E-03
   19.501556879258310        2.05926318E-03
   19.503283597593644        2.06163456E-03
   19.505010315928978        2.06400873E-03
   19.506737034264312        2.06638570E-03
   19.508463752599646        2.06876546E-03
   19.510190470934980        2.07114802E-03
   19.511917189270314        2.07353337E-03
   19.513643907605648        2.07592151E-03
   19.515370625940982        2.07831245E-03
   19.517097344276316        2.08070595E-03
   19.518824062611650        2.08310224E-03
   19.520550780946984        2.08550110E-03
   19.522277499282318        2.08790251E-03
   19.524004217617652        2.09030649E-03
   19.525730935952986        2.09271302E-03
   19.527457654288320        2.09512189E-03
   19.529184372623654        2.09753355E-03
   19.530911090958988        2.09994777E-03
   19.532637809294322        2.10236479E-03
   19.534364527629656        2.10478459E-03
   19.536091245964990        2.10720720E-03
   19.537817964300324        2.10963283E-03
   19.539544682635658        2.11206125E-03
   19.541271400970992        2.11449247E-03
   19.542998119306326        2.11692648E-03
   19.544724837641660        2.11936329E-03
   19.546451555976994        2.12180289E-03
   19.548178274312328        2.12424528E-03
   19.549904992647662        2.12669023E-03
   19.551631710982996        2.12913798E-03
   19.553358429318330        2.13158829E-03
   19.555085147653664        2.13404140E-03
   19.556811865988998        2.13649706E-03
   19.558538584324332        2.13895529E-03
   19.560265302659666        2.14141631E-03
   19.561992020995000        2.14388012E-03
   19.563718739330334        2.14634673E-03
   19.565445457665668        2.14881613E-03
   19.567172176001002        2.15128856E-03
   19.568898894336336        2.15376378E-03
   19.570625612671670        2.15624203E-03
   19.572352331007004        2.15872307E-03
   19.574079049342338        2.16120714E-03
   19.575805767677672        2.16369401E-03
   19.577532486013006        2.16618367E-03
   19.579259204348340        2.16867612E-03
   19.580985922683674        2.17117136E-03
   19.582712641019008        2.17366917E-03
   19.584439359354342        2.17616977E-03
   19.586166077689676        2.17867293E-03
   19.587892796025010        2.18117889E-03
   19.589619514360344        2.18368741E-03
   19.591346232695678        2.18619872E-03
   19.593072951031012        2.18871282E-03
   19.594799669366346        2.19122972E-03
   19.596526387701680        2.19374942E-03
   19.598253106037014        2.19627214E-03
   19.599979824372348        2.19879788E-03
   19.601706542707682        2.20132642E-03
   19.603433261043016        2.20385799E-03
   19.605159979378350        2.20639259E-03
   19.606886697713684        2.20893021E-03
   19.608613416049018        2.21147086E-03
   19.610340134384352        2.21401430E-03
   19.612066852719686        2.21656053E-03
   19.613793571055020        2.21910933E-03
   19.615520289390354        2.22166092E-03
   19.617247007725688        2.22421531E-03
   19.618973726061022        2.22677249E-03
   19.620700444396356        2.22933246E-03
   19.622427162731690        2.23189499E-03
   19.624153881067024        2.23446055E-03
   19.625880599402358        2.23702891E-03
   19.627607317737692        2.23960029E-03
   19.629334036073026        2.24217470E-03
   19.631060754408360        2.24475213E-03
   19.632787472743694        2.24733260E-03
   19.634514191079028        2.24991608E-03
   19.636240909414362        2.25250260E-03
   19.637967627749696        2.25509214E-03
   19.639694346085030        2.25768471E-03
   19.641421064420364        2.26028007E-03
   19.643147782755698        2.26287823E-03
   19.644874501091032        2.26547918E-03
   19.646601219426366        2.26808270E-03
   19.648327937761700        2.27068900E-03
   19.650054656097034        2.27329810E-03
   19.651781374432367        2.27591000E-03
   19.653508092767701        2.27852468E-03
   19.655234811103035        2.28114240E-03
   19.656961529438369        2.28376314E-03
   19.658688247773703        2.28638691E-03
   19.660414966109037        2.28901394E-03
   19.662141684444371        2.29164399E-03
   19.663868402779705        2.29427731E-03
   19.665595121115039        2.29691365E-03
   19.667321839450373        2.29955302E-03
   19.669048557785707        2.30219541E-03
   19.670775276121041        2.30484083E-03
   19.672501994456375        2.30748928E-03
   19.674228712791709        2.31014052E-03
   19.675955431127043        2.31279479E-03
   19.677682149462377        2.31545186E-03
   19.679408867797711        2.31811171E-03
   19.681135586133045        2.32077437E-03
   19.682862304468379        2.32343981E-03
   19.684589022803713        2.32610828E-03
   19.686315741139047        2.32877955E-03
   19.688042459474381        2.33145384E-03
   19.689769177809715        2.33413139E-03
   19.691495896145049        2.33681197E-03
   19.693222614480383        2.33949581E-03
   19.694949332815717        2.34218291E-03
   19.696676051151051        2.34487304E-03
   19.698402769486385        2.34756619E-03
   19.700129487821719        2.35026237E-03
   19.701856206157053        2.35296157E-03
   19.703582924492387        2.35566380E-03
   19.705309642827721        2.35836883E-03
   19.707036361163055        2.36107665E-03
   19.708763079498389        2.36378750E-03
   19.710489797833723        2.36650137E-03
   19.712216516169057        2.36921827E-03
   19.713943234504391        2.37193820E-03
   19.715669952839725        2.37466116E-03
   19.717396671175059        2.37738737E-03
   19.719123389510393        2.38011661E-03
   19.720850107845727        2.38284888E-03
   19.722576826181061        2.38558417E-03
   19.724303544516395        2.38832273E-03
   19.726030262851729        2.39106431E-03
   19.727756981187063        2.39380915E-03
   19.729483699522397        2.39655701E-03
   19.731210417857731        2.39930791E-03
   19.732937136193065        2.40206160E-03
   19.734663854528399        2.40481854E-03
   19.736390572863733        2.40757852E-03
   19.738117291199067        2.41034152E-03
   19.739844009534401        2.41310755E-03
   19.741570727869735        2.41587660E-03
   19.743297446205069        2.41864892E-03
   19.745024164540403        2.42142449E-03
   19.746750882875737        2.42420333E-03
   19.748477601211071        2.42698542E-03
   19.750204319546405        2.42977077E-03
   19.751931037881739        2.43255915E-03
   19.753657756217073        2.43535079E-03
   19.755384474552407        2.43814569E-03
   19.757111192887741        2.44094362E-03
   19.758837911223075        2.44374457E-03
   19.760564629558409        2.44654855E-03
   19.762291347893743        2.44935555E-03
   19.764018066229077        2.45216559E-03
   19.765744784564411        2.45497865E-03
   19.767471502899745        2.45779473E-03
   19.769198221235079        2.46061385E-03
   19.770924939570413        2.46343622E-03
   19.772651657905747        2.46626185E-03
   19.774378376241081        2.46909074E-03
   19.776105094576415        2.47192290E-03
   19.777831812911749        2.47475854E-03
   19.779558531247083        2.47759745E-03
   19.781285249582417        2.48043961E-03
   19.783011967917751        2.48328503E-03
   19.784738686253085        2.48613348E-03
   19.786465404588419        2.48898496E-03
   19.788192122923753        2.49183946E-03
   19.789918841259087        2.49469699E-03
   19.791645559594421        2.49755755E-03
   19.793372277929755        2.50042113E-03
   19.795098996265089        2.50328798E-03
   19.796825714600423        2.50615808E-03
   19.798552432935757        2.50903144E-03
   19.800279151271091        2.51190830E-03
   19.802005869606425        2.51478842E-03
   19.803732587941759        2.51767202E-03
   19.805459306277093        2.52055912E-03
   19.807186024612427        2.52344948E-03
   19.808912742947761        2.52634333E-03
   19.810639461283095        2.52924045E-03
   19.812366179618429        2.53214082E-03
   19.814092897953763        2.53504422E-03
   19.815819616289097        2.53795064E-03
   19.817546334624431        2.54086009E-03
   19.819273052959765        2.54377280E-03
   19.820999771295099        2.54668854E-03
   19.822726489630433        2.54960731E-03
   19.824453207965767        2.55252933E-03
   19.826179926301101        2.55545462E-03
   19.827906644636435        2.55838316E-03
   19.829633362971769        2.56131520E-03
   19.831360081307103        2.56425072E-03
   19.833086799642437        2.56718998E-03
   19.834813517977771        2.57013272E-03
   19.836540236313105        2.57307873E-03
   19.838266954648439        2.57602823E-03
   19.839993672983773        2.57898099E-03
   19.841720391319107        2.58193677E-03
   19.843447109654441        2.58489582E-03
   19.845173827989775        2.58785789E-03
   19.846900546325109        2.59082275E-03
   19.848627264660443        2.59379088E-03
   19.850353982995777        2.59676203E-03
   19.852080701331111        2.59973644E-03
   19.853807419666445        2.60271411E-03
   19.855534138001779        2.60569528E-03
   19.857260856337113        2.60868017E-03
   19.858987574672447        2.61166855E-03
   19.860714293007781        2.61466065E-03
   19.862441011343115        2.61765672E-03
   19.864167729678449        2.62065628E-03
   19.865894448013783        2.62365956E-03
   19.867621166349117        2.62666610E-03
   19.869347884684451        2.62967590E-03
   19.871074603019785        2.63268896E-03
   19.872801321355119        2.63570505E-03
   19.874528039690453        2.63872417E-03
   19.876254758025787        2.64174631E-03
   19.877981476361121        2.64477124E-03
   19.879708194696455        2.64779944E-03
   19.881434913031789        2.65083066E-03
   19.883161631367123        2.65386538E-03
   19.884888349702457        2.65690382E-03
   19.886615068037791        2.65994575E-03
   19.888341786373125        2.66299164E-03
   19.890068504708459        2.66604125E-03
   19.891795223043793        2.66909483E-03
   19.893521941379127        2.67215213E-03
   19.895248659714461        2.67521292E-03
   19.896975378049795        2.67827720E-03
   19.898702096385129        2.68134498E-03
   19.900428814720463        2.68441578E-03
   19.902155533055797        2.68748985E-03
   19.903882251391131        2.69056694E-03
   19.905608969726465        2.69364705E-03
   19.907335688061799        2.69673043E-03
   19.909062406397133        2.69981683E-03
   19.910789124732467        2.70290673E-03
   19.912515843067801        2.70599988E-03
   19.914242561403135        2.70909676E-03
   19.915969279738469        2.71219737E-03
   19.917695998073803        2.71530193E-03
   19.919422716409137        2.71841045E-03
   19.921149434744471        2.72152270E-03
   19.922876153079805        2.72463867E-03
   19.924602871415139        2.72775814E-03
   19.926329589750473        2.73088110E-03
   19.928056308085807        2.73400731E-03
   19.929783026421141        2.73713679E-03
   19.931509744756475        2.74026929E-03
   19.933236463091809        2.74340482E-03
   19.934963181427143        2.74654361E-03
   19.936689899762477        2.74968566E-03
   19.938416618097811        2.75283121E-03
   19.940143336433145        2.75598047E-03
   19.941870054768479        2.75913323E-03
   19.943596773103813        2.76228995E-03
   19.945323491439147        2.76545039E-03
   19.947050209774481        2.76861480E-03
   19.948776928109815        2.77178315E-03
   19.950503646445149        2.77495524E-03
   19.952230364780483        2.77813082E-03
   19.953957083115817        2.78131012E-03
   19.955683801451151        2.78449291E-03
   19.957410519786485        2.78767897E-03
   19.959137238121819        2.79086828E-03
   19.960863956457153        2.79406086E-03
   19.962590674792487        2.79725646E-03
   19.964317393127821        2.80045555E-03
   19.966044111463155        2.80365790E-03
   19.967770829798489        2.80686375E-03
   19.969497548133823        2.81007309E-03
   19.971224266469157        2.81328615E-03
   19.972950984804491        2.81650317E-03
   19.974677703139825        2.81972415E-03
   19.976404421475159        2.82294909E-03
   19.978131139810493        2.82617798E-03
   19.979857858145827        2.82941083E-03
   19.981584576481161        2.83264741E-03
   19.983311294816495        2.83588748E-03
   19.985038013151829        2.83913105E-03
   19.986764731487163        2.84237810E-03
   19.988491449822497        2.84562865E-03
   19.990218168157831        2.84888269E-03
   19.991944886493165        2.85214023E-03
   19.993671604828499        2.85540125E-03
   19.995398323163833        2.85866577E-03
   19.997125041499167        2.86193378E-03
   19.998851759834501        2.86520552E-03
   20.000578478169835        2.86848121E-03
   20.002305196505169        2.87176063E-03
   20.004031914840503        2.87504378E-03
   20.005758633175837        2.87833065E-03
   20.007485351511171        2.88162124E-03
   20.009212069846505        2.88491556E-03
   20.010938788181839        2.88821361E-03
   20.012665506517173        2.89151538E-03
   20.014392224852507        2.89482065E-03
   20.016118943187841        2.89812940E-03
   20.017845661523175        2.90144165E-03
   20.019572379858509        2.90475739E-03
   20.021299098193843        2.90807663E-03
   20.023025816529177        2.91139958E-03
   20.024752534864511        2.91472650E-03
   20.026479253199845        2.91805714E-03
   20.028205971535179        2.92139174E-03
   20.029932689870513        2.92473030E-03
   20.031659408205847        2.92807282E-03
   20.033386126541181        2.93141929E-03
   20.035112844876515        2.93476949E-03
   20.036839563211849        2.93812365E-03
   20.038566281547183        2.94148154E-03
   20.040292999882517        2.94484291E-03
   20.042019718217851        2.94820801E-03
   20.043746436553185        2.95157661E-03
   20.045473154888519        2.95494869E-03
   20.047199873223853        2.95832427E-03
   20.048926591559187        2.96170358E-03
   20.050653309894521        2.96508661E-03
   20.052380028229855        2.96847336E-03
   20.054106746565189        2.97186407E-03
   20.055833464900523        2.97525898E-03
   20.057560183235857        2.97865784E-03
   20.059286901571191        2.98206066E-03
   20.061013619906525        2.98546744E-03
   20.062740338241859        2.98887817E-03
   20.064467056577193        2.99229263E-03
   20.066193774912527        2.99571105E-03
   20.067920493247861        2.99913296E-03
   20.069647211583195        3.00255837E-03
   20.071373929918529        3.00598727E-03
   20.073100648253863        3.00941966E-03
   20.074827366589197        3.01285577E-03
   20.076554084924531        3.01629561E-03
   20.078280803259865        3.01973918E-03
   20.080007521595199        3.02318647E-03
   20.081734239930533        3.02663795E-03
   20.083460958265867        3.03009339E-03
   20.085187676601201        3.03355302E-03
   20.086914394936535        3.03701684E-03
   20.088641113271869        3.04048485E-03
   20.090367831607203        3.04395705E-03
   20.092094549942537        3.04743322E-03
   20.093821268277871        3.05091334E-03
   20.095547986613205        3.05439741E-03
   20.097274704948539        3.05788522E-03
   20.099001423283873        3.06137674E-03
   20.100728141619207        3.06487177E-03
   20.102454859954541        3.06837028E-03
   20.104181578289875        3.07187252E-03
   20.105908296625209        3.07537848E-03
   20.107635014960543        3.07888817E-03
   20.109361733295877        3.08240182E-03
   20.111088451631211        3.08591966E-03
   20.112815169966545        3.08944145E-03
   20.114541888301879        3.09296744E-03
   20.116268606637213        3.09649762E-03
   20.117995324972547        3.10003199E-03
   20.119722043307881        3.10357055E-03
   20.121448761643215        3.10711307E-03
   20.123175479978549        3.11065954E-03
   20.124902198313883        3.11420974E-03
   20.126628916649217        3.11776367E-03
   20.128355634984551        3.12132132E-03
   20.130082353319885        3.12488270E-03
   20.131809071655219        3.12844780E-03
   20.133535789990553        3.13201663E-03
   20.135262508325887        3.13558942E-03
   20.136989226661221        3.13916616E-03
   20.138715944996555        3.14274710E-03
   20.140442663331889        3.14633222E-03
   20.142169381667223        3.14992154E-03
   20.143896100002557        3.15351528E-03
   20.145622818337891        3.15711345E-03
   20.147349536673225        3.16071580E-03
   20.149076255008559        3.16432235E-03
   20.150802973343893        3.16793309E-03
   20.152529691679227        3.17154778E-03
   20.154256410014561        3.17516620E-03
   20.155983128349895        3.17878835E-03
   20.157709846685229        3.18241422E-03
   20.159436565020563        3.18604382E-03
   20.161163283355897        3.18967737E-03
   20.162890001691231        3.19331465E-03
   20.164616720026565        3.19695589E-03
   20.166343438361899        3.20060109E-03
   20.168070156697233        3.20425048E-03
   20.169796875032567        3.20790405E-03
   20.171523593367901        3.21156182E-03
   20.173250311703235        3.21522378E-03
   20.174977030038569        3.21889017E-03
   20.176703748373903        3.22256074E-03
   20.178430466709237        3.22623551E-03
   20.180157185044571        3.22991447E-03
   20.181883903379905        3.23359761E-03
   20.183610621715239        3.23728495E-03
   20.185337340050573        3.24097648E-03
   20.187064058385907        3.24467197E-03
   20.188790776721241        3.24837142E-03
   20.190517495056575        3.25207459E-03
   20.192244213391909        3.25578195E-03
   20.193970931727243        3.25949327E-03
   20.195697650062577        3.26320855E-03
   20.197424368397911        3.26692802E-03
   20.199151086733245        3.27065168E-03
   20.200877805068579        3.27437953E-03
   20.202604523403913        3.27811181E-03
   20.204331241739247        3.28184851E-03
   20.206057960074581        3.28558940E-03
   20.207784678409915        3.28933448E-03
   20.209511396745249        3.29308375E-03
   20.211238115080583        3.29683721E-03
   20.212964833415917        3.30059486E-03
   20.214691551751251        3.30435671E-03
   20.216418270086585        3.30812251E-03
   20.218144988421919        3.31189251E-03
   20.219871706757253        3.31566646E-03
   20.221598425092587        3.31944460E-03
   20.223325143427921        3.32322693E-03
   20.225051861763255        3.32701369E-03
   20.226778580098589        3.33080464E-03
   20.228505298433923        3.33459978E-03
   20.230232016769257        3.33839911E-03
   20.231958735104591        3.34220286E-03
   20.233685453439925        3.34601081E-03
   20.235412171775259        3.34982295E-03
   20.237138890110593        3.35363927E-03
   20.238865608445927        3.35745979E-03
   20.240592326781261        3.36128450E-03
   20.242319045116595        3.36511363E-03
   20.244045763451929        3.36894696E-03
   20.245772481787263        3.37278447E-03
   20.247499200122597        3.37662641E-03
   20.249225918457931        3.38047254E-03
   20.250952636793265        3.38432286E-03
   20.252679355128599        3.38817737E-03
   20.254406073463933        3.39203631E-03
   20.256132791799267        3.39589966E-03
   20.257859510134601        3.39976721E-03
   20.259586228469935        3.40363896E-03
   20.261312946805269        3.40751512E-03
   20.263039665140603        3.41139548E-03
   20.264766383475937        3.41528002E-03
   20.266493101811271        3.41916899E-03
   20.268219820146605        3.42306239E-03
   20.269946538481939        3.42695997E-03
   20.271673256817273        3.43086198E-03
   20.273399975152607        3.43476818E-03
   20.275126693487941        3.43867880E-03
   20.276853411823275        3.44259385E-03
   20.278580130158609        3.44651355E-03
   20.280306848493943        3.45043768E-03
   20.282033566829277        3.45436600E-03
   20.283760285164611        3.45829898E-03
   20.285487003499945        3.46223637E-03
   20.287213721835279        3.46617820E-03
   20.288940440170613        3.47012444E-03
   20.290667158505947        3.47407511E-03
   20.292393876841281        3.47803021E-03
   20.294120595176615        3.48198973E-03
   20.295847313511949        3.48595367E-03
   20.297574031847283        3.48992203E-03
   20.299300750182617        3.49389459E-03
   20.301027468517951        3.49787157E-03
   20.302754186853285        3.50185274E-03
   20.304480905188619        3.50583810E-03
   20.306207623523953        3.50982789E-03
   20.307934341859287        3.51382187E-03
   20.309661060194621        3.51782027E-03
   20.311387778529955        3.52182286E-03
   20.313114496865289        3.52582987E-03
   20.314841215200623        3.52984131E-03
   20.316567933535957        3.53385718E-03
   20.318294651871291        3.53787770E-03
   20.320021370206625        3.54190287E-03
   20.321748088541959        3.54593270E-03
   20.323474806877293        3.54996743E-03
   20.325201525212627        3.55400681E-03
   20.326928243547961        3.55805084E-03
   20.328654961883295        3.56209930E-03
   20.330381680218629        3.56615242E-03
   20.332108398553963        3.57021019E-03
   20.333835116889297        3.57427238E-03
   20.335561835224631        3.57833877E-03
   20.337288553559965        3.58240982E-03
   20.339015271895299        3.58648528E-03
   20.340741990230633        3.59056517E-03
   20.342468708565967        3.59464949E-03
   20.344195426901301        3.59873823E-03
   20.345922145236635        3.60283139E-03
   20.347648863571969        3.60692898E-03
   20.349375581907303        3.61103099E-03
   20.351102300242637        3.61513766E-03
   20.352829018577971        3.61924921E-03
   20.354555736913305        3.62336542E-03
   20.356282455248639        3.62748629E-03
   20.358009173583973        3.63161182E-03
   20.359735891919307        3.63574200E-03
   20.361462610254641        3.63987684E-03
   20.363189328589975        3.64401634E-03
   20.364916046925309        3.64816026E-03
   20.366642765260643        3.65230860E-03
   20.368369483595977        3.65646114E-03
   20.370096201931311        3.66061809E-03
   20.371822920266645        3.66477971E-03
   20.373549638601979        3.66894575E-03
   20.375276356937313        3.67311668E-03
   20.377003075272647        3.67729226E-03
   20.378729793607981        3.68147250E-03
   20.380456511943315        3.68565763E-03
   20.382183230278649        3.68984742E-03
   20.383909948613983        3.69404233E-03
   20.385636666949317        3.69824213E-03
   20.387363385284651        3.70244659E-03
   20.389090103619985        3.70665570E-03
   20.390816821955319        3.71086947E-03
   20.392543540290653        3.71508766E-03
   20.394270258625987        3.71931051E-03
   20.395996976961321        3.72353778E-03
   20.397723695296655        3.72776948E-03
   20.399450413631989        3.73200560E-03
   20.401177131967323        3.73624638E-03
   20.402903850302657        3.74049158E-03
   20.404630568637991        3.74474167E-03
   20.406357286973325        3.74899665E-03
   20.408084005308659        3.75325652E-03
   20.409810723643993        3.75752128E-03
   20.411537441979327        3.76179093E-03
   20.413264160314661        3.76606546E-03
   20.414990878649995        3.77034489E-03
   20.416717596985329        3.77462921E-03
   20.418444315320663        3.77891841E-03
   20.420171033655997        3.78321228E-03
   20.421897751991331        3.78751080E-03
   20.423624470326665        3.79181374E-03
   20.425351188661999        3.79612134E-03
   20.427077906997333        3.80043359E-03
   20.428804625332667        3.80475051E-03
   20.430531343668001        3.80907208E-03
   20.432258062003335        3.81339830E-03
   20.433984780338669        3.81772942E-03
   20.435711498674003        3.82206542E-03
   20.437438217009337        3.82640655E-03
   20.439164935344671        3.83075303E-03
   20.440891653680005        3.83510464E-03
   20.442618372015339        3.83946113E-03
   20.444345090350673        3.84382275E-03
   20.446071808686007        3.84818926E-03
   20.447798527021341        3.85256065E-03
   20.449525245356675        3.85693670E-03
   20.451251963692009        3.86131741E-03
   20.452978682027343        3.86570231E-03
   20.454705400362677        3.87009187E-03
   20.456432118698011        3.87448585E-03
   20.458158837033345        3.87888448E-03
   20.459885555368679        3.88328778E-03
   20.461612273704013        3.88769596E-03
   20.463338992039347        3.89210926E-03
   20.465065710374681        3.89652769E-03
   20.466792428710015        3.90095147E-03
   20.468519147045349        3.90538038E-03
   20.470245865380683        3.90981464E-03
   20.471972583716017        3.91425379E-03
   20.473699302051351        3.91869806E-03
   20.475426020386685        3.92314745E-03
   20.477152738722019        3.92760197E-03
   20.478879457057353        3.93206161E-03
   20.480606175392687        3.93652590E-03
   20.482332893728021        3.94099485E-03
   20.484059612063355        3.94546892E-03
   20.485786330398689        3.94994766E-03
   20.487513048734023        3.95443104E-03
   20.489239767069357        3.95891909E-03
   20.490966485404691        3.96341225E-03
   20.492693203740025        3.96791007E-03
   20.494419922075359        3.97241302E-03
   20.496146640410693        3.97692062E-03
   20.497873358746027        3.98143334E-03
   20.499600077081361        3.98595119E-03
   20.501326795416695        3.99047416E-03
   20.503053513752029        3.99500225E-03
   20.504780232087363        3.99953546E-03
   20.506506950422697        4.00407379E-03
   20.508233668758031        4.00861725E-03
   20.509960387093365        4.01316537E-03
   20.511687105428699        4.01771860E-03
   20.513413823764033        4.02227696E-03
   20.515140542099367        4.02684044E-03
   20.516867260434701        4.03140904E-03
   20.518593978770035        4.03598277E-03
   20.520320697105369        4.04056162E-03
   20.522047415440703        4.04514605E-03
   20.523774133776037        4.04973561E-03
   20.525500852111371        4.05432982E-03
   20.527227570446705        4.05892916E-03
   20.528954288782039        4.06353315E-03
   20.530681007117373        4.06814227E-03
   20.532407725452707        4.07275651E-03
   20.534134443788041        4.07737587E-03
   20.535861162123375        4.08199988E-03
   20.537587880458709        4.08662902E-03
   20.539314598794043        4.09126328E-03
   20.541041317129377        4.09590220E-03
   20.542768035464711        4.10054671E-03
   20.544494753800045        4.10519633E-03
   20.546221472135379        4.10985108E-03
   20.547948190470713        4.11451142E-03
   20.549674908806047        4.11917688E-03
   20.551401627141381        4.12384793E-03
   20.553128345476715        4.12852410E-03
   20.554855063812049        4.13320540E-03
   20.556581782147383        4.13789181E-03
   20.558308500482717        4.14258335E-03
   20.560035218818051        4.14728001E-03
   20.561761937153385        4.15198179E-03
   20.563488655488719        4.15668869E-03
   20.565215373824053        4.16140072E-03
   20.566942092159387        4.16611787E-03
   20.568668810494721        4.17084014E-03
   20.570395528830055        4.17556800E-03
   20.572122247165389        4.18030145E-03
   20.573848965500723        4.18504048E-03
   20.575575683836057        4.18978464E-03
   20.577302402171391        4.19453438E-03
   20.579029120506725        4.19928972E-03
   20.580755838842059        4.20405017E-03
   20.582482557177393        4.20881622E-03
   20.584209275512727        4.21358738E-03
   20.585935993848061        4.21836367E-03
   20.587662712183395        4.22314508E-03
   20.589389430518729        4.22793161E-03
   20.591116148854063        4.23272280E-03
   20.592842867189397        4.23751911E-03
   20.594569585524731        4.24232055E-03
   20.596296303860065        4.24712710E-03
   20.598023022195399        4.25193878E-03
   20.599749740530733        4.25675604E-03
   20.601476458866067        4.26157843E-03
   20.603203177201401        4.26640688E-03
   20.604929895536735        4.27124090E-03
   20.606656613872069        4.27608052E-03
   20.608383332207403        4.28092573E-03
   20.610110050542737        4.28577652E-03
   20.611836768878071        4.29063244E-03
