   0.0000000000000000        0.00000000    
  0.14321566800212829        0.00000000    
  0.28643133600425658        1.09188822E-13
  0.42964700400638489        2.93103053E-13
  0.57286267200851315        4.90636015E-13
  0.71607834001064141        6.48772214E-13
  0.85929400801276967        7.52231827E-13
   1.0025096760148979        8.31525875E-13
   1.1457253440170263        9.45134704E-13
   1.2889410120191547        1.14606566E-12
   1.4321566800212830        1.45179712E-12
   1.5753723480234114        1.83464875E-12
   1.7185880160255398        2.23803875E-12
   1.8618036840276682        2.60950137E-12
   2.0050193520297963        2.93184726E-12
   2.1482350200319247        3.23491798E-12
   2.2914506880340531        3.58128219E-12
   2.4346663560361814        4.03395373E-12
   2.5778820240383098        4.62429140E-12
   2.7210976920404382        5.33818042E-12
   2.8643133600425665        6.12828972E-12
   3.0075290280446949        6.94549019E-12
   3.1507446960468233        7.77182659E-12
   3.2939603640489517        8.63651251E-12
   3.4371760320510800        9.60611885E-12
   3.5803917000532084        1.07545309E-11
   3.7236073680553368        1.21297087E-11
   3.8668230360574651        1.37360661E-11
   4.0100387040595935        1.55423781E-11
   4.1532543720617214        1.75109198E-11
   4.2964700400638494        1.96314492E-11
   4.4396857080659773        2.19412023E-11
   4.5829013760681052        2.45197595E-11
   4.7261170440702331        2.74621610E-11
   4.8693327120723611        3.08456004E-11
   5.0125483800744890        3.47087949E-11
   5.1557640480766169        3.90560501E-11
   5.2989797160787449        4.38836537E-11
   5.4421953840808728        4.92143062E-11
   5.5854110520830007        5.51201550E-11
   5.7286267200851286        6.17221968E-11
   5.8718423880872566        6.91665752E-11
   6.0150580560893845        7.75917455E-11
   6.1582737240915124        8.71058781E-11
   6.3014893920936403        9.77873824E-11
   6.4447050600957683        1.09709547E-10
   6.5879207280978962        1.22975505E-10
   6.7311363961000241        1.37745496E-10
   6.8743520641021520        1.54241397E-10
   7.0175677321042800        1.72727249E-10
   7.1607834001064079        1.93478775E-10
   7.3039990681085358        2.16759208E-10
   7.4472147361106638        2.42817988E-10
   7.5904304041127917        2.71913048E-10
   7.7336460721149196        3.04347769E-10
   7.8768617401170475        3.40501738E-10
   8.0200774081191764        3.80842441E-10
   8.1632930761213043        4.25911750E-10
   8.3065087441234322        4.76298612E-10
   8.4497244121255601        5.32617672E-10
   8.5929400801276881        5.95506366E-10
   8.7361557481298160        6.65649702E-10
   8.8793714161319439        7.43818729E-10
   9.0225870841340718        8.30910452E-10
   9.1658027521361998        9.27966315E-10
   9.3090184201383277        1.03617082E-09
   9.4522340881404556        1.15683163E-09
   9.5954497561425836        1.29136202E-09
   9.7386654241447115        1.44128598E-09
   9.8818810921468394        1.60826485E-09
   10.025096760148967        1.79414894E-09
   10.168312428151095        2.00102646E-09
   10.311528096153223        2.23125740E-09
   10.454743764155351        2.48749155E-09
   10.597959432157479        2.77266210E-09
   10.741175100159607        3.08999004E-09
   10.884390768161735        3.44299567E-09
   11.027606436163863        3.83555054E-09
   11.170822104165991        4.27193791E-09
   11.314037772168119        4.75693751E-09
   11.457253440170247        5.29588595E-09
   11.600469108172375        5.89471938E-09
   11.743684776174502        6.56001697E-09
   11.886900444176630        7.29902361E-09
   12.030116112178758        8.11971734E-09
   12.173331780180886        9.03087738E-09
   12.316547448183014        1.00422159E-08
   12.459763116185142        1.11644853E-08
   12.602978784187270        1.24096244E-08
   12.746194452189398        1.37908645E-08
   12.889410120191526        1.53228150E-08
   13.032625788193654        1.70216108E-08
   13.175841456195782        1.89050109E-08
   13.319057124197910        2.09926032E-08
   13.462272792200038        2.33060042E-08
   13.605488460202166        2.58690651E-08
   13.748704128204293        2.87081683E-08
   13.891919796206421        3.18524300E-08
   14.035135464208549        3.53340148E-08
   14.178351132210677        3.91883397E-08
   14.321566800212805        4.34544525E-08
   14.464782468214933        4.81753126E-08
   14.607998136217061        5.33982849E-08
   14.751213804219189        5.91755658E-08
   14.894429472221317        6.55646275E-08
   15.037645140223445        7.26288718E-08
   15.180860808225573        8.04380704E-08
   15.324076476227701        8.90691041E-08
   15.467292144229829        9.86064705E-08
   15.610507812231956        1.09143208E-07
   15.753723480234084        1.20781550E-07
   15.896939148236212        1.33634046E-07
   16.040154816238342        1.47824466E-07
   16.183370484240470        1.63488792E-07
   16.326586152242598        1.80776667E-07
   16.469801820244726        1.99852394E-07
   16.613017488246854        2.20896695E-07
   16.756233156248982        2.44108065E-07
   16.899448824251110        2.69704145E-07
   17.042664492253238        2.97924004E-07
   17.185880160255365        3.29030371E-07
   17.329095828257493        3.63311699E-07
   17.472311496259621        4.01084094E-07
   17.615527164261749        4.42694727E-07
   17.758742832263877        4.88523881E-07
   17.901958500266005        5.38989184E-07
   18.045174168268133        5.94548283E-07
   18.188389836270261        6.55702422E-07
   18.331605504272389        7.23001392E-07
   18.474821172274517        7.97047107E-07
   18.618036840276645        8.78499634E-07
   18.761252508278773        9.68081167E-07
   18.904468176280901        1.06658342E-06
   19.047683844283029        1.17487184E-06
   19.190899512285156        1.29389491E-06
   19.334115180287284        1.42469003E-06
   19.477330848289412        1.56839087E-06
   19.620546516291540        1.72623891E-06
   19.763762184293668        1.89959019E-06
   19.906977852295796        2.08992969E-06
   20.050193520297924        2.29888019E-06
   20.193409188300052        2.52821314E-06
   20.336624856302180        2.77986351E-06
   20.479840524304308        3.05594813E-06
   20.623056192306436        3.35877849E-06
   20.766271860308564        3.69087525E-06
   20.909487528310692        4.05499259E-06
   21.052703196312820        4.45413434E-06
   21.195918864314947        4.89158083E-06
   21.339134532317075        5.37091137E-06
   21.482350200319203        5.89602541E-06
   21.625565868321331        6.47117486E-06
   21.768781536323459        7.10100176E-06
   21.911997204325587        7.79056518E-06
   22.055212872327715        8.54537211E-06
   22.198428540329843        9.37142795E-06
   22.341644208331971        1.02752656E-05
   22.484859876334099        1.12640091E-05
   22.628075544336227        1.23454156E-05
   22.771291212338355        1.35279197E-05
   22.914506880340483        1.48207100E-05
   23.057722548342610        1.62337747E-05
   23.200938216344738        1.77779930E-05
   23.344153884346866        1.94651857E-05
   23.487369552348994        2.13082185E-05
   23.630585220351122        2.33210685E-05
   23.773800888353250        2.55189243E-05
   23.917016556355378        2.79183041E-05
   24.060232224357506        3.05371250E-05
   24.203447892359634        3.33948810E-05
   24.346663560361762        3.65127198E-05
   24.489879228363890        3.99136261E-05
   24.633094896366018        4.36225419E-05
   24.776310564368146        4.76665155E-05
   24.919526232370274        5.20749054E-05
   25.062741900372401        5.68795476E-05
   25.205957568374529        6.21149957E-05
   25.349173236376657        6.78186698E-05
   25.492388904378785        7.40312025E-05
   25.635604572380913        8.07965844E-05
   25.778820240383041        8.81624874E-05
   25.922035908385169        9.61805563E-05
   26.065251576387297        1.04906729E-04
   26.208467244389425        1.14401613E-04
   26.351682912391553        1.24730723E-04
   26.494898580393681        1.35965078E-04
   26.638114248395809        1.48181440E-04
   26.781329916397937        1.61462987E-04
   26.924545584400065        1.75899593E-04
   27.067761252402192        1.91588450E-04
   27.210976920404320        2.08634621E-04
   27.354192588406448        2.27151686E-04
   27.497408256408576        2.47262506E-04
   27.640623924410704        2.69099604E-04
   27.783839592412832        2.92806391E-04
   27.927055260414960        3.18537612E-04
   28.070270928417088        3.46460292E-04
   28.213486596419216        3.76754790E-04
   28.356702264421344        4.09615721E-04
   28.499917932423472        4.45253332E-04
   28.643133600425600        4.83894022E-04
   28.786349268427728        5.25782350E-04
   28.929564936429855        5.71181648E-04
   29.072780604431983        6.20376260E-04
   29.215996272434111        6.73672359E-04
   29.359211940436239        7.31399865E-04
   29.502427608438367        7.93914427E-04
   29.645643276440495        8.61598644E-04
   29.788858944442623        9.34865035E-04
   29.932074612444751        1.01415720E-03
   30.075290280446879        1.09995331E-03
   30.218505948449007        1.19276776E-03
   30.361721616451135        1.29315373E-03
   30.504937284453263        1.40170625E-03
   30.648152952455391        1.51906523E-03
   30.791368620457519        1.64591905E-03
   30.934584288459646        1.78300671E-03
   31.077799956461774        1.93112378E-03
   31.221015624463902        2.09112419E-03
   31.364231292466030        2.26392527E-03
   31.507446960468158        2.45051249E-03
   31.650662628470286        2.65194359E-03
   31.793878296472414        2.86935526E-03
   31.937093964474542        3.10396519E-03
   32.080309632476670        3.35708237E-03
   32.223525300478798        3.63010960E-03
   32.366740968480926        3.92455142E-03
   32.509956636483054        4.24202066E-03
   32.653172304485182        4.58424725E-03
   32.796387972487310        4.95308591E-03
   32.939603640489437        5.35052316E-03
   33.082819308491565        5.77868754E-03
   33.226034976493693        6.23986078E-03
   33.369250644495821        6.73648249E-03
   33.512466312497949        7.27116410E-03
   33.655681980500077        7.84670096E-03
   33.798897648502205        8.46608635E-03
   33.942113316504333        9.13252402E-03
   34.085328984506461        9.84944031E-03
   34.228544652508589        1.06204990E-02
   34.371760320510717        1.14496173E-02
   34.514975988512845        1.23409797E-02
   34.658191656514973        1.32990535E-02
   34.801407324517101        1.43286148E-02
   34.944622992519228        1.54347681E-02
   35.087838660521356        1.66229643E-02
   35.231054328523484        1.78990290E-02
   35.374269996525612        1.92691777E-02
   35.517485664527740        2.07400396E-02
   35.660701332529868        2.23186780E-02
   35.803917000531996        2.40126308E-02
   35.947132668534124        2.58299392E-02
   36.090348336536252        2.77791806E-02
   36.233564004538380        2.98695024E-02
   36.376779672540508        3.21106538E-02
   36.519995340542636        3.45130228E-02
   36.663211008544764        3.70876640E-02
   36.806426676546891        3.98463421E-02
   36.949642344549019        4.28015813E-02
   37.092858012551147        4.59667221E-02
   37.236073680553275        4.93559651E-02
   37.379289348555403        5.29844277E-02
   37.522505016557531        5.68681918E-02
   37.665720684559659        6.10243715E-02
   37.808936352561787        6.54711276E-02
   37.952152020563915        7.02277571E-02
   38.095367688566043        7.53147677E-02
   38.238583356568171        8.07539523E-02
   38.381799024570299        8.65684897E-02
   38.525014692572427        9.27829966E-02
   38.668230360574555        9.94236022E-02
   38.811446028576682       0.106518075    
   38.954661696578810       0.114095815    
   39.097877364580938       0.122188002    
   39.241093032583066       0.130827710    
   39.384308700585194       0.140050039    
   39.527524368587322       0.149892226    
   39.670740036589450       0.160393760    
   39.813955704591578       0.171596482    
   39.957171372593706       0.183544755    
   40.100387040595834       0.196285471    
   40.243602708597962       0.209868267    
   40.386818376600090       0.224345669    
   40.530034044602218       0.239773348    
   40.673249712604346       0.256210238    
   40.816465380606473       0.273718745    
   40.959681048608601       0.292364895    
   41.102896716610729       0.312218428    
   41.246112384612857       0.333352953    
   41.389328052614985       0.355846316    
   41.532543720617113       0.379780740    
   41.675759388619241       0.405243188    
   41.818975056621369       0.432325542    
   41.962190724623497       0.461124837    
   42.105406392625625       0.491743654    
   42.248622060627753       0.524290025    
   42.391837728629881       0.558877826    
   42.535053396632009       0.595627189    
   42.678269064634136       0.634664834    
   42.821484732636264       0.676124513    
   42.964700400638392       0.720147252    
   43.107916068640520       0.766881704    
   43.251131736642648       0.816484749    
   43.394347404644776       0.869121134    
   43.537563072646904       0.924964309    
   43.680778740649032       0.984196782    
   43.823994408651160        1.04701090    
   43.967210076653288        1.11360896    
   44.110425744655416        1.18420434    
   44.253641412657544        1.25902116    
   44.396857080659672        1.33829558    
   44.540072748661800        1.42227495    
   44.683288416663927        1.51121914    
   44.826504084666055        1.60540128    
   44.969719752668183        1.70510852    
   45.112935420670311        1.81064260    
   45.256151088672439        1.92232072    
   45.399366756674567        2.04047561    
   45.542582424676695        2.16545701    
   45.685798092678823        2.29763055    
   45.829013760680951        2.43737960    
   45.972229428683079        2.58510637    
   46.115445096685207        2.74123263    
   46.258660764687335        2.90620112    
   46.401876432689463        3.08047557    
   46.545092100691591        3.26454258    
   46.688307768693718        3.45891190    
   46.831523436695846        3.66411543    
   46.974739104697974        3.88070917    
   47.117954772700102        4.10927582    
   47.261170440702230        4.35042477    
   47.404386108704358        4.60479498    
   47.547601776706486        4.87305450    
   47.690817444708614        5.15590334    
   47.834033112710742        5.45407104    
   47.977248780712870        5.76831865    
   48.120464448714998        6.09944057    
   48.263680116717126        6.44826555    
   48.406895784719254        6.81566143    
   48.550111452721382        7.20253563    
   48.693327120723509        7.60983419    
   48.836542788725637        8.03854561    
   48.979758456727765        8.48969746    
   49.122974124729893        8.96436024    
   49.266189792732021        9.46364784    
   49.409405460734149        9.98872566    
   49.552621128736277        10.5408068    
   49.695836796738405        11.1211548    
   49.839052464740533        11.7310867    
   49.982268132742661        12.3719769    
   50.125483800744789        13.0452480    
   50.268699468746917        13.7523813    
   50.411915136749045        14.4949150    
   50.555130804751172        15.2744522    
   50.698346472753300        16.0926590    
   50.841562140755428        16.9512730    
   50.984777808757556        17.8520947    
   51.127993476759684        18.7969952    
   51.271209144761812        19.7879143    
   51.414424812763940        20.8268642    
   51.557640480766068        21.9159336    
   51.700856148768196        23.0572891    
   51.844071816770324        24.2531815    
   51.987287484772452        25.5059471    
   52.130503152774580        26.8180084    
   52.273718820776708        28.1918793    
   52.416934488778836        29.6301517    
   52.560150156780963        31.1355076    
   52.703365824783091        32.7107277    
   52.846581492785219        34.3586922    
   52.989797160787347        36.0823822    
   53.133012828789475        37.8848915    
   53.276228496791603        39.7694206    
   53.419444164793731        41.7392693    
   53.562659832795859        43.7978401    
   53.705875500797987        45.9486504    
   53.849091168800115        48.1953316    
   53.992306836802243        50.5416412    
   54.135522504804371        52.9914627    
   54.278738172806499        55.5488052    
   54.421953840808627        58.2178116    
   54.565169508810754        61.0027351    
   54.708385176812882        63.9079666    
   54.851600844815010        66.9380188    
   54.994816512817138        70.0975494    
   55.138032180819266        73.3913651    
   55.281247848821394        76.8244095    
   55.424463516823522        80.4018021    
   55.567679184825650        84.1287918    
   55.710894852827778        88.0107727    
   55.854110520829906        92.0532684    
   55.997326188832034        96.2619705    
   56.140541856834162        100.642715    
   56.283757524836290        105.201530    
   56.426973192838418        109.944603    
   56.570188860840545        114.878296    
   56.713404528842673        120.009155    
   56.856620196844801        125.343864    
   56.999835864846929        130.889252    
   57.143051532849057        136.652313    
   57.286267200851185        142.640213    
   57.429482868853313        148.860352    
   57.572698536855441        155.320312    
   57.715914204857569        162.027878    
   57.859129872859697        168.990982    
   58.002345540861825        176.217712    
   58.145561208863953        183.716324    
   58.288776876866081        191.495239    
   58.431992544868208        199.563080    
   58.575208212870336        207.928711    
   58.718423880872464        216.601196    
   58.861639548874592        225.589828    
   59.004855216876720        234.904022    
   59.148070884878848        244.553345    
   59.291286552880976        254.547516    
   59.434502220883104        264.896423    
   59.577717888885232        275.610199    
   59.720933556887360        286.699249    
   59.864149224889488        298.174103    
   60.007364892891616        310.045593    
   60.150580560893744        322.324585    
   60.293796228895872        335.022095    
   60.437011896897999        348.149292    
   60.580227564900127        361.717560    
   60.723443232902255        375.738434    
   60.866658900904383        390.223724    
   61.009874568906511        405.185425    
   61.153090236908639        420.635742    
   61.296305904910767        436.586945    
   61.439521572912895        453.051361    
   61.582737240915023        470.041412    
   61.725952908917151        487.569733    
   61.869168576919279        505.649200    
   62.012384244921407        524.292847    
   62.155599912923535        543.513855    
   62.298815580925663        563.325623    
   62.442031248927790        583.741455    
   62.585246916929918        604.774780    
   62.728462584932046        626.438965    
   62.871678252934174        648.747620    
   63.014893920936302        671.714478    
   63.158109588938430        695.353455    
   63.301325256940558        719.678650    
   63.444540924942686        744.704163    
   63.587756592944814        770.443909    
   63.730972260946942        796.911926    
   63.874187928949070        824.122070    
   64.017403596951198        852.088440    
   64.160619264953326        880.825073    
   64.303834932955453        910.346436    
   64.447050600957581        940.666748    
   64.590266268959709        971.800171    
   64.733481936961837        1003.76062    
   64.876697604963965        1036.56201    
   65.019913272966093        1070.21851    
   65.163128940968221        1104.74353    
   65.306344608970349        1140.15112    
   65.449560276972477        1176.45496    
   65.592775944974605        1213.66870    
   65.735991612976733        1251.80579    
   65.879207280978861        1290.87976    
   66.022422948980989        1330.90356    
   66.165638616983117        1371.89014    
   66.308854284985244        1413.85229    
   66.452069952987372        1456.80225    
   66.595285620989500        1500.75244    
   66.738501288991628        1545.71472    
   66.881716956993756        1591.70142    
   67.024932624995884        1638.72388    
   67.168148292998012        1686.79358    
   67.311363961000140        1735.92151    
   67.454579629002268        1786.11780    
   67.597795297004396        1837.39258    
   67.741010965006524        1889.75549    
   67.884226633008652        1943.21631    
   68.027442301010780        1997.78394    
   68.170657969012908        2053.46753    
   68.313873637015035        2110.27515    
   68.457089305017163        2168.21436    
   68.600304973019291        2227.29248    
   68.743520641021419        2287.51562    
   68.886736309023547        2348.89014    
   69.029951977025675        2411.42163    
   69.173167645027803        2475.11523    
   69.316383313029931        2539.97534    
   69.459598981032059        2606.00635    
   69.602814649034187        2673.21191    
   69.746030317036315        2741.59399    
   69.889245985038443        2811.15430    
   70.032461653040571        2881.89355    
   70.175677321042699        2953.81274    
   70.318892989044826        3026.91138    
   70.462108657046954        3101.18945    
   70.605324325049082        3176.64575    
   70.748539993051210        3253.27734    
   70.891755661053338        3331.08081    
   71.034971329055466        3410.05176    
   71.178186997057594        3490.18530    
   71.321402665059722        3571.47583    
   71.464618333061850        3653.91699    
   71.607834001063978        3737.50171    
   71.751049669066106        3822.22241    
   71.894265337068234        3908.07007    
   72.037481005070362        3995.03369    
   72.180696673072489        4083.10181    
   72.323912341074617        4172.26221    
   72.467128009076745        4262.50244    
   72.610343677078873        4353.80908    
   72.753559345081001        4446.16846    
   72.896775013083129        4539.56494    
   73.039990681085257        4633.98145    
   73.183206349087385        4729.39990    
   73.326422017089513        4825.80029    
   73.469637685091641        4923.16357    
   73.612853353093769        5021.46875    
   73.756069021095897        5120.69531    
   73.899284689098025        5220.82129    
   74.042500357100153        5321.82324    
   74.185716025102280        5423.67676    
   74.328931693104408        5526.35449    
   74.472147361106536        5629.82959    
   74.615363029108664        5734.07373    
   74.758578697110792        5839.05908    
   74.901794365112920        5944.75635    
   75.045010033115048        6051.13623    
   75.188225701117176        6158.16748    
   75.331441369119304        6265.81641    
   75.474657037121432        6374.04883    
   75.617872705123560        6482.82910    
   75.761088373125688        6592.12256    
   75.904304041127816        6701.89355    
   76.047519709129944        6812.10547    
   76.190735377132071        6922.72070    
   76.333951045134199        7033.70020    
   76.477166713136327        7145.00391    
   76.620382381138455        7256.58936    
   76.763598049140583        7368.41504    
   76.906813717142711        7480.43750    
   77.050029385144839        7592.61523    
   77.193245053146967        7704.90479    
   77.336460721149095        7817.26318    
   77.479676389151223        7929.64551    
   77.622892057153351        8042.00537    
   77.766107725155479        8154.29395    
   77.909323393157607        8266.46289    
   78.052539061159735        8378.46387    
   78.195754729161862        8490.24902    
   78.338970397163990        8601.77246    
   78.482186065166118        8712.98438    
   78.625401733168246        8823.83691    
   78.768617401170374        8934.27832    
   78.911833069172502        9044.25684    
   79.055048737174630        9153.71875    
   79.198264405176758        9262.61133    
   79.341480073178886        9370.88574    
   79.484695741181014        9478.49219    
   79.627911409183142        9585.37891    
   79.771127077185270        9691.49512    
   79.914342745187398        9796.78711    
   80.057558413189525        9901.20117    
   80.200774081191653        10004.6826    
   80.343989749193781        10107.1787    
   80.487205417195909        10208.6377    
   80.630421085198037        10309.0098    
   80.773636753200165        10408.2441    
   80.916852421202293        10506.2900    
   81.060068089204421        10603.0957    
   81.203283757206549        10698.6055    
   81.346499425208677        10792.7676    
   81.489715093210805        10885.5303    
   81.632930761212933        10976.8438    
   81.776146429215061        11066.6611    
   81.919362097217189        11154.9355    
   82.062577765219316        11241.6182    
   82.205793433221444        11326.6602    
   82.349009101223572        11410.0107    
   82.492224769225700        11491.6221    
   82.635440437227828        11571.4463    
   82.778656105229956        11649.4395    
   82.921871773232084        11725.5586    
   83.065087441234212        11799.7627    
   83.208303109236340        11872.0088    
   83.351518777238468        11942.2549    
   83.494734445240596        12010.4580    
   83.637950113242724        12076.5762    
   83.781165781244852        12140.5693    
   83.924381449246980        12202.4014    
   84.067597117249107        12262.0371    
   84.210812785251235        12319.4414    
   84.354028453253363        12374.5820    
   84.497244121255491        12427.4258    
   84.640459789257619        12477.9375    
   84.783675457259747        12526.0859    
   84.926891125261875        12571.8408    
   85.070106793264003        12615.1758    
   85.213322461266131        12656.0654    
   85.356538129268259        12694.4863    
   85.499753797270387        12730.4150    
   85.642969465272515        12763.8311    
   85.786185133274643        12794.7090    
   85.929400801276770        12823.0293    
   86.072616469278898        12848.7734    
   86.215832137281026        12871.9268    
   86.359047805283154        12892.4766    
   86.502263473285282        12910.4121    
   86.645479141287410        12925.7217    
   86.788694809289538        12938.3945    
   86.931910477291666        12948.4209    
   87.075126145293794        12955.7930    
   87.218341813295922        12960.5059    
   87.361557481298050        12962.5576    
   87.504773149300178        12961.9473    
   87.647988817302306        12958.6758    
   87.791204485304434        12952.7451    
   87.934420153306561        12944.1592    
   88.077635821308689        12932.9199    
   88.220851489310817        12919.0342    
   88.364067157312945        12902.5107    
   88.507282825315073        12883.3584    
   88.650498493317201        12861.5898    
   88.793714161319329        12837.2197    
   88.936929829321457        12810.2617    
   89.080145497323585        12780.7334    
   89.223361165325713        12748.6504    
   89.366576833327841        12714.0312    
   89.509792501329969        12676.8955    
   89.653008169332097        12637.2656    
   89.796223837334225        12595.1680    
   89.939439505336352        12550.6279    
   90.082655173338480        12503.6738    
   90.225870841340608        12454.3330    
   90.369086509342736        12402.6338    
   90.512302177344864        12348.6035    
   90.655517845346992        12292.2744    
   90.798733513349120        12233.6807    
   90.941949181351248        12172.8584    
   91.085164849353376        12109.8447    
   91.228380517355504        12044.6787    
   91.371596185357632        11977.3975    
   91.514811853359760        11908.0371    
   91.658027521361888        11836.6367    
   91.801243189364016        11763.2363    
   91.944458857366143        11687.8799    
   92.087674525368271        11610.6123    
   92.230890193370399        11531.4785    
   92.374105861372527        11450.5264    
   92.517321529374655        11367.7988    
   92.660537197376783        11283.3408    
   92.803752865378911        11197.1982    
   92.946968533381039        11109.4189    
   93.090184201383167        11020.0518    
   93.233399869385295        10929.1484    
   93.376615537387423        10836.7617    
   93.519831205389551        10742.9414    
   93.663046873391679        10647.7373    
   93.806262541393806        10551.1982    
   93.949478209395934        10453.3740    
   94.092693877398062        10354.3154    
   94.235909545400190        10254.0771    
   94.379125213402318        10152.7129    
   94.522340881404446        10050.2773    
   94.665556549406574        9946.82422    
   94.808772217408702        9842.40527    
   94.951987885410830        9737.07129    
   95.095203553412958        9630.87305    
   95.238419221415086        9523.86230    
   95.381634889417214        9416.09277    
   95.524850557419342        9307.61914    
   95.668066225421470        9198.49805    
   95.811281893423597        9088.78223    
   95.954497561425725        8978.52246    
   96.097713229427853        8867.76758    
   96.240928897429981        8756.56641    
   96.384144565432109        8644.97070    
   96.527360233434237        8533.03125    
   96.670575901436365        8420.79980    
   96.813791569438493        8308.33105    
   96.957007237440621        8195.67480    
   97.100222905442749        8082.87793    
   97.243438573444877        7969.98779    
   97.386654241447005        7857.04834    
   97.529869909449133        7744.10498    
   97.673085577451261        7631.20557    
   97.816301245453388        7518.39746    
   97.959516913455516        7405.72949    
   98.102732581457644        7293.24707    
   98.245948249459772        7180.99316    
   98.389163917461900        7069.00781    
   98.532379585464028        6957.32959    
   98.675595253466156        6845.99707    
   98.818810921468284        6735.05176    
   98.962026589470412        6624.53564    
   99.105242257472540        6514.49023    
   99.248457925474668        6404.95508    
   99.391673593476796        6295.96533    
   99.534889261478924        6187.55469    
   99.678104929481051        6079.75391    
   99.821320597483179        5972.59473    
   99.964536265485307        5866.11035    
   100.10775193348744        5760.33545    
   100.25096760148956        5655.30371    
   100.39418326949169        5551.04639    
   100.53739893749382        5447.59229    
   100.68061460549595        5344.96582    
   100.82383027349807        5243.19092    
   100.96704594150020        5142.29150    
   101.11026160950233        5042.29199    
   101.25347727750446        4943.21826    
   101.39669294550659        4845.09521    
   101.53990861350871        4747.94678    
   101.68312428151084        4651.79346    
   101.82633994951297        4556.65332    
   101.96955561751510        4462.54102    
   102.11277128551723        4369.47119    
   102.25598695351935        4277.46045    
   102.39920262152148        4186.52539    
   102.54241828952361        4096.68408    
   102.68563395752574        4007.95215    
   102.82884962552787        3920.34302    
   102.97206529352999        3833.86621    
   103.11528096153212        3748.52881    
   103.25849662953425        3664.33813    
   103.40171229753638        3581.30151    
   103.54492796553851        3499.42920    
   103.68814363354063        3418.73047    
   103.83135930154276        3339.21460    
   103.97457496954489        3260.88745    
   104.11779063754702        3183.75146    
   104.26100630554915        3107.80713    
   104.40422197355127        3033.05371    
   104.54743764155340        2959.49268    
   104.69065330955553        2887.12622    
   104.83386897755766        2815.95801    
   104.97708464555978        2745.98999    
   105.12030031356191        2677.22241    
   105.26351598156404        2609.65161    
   105.40673164956617        2543.27222    
   105.54994731756830        2478.07812    
   105.69316298557042        2414.06421    
   105.83637865357255        2351.22705    
   105.97959432157468        2289.56445    
   106.12280998957681        2229.07373    
   106.26602565757894        2169.74976    
   106.40924132558106        2111.58423    
   106.55245699358319        2054.56738    
   106.69567266158532        1998.68799    
   106.83888832958745        1943.93665    
   106.98210399758958        1890.30505    
   107.12531966559170        1837.78687    
   107.26853533359383        1786.37512    
   107.41175100159596        1736.06116    
   107.55496666959809        1686.83386    
   107.69818233760022        1638.67957    
   107.84139800560234        1591.58423    
   107.98461367360447        1545.53455    
   108.12782934160660        1500.51929    
   108.27104500960873        1456.52856    
   108.41426067761086        1413.55310    
   108.55747634561298        1371.58167    
   108.70069201361511        1330.60095    
   108.84390768161724        1290.59570    
   108.98712334961937        1251.54956    
   109.13033901762149        1213.44702    
   109.27355468562362        1176.27454    
   109.41677035362575        1140.02051    
   109.55998602162788        1104.67346    
   109.70320168963001        1070.22168    
   109.84641735763213        1036.65063    
   109.98963302563426        1003.94409    
   110.13284869363639        972.084839    
   110.27606436163852        941.056335    
   110.41928002964065        910.844055    
   110.56249569764277        881.435242    
   110.70571136564490        852.818237    
   110.84892703364703        824.980530    
   110.99214270164916        797.907898    
   111.13535836965129        771.584290    
   111.27857403765341        745.992432    
   111.42178970565554        721.115662    
   111.56500537365767        696.938904    
   111.70822104165980        673.449463    
   111.85143670966193        650.635559    
   111.99465237766405        628.485352    
   112.13786804566618        606.985596    
   112.28108371366831        586.120911    
   112.42429938167044        565.874817    
   112.56751504967256        546.230957    
   112.71073071767469        527.174805    
   112.85394638567682        508.693909    
   112.99716205367895        490.777466    
   113.14037772168108        473.414734    
   113.28359338968320        456.593689    
   113.42680905768533        440.300537    
   113.57002472568746        424.519958    
   113.71324039368959        409.236755    
   113.85645606169172        394.437164    
   113.99967172969384        380.109650    
   114.14288739769597        366.244385    
   114.28610306569810        352.831970    
   114.42931873370023        339.862122    
   114.57253440170236        327.322632    
   114.71575006970448        315.199921    
   114.85896573770661        303.480042    
   115.00218140570874        292.150421    
   115.14539707371087        281.200562    
   115.28861274171300        270.621918    
   115.43182840971512        260.406677    
   115.57504407771725        250.546204    
   115.71825974571938        241.030258    
   115.86147541372151        231.846924    
   116.00469108172364        222.983856    
   116.14790674972576        214.429718    
   116.29112241772789        206.175293    
   116.43433808573002        198.213379    
   116.57755375373215        190.537735    
   116.72076942173427        183.141708    
   116.86398508973640        176.016968    
   117.00720075773853        169.153534    
   117.15041642574066        162.540665    
   117.29363209374279        156.168365    
   117.43684776174491        150.028503    
   117.58006342974704        144.115005    
   117.72327909774917        138.423080    
   117.86649476575130        132.947678    
   118.00971043375343        127.682297    
   118.15292610175555        122.618652    
   118.29614176975768        117.747543    
   118.43935743775981        113.060242    
   118.58257310576194        108.549828    
   118.72578877376407        104.211479    
   118.86900444176619        100.041740    
   119.01222010976832        96.0371475    
   119.15543577777045        92.1928635    
   119.29865144577258        88.5022964    
   119.44186711377471        84.9576416    
   119.58508278177683        81.5513229    
   119.72829844977896        78.2772751    
   119.87151411778109        75.1315689    
   120.01472978578322        72.1118698    
   120.15794545378535        69.2160492    
   120.30116112178747        66.4408340    
   120.44437678978960        63.7811089    
   120.58759245779173        61.2303810    
   120.73080812579386        58.7820816    
   120.87402379379598        56.4309998    
   121.01723946179811        54.1739693    
   121.16045512980024        52.0095024    
   121.30367079780237        49.9365654    
   121.44688646580450        47.9531403    
   121.59010213380662        46.0554428    
   121.73331780180875        44.2381439    
   121.87653346981088        42.4955788    
   122.01974913781301        40.8231544    
   122.16296480581514        39.2182693    
   122.30618047381726        37.6801414    
   122.44939614181939        36.2086639    
   122.59261180982152        34.8029366    
   122.73582747782365        33.4602737    
   122.87904314582578        32.1763115    
   123.02225881382790        30.9460850    
   123.16547448183003        29.7655106    
   123.30869014983216        28.6323948    
   123.45190581783429        27.5464211    
   123.59512148583642        26.5081596    
   123.73833715383854        25.5176010    
   123.88155282184067        24.5730915    
   124.02476848984280        23.6711941    
   124.16798415784493        22.8076096    
   124.31119982584705        21.9786148    
   124.45441549384918        21.1822243    
   124.59763116185131        20.4184208    
   124.74084682985344        19.6882725    
   124.88406249785557        18.9925060    
   125.02727816585769        18.3302746    
   125.17049383385982        17.6988850    
   125.31370950186195        17.0945740    
   125.45692516986408        16.5139179    
   125.60014083786621        15.9550676    
   125.74335650586833        15.4181223    
   125.88657217387046        14.9044533    
   126.02978784187259        14.4153376    
   126.17300350987472        13.9506664    
   126.31621917787685        13.5084448    
   126.45943484587897        13.0853815    
   126.60265051388110        12.6782274    
   126.74586618188323        12.2851334    
   126.88908184988536        11.9062262    
   127.03229751788749        11.5430803    
   127.17551318588961        11.1973944    
   127.31872885389174        10.8696184    
   127.46194452189387        10.5583200    
   127.60516018989600        10.2606201    
   127.74837585789813        9.97345352    
   127.89159152590025        9.69493675    
   128.03480719390240        9.42508602    
   128.17802286190454        9.16549397    
   128.32123852990668        8.91813469    
   128.46445419790882        8.68396664    
   128.60766986591096        8.46211338    
   128.75088553391311        8.25008392    
   128.89410120191525        8.04493237    
   129.03731686991739        7.84468365    
   129.18053253791953        7.64921951    
   129.32374820592167        7.46011686    
   129.46696387392382        7.27953339    
   129.61017954192596        7.10878992    
   129.75339520992810        6.94744253    
   129.89661087793024        6.79335928    
   130.03982654593239        6.64375019    
   130.18304221393453        6.49656963    
   130.32625788193667        6.35151720    
   130.46947354993881        6.21007252    
   130.61268921794095        6.07453251    
   130.75590488594310        5.94657946    
   130.89912055394524        5.82619190    
   131.04233622194738        5.71152258    
   131.18555188994952        5.59981823    
   131.32876755795166        5.48886395    
   131.47198322595381        5.37811804    
   131.61519889395595        5.26890516    
   131.75841456195809        5.16356087    
   131.90163022996023        5.06402397    
   132.04484589796238        4.97067070    
   132.18806156596452        4.88203192    
   132.33127723396666        4.79554796    
   132.47449290196880        4.70893478    
   132.61770856997094        4.62140989    
   132.76092423797309        4.53408480    
   132.90413990597523        4.44929266    
   133.04735557397737        4.36921453    
   133.19057124197951        4.29458475    
   133.33378690998165        4.22420692    
   133.47700257798380        4.15556908    
   133.62021824598594        4.08620644    
   133.76343391398808        4.01503277    
   133.90664958199022        3.94289136    
   134.04986524999237        3.87202692    
   134.19308091799451        3.80478001    
   134.33629658599665        3.74223900    
   134.47951225399879        3.68359375    
   134.62272792200093        3.62655115    
   134.76594359000308        3.56858301    
   134.90915925800522        3.50831771    
   135.05237492600736        3.44629002    
   135.19559059400950        3.38461661    
   135.33880626201164        3.32577205    
   135.48202193001379        3.27116084    
   135.62523759801593        3.22030234    
   135.76845326601807        3.17109013    
   135.91166893402021        3.12097049    
   136.05488460202236        3.06836152    
   136.19810027002450        3.01351547    
   136.34131593802664        2.95834565    
   136.48453160602878        2.90532708    
   136.62774727403092        2.85608292    
   136.77096294203307        2.81044245    
   136.91417861003521        2.76649976    
   137.05739427803735        2.72165036    
   137.20060994603949        2.67403555    
   137.34382561404163        2.62358022    
   137.48704128204378        2.57202983    
   137.63025695004592        2.52195573    
   137.77347261804806        2.47529435    
   137.91668828605020        2.43225241    
   138.05990395405234        2.39119792    
   138.20311962205449        2.34958839    
   138.34633529005663        2.30540180    
   138.48955095805877        2.25826573    
   138.63276662606091        2.20965862    
   138.77598229406306        2.16207385    
   138.91919796206520        2.11761332    
   139.06241363006734        2.07679224    
   139.20562929806948        2.03823113    
   139.34884496607162        1.99941516    
   139.49206063407377        1.95810509    
   139.63527630207591        1.91359842    
   139.77849197007805        1.86711836    
   139.92170763808019        1.82110870    
   140.06492330608233        1.77783871    
   140.20813897408448        1.73811734    
   140.35135464208662        1.70084095    
   140.49457031008876        1.66361833    
   140.63778597809090        1.62411237    
   140.78100164609305        1.58134615    
   140.92421731409519        1.53624749    
   141.06743298209733        1.49112940    
   141.21064865009947        1.44839036    
   141.35386431810161        1.40915573    
   141.49707998610376        1.37262797    
   141.64029565410590        1.33652294    
   141.78351132210804        1.29835355    
   141.92672699011018        1.25683546    
   142.06994265811232        1.21260929    
   142.21315832611447        1.16787004    
   142.35637399411661        1.12512147    
   142.49958966211875        1.08576763    
   142.64280533012089        1.04933405    
   142.78602099812304        1.01374841    
   142.92923666612518       0.976512253    
   143.07245233412732       0.936105549    
   143.21566800212946       0.892839372    
   143.35888367013160       0.848676741    
   143.50209933813375       0.806116223    
   143.64531500613589       0.766764939    
   143.78853067413803       0.730413198    
   143.93174634214017       0.695146084    
   144.07496201014231       0.658434510    
   144.21817767814446       0.618581712    
   144.36139334614660       0.575695872    
   144.50460901414874       0.531636238    
   144.64782468215088       0.488969386    
   144.79104035015303       0.449529946    
   144.93425601815517       0.413394600    
   145.07747168615731       0.378839314    
   145.22068735415945       0.343301982    
   145.36390302216159       0.304817230    
   145.50711869016374       0.263123780    
   145.65033435816588       0.219819576    
   145.79355002616802       0.177467108    
   145.93676569417016       0.138146952    
   146.07998136217230       0.102280788    
   146.22319703017445        6.83994070E-02
   146.36641269817659        3.39901559E-02
   146.50962836617873       -3.06316372E-03
   146.65284403418087       -4.32728119E-02
   146.79605970218302       -8.52565095E-02
   146.93927537018516      -0.126521215    
   147.08249103818730      -0.164872810    
   147.22570670618944      -0.199657291    
   147.36892237419158      -0.232137322    
   147.51213804219373      -0.264790177    
   147.65535371019587      -0.299914360    
   147.79856937819801      -0.338325381    
   147.94178504620015      -0.378881305    
   148.08500071420229      -0.419117272    
   148.22821638220444      -0.456636846    
   148.37143205020658      -0.490470499    
   148.51464771820872      -0.521625400    
   148.65786338621086      -0.552513897    
   148.80107905421301      -0.585589647    
   148.94429472221515      -0.621965408    
   149.08751039021729      -0.660789430    
   149.23072605821943      -0.699724615    
   149.37394172622157      -0.736257553    
   149.51715739422372      -0.769106269    
   149.66037306222586      -0.798939943    
   149.80358873022800      -0.828002334    
   149.94680439823014      -0.858843446    
   150.09002006623228      -0.892869234    
   150.23323573423443      -0.929534078    
   150.37645140223657      -0.966642082    
   150.51966707023871       -1.00159097    
   150.66288273824085       -1.03284872    
   150.80609840624300       -1.06082034    
   150.94931407424514       -1.08761251    
   151.09252974224728       -1.11583626    
   151.23574541024942       -1.14712882    
   151.37896107825156       -1.18122756    
   151.52217674625371       -1.21611345    
   151.66539241425585       -1.24914181    
   151.80860808225799       -1.27852893    
   151.95182375026013       -1.30435932    
   152.09503941826227       -1.32854247    
   152.23825508626442       -1.35373628    
   152.38147075426656       -1.38184071    
   152.52468642226870       -1.41291690    
   152.66790209027084       -1.44514942    
   152.81111775827299       -1.47587335    
   152.95433342627513       -1.50308108    
   153.09754909427727       -1.52655244    
   153.24076476227941       -1.54797292    
   153.38398043028155       -1.56997824    
   153.52719609828370       -1.59466696    
   153.67041176628584       -1.62241578    
   153.81362743428798       -1.65166175    
   153.95684310229012       -1.67977703    
   154.10005877029226       -1.70454836    
   154.24327443829441       -1.72542953    
   154.38649010629655       -1.74385464    
   154.52970577429869       -1.76242793    
   154.67292144230083       -1.78344679    
   154.81613711030298       -1.80759883    
   154.95935277830512       -1.83357668    
   155.10256844630726       -1.85882747    
   155.24578411430940       -1.88100493    
   155.38899978231154       -1.89930010    
   155.53221545031369       -1.91489828    
   155.67543111831583       -1.93031073    
   155.81864678631797       -1.94795871    
   155.96186245432011       -1.96880722    
   156.10507812232225       -1.99181652    
   156.24829379032440       -2.01452518    
   156.39150945832654       -2.03443837    
   156.53472512632868       -2.05044293    
   156.67794079433082       -2.06343961    
   156.82115646233297       -2.07583451    
   156.96437213033511       -2.09017444    
   157.10758779833725       -2.10770106    
   157.25080346633939       -2.12764740    
   157.39401913434153       -2.14767170    
   157.53723480234368       -2.16517878    
   157.68045047034582       -2.17878222    
   157.82366613834796       -2.18908334    
   157.96688180635010       -2.19833064    
   158.11009747435224       -2.20914936    
   158.25331314235439       -2.22305560    
   158.39652881035653       -2.23959565    
   158.53974447835867       -2.25660133    
   158.68296014636081       -2.27142143    
   158.82617581436295       -2.28243208    
   158.96939148236510       -2.28996468    
   159.11260715036724       -2.29612303    
   159.25582281836938       -2.30359006    
   159.39903848637152       -2.31410670    
   159.54225415437367       -2.32748270    
   159.68546982237581       -2.34169984    
   159.82868549037795       -2.35404444    
   159.97190115838009       -2.36263347    
   160.11511682638223       -2.36747336    
   160.25833249438438       -2.37045884    
   160.40154816238652       -2.37430882    
   160.54476383038866       -2.38103652    
   160.68797949839080       -2.39081764    
   160.83119516639294       -2.40190029    
   160.97441083439509       -2.41160703    
   161.11762650239723       -2.41786408    
   161.26084217039937       -2.42038488    
   161.40405783840151       -2.42083859    
   161.54727350640366       -2.42190790    
   161.69048917440580       -2.42577243    
   161.83370484240794       -2.43287611    
   161.97692051041008       -2.44167447    
   162.12013617841222       -2.44950438    
   162.26335184641437       -2.45408702    
   162.40656751441651       -2.45482016    
   162.54978318241865       -2.45312524    
   162.69299885042079       -2.45165229    
   162.83621451842293       -2.45278764    
   162.97943018642508       -2.45731139    
   163.12264585442722       -2.46396112    
   163.26586152242936       -2.47015381    
   163.40907719043150       -2.47344899    
   163.55229285843365       -2.47292709    
   163.69550852643579       -2.46970367    
   163.83872419443793       -2.46629095    
   163.98193986244007       -2.46517634    
   164.12515553044221       -2.46741581    
   164.26837119844436       -2.47204161    
   164.41158686644650       -2.47661328    
   164.55480253444864       -2.47860694    
   164.69801820245078       -2.47685385    
   164.84123387045292       -2.47221327    
   164.98444953845507       -2.46709418    
   165.12766520645721       -2.46409416    
   165.27088087445935       -2.46452856    
   165.41409654246149       -2.46768570    
   165.55731221046364       -2.47123003    
   165.70052787846578       -2.47252297    
   165.84374354646792       -2.47011471    
   165.98695921447006       -2.46456409    
   166.13017488247220       -2.45812702    
   166.27339055047435       -2.45348883    
   166.41660621847649       -2.45225406    
   166.55982188647863       -2.45404792    
   166.70303755448077       -2.45673561    
   166.84625322248291       -2.45763826    
   166.98946889048506       -2.45505548    
   167.13268455848720       -2.44923162    
   167.27590022648934       -2.44221759    
   167.41911589449148       -2.43670797    
   167.56233156249363       -2.43451762    
   167.70554723049577       -2.43555760    
   167.84876289849791       -2.43789053    
   167.99197856650005       -2.43883038    
   168.13519423450219       -2.43646431    
   168.27840990250434       -2.43073845    
   168.42162557050648       -2.42349482    
   168.56484123850862       -2.41743636    
   168.70805690651076       -2.41460228    
   168.85127257451290       -2.41521931    
   168.99448824251505       -2.41758013    
   169.13770391051719       -2.41902304    
   169.28091957851933       -2.41745257    
   169.42413524652147       -2.41253829    
   169.56735091452362       -2.40590692    
   169.71056658252576       -2.40022445    
   169.85378225052790       -2.39768839    
   169.99699791853004       -2.39878559    
   170.14021358653218       -2.40201283    
   170.28342925453433       -2.40471864    
   170.42664492253647       -2.40459228    
   170.56986059053861       -2.40096116    
   170.71307625854075       -2.39516568    
   170.85629192654289       -2.38979888    
   170.99950759454504       -2.38723683    
   171.14272326254718       -2.38829350    
   171.28593893054932       -2.39176559    
   171.42915459855146       -2.39512205    
   171.57237026655361       -2.39594603    
   171.71558593455575       -2.39330649    
   171.85880160255789       -2.38828444    
   172.00201727056003       -2.38335609    
   172.14523293856217       -2.38098741    
   172.28844860656432       -2.38223338    
   172.43166427456646       -2.38613200    
   172.57487994256860       -2.39024019    
   172.71809561057074       -2.39201188    
   172.86131127857288       -2.39024377    
   173.00452694657503       -2.38576579    
   173.14774261457717       -2.38097906    
   173.29095828257931       -2.37849975    
   173.43417395058145       -2.37967777    
   173.57738961858360       -2.38383245    
   173.72060528658574       -2.38863921    
   173.86382095458788       -2.39144444    
   174.00703662259002       -2.39076161    
   174.15025229059216       -2.38710499    
   174.29346795859431       -2.38269734    
   174.43668362659645       -2.38021731    
   174.57989929459859       -2.38129044    
   174.72311496260073       -2.38556981    
   174.86633063060287       -2.39092612    
   175.00954629860502       -2.39464474    
   175.15276196660716       -2.39495707    
   175.29597763460930       -2.39203906    
   175.43919330261144       -2.38790870    
   175.58240897061359       -2.38527942    
   175.72562463861573       -2.38601971    
   175.86884030661787       -2.39009643    
   176.01205597462001       -2.39559722    
   176.15527164262215       -2.39981437    
   176.29848731062430       -2.40077615    
   176.44170297862644       -2.39836073    
   176.58491864662858       -2.39436817    
   176.72813431463072       -2.39150667    
   176.87134998263286       -2.39186025    
   177.01456565063501       -2.39570069    
   177.15778131863715       -2.40131736    
   177.30099698663929       -2.40596747    
   177.44421265464143       -2.40741563    
   177.58742832264358       -2.40518665    
   177.73064399064572       -2.40082383    
   177.87385965864786       -2.39700723    
   178.01707532665000       -2.39603925    
   178.16029099465214       -2.39855361    
   178.30350666265429       -2.40317059    
   178.44672233065643       -2.40728402    
   178.58993799865857       -2.40853095    
   178.73315366666071       -2.40611863    
   178.87636933466285       -2.40126801    
   179.01958500266500       -2.39652181    
   179.16280067066714       -2.39430499    
   179.30601633866928       -2.39554358    
   179.44923200667142       -2.39913034    
   179.59244767467356       -2.40254331    
   179.73566334267571       -2.40327072    
   179.87887901067785       -2.40023327    
   180.02209467867999       -2.39439392    
   180.16531034668213       -2.38820982    
   180.30852601468428       -2.38424683    
   180.45174168268642       -2.38373685    
   180.59495735068856       -2.38589048    
   180.73817301869070       -2.38834500    
   180.88138868669284       -2.38849425    
   181.02460435469499       -2.38495493    
   181.16782002269713       -2.37834787    
   181.31103569069927       -2.37094879    
   181.45425135870141       -2.36540461    
   181.59746702670355       -2.36323643    
   181.74068269470570       -2.36398077    
   181.88389836270784       -2.36545801    
   182.02711403070998       -2.36501145    
   182.17032969871212       -2.36101127    
   182.31354536671427       -2.35376859    
   182.45676103471641       -2.34535122    
   182.59997670271855       -2.33841491    
   182.74319237072069       -2.33470917    
   182.88640803872283       -2.33409739    
   183.02962370672498       -2.33463383    
   183.17283937472712       -2.33365440    
   183.31605504272926       -2.32927752    
   183.45927071073140       -2.32146835    
   183.60248637873354       -2.31206369    
   183.74570204673569       -2.30373573    
   183.88891771473783       -2.29847765    
   184.03213338273997       -2.29647374    
   184.17534905074211       -2.29599738    
   184.31856471874426       -2.29439116    
   184.46178038674640       -2.28956699    
   184.60499605474854       -2.28117585    
   184.74821172275068       -2.27079129    
   184.89142739075282       -2.26101494    
   185.03464305875497       -2.25400805    
   185.17785872675711       -2.25027561    
   185.32107439475925       -2.24838114    
   185.46429006276139       -2.24575591    
   185.60750573076353       -2.24015260    
   185.75072139876568       -2.23092175    
   185.89393706676782       -2.21938801    
   186.03715273476996       -2.20810628    
   186.18036840277210       -2.19941974    
   186.32358407077425       -2.19414234    
   186.46679973877639       -2.19110990    
   186.61001540677853       -2.18784952    
   186.75323107478067       -2.18197870    
   186.89644674278281       -2.17254281    
   187.03966241078496       -2.16054702    
   187.18287807878710       -2.14838743    
   187.32609374678924       -2.13850236    
   187.46930941479138       -2.13199592    
   187.61252508279352       -2.12800670    
   187.75574075079567       -2.12418365    
   187.89895641879781       -2.11801147    
   188.04217208679995       -2.10823727    
   188.18538775480209       -2.09558797    
   188.32860342280424       -2.08236408    
   188.47181909080638       -2.07114244    
   188.61503475880852       -2.06332731    
   188.75825042681066       -2.05836916    
   188.90146609481280       -2.05408669    
   189.04468176281495       -2.04789805    
   189.18789743081709       -2.03826833    
   189.33111309881923       -2.02556276    
   189.47432876682137       -2.01183534    
   189.61754443482351       -1.99967098    
   189.76076010282566       -1.99072671    
   189.90397577082780       -1.98479307    
   190.04719143882994       -1.97991133    
   190.19040710683208       -1.97348428    
   190.33362277483423       -1.96375370    
   190.47683844283637       -1.95080197    
   190.62005411083851       -1.93650687    
   190.76326977884065       -1.92347991    
   190.90648544684279       -1.91359341    
   191.04970111484494       -1.90692842    
   191.19291678284708       -1.90172887    
   191.33613245084922       -1.89538229    
   191.47934811885136       -1.88587654    
   191.62256378685350       -1.87292409    
   191.76577945485565       -1.85812426    
   191.90899512285779       -1.84406805    
   192.05221079085993       -1.83287907    
   192.19542645886207       -1.82501256    
   192.33864212686422       -1.81899631    
   192.48185779486636       -1.81226587    
   192.62507346286850       -1.80262005    
   192.76828913087064       -1.78946722    
   192.91150479887278       -1.77415514    
   193.05472046687493       -1.75920606    
   193.19793613487707       -1.74689782    
   193.34115180287921       -1.73799241    
   193.48436747088135       -1.73131979    
   193.62758313888349       -1.72444332    
   193.77079880688564       -1.71503377    
   193.91401447488778       -1.70218539    
   194.05723014288992       -1.68693674    
   194.20044581089206       -1.67169583    
   194.34366147889421       -1.65888596    
   194.48687714689635       -1.64957488    
   194.63009281489849       -1.64286804    
   194.77330848290063       -1.63641441    
   194.91652415090277       -1.62773573    
   195.05973981890492       -1.61562479    
   195.20295548690706       -1.60082281    
   195.34617115490920       -1.58560228    
   195.48938682291134       -1.57249582    
   195.63260249091348       -1.56288552    
   195.77581815891563       -1.55623460    
   195.91903382691777       -1.55039024    
   196.06224949491991       -1.54279101    
   196.20546516292205       -1.53190863    
   196.34868083092420       -1.51811492    
   196.49189649892634       -1.50347722    
   196.63511216692848       -1.49059260    
   196.77832783493062       -1.48111939    
   196.92154350293276       -1.47484386    
   197.06475917093491       -1.46981251    
   197.20797483893705       -1.46344793    
   197.35119050693919       -1.45401061    
   197.49440617494133       -1.44158006    
   197.63762184294347       -1.42801154    
   197.78083751094562       -1.41589868    
   197.92405317894776       -1.40712285    
   198.06726884694990       -1.40179729    
   198.21048451495204       -1.39819551    
   198.35370018295419       -1.39371216    
   198.49691585095633       -1.38632500    
   198.64013151895847       -1.37573779    
   198.78334718696061       -1.36355293    
   198.92656285496275       -1.35237110    
   199.06977852296490       -1.34432733    
   199.21299419096704       -1.33989537    
   199.35620985896918       -1.33763480    
   199.49942552697132       -1.33501685    
   199.64264119497346       -1.32985604    
   199.78585686297561       -1.32154322    
   199.92907253097775       -1.31139374    
   200.07228819897989       -1.30192041    
   200.21550386698203       -1.29543352    
   200.35871953498417       -1.29274654    
   200.50193520298632       -1.29271460    
   200.64515087098846       -1.29287314    
   200.78836653899060       -1.29082656    
   200.93158220699274       -1.28560293    
   201.07479787499489       -1.27820563    
   201.21801354299703       -1.27104557    
   201.36122921099917       -1.26658022    
   201.50444487900131       -1.26593506    
   201.64766054700345       -1.26828241    
   201.79087621500560       -1.27131975    
   201.93409188300774       -1.27256942    
   202.07730755100988       -1.27077055    
   202.22052321901202       -1.26658905    
   202.36373888701416       -1.26224971    
   202.50695455501631       -1.26029158    
   202.65017022301845       -1.26213717    
   202.79338589102059       -1.26727998    
   202.93660155902273       -1.27355587    
   203.07981722702488       -1.27835619    
   203.22303289502702       -1.28009677    
   203.36624856302916       -1.27911186    
   203.50946423103130       -1.27746522    
   203.65267989903344       -1.27778995    
   203.79589556703559       -1.28181541    
   203.93911123503773       -1.28940737    
   204.08232690303987       -1.29865062    
   204.22554257104201       -1.30692112    
   204.36875823904415       -1.31234848    
   204.51197390704630       -1.31485641    
   204.65518957504844       -1.31619835    
   204.79840524305058       -1.31896365    
   204.94162091105272       -1.32510757    
   205.08483657905487       -1.33483458    
   205.22805224705701       -1.34647274    
   205.37126791505915       -1.35741568    
   205.51448358306129       -1.36559641    
   205.65769925106343       -1.37065446    
   205.80091491906558       -1.37413824    
   205.94413058706772       -1.37863529    
   206.08734625506986       -1.38632619    
   206.23056192307200       -1.39777040    
   206.37377759107414       -1.41159773    
   206.51699325907629       -1.42527103    
   206.66020892707843       -1.43649888    
   206.80342459508057       -1.44451153    
   206.94664026308271       -1.45048654    
   207.08985593108486       -1.45687890    
   207.23307159908700       -1.46602774    
   207.37628726708914       -1.47882652    
   207.51950293509128       -1.49421513    
   207.66271860309342       -1.50978053    
   207.80593427109557       -1.52312219    
   207.94914993909771       -1.53320301    
   208.09236560709985       -1.54092443    
   208.23558127510199       -1.54860854    
   208.37879694310413       -1.55868673    
   208.52201261110628       -1.57232928    
   208.66522827910842       -1.58878016    
   208.80844394711056       -1.60577047    
   208.95165961511270       -1.62078369    
   209.09487528311485       -1.63246810    
   209.23809095111699       -1.64139891    
   209.38130661911913       -1.64975381    
   209.52452228712127       -1.66007805    
   209.66773795512341       -1.67384017    
   209.81095362312556       -1.69059896    
   209.95416929112770       -1.70825219    
   210.09738495912984       -1.72422016    
   210.24060062713198       -1.73688853    
   210.38381629513412       -1.74650061    
   210.52703196313627       -1.75500572    
   210.67024763113841       -1.76495326    
   210.81346329914055       -1.77805221    
   210.95667896714269       -1.79420054    
   211.09989463514484       -1.81153226    
   211.24311030314698       -1.82746255    
   211.38632597114912       -1.84014952    
   211.52954163915126       -1.84954333    
   211.67275730715340       -1.85742056    
   211.81597297515555       -1.86637902    
   211.95918864315769       -1.87836254    
   212.10240431115983       -1.89355612    
   212.24561997916197       -1.91027546    
   212.38883564716411       -1.92590773    
   212.53205131516626       -1.93837011    
   212.67526698316840       -1.94726837    
   212.81848265117054       -1.95411229    
   212.96169831917268       -1.96146786    
   213.10491398717483       -1.97151768    
   213.24812965517697       -1.98483241    
   213.39134532317911       -2.00004625    
   213.53456099118125       -2.01462579    
   213.67777665918339       -2.02630353    
   213.82099232718554       -2.03436446    
   213.96420799518768       -2.04005051    
   214.10742366318982       -2.04585361    
   214.25063933119196       -2.05410004    
   214.39385499919410       -2.06563377    
   214.53707066719625       -2.07934046    
   214.68028633519839       -2.09277511    
   214.82350200320053       -2.10353756    
   214.96671767120267       -2.11062455    
   215.10993333920482       -2.11500359    
   215.25314900720696       -2.11907959    
   215.39636467520910       -2.12534928    
   215.53958034321124       -2.13499236    
   215.68279601121338       -2.14719629    
   215.82601167921553       -2.15960646    
   215.96922734721767       -2.16965151    
   216.11244301521981       -2.17599392    
   216.25565868322195       -2.17928052    
   216.39887435122409       -2.18176961    
   216.54209001922624       -2.18605089    
   216.68530568722838       -2.19358349    
   216.82852135523052       -2.20387387    
   216.97173702323266       -2.21474886    
   217.11495269123481       -2.22357154    
   217.25816835923695       -2.22871995    
   217.40138402723909       -2.23050332    
   217.54459969524123       -2.23099899    
   217.68781536324337       -2.23289037    
   217.83103103124552       -2.23795605    
   217.97424669924766       -2.24606299    
   218.11746236724980       -2.25524211    
   218.26067803525194       -2.26280284    
   218.40389370325408       -2.26685810    
   218.54710937125623       -2.26738834    
   218.69032503925837       -2.26625133    
   218.83354070726051       -2.26613355    
   218.97675637526265       -2.26904178    
   219.11997204326480       -2.27517676    
   219.26318771126694       -2.28282237    
   219.40640337926908       -2.28930926    
   219.54961904727122       -2.29251909    
   219.69283471527336       -2.29208350    
   219.83605038327551       -2.28960133    
   219.97926605127765       -2.28774190    
   220.12248171927979       -2.28873634    
   220.26569738728193       -2.29311323    
   220.40891305528407       -2.29939580    
   220.55212872328622       -2.30493426    
   220.69534439128836       -2.30739784    
   220.83856005929050       -2.30608368    
   220.98177572729264       -2.30231047    
   221.12499139529478       -2.29868078    
   221.26820706329693       -2.29762793    
   221.41142273129907       -2.30006146    
   221.55463839930121       -2.30486298    
   221.69785406730335       -2.30951929    
   221.84106973530550       -2.31154084    
   221.98428540330764       -2.30986714    
   222.12750107130978       -2.30546594    
   222.27071673931192       -2.30077720    
   222.41393240731406       -2.29832053    
   222.55714807531621       -2.29925728    
   222.70036374331835       -2.30272722    
   222.84357941132049       -2.30633521    
   222.98679507932263       -2.30750370    
   223.13001074732477       -2.30492687    
   223.27322641532692       -2.29930544    
   223.41644208332906       -2.29295230    
   223.55965775133120       -2.28849292    
   223.70287341933334       -2.28738594    
   223.84608908733549       -2.28909421    
   223.98930475533763       -2.29137778    
   224.13252042333977       -2.29154873    
   224.27573609134191       -2.28798461    
   224.41895175934405       -2.28104091    
   224.56216742734620       -2.27284837    
   224.70538309534834       -2.26610708    
   224.84859876335048       -2.26256490    
   224.99181443135262       -2.26204276    
   225.13503009935476       -2.26254845    
   225.27824576735691       -2.26140857    
   225.42146143535905       -2.25677729    
   225.56467710336119       -2.24867439    
   225.70789277136333       -2.23897123    
   225.85110843936548       -2.23033023    
   225.99432410736762       -2.22469330    
   226.13753977536976       -2.22217131    
   226.28075544337190       -2.22096944    
   226.42397111137404       -2.21839786    
   226.56718677937619       -2.21239567    
   226.71040244737833       -2.20270014    
   226.85361811538047       -2.19099402    
   226.99683378338261       -2.17995095    
   227.14004945138475       -2.17172313    
   227.28326511938690       -2.16672993    
   227.42648078738904       -2.16342783    
   227.56969645539118       -2.15918231    
   227.71291212339332       -2.15175128    
   227.85612779139547       -2.14054561    
   227.99934345939761       -2.12695861    
   228.14255912739975       -2.11357856    
   228.28577479540189       -2.10272169    
   228.42899046340403       -2.09511733    
   228.57220613140618       -2.08948970    
   228.71542179940832       -2.08327985    
   228.85863746741046       -2.07409501    
   229.00185313541260       -2.06106377    
   229.14506880341474       -2.04532528    
   229.28828447141689       -2.02938175    
   229.43150013941903       -2.01568222    
   229.57471580742117       -2.00524139    
   229.71793147542331       -1.99706638    
   229.86114714342546       -1.98871720    
   230.00436281142760       -1.97768426    
   230.14757847942974       -1.96280956    
   230.29079414743188       -1.94494581    
   230.43400981543402       -1.92647660    
   230.57722548343617       -1.90996230    
   230.72044115143831       -1.89668226    
   230.86365681944045       -1.88590431    
   231.00687248744259       -1.87530005    
   231.15008815544473       -1.86226714    
   231.29330382344688       -1.84540486    
   231.43651949144902       -1.82530594    
   231.57973515945116       -1.80422306    
   231.72295082745330       -1.78480184    
   231.86616649545545       -1.76859534    
   232.00938216345759       -1.75519431    
   232.15259783145973       -1.74246037    
   232.29581349946187       -1.72773528    
   232.43902916746401       -1.70934677    
   232.58224483546616       -1.68756104    
   232.72546050346830       -1.66443777    
   232.86867617147044       -1.64266753    
   233.01189183947258       -1.62405062    
   233.15510750747472       -1.60848248    
   233.29832317547687       -1.59402275    
   233.44153884347901       -1.57800329    
   233.58475451148115       -1.55854666    
   233.72797017948329       -1.53563368    
   233.87118584748544       -1.51112115    
   234.01440151548758       -1.48769987    
   234.15761718348972       -1.46738064    
   234.30083285149186       -1.45036125    
   234.44404851949400       -1.43491793    
   234.58726418749615       -1.41838837    
   234.73047985549829       -1.39869225    
   234.87369552350043       -1.37552559    
   235.01691119150257       -1.35054564    
   235.16012685950471       -1.32644057    
   235.30334252750686       -1.30541432    
   235.44655819550900       -1.28795040    
   235.58977386351114       -1.27255094    
   235.73298953151328       -1.25659442    
   235.87620519951543       -1.23782218    
   236.01942086751757       -1.21561599    
   236.16263653551971       -1.19135046    
   236.30585220352185       -1.16762173    
   236.44906787152399       -1.14678526    
   236.59228353952614       -1.12962675    
   236.73549920752828       -1.11491978    
   236.87871487553042       -1.10012829    
   237.02193054353256       -1.08285904    
   237.16514621153470       -1.06223750    
   237.30836187953685       -1.03942335    
   237.45157754753899       -1.01696908    
   237.59479321554113      -0.997388184    
   237.73800888354327      -0.981745005    
   237.88122455154542      -0.969063461    
   238.02444021954756      -0.956885993    
   238.16765588754970      -0.942667663    
   238.31087155555184      -0.925220668    
   238.45408722355398      -0.905396879    
   238.59730289155613      -0.885619700    
   238.74051855955827      -0.868525267    
   238.88373422756041      -0.855479777    
   239.02694989556255      -0.845815241    
   239.17016556356469      -0.837220192    
   239.31338123156684      -0.827064216    
   239.45659689956898      -0.813900292    
   239.59981256757112      -0.798292100    
   239.74302823557326      -0.782501578    
   239.88624390357541      -0.769219279    
   240.02945957157755      -0.760058403    
   240.17267523957969      -0.754659414    
   240.31589090758183      -0.750906885    
   240.45910657558397      -0.746136427    
   240.60232224358612      -0.738654673    
   240.74553791158826      -0.728715122    
   240.88875357959040      -0.718393445    
   241.03196924759254      -0.710425258    
   241.17518491559468      -0.706661880    
   241.31840058359683      -0.707020998    
   241.46161625159897      -0.709532201    
   241.60483191960111      -0.711450994    
   241.74804758760325      -0.710807502    
   241.89126325560539      -0.707513094    
   242.03447892360754      -0.703402758    
   242.17769459160968      -0.701196313    
   242.32091025961182      -0.702966034    
   242.46412592761396      -0.708973587    
   242.60734159561611      -0.717529178    
   242.75055726361825      -0.725953937    
   242.89377293162039      -0.732103765    
   243.03698859962253      -0.735593081    
   243.18020426762467      -0.738020539    
   243.32341993562682      -0.742065191    
   243.46663560362896      -0.749966741    
   243.60985127163110      -0.762255788    
   243.75306693963324      -0.777454793    
   243.89628260763538      -0.792914808    
   244.03949827563753      -0.806309044    
   244.18271394363967      -0.816938341    
   244.32592961164181      -0.826116145    
   244.46914527964395      -0.836420298    
   244.61236094764610      -0.850232899    
   244.75557661564824      -0.868387401    
   244.89879228365038      -0.889685810    
   245.04200795165252      -0.911564231    
   245.18522361965466      -0.931535125    
   245.32843928765681      -0.948591888    
   245.47165495565895      -0.963774681    
   245.61487062366109      -0.979574621    
   245.75808629166323      -0.998516262    
   245.90130195966537       -1.02172565    
   246.04451762766752       -1.04829514    
   246.18773329566966       -1.07579684    
   246.33094896367180       -1.10164893    
   246.47416463167394       -1.12456083    
   246.61738029967609       -1.14524710    
   246.76059596767823       -1.16601038    
   246.90381163568037       -1.18942773    
   247.04702730368251       -1.21687865    
   247.19024297168465       -1.24774694    
   247.33345863968680       -1.27975202    
   247.47667430768894       -1.31022418    
   247.61988997569108       -1.33759975    
   247.76310564369322       -1.36228371    
   247.90632131169536       -1.38639235    
   248.04953697969751       -1.41252851    
   248.19275264769965       -1.44229066    
   248.33596831570179       -1.47535765    
   248.47918398370393       -1.50966132    
   248.62239965170608       -1.54254198    
   248.76561531970822       -1.57223630    
   248.90883098771036       -1.59885931    
   249.05204665571250       -1.62432718    
   249.19526232371464       -1.65125811    
   249.33847799171679       -1.68146932    
   249.48169365971893       -1.71492243    
   249.62490932772107       -1.74971962    
   249.76812499572321       -1.78315723    
   249.91134066372535       -1.81323481    
   250.05455633172750       -1.83976078    
   250.19777199972964       -1.86442983    
   250.34098766773178       -1.88983595    
   250.48420333573392       -1.91798747    
   250.62741900373607       -1.94916224    
   250.77063467173821       -1.98174322    
   250.91385033974035       -2.01312089    
   251.05706600774249       -2.04115629    
   251.20028167574463       -2.06537652    
   251.34349734374678       -2.08722734    
   251.48671301174892       -2.10923338    
   251.62992867975106       -2.13353729    
   251.77314434775320       -2.16065502    
   251.91636001575534       -2.18915558    
   252.05957568375749       -2.21645379    
   252.20279135175963       -2.24026060    
   252.34600701976177       -2.25986433    
   252.48922268776391       -2.27651978    
   252.63243835576606       -2.29272938    
   252.77565402376820       -2.31082535    
   252.91886969177034       -2.33164954    
   253.06208535977248       -2.35406995    
   253.20530102777462       -2.37560678    
   253.34851669577677       -2.39381886    
   253.49173236377891       -2.40767479    
   253.63494803178105       -2.41812754    
   253.77816369978319       -2.42756414    
   253.92137936778533       -2.43843699    
   254.06459503578748       -2.45185924    
   254.20781070378962       -2.46696305    
   254.35102637179176       -2.48138523    
   254.49424203979390       -2.49259758    
   254.63745770779605       -2.49932528    
   254.78067337579819       -2.50225377    
   254.92388904380033       -2.50363135    
   255.06710471180247       -2.50599599    
   255.21032037980461       -2.51073742    
   255.35353604780676       -2.51730466    
   255.49675171580890       -2.52350712    
   255.63996738381104       -2.52674675    
   255.78318305181318       -2.52548933    
   255.92639871981532       -2.52013898    
   256.06961438781747       -2.51281381    
   256.21283005581961       -2.50614882    
   256.35604572382175       -2.50180769    
   256.49926139182389       -2.49954820    
   256.64247705982604       -2.49736881    
   256.78569272782818       -2.49264431    
   256.92890839583032       -2.48360658    
   257.07212406383246       -2.47034073    
   257.21533973183460       -2.45474052    
   257.35855539983675       -2.43944883    
   257.50177106783889       -2.42637420    
   257.64498673584103       -2.41561890    
   257.78820240384317       -2.40542412    
   257.93141807184531       -2.39317107    
   258.07463373984746       -2.37687612    
   258.21784940784960       -2.35632777    
   258.36106507585174       -2.33321595    
   258.50428074385388       -2.31018472    
   258.64749641185603       -2.28934765    
   258.79071207985817       -2.27110887    
   258.93392774786031       -2.25395155    
   259.07714341586245       -2.23530698    
   259.22035908386459       -2.21301198    
   259.36357475186674       -2.18654013    
   259.50679041986888       -2.15732026    
   259.65000608787102       -2.12795877    
   259.79322175587316       -2.10079765    
   259.93643742387530       -2.07661533    
   260.07965309187745       -2.05420899    
   260.22286875987959       -2.03109479    
   260.36608442788173       -2.00493598    
   260.50930009588387       -1.97488177    
   260.65251576388602       -1.94205976    
   260.79573143188816       -1.90894794    
   260.93894709989030       -1.87798858    
   261.08216276789244       -1.85022974    
   261.22537843589458       -1.82475495    
   261.36859410389673       -1.79921472    
   261.51180977189887       -1.77116132    
   261.65502543990101       -1.73944068    
   261.79824110790315       -1.70486248    
   261.94145677590529       -1.66976869    
   262.08467244390744       -1.63673604    
   262.22788811190958       -1.60714269    
   262.37110377991172       -1.58041191    
   262.51431944791386       -1.55436099    
   262.65753511591600       -1.52645671    
   262.80075078391815       -1.49526000    
   262.94396645192029       -1.46124315    
   263.08718211992243       -1.42652595    
   263.23039778792457       -1.39368951    
   263.37361345592672       -1.36433911    
   263.51682912392886       -1.33821905    
   263.66004479193100       -1.31337333    
   263.80326045993314       -1.28726041    
   263.94647612793528       -1.25820315    
   264.08969179593743       -1.22635651    
   264.23290746393957       -1.19364512    
   264.37612313194171       -1.16269803    
   264.51933879994385       -1.13538194    
   264.66255446794599       -1.11176598    
   264.80577013594814       -1.09010553    
   264.94898580395028       -1.06784880    
   265.09220147195242       -1.04308891    
   265.23541713995456       -1.01564157    
   265.37863280795671      -0.987146258    
   265.52184847595885      -0.960145712    
   265.66506414396099      -0.936662436    
   265.80827981196313      -0.917070150    
   265.95149547996527      -0.899891078    
   266.09471114796742      -0.882635474    
   266.23792681596956      -0.863216400    
   266.38114248397170      -0.841142714    
   266.52435815197384      -0.817811370    
   266.66757381997598      -0.795729697    
   266.81078948797813      -0.777107179    
   266.95400515598027      -0.762616515    
   267.09722082398241      -0.751024127    
   267.24043649198455      -0.739892185    
   267.38365215998670      -0.726949036    
   267.52686782798884      -0.711357594    
   267.67008349599098      -0.694175601    
   267.81329916399312      -0.677756548    
   267.95651483199526      -0.664427757    
   268.09973049999741      -0.655182958    
   268.24294616799955      -0.649122298    
   268.38616183600169      -0.643958509    
   268.52937750400383      -0.637307882    
   268.67259317200597      -0.628036439    
   268.81580884000812      -0.616894484    
   268.95902450801026      -0.606078863    
   269.10224017601240      -0.597975016    
   269.24545584401454      -0.593798935    
   269.38867151201669      -0.592906415    
   269.53188718001883      -0.593154430    
   269.67510284802097      -0.592101753    
   269.81831851602311      -0.588373542    
   269.96153418402525      -0.582427204    
   270.10474985202740      -0.576293349    
   270.24796552002954      -0.572433949    
   270.39118118803168      -0.572353423    
   270.53439685603382      -0.575742364    
   270.67761252403596      -0.580640495    
   270.82082819203811      -0.584531367    
   270.96404386004025      -0.585750878    
   271.10725952804239      -0.584411025    
   271.25047519604453      -0.582317650    
   271.39369086404668      -0.581935048    
   271.53690653204882      -0.584987760    
   271.68012220005096      -0.591487169    
   271.82333786805310      -0.599723399    
   271.96655353605524      -0.607220352    
   272.10976920405739      -0.612118244    
   272.25298487205953      -0.614209890    
   272.39620054006167      -0.615049362    
   272.53941620806381      -0.617066145    
   272.68263187606595      -0.622179449    
   272.82584754406810      -0.630695522    
   272.96906321207024      -0.641116858    
   273.11227888007238      -0.650975704    
   273.25549454807452      -0.658217609    
   273.39871021607667      -0.662348032    
   273.54192588407881      -0.664695680    
   273.68514155208095      -0.667650104    
   273.82835722008309      -0.673310399    
   273.97157288808523      -0.682303607    
   274.11478855608738      -0.693429112    
   274.25800422408952      -0.704323471    
   274.40121989209166      -0.712774694    
   274.54443556009380      -0.717953682    
   274.68765122809594      -0.720872164    
   274.83086689609809      -0.723805070    
   274.97408256410023      -0.728997111    
   275.11729823210237      -0.737384200    
   275.26051390010451      -0.748054266    
   275.40372956810666      -0.758754432    
   275.54694523610880      -0.767154098    
   275.69016090411094      -0.772146881    
   275.83337657211308      -0.774458587    
   275.97659224011522      -0.776224971    
   276.11980790811737      -0.779781699    
   276.26302357611951      -0.786345541    
   276.40623924412165      -0.795323312    
   276.54945491212379      -0.804635465    
   276.69267058012593      -0.811876893    
   276.83588624812808      -0.815665305    
   276.97910191613022      -0.816416621    
   277.12231758413236      -0.816104114    
   277.26553325213450      -0.817134917    
   277.40874892013665      -0.820981622    
   277.55196458813879      -0.827347875    
   277.69518025614093      -0.834337533    
   277.83839592414307      -0.839526594    
   277.98161159214521      -0.841327786    
   278.12482726014736      -0.839881241    
   278.26804292814950      -0.836977243    
   278.41125859615164      -0.835057199    
   278.55447426415378      -0.835849226    
   278.69768993215592      -0.839398265    
   278.84090560015807      -0.844034314    
   278.98412126816021      -0.847303867    
   279.12733693616235      -0.847346902    
   279.27055260416449      -0.843943894    
   279.41376827216664      -0.838638425    
   279.55698394016878      -0.833862364    
   279.70019960817092      -0.831560910    
   279.84341527617306      -0.832096815    
   279.98663094417520      -0.834051132    
   280.12984661217735      -0.835027814    
   280.27306228017949      -0.833004296    
   280.41627794818163      -0.827470422    
   280.55949361618377      -0.819719374    
   280.70270928418591      -0.812128186    
   280.84592495218806      -0.806827903    
   280.98914062019020      -0.804507315    
   281.13235628819234      -0.804024875    
   281.27557195619448      -0.803052604    
   281.41878762419663      -0.799393117    
   281.56200329219877      -0.792224705    
   281.70521896020091      -0.782568097    
   281.84843462820305      -0.772712111    
   281.99165029620519      -0.764926016    
   282.13486596420734      -0.760186851    
   282.27808163220948      -0.757633805    
   282.42129730021162      -0.755049765    
   282.56451296821376      -0.750096619    
   282.70772863621590      -0.741617262    
   282.85094430421805      -0.730279863    
   282.99415997222019      -0.718204141    
   283.13737564022233      -0.707774103    
   283.28059130822447      -0.700299501    
   283.42380697622662      -0.695281386    
   283.56702264422876      -0.690700591    
   283.71023831223090      -0.684168696    
   283.85345398023304      -0.674288750    
   283.99666964823518      -0.661451876    
   284.13988531623733      -0.647621214    
   284.28310098423947      -0.635228992    
   284.42631665224161      -0.625812829    
   284.56953232024375      -0.619156599    
   284.71274798824589      -0.613413990    
   284.85596365624804      -0.606144309    
   284.99917932425018      -0.595682561    
   285.14239499225232      -0.582078755    
   285.28561066025446      -0.567078292    
   285.42882632825660      -0.553149939    
   285.57204199625875      -0.542106032    
   285.71525766426089      -0.534092844    
   285.85847333226303      -0.527522743    
   286.00168900026517      -0.519983947    
   286.14490466826732      -0.509609103    
   286.28812033626946      -0.496128321    
   286.43133600427160      -0.481017113    
   286.57455167227374      -0.466662824    
   286.71776734027588      -0.455022335    
   286.86098300827803      -0.446523309    
   287.00419867628017      -0.439822882    
   287.14741434428231      -0.432561427    
   287.29063001228445      -0.422693670    
   287.43384568028659      -0.409651250    
   287.57706134828874      -0.394678265    
   287.72027701629088      -0.380142510    
   287.86349268429302      -0.368207425    
   288.00670835229516      -0.359616220    
   288.14992402029731      -0.353278577    
   288.29313968829945      -0.346891642    
   288.43635535630159      -0.338239342    
   288.57957102430373      -0.326435000    
   288.72278669230587      -0.312411219    
   288.86600236030802      -0.298389524    
   289.00921802831016      -0.286632031    
   289.15243369631230      -0.278175443    
   289.29564936431444      -0.272255689    
   289.43886503231658      -0.266746938    
   289.58208070031873      -0.259371370    
   289.72529636832087      -0.248999029    
   289.86851203632301      -0.236300290    
   290.01172770432515      -0.223378062    
   290.15494337232730      -0.212586164    
   290.29815904032944      -0.205205217    
   290.44137470833158      -0.200726464    
   290.58459037633372      -0.197146147    
   290.72780604433586      -0.192099735    
   290.87102171233801      -0.184195533    
   291.01423738034015      -0.173800409    
   291.15745304834229      -0.162838921    
   291.30066871634443      -0.153718203    
   291.44388438434657      -0.147979289    
   291.58710005234872      -0.145432636    
   291.73031572035086      -0.144269496    
   291.87353138835300      -0.142092422    
   292.01674705635514      -0.137284070    
   292.15996272435729      -0.129936069    
   292.30317839235943      -0.121807612    
   292.44639406036157      -0.115337834    
   292.58960972836371      -0.112274893    
   292.73282539636585      -0.112698868    
   292.87604106436800      -0.114986800    
   293.01925673237014      -0.116734296    
   293.16247240037228      -0.116113156    
   293.30568806837442      -0.112904131    
   293.44890373637656      -0.108626515    
   293.59211940437871      -0.105689459    
   293.73533507238085      -0.106038108    
   293.87855074038299      -0.110056467    
   294.02176640838513      -0.116350666    
   294.16498207638728      -0.122541130    
   294.30819774438942      -0.126617104    
   294.45141341239156      -0.128083378    
   294.59462908039370      -0.128246635    
   294.73784474839584      -0.129479870    
   294.88106041639799      -0.133884132    
   295.02427608440013      -0.142104059    
   295.16749175240227      -0.152963236    
   295.31070742040441      -0.164123103    
   295.45392308840655      -0.173396662    
   295.59713875640870      -0.179981723    
   295.74035442441084      -0.184919551    
   295.88357009241298      -0.190514788    
   296.02678576041512      -0.199036628    
   296.17000142841727      -0.211432606    
   296.31321709641941      -0.226785988    
   296.45643276442155      -0.242828295    
   296.59964843242369      -0.257217199    
   296.74286410042583      -0.268854111    
   296.88607976842798      -0.278496295    
   297.02929543643012      -0.288321882    
   297.17251110443226      -0.300698519    
   297.31572677243440      -0.316849887    
   297.45894244043654      -0.336167395    
   297.60215810843869      -0.356551647    
   297.74537377644083      -0.375593454    
   297.88858944444297      -0.391932815    
   298.03180511244511      -0.406029284    
   298.17502078044726      -0.419902295    
   298.31823644844940      -0.435981542    
   298.46145211645154      -0.455717087    
   298.60466778445368      -0.478740811    
   298.74788345245582      -0.503058672    
   298.89109912045797      -0.526165068    
   299.03431478846011      -0.546446204    
   299.17753045646225      -0.564079762    
   299.32074612446439      -0.580925703    
   299.46396179246653      -0.599472284    
   299.60717746046868      -0.621428668    
   299.75039312847082      -0.646752715    
   299.89360879647296      -0.673659384    
   300.03682446447510      -0.699610174    
   300.18004013247725      -0.722730458    
   300.32325580047939      -0.742855549    
   300.46647146848153      -0.761609435    
   300.60968713648367      -0.781468630    
   300.75290280448581      -0.804341316    
   300.89611847248796      -0.830470562    
   301.03933414049010      -0.858283162    
   301.18254980849224      -0.885265350    
   301.32576547649438      -0.909367025    
   301.46898114449652      -0.930140436    
   301.61219681249867      -0.948975325    
   301.75541248050081      -0.968298316    
   301.89862814850295      -0.990185440    
   302.04184381650509       -1.01516533    
   302.18505948450724       -1.04189110    
   302.32827515250938       -1.06787336    
   302.47149082051152       -1.09086692    
   302.61470648851366       -1.11012661    
   302.75792215651580       -1.12681675    
   302.90113782451795       -1.14333808    
   303.04435349252009       -1.16195476    
   303.18756916052223       -1.18350148    
   303.33078482852437       -1.20690095    
   303.47400049652651       -1.22975862    
   303.61721616452866       -1.24969661    
   303.76043183253080       -1.26567483    
   303.90364750053294       -1.27855992    
   304.04686316853508       -1.29062259    
   304.19007883653723       -1.30424261    
   304.33329450453937       -1.32054782    
   304.47651017254151       -1.33875728    
   304.61972584054365       -1.35660625    
   304.76294150854579       -1.37161636    
   304.90615717654794       -1.38249159    
   305.04937284455008       -1.38984537    
   305.19258851255222       -1.39584517    
   305.33580418055436       -1.40298021    
   305.47901984855650       -1.41265237    
   305.62223551655865       -1.42438376    
   305.76545118456079       -1.43608570    
   305.90866685256293       -1.44523299    
   306.05188252056507       -1.45028532    
   306.19509818856721       -1.45155573    
   306.33831385656936       -1.45103490    
   306.48152952457150       -1.45126438    
   306.62474519257364       -1.45389235    
   306.76796086057578       -1.45873070    
   306.91117652857793       -1.46385491    
   307.05439219658007       -1.46669149    
   307.19760786458221       -1.46547472    
   307.34082353258435       -1.46024168    
   307.48403920058649       -1.45280564    
   307.62725486858864       -1.44572628    
   307.77047053659078       -1.44086254    
   307.91368620459292       -1.43832469    
   308.05690187259506       -1.43641162    
   308.20011754059720       -1.43256915    
   308.34333320859935       -1.42483425    
   308.48654887660149       -1.41295385    
   308.62976454460363       -1.39854383    
   308.77298021260577       -1.38419151    
   308.91619588060792       -1.37200487    
   309.05941154861006       -1.36243081    
   309.20262721661220       -1.35401797    
   309.34584288461434       -1.34425616    
   309.48905855261648       -1.33101404    
   309.63227422061863       -1.31375563    
   309.77548988862077       -1.29384923    
   309.91870555662291       -1.27379906    
   310.06192122462505       -1.25583625    
   310.20513689262719       -1.24066246    
   310.34835256062934       -1.22705448    
   310.49156822863148       -1.21255589    
   310.63478389663362       -1.19487405    
   310.77799956463576       -1.17319393    
   310.92121523263791       -1.14866424    
   311.06443090064005       -1.12377191    
   311.20764656864219       -1.10095787    
   311.35086223664433       -1.08125925    
   311.49407790464647       -1.06375062    
   311.63729357264862       -1.04609728    
   311.78050924065076       -1.02589905    
   311.92372490865290       -1.00206256    
   312.06694057665504      -0.975429893    
   312.21015624465718      -0.948314011    
   312.35337191265933      -0.923205316    
   312.49658758066147      -0.901375175    
   312.63980324866361      -0.882162988    
   312.78301891666575      -0.863353968    
   312.92623458466790      -0.842441320    
   313.06945025267004      -0.818061650    
   313.21266592067218      -0.790786386    
   313.35588158867432      -0.762814283    
   313.49909725667646      -0.736737609    
   313.64231292467861      -0.714085639    
   313.78552859268075      -0.694472611    
   313.92874426068289      -0.675830364    
   314.07195992868503      -0.655588210    
   314.21517559668717      -0.632132113    
   314.35839126468932      -0.605722725    
   314.50160693269146      -0.578357458    
   314.64482260069360      -0.552653134    
   314.78803826869574      -0.530376017    
   314.93125393669789      -0.511448026    
   315.07446960470003      -0.493996590    
   315.21768527270217      -0.475424886    
   315.36090094070431      -0.453896374    
   315.50411660870645      -0.429386050    
   315.64733227670860      -0.403698474    
   315.79054794471074      -0.379444748    
   315.93376361271288      -0.358564079    
   316.07697928071502      -0.341229081    
   316.22019494871716      -0.325750470    
   316.36341061671931      -0.309530646    
   316.50662628472145      -0.290529013    
   316.64984195272359      -0.268417567    
   316.79305762072573      -0.244776443    
   316.93627328872788      -0.222213790    
   317.07948895673002      -0.202898905    
   317.22270462473216      -0.187335700    
   317.36592029273430      -0.174075812    
   317.50913596073644      -0.160539955    
   317.65235162873859      -0.144482598    
   317.79556729674073      -0.125265494    
   317.93878296474287      -0.104216091    
   318.08199863274501       -8.38721767E-02
   318.22521430074715       -6.65461347E-02
   318.36842996874930       -5.30222468E-02
   318.51164563675144       -4.21186574E-02
   318.65486130475358       -3.13572772E-02
   318.79807697275572       -1.83644928E-02
   318.94129264075787       -2.21540499E-03
   319.08450830876001        1.60380974E-02
   319.22772397676215        3.39600630E-02
   319.37093964476429        4.91145067E-02
   319.51415531276643        6.04562871E-02
   319.65737098076858        6.89343810E-02
   319.80058664877072        7.69609362E-02
   319.94380231677286        8.70486572E-02
   320.08701798477500       0.100392453    
   320.23023365277714       0.116197929    
   320.37344932077929       0.132130861    
   320.51666498878143       0.145629540    
   320.65988065678357       0.155341923    
   320.80309632478571       0.161884159    
   320.94631199278786       0.167495579    
   321.08952766079000       0.174780264    
   321.23274332879214       0.185238793    
   321.37595899679428       0.198418930    
   321.51917466479642       0.212171808    
   321.66239033279857       0.223874196    
   321.80560600080071       0.231923223    
   321.94882166880285       0.236650422    
   322.09203733680499       0.240134761    
   322.23525300480713       0.245024249    
   322.37846867280928       0.253038734    
   322.52168434081142       0.264000565    
   322.66490000881356       0.275935590    
   322.80811567681570       0.286183357    
   322.95133134481785       0.292892724    
   323.09454701281999       0.296064079    
   323.23776268082213       0.297550797    
   323.38097834882427       0.300014317    
   323.52419401682641       0.305417478    
   323.66740968482856       0.313909203    
   323.81062535283070       0.323736310    
   323.95384102083284       0.332234532    
   324.09705668883498       0.337334335    
   324.24027235683712       0.338724822    
   324.38348802483927       0.338019311    
   324.52670369284141       0.337836504    
   324.66991936084355       0.340321064    
   324.81313502884569       0.345936000    
   324.95635069684784       0.353200644    
   325.09956636484998       0.359519690    
   325.24278203285212       0.362641156    
   325.38599770085426       0.361927062    
   325.52921336885640       0.358718932    
   325.67242903685855       0.355584592    
   325.81564470486069       0.354866505    
   325.95886037286283       0.357355297    
   326.10207604086497       0.361844063    
   326.24529170886711       0.365816563    
   326.38850737686926       0.366873413    
   326.53172304487140       0.364083439    
   326.67493871287354       0.358498335    
   326.81815438087568       0.352548838    
   326.96137004887782       0.348670006    
   327.10458571687997       0.347929955    
   327.24780138488211       0.349430561    
   327.39101705288425       0.350816399    
   327.53423272088639       0.349608839    
   327.67744838888854       0.344615608    
   327.82066405689068       0.336617500    
   327.96387972489282       0.327938586    
   328.10709539289496       0.321140379    
   328.25031106089710       0.317582726    
   328.39352672889925       0.316668481    
   328.53674239690139       0.316196114    
   328.67995806490353       0.313613683    
   328.82317373290567       0.307461768    
   328.96638940090781       0.298196048    
   329.10960506890996       0.287933588    
   329.25282073691210       0.279269010    
   329.39603640491424       0.273823053    
   329.53925207291638       0.271336466    
   329.68246774091853       0.269821614    
   329.82568340892067       0.266692221    
   329.96889907692281       0.260235548    
   330.11211474492495       0.250589907    
   330.25533041292709       0.239668712    
   330.39854608092924       0.230074421    
   330.54176174893138       0.223625004    
   330.68497741693352       0.220332801    
   330.82819308493566       0.218410388    
   330.97140875293780       0.215291381    
   331.11462442093995       0.209084809    
   331.25784008894209       0.199646145    
   331.40105575694423       0.188668028    
   331.54427142494637       0.178741217    
   331.68748709294852       0.171910256    
   331.83070276095066       0.168533623    
   331.97391842895280       0.167092681    
   332.11713409695494       0.165061966    
   332.26034976495708       0.160350353    
   332.40356543295923       0.152494535    
   332.54678110096137       0.142927170    
   332.68999676896351       0.134171739    
   332.83321243696565       0.128426656    
   332.97642810496779       0.126341447    
   333.11964377296994       0.126670256    
   333.26285944097208       0.126989663    
   333.40607510897422       0.125073269    
   333.54929077697636       0.120152496    
   333.69250644497851       0.113357045    
   333.83572211298065       0.107084550    
   333.97893778098279       0.103649139    
   334.12215344898493       0.103970610    
   334.26536911698707       0.107050329    
   334.40858478498922       0.110536575    
   334.55180045299136       0.112059042    
   334.69501612099350       0.110571362    
   334.83823178899564       0.106939398    
   334.98144745699778       0.103448763    
   335.12466312499993       0.102519400    
   335.26787879300207       0.105355978    
   335.41109446100421       0.111288257    
   335.55431012900635       0.118163496    
   335.69752579700850       0.123566397    
   335.84074146501064       0.126183167    
   335.98395713301278       0.126544327    
   336.12717280101492       0.126725003    
   336.27038846901706       0.129166603    
   336.41360413701921       0.135284796    
   336.55681980502135       0.144655585    
   336.70003547302349       0.155244350    
   336.84325114102563       0.164546639    
   336.98646680902777       0.170990184    
   337.12968247702992       0.174804538    
   337.27289814503206       0.177873239    
   337.41611381303420       0.182659507    
   337.55932948103634       0.190812021    
   337.70254514903849       0.202230811    
   337.84576081704063       0.215114623    
   337.98897648504277       0.226964921    
   338.13219215304491       0.235986024    
   338.27540782104705       0.242093191    
   338.41862348904920       0.246954769    
   338.56183915705134       0.253039986    
   338.70505482505348       0.262211502    
   338.84827049305562       0.274664134    
   338.99148616105776       0.288810730    
   339.13470182905991       0.302172869    
   339.27791749706205       0.312765151    
   339.42113316506419       0.320191383    
   339.56434883306633       0.325843394    
   339.70756450106848       0.332099587    
   339.85078016907062       0.340975553    
   339.99399583707276       0.352980137    
   340.13721150507490       0.366816580    
   340.28042717307704       0.380099833    
   340.42364284107919       0.390690744    
   340.56685850908133       0.397895277    
   340.71007417708347       0.402846634    
   340.85328984508561       0.407851070    
   340.99650551308775       0.415070057    
   341.13972118108990       0.425289780    
   341.28293684909204       0.437474132    
   341.42615251709418       0.449346542    
   341.56936818509632       0.458665073    
   341.71258385309847       0.464471132    
   341.85579952110061       0.467615217    
   341.99901518910275       0.470269293    
   342.14223085710489       0.474699080    
   342.28544652510703       0.481982440    
   342.42866219310918       0.491394430    
   342.57187786111132       0.500809729    
   342.71509352911346       0.507899046    
   342.85830919711560       0.511442363    
   343.00152486511774       0.512011826    
   343.14474053311989       0.511637986    
   343.28795620112203       0.512654126    
   343.43117186912417       0.516378462    
   343.57438753712631       0.522376478    
   343.71760320512846       0.528710127    
   343.86081887313060       0.533026814    
   344.00403454113274       0.533874571    
   344.14725020913488       0.531510890    
   344.29046587713702       0.527753532    
   344.43368154513917       0.524953544    
   344.57689721314131       0.524665117    
   344.72011288114345       0.526762784    
   344.86332854914559       0.529510617    
   345.00654421714773       0.530548692    
   345.14975988514988       0.528236926    
   345.29297555315202       0.522590160    
   345.43619122115416       0.515276015    
   345.57940688915630       0.508681238    
   345.72262255715845       0.504579425    
   345.86583822516059       0.503147781    
   346.00905389316273       0.502878547    
   346.15226956116487       0.501429796    
   346.29548522916701       0.496939987    
   346.43870089716916       0.489074647    
   346.58191656517130       0.479219764    
   346.72513223317344       0.469709635    
   346.86834790117558       0.462520719    
   347.01156356917772       0.458168745    
   347.15477923717987       0.455435097    
   347.29799490518201       0.452076346    
   347.44121057318415       0.446109831    
   347.58442624118629       0.436942905    
   347.72764190918843       0.425710469    
   347.87085757719058       0.414638281    
   348.01407324519272       0.405797541    
   348.15728891319486       0.399950057    
   348.30050458119700       0.396127999    
   348.44372024919915       0.392182529    
   348.58693591720129       0.385997415    
   348.73015158520343       0.376690060    
   348.87336725320557       0.365122944    
   349.01658292120771       0.353431106    
   349.15979858920986       0.343828171    
   349.30301425721200       0.337367177    
   349.44622992521414       0.333359540    
   349.58944559321628       0.329778254    
   349.73266126121842       0.324410230    
   349.87587692922057       0.316102087    
   350.01909259722271       0.305401534    
   350.16230826522485       0.294242591    
   350.30552393322699       0.284858316    
   350.44873960122914       0.278529704    
   350.59195526923128       0.274867952    
   350.73517093723342       0.272032350    
   350.87838660523556       0.267765820    
   351.02160227323770       0.260669678    
   351.16481794123985       0.250997096    
   351.30803360924199       0.240512297    
   351.45124927724413       0.231492773    
   351.59446494524627       0.225441873    
   351.73768061324841       0.222242892    
   351.88089628125056       0.220230043    
   352.02411194925270       0.217128530    
   352.16732761725484       0.211329579    
   352.31054328525698       0.202785715    
   352.45375895325913       0.193030387    
   352.59697462126127       0.184314236    
   352.74019028926341       0.178340361    
   352.88340595726555       0.175305218    
   353.02662162526769       0.173785761    
   353.16983729326984       0.171541244    
   353.31305296127198       0.166780189    
   353.45626862927412       0.159174293    
   353.59948429727626       0.150042415    
   353.74269996527840       0.141601786    
   353.88591563328055       0.135715201    
   354.02913130128269       0.132844135    
   354.17234696928483       0.131793290    
   354.31556263728697       0.130381361    
   354.45877830528912       0.126656666    
   354.60199397329126       0.119979233    
   354.74520964129340       0.111368604    
   354.88842530929554       0.102923900    
   355.03164097729768        9.66375098E-02
   355.17485664529983        9.32661593E-02
   355.31807231330197        9.18977782E-02
   355.46128798130411        9.04638842E-02
   355.60450364930625        8.69093388E-02
   355.74771931730839        8.03533643E-02
   355.89093498531054        7.15805814E-02
   356.03415065331268        6.25865236E-02
   356.17736632131482        5.54420240E-02
   356.32058198931696        5.11225387E-02
   356.46379765731911        4.89597954E-02
   356.60701332532125        4.70180400E-02
   356.75022899332339        4.31805775E-02
   356.89344466132553        3.63390483E-02
   357.03666032932767        2.70203631E-02
   357.17987599732982        1.70965679E-02
   357.32309166533196        8.73474497E-03
   357.46630733333410        3.17527843E-03
   357.60952300133624        3.04490386E-05
   357.75273866933838       -2.49605672E-03
   357.89595433734053       -6.59275055E-03
   358.03917000534267       -1.36057334E-02
   358.18238567334481       -2.32852735E-02
   358.32560134134695       -3.39340195E-02
   358.46881700934910       -4.33654375E-02
   358.61203267735124       -5.01296557E-02
   358.75524834535338       -5.43211922E-02
   358.89846401335552       -5.75196669E-02
   359.04167968135766       -6.18961677E-02
   359.18489534935981       -6.89822435E-02
   359.32811101736195       -7.87916258E-02
   359.47132668536409       -8.97945762E-02
   359.61454235336623       -9.97678339E-02
   359.75775802136837      -0.107043587    
   359.90097368937052      -0.111447215    
   360.04418935737266      -0.114387967    
   360.18740502537480      -0.118051589    
   360.33062069337694      -0.124156304    
   360.47383636137909      -0.132977158    
   360.61705202938123      -0.143184409    
   360.76026769738337      -0.152579799    
   360.90348336538551      -0.159314364    
   361.04669903338765      -0.162908047    
   361.18991470138980      -0.164503366    
   361.33313036939194      -0.166210011    
   361.47634603739408      -0.169904128    
   361.61956170539622      -0.176156119    
   361.76277737339836      -0.183895394    
   361.90599304140051      -0.191006646    
   362.04920870940265      -0.195521563    
   362.19242437740479      -0.196727633    
   362.33564004540693      -0.195563570    
   362.47885571340908      -0.194080129    
   362.62207138141122      -0.194275618    
   362.76528704941336      -0.196963757    
   362.90850271741550      -0.201307520    
   363.05171838541764      -0.205277264    
   363.19493405341979      -0.206778035    
   363.33814972142193      -0.204818591    
   363.48136538942407      -0.200067356    
   363.62458105742621      -0.194476992    
   363.76779672542835      -0.190180838    
   363.91101239343050      -0.188281357    
   364.05422806143264      -0.188219875    
   364.19744372943478      -0.188089326    
   364.34065939743692      -0.185712337    
   364.48387506543907      -0.179869458    
   364.62709073344121      -0.170980781    
   364.77030640144335      -0.160861015    
   364.91352206944549      -0.151693463    
   365.05673773744763      -0.144803017    
   365.19995340544978      -0.139914244    
   365.34316907345192      -0.135307550    
   365.48638474145406      -0.128787488    
   365.62960040945620      -0.118924163    
   365.77281607745834      -0.105870470    
   365.91603174546049       -9.12885517E-02
   366.05924741346263       -7.74185285E-02
   366.20246308146477       -6.58126101E-02
   366.34567874946691       -5.64540923E-02
   366.48889441746906       -4.77639213E-02
   366.63211008547120       -3.74911800E-02
   366.77532575347334       -2.39818152E-02
   366.91854142147548       -7.11022224E-03
   367.06175708947762        1.16461702E-02
   367.20497275747977        3.00269071E-02
   367.34818842548191        4.62437831E-02
   367.49140409348405        5.99716865E-02
   367.63461976148619        7.25207031E-02
   367.77783542948833        8.60883370E-02
   367.92105109749048       0.102506667    
   368.06426676549262       0.122190252    
   368.20748243349476       0.143884942    
   368.35069810149690       0.165365487    
   368.49391376949904       0.184686214    
   368.63712943750119       0.201271266    
   368.78034510550333       0.216224685    
   368.92356077350547       0.231689408    
   369.06677644150761       0.249623284    
   369.20999210950976       0.270683378    
   369.35320777751190       0.293841660    
   369.49642344551404       0.316944033    
   369.63963911351618       0.337900490    
   369.78285478151832       0.355843276    
   369.92607044952047       0.371603429    
   370.06928611752261       0.387231439    
   370.21250178552475       0.404825002    
   370.35571745352689       0.425324023    
   370.49893312152903       0.447959572    
   370.64214878953118       0.470673203    
   370.78536445753332       0.491269350    
   370.92858012553546       0.508644164    
   371.07179579353760       0.523395240    
   371.21501146153975       0.537470937    
   371.35822712954189       0.553061068    
   371.50144279754403       0.571352482    
   371.64465846554617       0.591845453    
   371.78787413354831       0.612615168    
   371.93108980155046       0.631376266    
   372.07430546955260       0.646759033    
   372.21752113755474       0.659077525    
   372.36073680555688       0.670149684    
   372.50395247355902       0.682264745    
   372.64716814156117       0.696882486    
   372.79038380956331       0.713804543    
   372.93359947756545       0.731289864    
   373.07681514556759       0.747042656    
   373.22003081356974       0.759508312    
   373.36324648157188       0.768744707    
   373.50646214957402       0.776383460    
   373.64967781757616       0.784707546    
   373.79289348557830       0.795364022    
   373.93610915358045       0.808430851    
   374.07932482158259       0.822363079    
   374.22254048958473       0.834856153    
   374.36575615758687       0.844147921    
   374.50897182558901       0.850024760    
   374.65218749359116       0.853956401    
   374.79540316159330       0.858275652    
   374.93861882959544       0.864865959    
   375.08183449759758       0.874101996    
   375.22505016559973       0.884643912    
   375.36826583360187       0.894196689    
   375.51148150160401       0.900801778    
   375.65469716960615       0.903934896    
   375.79791283760829       0.904796600    
   375.94112850561044       0.905636549    
   376.08434417361258       0.908488691    
   376.22755984161472       0.914026141    
   376.37077550961686       0.921182275    
   376.51399117761900       0.927758276    
   376.65720684562115       0.931678176    
   376.80042251362329       0.932179511    
   376.94363818162543       0.930257082    
   377.08685384962757       0.928106070    
   377.23006951762972       0.927883089    
   377.37328518563186       0.930492938    
   377.51650085363400       0.935086846    
   377.65971652163614       0.939550519    
   377.80293218963828       0.941702425    
   377.94614785764043       0.940529346    
   378.08936352564257       0.936768591    
   378.23257919364471       0.932509482    
   378.37579486164685       0.930031359    
   378.51901052964899       0.930525541    
   378.66222619765114       0.933423281    
   378.80544186565328       0.936716676    
   378.94865753365542       0.938098311    
   379.09187320165756       0.936273694    
   379.23508886965971       0.931698203    
   379.37830453766185       0.926320434    
   379.52152020566399       0.922481000    
   379.66473587366613       0.921595335    
   379.80795154166827       0.923363984    
   379.95116720967042       0.925951540    
   380.09438287767256       0.927029073    
   380.23759854567470       0.925095379    
   380.38081421367684       0.920334280    
   380.52402988167898       0.914523005    
   380.66724554968113       0.910035312    
   380.81046121768327       0.908498645    
   380.95367688568541       0.909866869    
   381.09689255368755       0.912441552    
   381.24010822168970       0.913833678    
   381.38332388969184       0.912318408    
   381.52653955769398       0.907810509    
   381.66975522569612       0.901909530    
   381.81297089369826       0.896994770    
   381.95618656170041       0.894884765    
   382.09940222970255       0.895814002    
   382.24261789770469       0.898298383    
   382.38583356570683       0.899964154    
   382.52904923370897       0.898879349    
   382.67226490171112       0.894641995    
   382.81548056971326       0.888609886    
   382.95869623771540       0.883132160    
   383.10191190571754       0.880212843    
   383.24512757371969       0.880364656    
   383.38834324172183       0.882309794    
   383.53155890972397       0.883700132    
   383.67477457772611       0.882444322    
   383.81799024572825       0.877886057    
   383.96120591373040       0.871166527    
   384.10442158173254       0.864571989    
   384.24763724973468       0.860237718    
   384.39085291773682       0.858937323    
   384.53406858573896       0.859636784    
   384.67728425374111       0.860066533    
   384.82049992174325       0.857994735    
   384.96371558974539       0.852487803    
   385.10693125774753       0.844441593    
   385.25014692574968       0.836075485    
   385.39336259375182       0.829671919    
   385.53657826175396       0.826278329    
   385.67979392975610       0.825111389    
   385.82300959775824       0.824000597    
   385.96622526576039       0.820615411    
   386.10944093376253       0.813779473    
   386.25265660176467       0.804132819    
   386.39587226976681       0.793773711    
   386.53908793776895       0.785081565    
   386.68230360577110       0.779378772    
   386.82551927377324       0.776181638    
   386.96873494177538       0.773466229    
   387.11195060977752       0.768808544    
   387.25516627777967       0.760758877    
   387.39838194578181       0.749670029    
   387.54159761378395       0.737502456    
   387.68481328178609       0.726715028    
   387.82802894978823       0.718873858    
   387.97124461779038       0.713771403    
   388.11446028579252       0.709552169    
   388.25767595379466       0.703768849    
   388.40089162179680       0.694768071    
   388.54410728979894       0.682627797    
   388.68732295780109       0.669121981    
   388.83053862580323       0.656731308    
   388.97375429380537       0.647252321    
   389.11696996180751       0.640785217    
   389.26018562980965       0.635676026    
   389.40340129781180       0.629451931    
   389.54661696581394       0.620225132    
   389.68983263381608       0.607768178    
   389.83304830181822       0.593647778    
   389.97626396982037       0.580343008    
   390.11947963782251       0.569851458    
   390.26269530582465       0.562573552    
   390.40591097382679       0.557100773    
   390.54912664182893       0.551020682    
   390.69234230983108       0.542283118    
   390.83555797783322       0.530361652    
   390.97877364583536       0.516558826    
   391.12198931383750       0.503281057    
   391.26520498183964       0.492686510    
   391.40842064984179       0.485468149    
   391.55163631784393       0.480465978    
   391.69485198584607       0.475334108    
   391.83806765384821       0.467885822    
   391.98128332185036       0.457349300    
   392.12449898985250       0.444818795    
   392.26771465785464       0.432648152    
   392.41093032585678       0.423135102    
   392.55414599385892       0.417240888    
   392.69736166186107       0.414062768    
   392.84057732986321       0.411350638    
   392.98379299786535       0.406777173    
   393.12700866586749       0.399251014    
   393.27022433386963       0.389537245    
   393.41344000187178       0.379832804    
   393.55665566987392       0.372531861    
   393.69987133787606       0.368877739    
   393.84308700587820       0.368267685    
   393.98630267388035       0.368607253    
   394.12951834188249       0.367510378    
   394.27273400988463       0.363659382    
   394.41594967788677       0.357552439    
   394.55916534588891       0.351219684    
   394.70238101389106       0.347074807    
   394.84559668189320       0.346552342    
   394.98881234989534       0.349295646    
   395.13202801789748       0.353351265    
   395.27524368589962       0.356261849    
   395.41845935390177       0.356446743    
   395.56167502190391       0.354091704    
   395.70489068990605       0.351041287    
   395.84810635790819       0.349750221    
   395.99132202591034       0.351888388    
   396.13453769391248       0.357393175    
   396.27775336191462       0.364506543    
   396.42096902991676       0.370770454    
   396.56418469791890       0.374409914    
   396.70740036592105       0.375321120    
   396.85061603392319       0.375112593    
   396.99383170192533       0.376183122    
   397.13704736992747       0.380357414    
   397.28026303792961       0.387845248    
   397.42347870593176       0.397109449    
   397.56669437393390       0.405720621    
   397.70991004193604       0.411720276    
   397.85312570993818       0.414721072    
   397.99634137794033       0.416116804    
   398.13955704594247       0.418279678    
   398.28277271394461       0.423202962    
   398.42598838194675       0.431363672    
   398.56920404994889       0.441450655    
   398.71241971795104       0.451106519    
   398.85563538595318       0.458255947    
   398.99885105395532       0.462268353    
   399.14206672195746       0.464301884    
   399.28528238995960       0.466638148    
   399.42849805796175       0.471381724    
   399.57171372596389       0.479256123    
   399.71492939396603       0.489176214    
   399.85814506196817       0.498844057    
   400.00136072997032       0.506035626    
   400.14457639797246       0.509849012    
   400.28779206597460       0.511203289    
   400.43100773397674       0.512304366    
   400.57422340197888       0.515383720    
   400.71743906998103       0.521427929    
   400.86065473798317       0.529616117    
   401.00387040598531       0.537777126    
   401.14708607398745       0.543603718    
   401.29030174198959       0.545940399    
   401.43351740999174       0.545423210    
   401.57673307799388       0.544111729    
   401.71994874599602       0.544318318    
   401.86316441399816       0.547292054    
   402.00638008200031       0.552503109    
   402.14959575000245       0.557937920    
   402.29281141800459       0.561239958    
   402.43602708600673       0.561045766    
   402.57924275400887       0.557754517    
   402.72245842201102       0.553294182    
   402.86567409001316       0.550023377    
   403.00888975801530       0.549394846    
   403.15210542601744       0.551135302    
   403.29532109401958       0.553399026    
   403.43853676202173       0.553805351    
   403.58175243002387       0.550777495    
   403.72496809802601       0.544431090    
   403.86818376602815       0.536512315    
   404.01139943403030       0.529415846    
   404.15461510203244       0.524834335    
   404.29783077003458       0.522803843    
   404.44104643803672       0.521688104    
   404.58426210603886       0.519110918    
   404.72747777404101       0.513304830    
   404.87069344204315       0.504110634    
   405.01390911004529       0.493064970    
   405.15712477804743       0.482534140    
   405.30034044604957       0.474386364    
   405.44355611405172       0.468950123    
   405.58677178205386       0.464842021    
   405.72998745005600       0.459760040    
   405.87320311805814       0.451797158    
   406.01641878606029       0.440534949    
   406.15963445406243       0.427295566    
   406.30285012206457       0.414404392    
   406.44606579006671       0.403879642    
   406.58928145806885       0.396295160    
   406.73249712607100       0.390464842    
   406.87571279407314       0.384125978    
   407.01892846207528       0.375229418    
   407.16214413007742       0.363104314    
   407.30535979807956       0.348843604    
   407.44857546608171       0.334699750    
   407.59179113408385       0.322833210    
   407.73500680208599       0.314115256    
   407.87822247008813       0.307653785    
   408.02143813809028       0.301308841    
   408.16465380609242       0.292910159    
   408.30786947409456       0.281492054    
   408.45108514209670       0.267846107    
   408.59430081009884       0.254076719    
   408.73751647810099       0.242411733    
   408.88073214610313       0.233945668    
   409.02394781410527       0.228029191    
   409.16716348210741       0.222647026    
   409.31037915010955       0.215565383    
   409.45359481811170       0.205598727    
   409.59681048611384       0.193284288    
   409.74002615411598       0.180587560    
   409.88324182211812       0.169804350    
   410.02645749012026       0.162274525    
   410.16967315812241       0.157630950    
   410.31288882612455       0.154010147    
   410.45610449412669       0.149109185    
   410.59932016212883       0.141491666    
   410.74253583013098       0.131400809    
   410.88575149813312       0.120619230    
   411.02896716613526       0.111459680    
   411.17218283413740       0.105463915    
   411.31539850213954       0.102545522    
   411.45861417014169       0.101053491    
   411.60182983814383        9.87121314E-02
   411.74504550614597        9.39052105E-02
   411.88826117414811        8.65852609E-02
   412.03147684215025        7.83002079E-02
   412.17469251015240        7.13215321E-02
   412.31790817815454        6.73615858E-02
   412.46112384615668        6.66026399E-02
   412.60433951415882        6.75897598E-02
   412.74755518216097        6.80521056E-02
   412.89077085016311        6.61878437E-02
   413.03398651816525        6.16823882E-02
   413.17720218616739        5.58830388E-02
   413.32041785416953        5.10356016E-02
   413.46363352217168        4.90196459E-02
   413.60684919017382        5.02963476E-02
   413.75006485817596        5.36566637E-02
   413.89328052617810        5.69059625E-02
   414.03649619418024        5.80986664E-02
   414.17971186218239        5.66302575E-02
   414.32292753018453        5.35726957E-02
   414.46614319818667        5.10619730E-02
   414.60935886618881        5.10814823E-02
   414.75257453419096        5.43304607E-02
   414.89579020219310        5.98211624E-02
   415.03900587019524        6.54331818E-02
   415.18222153819738        6.91067278E-02
   415.32543720619952        6.99954703E-02
   415.46865287420167        6.89294413E-02
   415.61186854220381        6.79347068E-02
   415.75508421020595        6.90874532E-02
   415.89829987820809        7.33470619E-02
   416.04151554621023        8.00186619E-02
   416.18473121421238        8.71432051E-02
   416.32794688221452        9.25973430E-02
   416.47116255021666        9.52878520E-02
   416.61437821821880        9.57676098E-02
   416.75759388622095        9.59212035E-02
   416.90080955422309        9.78944153E-02
   417.04402522222523       0.102874763    
   417.18724089022737       0.110417001    
   417.33045655822951       0.118695423    
   417.47367222623166       0.125534922    
   417.61688789423380       0.129633099    
   417.76010356223594       0.131284967    
   417.90331923023808       0.132208377    
   418.04653489824022       0.134574279    
   418.18975056624237       0.139786676    
   418.33296623424451       0.147694737    
   418.47618190224665       0.156678557    
   418.61939757024879       0.164562225    
   418.76261323825094       0.169841856    
   418.90582890625308       0.172533706    
   419.04904457425522       0.174160674    
   419.19226024225736       0.176885843    
   419.33547591025950       0.182288826    
   419.47869157826165       0.190481022    
   419.62190724626379       0.200056344    
   419.76512291426593       0.208896011    
   419.90833858226807       0.215366900    
   420.05155425027021       0.219239742    
   420.19476991827236       0.221816108    
   420.33798558627450       0.225195646    
   420.48120125427664       0.231092542    
   420.62441692227878       0.239863977    
   420.76763259028093       0.250299931    
   420.91084825828307       0.260299593    
   421.05406392628521       0.268056422    
   421.19727959428735       0.273079723    
   421.34049526228949       0.276470184    
   421.48371093029164       0.280293614    
   421.62692659829378       0.286412150    
   421.77014226629592       0.295437902    
   421.91335793429806       0.306396246    
   422.05657360230020       0.317280710    
   422.19978927030235       0.326181293    
   422.34300493830449       0.332353413    
   422.48622060630663       0.336631209    
   422.62943627430877       0.340954214    
   422.77265194231092       0.347271025    
   422.91586761031306       0.356435448    
   423.05908327831520       0.367720783    
   423.20229894631734       0.379231364    
   423.34551461431948       0.388978809    
   423.48873028232163       0.396009713    
   423.63194595032377       0.400942117    
   423.77516161832591       0.405610293    
   423.91837728632805       0.412025034    
   424.06159295433019       0.421239883    
   424.20480862233234       0.432758778    
   424.34802429033448       0.444812834    
   424.49123995833662       0.455349475    
   424.63445562633876       0.463183403    
   424.77767129434091       0.468665898    
   424.92088696234305       0.473491907    
   425.06410263034519       0.479745835    
   425.20731829834733       0.488719314    
   425.35053396634947       0.500172198    
   425.49374963435162       0.512459755    
   425.63696530235376       0.523455977    
   425.78018097035590       0.531745553    
   425.92339663835804       0.537409604    
   426.06661230636018       0.541965127    
   426.20982797436233       0.547501624    
   426.35304364236447       0.555503964    
   426.49625931036661       0.566020370    
   426.63947497836875       0.577636778    
   426.78269064637090       0.588271379    
   426.92590631437304       0.596347094    
   427.06912198237518       0.601684153    
   427.21233765037732       0.605605841    
   427.35555331837946       0.610190749    
   427.49876898638161       0.617090702    
   427.64198465438375       0.626586974    
   427.78520032238589       0.637422502    
   427.92841599038803       0.647503793    
   428.07163165839017       0.655071557    
   428.21484732639232       0.659678638    
   428.35806299439446       0.662429810    
   428.50127866239660       0.665354431    
   428.64449433039874       0.670264721    
   428.78770999840089       0.677734196    
   428.93092566640303       0.686765432    
   429.07414133440517       0.695337951    
   429.21735700240731       0.701536655    
   429.36057267040945       0.704629660    
   429.50378833841160       0.705482960    
   429.64700400641374       0.706072211    
   429.79021967441588       0.708365262    
   429.93343534241802       0.713211119    
   430.07665101042016       0.719864786    
   430.21986667842231       0.726411045    
   430.36308234642445       0.730841219    
   430.50629801442659       0.732173979    
   430.64951368242873       0.730996847    
   430.79272935043088       0.729131520    
   430.93594501843302       0.728610635    
   431.07916068643516       0.730535150    
   431.22237635443730       0.734450877    
   431.36559202243944       0.738598764    
   431.50880769044159       0.740905106    
   431.65202335844373       0.740156531    
   431.79523902644587       0.736691296    
   431.93845469444801       0.732212901    
   432.08167036245015       0.728831172    
   432.22488603045230       0.727878332    
   432.36810169845444       0.729167640    
   432.51131736645658       0.731106520    
   432.65453303445872       0.731594384    
   432.79774870246086       0.729200721    
   432.94096437046301       0.723969519    
   433.08418003846515       0.717403531    
   433.22739570646729       0.711633563    
   433.37061137446943       0.708231926    
   433.51382704247158       0.707333088    
   433.65704271047372       0.707561910    
   433.80025837847586       0.706815183    
   433.94347404647800       0.703455806    
   434.08668971448014       0.697239578    
   434.22990538248229       0.689448953    
   434.37312105048443       0.682163656    
   434.51633671848657       0.677088916    
   434.65955238648871       0.674602747    
   434.80276805449085       0.673553109    
   434.94598372249300       0.671910703    
   435.08919939049514       0.667911828    
   435.23241505849728       0.661055028    
   435.37563072649942       0.652394831    
   435.51884639450157       0.643961966    
   435.66206206250371       0.637627959    
   435.80527773050585       0.634051085    
   435.94849339850799       0.632303417    
   436.09170906651013       0.630396187    
   436.23492473451228       0.626405716    
   436.37814040251442       0.619559765    
   436.52135607051656       0.610670388    
   436.66457173851870       0.601675153    
   436.80778740652084       0.594552875    
   436.95100307452299       0.590222955    
   437.09421874252513       0.588040709    
   437.23743441052727       0.586165726    
   437.38065007852941       0.582599282    
   437.52386574653156       0.576314390    
   437.66708141453370       0.567844093    
   437.81029708253584       0.558990955    
   437.95351275053798       0.551813841    
   438.09672841854012       0.547464132    
   438.23994408654227       0.545534790    
   438.38315975454441       0.544294417    
   438.52637542254655       0.541670024    
   438.66959109054869       0.536416888    
   438.81280675855083       0.528815031    
   438.95602242655298       0.520506680    
   439.09923809455512       0.513573825    
   439.24245376255726       0.509372950    
   439.38566943055940       0.507775187    
   439.52888509856155       0.507235706    
   439.67210076656369       0.505657971    
   439.81531643456583       0.501575351    
   439.95853210256797       0.494984835    
   440.10174777057011       0.487355560    
   440.24496343857226       0.480799496    
   440.38817910657440       0.476873338    
   440.53139477457654       0.475694418    
   440.67461044257868       0.475873441    
   440.81782611058082       0.475297064    
   440.96104177858297       0.472312391    
   441.10425744658511       0.466646045    
   441.24747311458725       0.459547192    
   441.39068878258939       0.453079432    
   441.53390445059154       0.448957264    
   441.67712011859368       0.447574794    
   441.82033578659582       0.447772235    
   441.96355145459796       0.447478682    
   442.10676712260010       0.444877118    
   442.24998279060225       0.439434230    
   442.39319845860439       0.432205766    
   442.53641412660653       0.425238550    
   442.67962979460867       0.420408964    
   442.82284546261081       0.418359995    
   442.96606113061296       0.418137789    
   443.10927679861510       0.417727619    
   443.25249246661724       0.415181726    
   443.39570813461938       0.409706563    
   443.53892380262153       0.402105212    
   443.68213947062367       0.394328713    
   443.82535513862581       0.388382405    
   443.96857080662795       0.385194272    
   444.11178647463009       0.384081602    
   444.25500214263224       0.383125573    
   444.39821781063438       0.380250752    
   444.54143347863652       0.374399662    
   444.68464914663866       0.366131842    
   444.82786481464080       0.357305408    
   444.97108048264295       0.350025266    
   445.11429615064509       0.345458537    
   445.25751181864723       0.343185723    
   445.40072748664937       0.341445565    
   445.54394315465152       0.338130295    
   445.68715882265366       0.331973344    
   445.83037449065580       0.323267937    
   445.97359015865794       0.313713551    
   446.11680582666008       0.305469364    
   446.26002149466223       0.299938858    
   446.40323716266437       0.296971083    
   446.54645283066651       0.294937760    
   446.68966849866865       0.291650355    
   446.83288416667079       0.285598636    
   446.97609983467294       0.276805460    
   447.11931550267508       0.266813755    
   447.26253117067722       0.257817924    
   447.40574683867936       0.251435041    
   447.54896250668151       0.247806311    
   447.69217817468365       0.245527461    
   447.83539384268579       0.242443845    
   447.97860951068793       0.236867383    
   448.12182517869007       0.228537351    
   448.26504084669222       0.218783319    
   448.40825651469436       0.209789738    
   448.55147218269650       0.203369617    
   448.69468785069864       0.199941397    
   448.83790351870078       0.198295504    
   448.98111918670293       0.196287245    
   449.12433485470507       0.192060038    
   449.26755052270721       0.185100868    
   449.41076619070935       0.176531300    
   449.55398185871150       0.168476671    
   449.69719752671364       0.162874386    
   449.84041319471578       0.160389766    
   449.98362886271792       0.160042644    
   450.12684453072006       0.159753829    
   450.27006019872221       0.157511979    
   450.41327586672435       0.152512923    
   450.55649153472649       0.145629570    
   450.69970720272863       0.138937935    
   450.84292287073077       0.134558126    
   450.98613853873292       0.133464873    
   451.12935420673506       0.134945571    
   451.27256987473720       0.137014374    
   451.41578554273934       0.137543544    
   451.55900121074149       0.135467499    
   451.70221687874363       0.131381616    
   451.84543254674577       0.127205431    
   451.98864821474791       0.125104696    
   452.13186388275005       0.126276299    
   452.27507955075220       0.130274296    
   452.41829521875434       0.135257035    
   452.56151088675648       0.139023289    
   452.70472655475862       0.140259340    
   452.84794222276076       0.139290631    
   452.99115789076291       0.137904704    
   453.13437355876505       0.138340399    
   453.27758922676719       0.142018288    
   453.42080489476933       0.148735747    
   453.56402056277147       0.156781211    
   453.70723623077362       0.163896114    
   453.85045189877576       0.168537155    
   453.99366756677790       0.170731544    
   454.13688323478004       0.172052234    
   454.28009890278219       0.174730286    
   454.42331457078433       0.180397838    
   454.56653023878647       0.189161733    
   454.70974590678861       0.199530333    
   454.85296157479075       0.209243387    
   454.99617724279290       0.216543213    
   455.13939291079504       0.221166641    
   455.28260857879718       0.224488527    
   455.42582424679932       0.228731900    
   455.56903991480146       0.235696346    
   455.71225558280361       0.245730072    
   455.85547125080575       0.257526010    
   455.99868691880789       0.268850088    
   456.14190258681003       0.277785361    
   456.28511825481218       0.283793628    
   456.42833392281432       0.288002938    
   456.57154959081646       0.292561084    
   456.71476525881860       0.299414098    
   456.85798092682074       0.309193581    
   457.00119659482289       0.320842594    
   457.14441226282503       0.332198679    
   457.28762793082717       0.341208249    
   457.43084359882931       0.347081810    
   457.57405926683145       0.350730687    
   457.71727493483360       0.354238272    
   457.86049060283574       0.359671474    
   458.00370627083788       0.367908239    
   458.14692193884002       0.378139615    
   458.29013760684217       0.388319224    
   458.43335327484431       0.396304011    
   458.57656894284645       0.401049078    
   458.71978461084859       0.403189719    
   458.86300027885073       0.404681176    
   459.00621594685288       0.407690883    
   459.14943161485502       0.413362414    
   459.29264728285716       0.421153128    
   459.43586295085930       0.429128081    
   459.57907861886144       0.435047567    
   459.72229428686359       0.437626988    
   459.86550995486573       0.437250257    
   460.00872562286787       0.435734987    
   460.15194129087001       0.435291231    
   460.29515695887216       0.437268853    
   460.43837262687430       0.441398174    
   460.58158829487644       0.445943743    
   460.72480396287858       0.448681027    
   460.86801963088072       0.448147804    
   461.01123529888287       0.444469273    
   461.15445096688501       0.439289063    
   461.29766663488715       0.434838861    
   461.44088230288929       0.432669193    
   461.58409797089143       0.432763368    
   461.72731363889358       0.433542281    
   461.87052930689572       0.432758093    
   462.01374497489786       0.428765297    
   462.15696064290000       0.421446532    
   462.30017631090215       0.412272692    
   462.44339197890429       0.403471470    
   462.58660764690643       0.396776795    
   462.72982331490857       0.392460793    
   462.87303898291071       0.389188379    
   463.01625465091286       0.384776890    
   463.15947031891500       0.377437979    
   463.30268598691714       0.366802424    
   463.44590165491928       0.354143649    
   463.58911732292142       0.341665268    
   463.73233299092357       0.331254154    
   463.87554865892571       0.323412865    
   464.01876432692785       0.316983074    
   464.16197999492999       0.309816390    
   464.30519566293214       0.300004482    
   464.44841133093428       0.286966890    
   464.59162699893642       0.271784753    
   464.73484266693856       0.256598979    
   464.87805833494070       0.243415341    
   465.02127400294285       0.232986391    
   465.16448967094499       0.224396214    
   465.30770533894713       0.215584114    
   465.45092100694927       0.204518348    
   465.59413667495141       0.190360367    
   465.73735234295356       0.173957214    
   465.88056801095570       0.157376841    
   466.02378367895784       0.142748013    
   466.16699934695998       0.131066367    
   466.31021501496213       0.121646523    
   466.45343068296427       0.112527773    
   466.59664635096641       0.101597220    
   466.73986201896855        8.77925381E-02
   466.88307768697069        7.17083365E-02
   467.02629335497284        5.52684739E-02
   467.16950902297498        4.06486616E-02
   467.31272469097712        2.90529039E-02
   467.45594035897926        2.00331826E-02
   467.59915602698140        1.17424391E-02
   467.74237169498355        1.98557228E-03
   467.88558736298569       -1.05244908E-02
   468.02880303098783       -2.54225023E-02
   468.17201869898997       -4.08858173E-02
   468.31523436699212       -5.46572618E-02
   468.45845003499426       -6.53110966E-02
   468.60166570299640       -7.30434060E-02
   468.74488137099854       -7.95456469E-02
   468.88809703900068       -8.70409831E-02
   469.03131270700283       -9.70296115E-02
   469.17452837500497      -0.109445669    
   469.31774404300711      -0.122695155    
   469.46095971100925      -0.134553537    
   469.60417537901139      -0.143420950    
   469.74739104701354      -0.149227768    
   469.89060671501568      -0.153474092    
   470.03382238301782      -0.158375010    
   470.17703805101996      -0.165595025    
   470.32025371902211      -0.175294071    
   470.46346938702425      -0.186030239    
   470.60668505502639      -0.195572719    
   470.74990072302853      -0.202160046    
   470.89311639103067      -0.205489814    
   471.03633205903282      -0.206884563    
   471.17954772703496      -0.208544344    
   471.32276339503710      -0.212307006    
   471.46597906303924      -0.218611032    
   471.60919473104138      -0.226243824    
   471.75241039904353      -0.233020961    
   471.89562606704567      -0.237018228    
   472.03884173504781      -0.237661004    
   472.18205740304995      -0.236050785    
   472.32527307105210      -0.234340981    
   472.46848873905424      -0.234517843    
   472.61170440705638      -0.237281814    
   472.75492007505852      -0.241662830    
   472.89813574306066      -0.245580733    
   473.04135141106281      -0.247026339    
   473.18456707906495      -0.245194659    
   473.32778274706709      -0.240935951    
   473.47099841506923      -0.236275449    
   473.61421408307137      -0.233272254    
   473.75742975107352      -0.232857093    
   473.90064541907566      -0.234304070    
   474.04386108707780      -0.235638678    
   474.18707675507994      -0.234756246    
   474.33029242308208      -0.230617851    
   474.47350809108423      -0.223842651    
   474.61672375908637      -0.216359138    
   474.75993942708851      -0.210316226    
   474.90315509509065      -0.206875682    
   475.04637076309280      -0.205568835    
   475.18958643109494      -0.204575166    
   475.33280209909708      -0.201758683    
   475.47601776709922      -0.195875853    
   475.61923343510136      -0.187277213    
   475.76244910310351      -0.177709490    
   475.90566477110565      -0.169328973    
   476.04888043910779      -0.163480833    
   476.19209610710993      -0.159935281    
   476.33531177511207      -0.157016009    
   476.47852744311422      -0.152549952    
   476.62174311111636      -0.145097509    
   476.76495877911850      -0.134762555    
   476.90817444712064      -0.123124465    
   477.05139011512279      -0.112337537    
   477.19460578312493      -0.103913523    
   477.33782145112707       -9.78756845E-02
   477.48103711912921       -9.27562565E-02
   477.62425278713135       -8.64334106E-02
   477.76746845513350       -7.73346350E-02
   477.91068412313564       -6.53290749E-02
   478.05389979113778       -5.18046133E-02
   478.19711545913992       -3.88827324E-02
   478.34033112714206       -2.82131005E-02
   478.48354679514421       -2.00328901E-02
   478.62676246314635       -1.30287288E-02
   478.76997813114849       -5.08147292E-03
   478.91319379915063        5.53138042E-03
   479.05640946715278        1.91608891E-02
   479.19962513515492        3.45909297E-02
   479.34284080315706        4.97274697E-02
   479.48605647115920        6.27793968E-02
   479.62927213916134        7.32650161E-02
   479.77248780716349        8.22802484E-02
   479.91570347516563        9.18790549E-02
   480.05891914316777       0.103913859    
   480.20213481116991       0.118988156    
   480.34535047917205       0.136113584    
   480.48856614717420       0.153267935    
   480.63178181517634       0.168538883    
   480.77499748317848       0.181202680    
   480.91821315118062       0.192124069    
   481.06142881918277       0.203252569    
   481.20464448718491       0.216506287    
   481.34786015518705       0.232678995    
   481.49107582318919       0.250987440    
   481.63429149119133       0.269509912    
   481.77750715919348       0.286265492    
   481.92072282719562       0.300326407    
   482.06393849519776       0.312337339    
   482.20715416319990       0.324148148    
   482.35036983120204       0.337763518    
   482.49358549920419       0.354201794    
   482.63680116720633       0.372910291    
   482.78001683520847       0.392071366    
   482.92323250321061       0.409625590    
   483.06644817121276       0.424429566    
   483.20966383921490       0.436890572    
   483.35287950721704       0.448722005    
   483.49609517521918       0.461963534    
   483.63931084322132       0.477822483    
   483.78252651122347       0.495988309    
   483.92574217922561       0.514803052    
   484.06895784722775       0.532190025    
   484.21217351522989       0.546818376    
   484.35538918323203       0.558847785    
   484.49860485123418       0.569830298    
   484.64182051923632       0.581822217    
   484.78503618723846       0.596207976    
   484.92825185524060       0.612904906    
   485.07146752324275       0.630401075    
   485.21468319124489       0.646602392    
   485.35789885924703       0.660005450    
   485.50111452724917       0.670530617    
   485.64433019525131       0.679548144    
   485.78754586325346       0.689087391    
   485.93076153125560       0.700676739    
   486.07397719925774       0.714467764    
   486.21719286725988       0.729135275    
   486.36040853526202       0.742612362    
   486.50362420326417       0.753248036    
   486.64683987126631       0.760734081    
   486.79005553926845       0.766274154    
   486.93327120727059       0.771896005    
   487.07648687527274       0.779296398    
   487.21970254327488       0.788875103    
   487.36291821127702       0.799504101    
   487.50613387927916       0.809158683    
   487.64934954728130       0.816049039    
   487.79256521528345       0.819613874    
   487.93578088328559       0.820820153    
   488.07899655128773       0.821604073    
   488.22221221928987       0.823769510    
   488.36542788729201       0.827961385    
   488.50864355529416       0.833292663    
   488.65185922329630       0.837837815    
   488.79507489129844       0.839716315    
   488.93829055930058       0.838152945    
   489.08150622730273       0.833912373    
   489.22472189530487       0.828860641    
   489.36793756330701       0.824905097    
   489.51115323130915       0.822915912    
   489.65436889931129       0.822239220    
   489.79758456731344       0.821071982    
   489.94080023531558       0.817483306    
   490.08401590331772       0.810506105    
   490.22723157131986       0.800687075    
   490.37044723932200       0.789786279    
   490.51366290732415       0.779792726    
   490.65687857532629       0.771807909    
   490.80009424332843       0.765427709    
   490.94330991133057       0.758974850    
   491.08652557933272       0.750452518    
   491.22974124733486       0.738678038    
   491.37295691533700       0.723953068    
   491.51617258333914       0.707893014    
   491.65938825134128       0.692517817    
   491.80260391934343       0.679121137    
   491.94581958734557       0.667555034    
   492.08903525534771       0.656327665    
   492.23225092334985       0.643455923    
   492.37546659135199       0.627594471    
   492.51868225935414       0.608808815    
   492.66189792735628       0.588555992    
   492.80511359535842       0.568879843    
   492.94832926336056       0.551270723    
   493.09154493136271       0.535835147    
   493.23476059936485       0.521248579    
   493.37797626736699       0.505518556    
   493.52119193536913       0.487124979    
   493.66440760337127       0.465889841    
   493.80762327137342       0.443087906    
   493.95083893937556       0.420741022    
   494.09405460737770       0.400497139    
   494.23727027537984       0.382722527    
   494.38048594338198       0.366312981    
   494.52370161138413       0.349328667    
   494.66691727938627       0.330098182    
   494.81013294738841       0.308173090    
   494.95334861539055       0.284594446    
   495.09656428339269       0.261317700    
   495.23977995139484       0.240120292    
   495.38299561939698       0.221611992    
   495.52621128739912       0.204910025    
   495.66942695540126       0.188159987    
   495.81264262340341       0.169602394    
   495.95585829140555       0.148580238    
   496.09907395940769       0.125922680    
   496.24228962740983       0.103494689    
   496.38550529541197        8.31672102E-02
   496.52872096341412        6.57826886E-02
   496.67193663141626        5.06930724E-02
   496.81515229941840        3.61315794E-02
   496.95836796742054        2.02148184E-02
   497.10158363542268        2.01468356E-03
   497.24479930342483       -1.79061256E-02
   497.38801497142697       -3.78011130E-02
   497.53123063942911       -5.57163171E-02
   497.67444630743125       -7.05807135E-02
   497.81766197543340       -8.27927887E-02
   497.96087764343554       -9.39765200E-02
   498.10409331143768      -0.106051877    
   498.24730897943982      -0.120147213    
   498.39052464744196      -0.135962248    
   498.53374031544411      -0.151934102    
   498.67695598344625      -0.166111380    
   498.82017165144839      -0.177248076    
   498.96338731945053      -0.185504287    
   499.10660298745267      -0.192357033    
   499.24981865545482      -0.199766576    
   499.39303432345696      -0.209066883    
   499.53624999145910      -0.220209613    
   499.67946565946124      -0.231790811    
   499.82268132746339      -0.241843089    
   499.96589699546553      -0.248941272    
   500.10911266346767      -0.252997965    
   500.25232833146981      -0.255306929    
   500.39554399947195      -0.257817328    
   500.53875966747410      -0.262047440    
   500.68197533547624      -0.268242270    
   500.82519100347838      -0.275242776    
   500.96840667148052      -0.281141311    
   501.11162233948266      -0.284360170    
   501.25483800748481      -0.284548104    
   501.39805367548695      -0.282785892    
   501.54126934348909      -0.280979663    
   501.68448501149123      -0.280785620    
   501.82770067949338      -0.282678813    
   501.97091634749552      -0.285694987    
   502.11413201549766      -0.287987292    
   502.25734768349980      -0.287875682    
   502.40056335150194      -0.284795254    
   502.54377901950409      -0.279614896    
   502.68699468750623      -0.274154067    
   502.83021035550837      -0.270170152    
   502.97342602351051      -0.268380940    
   503.11664169151265      -0.268067986    
   503.25985735951480      -0.267486036    
   503.40307302751694      -0.264852762    
   503.54628869551908      -0.259362072    
   503.68950436352122      -0.251645148    
   503.83272003152337      -0.243415833    
   503.97593569952551      -0.236503184    
   504.11915136752765      -0.231822968    
   504.26236703552979      -0.228869677    
   504.40558270353193      -0.226010814    
   504.54879837153408      -0.221411765    
   504.69201403953622      -0.214071780    
   504.83522970753836      -0.204394251    
   504.97844537554050      -0.193974197    
   505.12166104354264      -0.184717938    
   505.26487671154479      -0.177782357    
   505.40809237954693      -0.172928646    
   505.55130804754907      -0.168660417    
   505.69452371555121      -0.163074836    
   505.83773938355336      -0.154946193    
   505.98095505155550      -0.144423887    
   506.12417071955764      -0.132947370    
   506.26738638755978      -0.122430846    
   506.41060205556192      -0.114185557    
   506.55381772356407      -0.108189173    
   506.69703339156621      -0.103107654    
   506.84024905956835       -9.70506445E-02
   506.98346472757049       -8.86363462E-02
   507.12668039557263       -7.77737051E-02
   507.26989606357478       -6.57255650E-02
   507.41311173157692       -5.44122979E-02
   507.55632739957906       -4.53395322E-02
   507.69954306758120       -3.87511477E-02
   507.84275873558335       -3.34899388E-02
   507.98597440358549       -2.76505258E-02
   508.12919007158763       -1.96564682E-02
   508.27240573958977       -9.15015582E-03
   508.41562140759191        2.80732685E-03
   508.55883707559406        1.43342847E-02
   508.70205274359620        2.37828959E-02
   508.84526841159834        3.06584332E-02
   508.98848407960048        3.58930677E-02
   509.13169974760262        4.13238108E-02
   509.27491541560477        4.86634299E-02
   509.41813108360691        5.85352965E-02
   509.56134675160905        7.01138154E-02
   509.70456241961119        8.15797225E-02
   509.84777808761334        9.11410376E-02
   509.99099375561548        9.80435759E-02
   510.13420942361762       0.102994703    
   510.27742509161976       0.107757837    
   510.42064075962190       0.114151210    
   510.56385642762405       0.123022452    
   510.70707209562619       0.133776978    
   510.85028776362833       0.144717723    
   510.99350343163047       0.153998032    
   511.13671909963261       0.160653651    
   511.27993476763476       0.165141806    
   511.42315043563690       0.169088095    
   511.56636610363904       0.174377695    
   511.70958177164118       0.182092890    
   511.85279743964333       0.191892609    
   511.99601310764547       0.202190429    
   512.13922877564755       0.211038336    
   512.28244444364964       0.217218891    
   512.42566011165172       0.220924884    
   512.56887577965381       0.223641321    
   512.71209144765589       0.227300078    
   512.85530711565798       0.233188823    
   512.99852278366006       0.241226882    
   513.14173845166215       0.250008821    
   513.28495411966423       0.257586867    
   513.42816978766632       0.262556016    
   513.57138545566841       0.264838248    
   513.71460112367049       0.265725613    
   513.85781679167258       0.267151266    
   514.00103245967466       0.270591855    
   514.14424812767675       0.276221514    
   514.28746379567883       0.282801628    
   514.43067946368092       0.288373530    
   514.57389513168300       0.291359544    
   514.71711079968509       0.291445881    
   514.86032646768717       0.289749950    
   515.00354213568926       0.288184941    
   515.14675780369134       0.288384706    
   515.28997347169343       0.290789068    
   515.43318913969551       0.294394553    
   515.57640480769760       0.297306418    
   515.71962047569968       0.297787905    
   515.86283614370177       0.295226455    
   516.00605181170386       0.290475368    
   516.14926747970594       0.285371304    
   516.29248314770803       0.281692594    
   516.43569881571011       0.280146688    
   516.57891448371220       0.279964805    
   516.72213015171428       0.279336095    
   516.86534581971637       0.276431769    
   517.00856148771845       0.270435274    
   517.15177715572054       0.261998177    
   517.29499282372262       0.252871424    
   517.43820849172471       0.244924217    
   517.58142415972679       0.239099249    
   517.72463982772888       0.234884903    
   517.86785549573096       0.230599746    
   518.01107116373305       0.224335298    
   518.15428683173513       0.215032995    
   518.29750249973722       0.203087643    
   518.44071816773931       0.190130323    
   518.58393383574139       0.178108796    
   518.72714950374348       0.168187961    
   518.87036517174556       0.160096690    
   519.01358083974765       0.152289525    
   519.15679650774973       0.142824888    
   519.30001217575182       0.130459532    
   519.44322784375390       0.115345791    
   519.58644351175599        9.89474878E-02
   519.72965917975807        8.32252353E-02
   519.87287484776016        6.95439130E-02
   520.01609051576224        5.79098053E-02
   520.15930618376433        4.69673835E-02
   520.30252185176641        3.47664878E-02
   520.44573751976850        1.98746305E-02
   520.58895318777058        2.20441376E-03
   520.73216885577267       -1.69198718E-02
   520.87538452377476       -3.54988798E-02
   521.01860019177684       -5.19778505E-02
   521.16181585977893       -6.61102682E-02
   521.30503152778101       -7.90777132E-02
   521.44824719578310       -9.28049013E-02
   521.59146286378518      -0.108860977    
   521.73467853178727      -0.127563298    
   521.87789419978935      -0.147781700    
   522.02110986779144      -0.167552426    
   522.16432553579352      -0.185162753    
   522.30754120379561      -0.200102583    
   522.45075687179769      -0.213345543    
   522.59397253979978      -0.226792440    
   522.73718820780186      -0.242184684    
   522.88040387580395      -0.260102808    
   523.02361954380603      -0.279621601    
   523.16683521180812      -0.298817694    
   523.31005087981021      -0.315837801    
   523.45326654781229      -0.329920232    
   523.59648221581438      -0.341796935    
   523.73969788381646      -0.353257179    
   523.88291355181855      -0.366122365    
   524.02612921982063      -0.381204903    
   524.16934488782272      -0.397830635    
   524.31256055582480      -0.414195150    
   524.45577622382689      -0.428361118    
   524.59899189182897      -0.439340711    
   524.74220755983106      -0.447648734    
   524.88542322783314      -0.455004185    
   525.02863889583523      -0.463344216    
   525.17185456383731      -0.473711103    
   525.31507023183940      -0.485647976    
   525.45828589984148      -0.497445345    
   525.60150156784357      -0.507092655    
   525.74471723584566      -0.513394296    
   525.88793290384774      -0.516625166    
   526.03114857184983      -0.518363655    
   526.17436423985191      -0.520599008    
   526.31757990785400      -0.524609625    
   526.46079557585608      -0.530236781    
   526.60401124385817      -0.535963893    
   526.74722691186025      -0.539764047    
   526.89044257986234      -0.540243208    
   527.03365824786442      -0.537429154    
   527.17687391586651      -0.532754123    
   527.32008958386859      -0.528237820    
   527.46330525187068      -0.525338471    
   527.60652091987276      -0.524126410    
   527.74973658787485      -0.523246646    
   527.89295225587693      -0.520683944    
   528.03616792387902      -0.514896035    
   528.17938359188111      -0.505679965    
   528.32259925988319      -0.494289309    
   528.46581492788528      -0.482736498    
   528.60903059588736      -0.472666174    
   528.75224626388945      -0.464429766    
   528.89546193189153      -0.456886411    
   529.03867759989362      -0.448051572    
   529.18189326789570      -0.436230361    
   529.32510893589779      -0.420990348    
   529.46832460389987      -0.403417110    
   529.61154027190196      -0.385507017    
   529.75475593990404      -0.369047254    
   529.89797160790613      -0.354620337    
   530.04118727590821      -0.341292173    
   530.18440294391030      -0.327152610    
   530.32761861191238      -0.310401469    
   530.47083427991447      -0.290373176    
   530.61404994791656      -0.267928660    
   530.75726561591864      -0.244991481    
   530.90048128392073      -0.223482147    
   531.04369695192281      -0.204246879    
   531.18691261992490      -0.186590046    
   531.33012828792698      -0.168682650    
   531.47334395592907      -0.148618385    
   531.61655962393115      -0.125514433    
   531.75977529193324      -0.100028068    
   531.90299095993532       -7.39981532E-02
   532.04620662793741       -4.94213812E-02
   532.18942229593949       -2.73463111E-02
   532.33263796394158       -7.30647473E-03
   532.47585363194366        1.23937204E-02
   532.61906929994575        3.37024853E-02
   532.76228496794783        5.76990284E-02
   532.90550063594992        8.39558244E-02
   533.04871630395201       0.110748790    
   533.19193197195409       0.136005625    
   533.33514763995618       0.158460602    
   533.47836330795826       0.178358033    
   533.62157897596035       0.197298989    
   533.76479464396243       0.217316046    
   533.90801031196452       0.239704564    
   534.05122597996660       0.264275372    
   534.19444164796869       0.289448500    
   534.33765731597077       0.313128263    
   534.48087298397286       0.333864093    
   534.62408865197494       0.351646632    
   534.76730431997703       0.367896020    
   534.91051998797911       0.384647399    
   535.05373565598120       0.403386533    
   535.19695132398328       0.424189359    
   535.34016699198537       0.445656866    
   535.48338265998746       0.465690285    
   535.62659832798954       0.482670665    
   535.76981399599163       0.496369183    
   535.91302966399371       0.508066535    
   536.05624533199580       0.519813955    
   536.19946099999788       0.533260822    
   536.34267666799997       0.548716187    
   536.48589233600205       0.564970851    
   536.62910800400414       0.579974592    
   536.77232367200622       0.591985643    
   536.91553934000831       0.600549161    
   537.05875500801039       0.606756389    
   537.20197067601248       0.612635076    
   537.34518634401456       0.620006144    
   537.48840201201665       0.629448235    
   537.63161768001873       0.639959633    
   537.77483334802082       0.649516463    
   537.91804901602291       0.656212807    
   538.06126468402499       0.659334183    
   538.20448035202708       0.659753144    
   538.34769602002916       0.659427345    
   538.49091168803125       0.660290539    
   538.63412735603333       0.663165212    
   538.77734302403542       0.667306483    
   538.92055869203750       0.670828700    
   539.06377436003959       0.671773732    
   539.20699002804167       0.669223845    
   539.35020569604376       0.663832545    
   539.49342136404584       0.657468319    
   539.63663703204793       0.652165592    
   539.77985270005001       0.648974478    
   539.92306836805210       0.647366047    
   540.06628403605418       0.645536661    
   540.20949970405627       0.641437411    
   540.35271537205836       0.633941412    
   540.49593104006044       0.623484313    
   540.63914670806253       0.611821771    
   540.78236237606461       0.601047516    
   540.92557804406670       0.592427552    
   541.06879371206878       0.585702181    
   541.21200938007087       0.579244077    
   541.35522504807295       0.570984542    
   541.49844071607504       0.559590459    
   541.64165638407712       0.545230806    
   541.78487205207921       0.529494286    
   541.92808772008129       0.514499366    
   542.07130338808338       0.501700282    
   542.21451905608546       0.491070867    
   542.35773472408755       0.481132776    
   542.50095039208963       0.469809800    
   542.64416606009172       0.455618501    
   542.78738172809381       0.438519120    
   542.93059739609589       0.419949800    
   543.07381306409798       0.402029514    
   543.21702873210006       0.386378944    
   543.36024440010215       0.373219311    
   543.50346006810423       0.361255467    
   543.64667573610632       0.348412693    
   543.78989140410840       0.333016962    
   543.93310707211049       0.314751774    
   544.07632274011257       0.294845730    
   544.21953840811466       0.275380462    
   544.36275407611674       0.258114278    
   544.50596974411883       0.243494228    
   544.64918541212091       0.230418399    
   544.79240108012300       0.216877237    
   544.93561674812508       0.201103330    
   545.07883241612717       0.182577923    
   545.22204808412926       0.162330523    
   545.36526375213134       0.142367065    
   545.50847942013343       0.124547869    
   545.65169508813551       0.109543733    
   545.79491075613760        9.64586586E-02
   545.93812642413968        8.33376572E-02
   546.08134209214177        6.82787448E-02
   546.22455776014385        5.05198613E-02
   546.36777342814594        3.08795441E-02
   546.51098909614802        1.12977289E-02
   546.65420476415011       -6.26098504E-03
   546.79742043215219       -2.09148973E-02
   546.94063610015428       -3.33551466E-02
   547.08385176815636       -4.54454124E-02
   547.22706743615845       -5.91628067E-02
   547.37028310416054       -7.54781663E-02
   547.51349877216262       -9.38037783E-02
   547.65671444016471      -0.112318262    
   547.79993010816679      -0.128988087    
   547.94314577616888      -0.142712742    
   548.08636144417096      -0.153945178    
   548.22957711217305      -0.164431065    
   548.37279278017513      -0.176210538    
   548.51600844817722      -0.190450847    
   548.65922411617930      -0.206776902    
   548.80243978418139      -0.223480836    
   548.94565545218347      -0.238487080    
   549.08887112018556      -0.250521183    
   549.23208678818764      -0.259821951    
   549.37530245618973      -0.268000245    
   549.51851812419181      -0.277127862    
   549.66173379219390      -0.288568735    
   549.80494946019599      -0.302206248    
   549.94816512819807      -0.316502124    
   550.09138079620016      -0.329358667    
   550.23459646420224      -0.339302510    
   550.37781213220433      -0.346319407    
   550.52102780020641      -0.351861984    
   550.66424346820850      -0.358021975    
   550.80745913621058      -0.366337955    
   550.95067480421267      -0.376918614    
   551.09389047221475      -0.388378382    
   551.23710614021684      -0.398617506    
   551.38032180821892      -0.406001419    
   551.52353747622101      -0.410274386    
   551.66675314422309      -0.412696272    
   551.80996881222518      -0.415327489    
   551.95318448022726      -0.419863105    
   552.09640014822935      -0.426670551    
   552.23961581623144      -0.434575438    
   552.38283148423352      -0.441520512    
   552.52604715223561      -0.445728183    
   552.66926282023769      -0.446705937    
   552.81247848823978      -0.445521653    
   552.95569415624186      -0.444193631    
   553.09890982424395      -0.444546223    
   553.24212549224603      -0.447182298    
   553.38534116024812      -0.451151013    
   553.52855682825020      -0.454491079    
   553.67177249625229      -0.455338836    
   553.81498816425437      -0.452978045    
   553.95820383225646      -0.448244005    
   554.10141950025854      -0.443053931    
   554.24463516826063      -0.439323872    
   554.38785083626271      -0.437879890    
   554.53106650426480      -0.437980890    
   554.67428217226689      -0.437729537    
   554.81749784026897      -0.435141742    
   554.96071350827106      -0.429267347    
   555.10392917627314      -0.420723826    
   555.24714484427523      -0.411342144    
   555.39036051227731      -0.403130412    
   555.53357618027940      -0.397144794    
   555.67679184828148      -0.392902941    
   555.82000751628357      -0.388664931    
   555.96322318428565      -0.382419795    
   556.10643885228774      -0.373022854    
   556.24965452028982      -0.360845029    
   556.39287018829191      -0.347567141    
   556.53608585629399      -0.335232913    
   556.67930152429608      -0.325094819    
   556.82251719229816      -0.316909522    
   556.96573286030025      -0.309083879    
   557.10894852830234      -0.299587816    
   557.25216419630442      -0.287111610    
   557.39537986430651      -0.271810383    
   557.53859553230859      -0.255218267    
   557.68181120031068      -0.239386737    
   557.82502686831276      -0.225735545    
   557.96824253631485      -0.214260638    
   558.11145820431693      -0.203541607    
   558.25467387231902      -0.191545978    
   558.39788954032110      -0.176782280    
   558.54110520832319      -0.159154743    
   558.68432087632527      -0.140034020    
   558.82753654432736      -0.121498704    
   558.97075221232944      -0.105174616    
   559.11396788033153       -9.13317055E-02
   559.25718354833361       -7.87520111E-02
   559.40039921633570       -6.54404014E-02
   559.54361488433779       -4.97695915E-02
   559.68683055233987       -3.14091966E-02
   559.83004622034196       -1.15178740E-02
   559.97326188834404        7.90339988E-03
   560.11647755634613        2.51293704E-02
   560.25969322434821        3.96716595E-02
   560.40290889235030        5.25437668E-02
   560.54612456035238        6.56793267E-02
   560.68934022835447        8.08284730E-02
   560.83255589635655        9.85546038E-02
   560.97577156435864       0.117901050    
   561.11898723236072       0.136918440    
   561.26220290036281       0.153753161    
   561.40541856836489       0.167677894    
   561.54863423636698       0.179481715    
   561.69184990436906       0.191004708    
   561.83506557237115       0.204085469    
   561.97828124037324       0.219515264    
   562.12149690837532       0.236583367    
   562.26471257637741       0.253465503    
   562.40792824437949       0.268237948    
   562.55114391238158       0.279950678    
   562.69435958038366       0.289155662    
   562.83757524838575       0.297588706    
   562.98079091638783       0.307179451    
   563.12400658438992       0.318949431    
   563.26722225239200       0.332425356    
   563.41043792039409       0.345901161    
   563.55365358839617       0.357396930    
   563.69686925639826       0.365767032    
   563.84008492440034       0.371331155    
   563.98330059240243       0.375678390    
   564.12651626040451       0.380761743    
   564.26973192840660       0.387794256    
   564.41294759640869       0.396564066    
   564.55616326441077       0.405549645    
   564.69937893241286       0.412771374    
   564.84259460041494       0.416902393    
   564.98581026841703       0.418012917    
   565.12902593641911       0.417525500    
   565.27224160442120       0.417404383    
   565.41545727242328       0.419039577    
   565.55867294042537       0.422459096    
   565.70188860842745       0.426313937    
   565.84510427642954       0.428638756    
   565.98831994443162       0.427955091    
   566.13153561243371       0.424097002    
   566.27475128043579       0.418300778    
   566.41796694843788       0.412512034    
   566.56118261643996       0.408298224    
   566.70439828444205       0.405973852    
   566.84761395244414       0.404429704    
   566.99082962044622       0.401764870    
   567.13404528844831       0.396367639    
   567.27726095645039       0.387832552    
   567.42047662445248       0.377191305    
   567.56369229245456       0.366327673    
   567.70690796045665       0.356913358    
   567.85012362845873       0.349471867    
   567.99333929646082       0.343098015    
   568.13655496446290       0.335983276    
   568.27977063246499       0.326444596    
   568.42298630046707       0.313878179    
   568.56620196846916       0.299106926    
   568.70941763647124       0.283929825    
   568.85263330447333       0.270123661    
   568.99584897247541       0.258455575    
   569.13906464047750       0.248261869    
   569.28228030847959       0.237833872    
   569.42549597648167       0.225394949    
   569.56871164448376       0.210114107    
   569.71192731248584       0.192580938    
   569.85514298048793       0.174475655    
   569.99835864849001       0.157627195    
   570.14157431649210       0.142995983    
   570.28478998449418       0.130152375    
   570.42800565249627       0.117538080    
   570.57122132049835       0.103359275    
   570.71443698850044        8.66105407E-02
   570.85765265650252        6.76567182E-02
   571.00086832450461        4.80443016E-02
   571.14408399250669        2.96440087E-02
   571.28729966050878        1.36053637E-02
   571.43051532851086       -2.83893896E-04
   571.57373099651295       -1.34672839E-02
   571.71694666451504       -2.77917031E-02
   571.86016233251712       -4.44548950E-02
   572.00337800051921       -6.33260757E-02
   572.14659366852129       -8.30192938E-02
   572.28980933652338      -0.101669706    
   572.43302500452546      -0.117971003    
   572.57624067252755      -0.131893814    
   572.71945634052963      -0.144688100    
   572.86267200853172      -0.158170804    
   573.00588767653380      -0.173695281    
   573.14910334453589      -0.191378340    
   573.29231901253797      -0.210021451    
   573.43553468054006      -0.227775544    
   573.57875034854214      -0.243176505    
   573.72196601654423      -0.255963624    
   573.86518168454631      -0.267214656    
   574.00839735254840      -0.278722972    
   574.15161302055049      -0.291974694    
   574.29482868855257      -0.307306707    
   574.43804435655466      -0.323716849    
   574.58126002455674      -0.339426100    
   574.72447569255883      -0.352873534    
   574.86769136056091      -0.363588125    
   575.01090702856300      -0.372451276    
   575.15412269656508      -0.381201476    
   575.29733836456717      -0.391454339    
   575.44055403256925      -0.403787017    
   575.58376970057134      -0.417405963    
   575.72698536857342      -0.430589825    
   575.87020103657551      -0.441657931    
   576.01341670457759      -0.449912488    
   576.15663237257968      -0.456020594    
   576.29984804058176      -0.461624682    
   576.44306370858385      -0.468408525    
   576.58627937658594      -0.477147073    
   576.72949504458802      -0.487270147    
   576.87271071259011      -0.497178495    
   577.01592638059219      -0.505135357    
   577.15914204859428      -0.510238111    
   577.30235771659636      -0.512928188    
   577.44557338459845      -0.514749289    
   577.58878905260053      -0.517482400    
   577.73200472060262      -0.522142947    
   577.87522038860470      -0.528408825    
   578.01843605660679      -0.534806430    
   578.16165172460887      -0.539547265    
   578.30486739261096      -0.541538239    
   578.44808306061304      -0.540992856    
   578.59129872861513      -0.539305449    
   578.73451439661721      -0.538266540    
   578.87773006461930      -0.539062440    
   579.02094573262139      -0.541615188    
   579.16416140062347      -0.544627905    
   579.30737706862556      -0.546311080    
   579.45059273662764      -0.545387268    
   579.59380840462973      -0.541812658    
   579.73702407263181      -0.536805272    
   579.88023974063390      -0.532159209    
   580.02345540863598      -0.529229760    
   580.16667107663807      -0.528167188    
   580.30988674464015      -0.527832627    
   580.45310241264224      -0.526440978    
   580.59631808064432      -0.522562146    
   580.73953374864641      -0.515917957    
   580.88274941664849      -0.507533312    
   581.02596508465058      -0.499163657    
   581.16918075265266      -0.492319494    
   581.31239642065475      -0.487428218    
   581.45561208865684      -0.483599097    
   581.59882775665892      -0.479125440    
   581.74204342466101      -0.472446829    
   581.88525909266309      -0.463030189    
   582.02847476066518      -0.451669067    
   582.17169042866726      -0.440029234    
   582.31490609666935      -0.429700911    
   582.45812176467143      -0.421299636    
   582.60133743267352      -0.414124817    
   582.74455310067560      -0.406561762    
   582.88776876867769      -0.396992803    
   583.03098443667977      -0.384704143    
   583.17420010468186      -0.370285481    
   583.31741577268394      -0.355303407    
   583.46063144068603      -0.341429889    
   583.60384710868811      -0.329508245    
   583.74706277669020      -0.319078684    
   583.89027844469229      -0.308634818    
   584.03349411269437      -0.296473175    
   584.17670978069646      -0.281657785    
   584.31992544869854      -0.264551550    
   584.46314111670063      -0.246612400    
   584.60635678470271      -0.229573280    
   584.74957245270480      -0.214474618    
   584.89278812070688      -0.201094285    
   585.03600378870897      -0.188088551    
   585.17921945671105      -0.173757121    
   585.32243512471314      -0.157002226    
   585.46565079271522      -0.137948483    
   585.60886646071731      -0.117878437    
   585.75208212871939       -9.85171199E-02
   585.89529779672148       -8.10632557E-02
   586.03851346472356       -6.55137375E-02
   586.18172913272565       -5.06686941E-02
   586.32494480072774       -3.48192081E-02
   586.46816046872982       -1.67269856E-02
   586.61137613673191        3.66338831E-03
   586.75459180473399        2.51832083E-02
   586.89780747273608        4.60872278E-02
   587.04102314073816        6.50195032E-02
   587.18423880874025        8.17557797E-02
   587.32745447674233        9.73132029E-02
   587.47067014474442       0.113371246    
   587.61388581274650       0.131325677    
   587.75710148074859       0.151499510    
   587.90031714875067       0.172951758    
   588.04353281675276       0.193996862    
   588.18674848475484       0.213148281    
   588.32996415275693       0.229953647    
   588.47317982075901       0.245243624    
   588.61639548876110       0.260649979    
   588.75961115676319       0.277668446    
   588.90282682476527       0.296802163    
   589.04604249276736       0.317269534    
   589.18925816076944       0.337435484    
   589.33247382877153       0.355717212    
   589.47568949677361       0.371456236    
   589.61890516477570       0.385272413    
   589.76212083277778       0.398704052    
   589.90533650077987       0.413332045    
   590.04855216878195       0.429875374    
   590.19176783678404       0.447767228    
   590.33498350478612       0.465457082    
   590.47819917278821       0.481272966    
   590.62141484079029       0.494355142    
   590.76463050879238       0.505128205    
   590.90784617679446       0.515044093    
   591.05106184479655       0.525746703    
   591.19427751279864       0.538135409    
   591.33749318080072       0.551853359    
   591.48070884880281       0.565481544    
   591.62392451680489       0.577325344    
   591.76714018480698       0.586355090    
   591.91035585280906       0.592777610    
   592.05357152081115       0.597917557    
   592.19678718881323       0.603467584    
   592.34000285681532       0.610522687    
   592.48321852481740       0.618944824    
   592.62643419281949       0.627425134    
   592.76964986082157       0.634213865    
   592.91286552882366       0.638103306    
   593.05608119682574       0.639102340    
   593.19929686482783       0.638421237    
   593.34251253282991       0.637781143    
   593.48572820083200       0.638442516    
   593.62894386883409       0.640498400    
   593.77215953683617       0.642822802    
   593.91537520483826       0.643701077    
   594.05859087284034       0.641790926    
   594.20180654084243       0.636879265    
   594.34502220884451       0.630007744    
   594.48823787684660       0.622889519    
   594.63145354484868       0.616941094    
   594.77466921285077       0.612477899    
   594.91788488085285       0.608535171    
   595.06110054885494       0.603417099    
   595.20431621685702       0.595660269    
   595.34753188485911       0.584862828    
   595.49074755286119       0.571913183    
   595.63396322086328       0.558495462    
   595.77717888886536       0.546152771    
   595.92039455686745       0.535431802    
   596.06361022486954       0.525583029    
   596.20682589287162       0.514986575    
   596.35004156087371       0.502070844    
   596.49325722887579       0.486212760    
   596.63647289687788       0.468108714    
   596.77968856487996       0.449398398    
   596.92290423288205       0.431748569    
   597.06611990088413       0.415918320    
   597.20933556888622       0.401340604    
   597.35255123688830       0.386457950    
   597.49576690489039       0.369616508    
   597.63898257289247       0.350008816    
   597.78219824089456       0.328135550    
   597.92541390889664       0.305532336    
   598.06862957689873       0.283918381    
   598.21184524490081       0.264242470    
   598.35506091290290       0.246158332    
   598.49827658090499       0.228227064    
   598.64149224890707       0.208740100    
   598.78470791690916       0.186703950    
   598.92792358491124       0.162427604    
   599.07113925291333       0.137373164    
   599.21435492091541       0.113350168    
   599.35757058891750        9.15116444E-02
   599.50078625691958        7.17233717E-02
   599.64400192492167        5.26609086E-02
   599.78721759292375        3.25742923E-02
   599.93043326092584        1.02866339E-02
   600.07364892892792       -1.41319726E-02
   600.21686459693001       -3.93893681E-02
   600.36008026493209       -6.36814833E-02
   600.50329593293418       -8.56940374E-02
   600.64651160093626      -0.105335221    
   600.78972726893835      -0.123781539    
   600.93294293694044      -0.142801359    
   601.07615860494252      -0.163733587    
   601.21937427294461      -0.186703503    
   601.36258994094669      -0.210527092    
   601.50580560894878      -0.233360752    
   601.64902127695086      -0.253724664    
   601.79223694495295      -0.271318078    
   601.93545261295503      -0.287168860    
   602.07866828095712      -0.303039134    
   602.22188394895920      -0.320423961    
   602.36509961696129      -0.339702040    
   602.50831528496337      -0.359910816    
   602.65153095296546      -0.379273415    
   602.79474662096754      -0.396187216    
   602.93796228896963      -0.410120934    
   603.08117795697171      -0.421910405    
   603.22439362497380      -0.433278412    
   603.36760929297589      -0.445847124    
   603.51082496097797      -0.460205585    
   603.65404062898006      -0.475564957    
   603.79725629698214      -0.490196824    
   603.94047196498423      -0.502402306    
   604.08368763298631      -0.511462688    
   604.22690330098840      -0.518038511    
   604.37011896899048      -0.523795962    
   604.51333463699257      -0.530469775    
   604.65655030499465      -0.538884401    
   604.79976597299674      -0.548480749    
   604.94298164099882      -0.557620645    
   605.08619730900091      -0.564504981    
   605.22941297700299      -0.568191946    
   605.37262864500508      -0.569134116    
   605.51584431300716      -0.568924189    
   605.65905998100925      -0.569391310    
   605.80227564901134      -0.571564794    
   605.94549131701342      -0.575094640    
   606.08870698501551      -0.578453720    
   606.23192265301759      -0.579801083    
   606.37513832101968      -0.578017473    
   606.51835398902176      -0.573333681    
   606.66156965702385      -0.567204237    
   606.80478532502593      -0.561495423    
   606.94800099302802      -0.557439685    
   607.09121666103010      -0.554941177    
   607.23443232903219      -0.552628040    
   607.37764799703427      -0.548629403    
   607.52086366503636      -0.541640103    
   607.66407933303844      -0.531667471    
   607.80729500104053      -0.520032227    
   607.95051066904261      -0.508623838    
   608.09372633704470      -0.498836190    
   608.23694200504679      -0.490788370    
   608.38015767304887      -0.483267128    
   608.52337334105096      -0.474418610    
   608.66658900905304      -0.462799072    
   608.80980467705513      -0.448196381    
   608.95302034505721      -0.431762010    
   609.09623601305930      -0.415375262    
   609.23945168106138      -0.400591463    
   609.38266734906347      -0.387766510    
   609.52588301706555      -0.375857890    
   609.66909868506764      -0.363021165    
   609.81231435306972      -0.347664714    
   609.95553002107181      -0.329359829    
   610.09874568907389      -0.309087932    
   610.24196135707598      -0.288688749    
   610.38517702507806      -0.269829035    
   610.52839269308015      -0.253077000    
   610.67160836108224      -0.237600431    
   610.81482402908432      -0.221652552    
   610.95803969708641      -0.203571483    
   611.10125536508849      -0.182733908    
   611.24447103309058      -0.159926713    
   611.38768670109266      -0.136921704    
   611.53090236909475      -0.115486614    
   611.67411803709683       -9.63904858E-02
   611.81733370509892       -7.89728388E-02
   611.96054937310100       -6.15275949E-02
   612.10376504110309       -4.22848873E-02
   612.24698070910517       -2.04294678E-02
   612.39019637710726        3.42445774E-03
   612.53341204510934        2.75687054E-02
   612.67662771311143        5.01531325E-02
   612.81984338111351        7.02161640E-02
   612.96305904911560        8.82159695E-02
   613.10627471711769       0.105764687    
   613.24949038511977       0.124711923    
   613.39270605312186       0.146089137    
   613.53592172112394       0.169510305    
   613.67913738912603       0.193373650    
   613.82235305712811       0.215756536    
   613.96556872513020       0.235496625    
   614.10878439313228       0.252840787    
   614.25200006113437       0.269290000    
   614.39521572913645       0.286731064    
   614.53843139713854       0.306352407    
   614.68164706514062       0.327959359    
   614.82486273314271       0.350072294    
   614.96807840114479       0.370748043    
   615.11129406914688       0.388663054    
   615.25450973714896       0.403852344    
   615.39772540515105       0.417688280    
   615.54094107315314       0.432104796    
   615.68415674115522       0.448496789    
   615.82737240915731       0.466915458    
   615.97058807715939       0.486021042    
   616.11380374516148       0.503826737    
   616.25701941316356       0.518812716    
   616.40023508116565       0.530774415    
   616.54345074916773       0.540922642    
   616.68666641716982       0.551181674    
   616.82988208517190       0.563088000    
   616.97309775317399       0.576912999    
   617.11631342117607       0.591500521    
   617.25952908917816       0.604908407    
   617.40274475718024       0.615493655    
   617.54596042518233       0.622833788    
   617.68917609318441       0.627963662    
   617.83239176118650       0.632787764    
   617.97560742918859       0.638993979    
   618.11882309719067       0.647084117    
   618.26203876519276       0.656076074    
   618.40525443319484       0.664050519    
   618.54847010119693       0.669231713    
   618.69168576919901       0.670985222    
   618.83490143720110       0.670168579    
   618.97811710520318       0.668640554    
   619.12133277320527       0.668210149    
   619.26454844120735       0.669615746    
   619.40776410920944       0.672105014    
   619.55097977721152       0.673850834    
   619.69419544521361       0.672974169    
   619.83741111321569       0.668602586    
   619.98062678121778       0.661366701    
   620.12384244921986       0.653046608    
   620.26705811722195       0.645562708    
   620.41027378522404       0.639884412    
   620.55348945322612       0.635479808    
   620.69670512122821       0.630621552    
   620.83992078923029       0.623371780    
   620.98313645723238       0.612683892    
   621.12635212523446       0.598998606    
   621.26956779323655       0.584002495    
   621.41278346123863       0.569687307    
   621.55599912924072       0.557238519    
   621.69921479724280       0.546372831    
   621.84243046524489       0.535498679    
   621.98564613324697       0.522614062    
   622.12886180124906       0.506441951    
   622.27207746925114       0.487161517    
   622.41529313725323       0.466316968    
   622.55850880525531       0.445953339    
   622.70172447325740       0.427469999    
   622.84494014125949       0.410844922    
   622.98815580926157       0.394666940    
   623.13137147726366       0.376951903    
   623.27458714526574       0.356276244    
   623.41780281326783       0.332590342    
   623.56101848126991       0.307258219    
   623.70423414927200       0.282303125    
   623.84744981727408       0.259281456    
   623.99066548527617       0.238415688    
   624.13388115327825       0.218477592    
   624.27709682128034       0.197494313    
   624.42031248928242       0.173882052    
   624.56352815728451       0.147363618    
   624.70674382528659       0.119145259    
   624.84995949328868        9.12516192E-02
   624.99317516129076        6.54001907E-02
   625.13639082929285        4.20560651E-02
   625.27960649729494        2.01984365E-02
   625.42282216529702       -2.07721628E-03
   625.56603783329911       -2.64659785E-02
   625.70925350130119       -5.34832552E-02
   625.85246916930328       -8.21584389E-02
   625.99568483730536      -0.110563412    
   626.13890050530745      -0.136881754    
   626.28211617330953      -0.160418659    
   626.42533184131162      -0.181978613    
   626.56854750931370      -0.203391090    
   626.71176317731579      -0.226449728    
   626.85497884531787      -0.251869261    
   626.99819451331996      -0.278856009    
   627.14141018132204      -0.305535376    
   627.28462584932413      -0.329989582    
   627.42784151732621      -0.351315826    
   627.57105718532830      -0.370110303    
   627.71427285333039      -0.388110787    
   627.85748852133247      -0.407202184    
   628.00070418933456      -0.428341478    
   628.14391985733664      -0.451003700    
   628.28713552533873      -0.473461658    
   628.43035119334081      -0.493745267    
   628.57356686134290      -0.510740817    
   628.71678252934498      -0.524804831    
   628.85999819734707      -0.537541449    
   629.00321386534915      -0.550870299    
   629.14642953335124      -0.565919995    
   629.28964520135332      -0.582376897    
   629.43286086935541      -0.598655760    
   629.57607653735749      -0.612788260    
   629.71929220535958      -0.623524129    
   629.86250787336166      -0.631027997    
   630.00572354136375      -0.636783063    
   630.14893920936584      -0.642755926    
   630.29215487736792      -0.650286615    
   630.43537054537001      -0.659325778    
   630.57858621337209      -0.668451905    
   630.72180188137418      -0.675666213    
   630.86501754937626      -0.679517925    
   631.00823321737835      -0.679920673    
   631.15144888538043      -0.678193808    
   631.29466455338252      -0.676308095    
   631.43788022138460      -0.675769210    
   631.58109588938669      -0.676774681    
   631.72431155738877      -0.678115785    
   631.86752722539086      -0.677871644    
   632.01074289339294      -0.674499989    
   632.15395856139503      -0.667712331    
   632.29717422939711      -0.658643484    
   632.44038989739920      -0.649219275    
   632.58360556540129      -0.641075313    
   632.72682123340337      -0.634635448    
   632.87003690140546      -0.628875613    
   633.01325256940754      -0.621911228    
   633.15646823740963      -0.612076461    
   633.29968390541171      -0.598879337    
   633.44289957341380      -0.583290339    
   633.58611524141588      -0.567204773    
   633.72933090941797      -0.552388549    
   633.87254657742005      -0.539503217    
   634.01576224542214      -0.527754068    
   634.15897791342422      -0.515353918    
   634.30219358142631      -0.500541449    
   634.44540924942839      -0.482586324    
   634.58862491743048      -0.462218016    
   634.73184058543256      -0.441233009    
   634.87505625343465      -0.421496361    
   635.01827192143674      -0.403901458    
   635.16148758943882      -0.387881041    
   635.30470325744091      -0.371750683    
   635.44791892544299      -0.353687078    
   635.59113459344508      -0.332780749    
   635.73435026144716      -0.309564799    
   635.87756592944925      -0.285726607    
   636.02078159745133      -0.263172925    
   636.16399726545342      -0.242977843    
   636.30721293345550      -0.224801362    
   636.45042860145759      -0.207100943    
   636.59364426945967      -0.188017532    
   636.73685993746176      -0.166441962    
   636.88007560546384      -0.142662212    
   637.02329127346593      -0.118222892    
   637.16650694146801       -9.50716585E-02
   637.30972260947010       -7.44752213E-02
   637.45293827747219       -5.63220419E-02
   637.59615394547427       -3.92075777E-02
   637.73936961347636       -2.12496016E-02
   637.88258528147844       -1.16724696E-03
   638.02580094948053        2.09852997E-02
   638.16901661748261        4.38380241E-02
   638.31223228548470        6.54609501E-02
   638.45544795348678        8.44321996E-02
   638.59866362148887       0.100622408    
   638.74187928949095       0.115255900    
   638.88509495749304       0.130209908    
   639.02831062549512       0.146941707    
   639.17152629349721       0.165649548    
   639.31474196149929       0.185147345    
   639.45795762950138       0.203527421    
   639.60117329750346       0.219233155    
   639.74438896550555       0.231928870    
   639.88760463350764       0.242674679    
   640.03082030150972       0.253315210    
   640.17403596951181       0.265434533    
   640.31725163751389       0.279466569    
   640.46046730551598       0.294454485    
   640.60368297351806       0.308588207    
   640.74689864152015       0.320219100    
   640.89011430952223       0.328786254    
   641.03332997752432       0.335134417    
   641.17654564552640       0.341040313    
   641.31976131352849       0.348209143    
   641.46297698153057       0.357308507    
   641.60619264953266       0.367589861    
   641.74940831753474       0.377313554    
   641.89262398553683       0.384733588    
   642.03583965353891       0.389081389    
   642.17905532154100       0.390994847    
   642.32227098954309       0.392157853    
   642.46548665754517       0.394358218    
   642.60870232554726       0.398492157    
   642.75191799354934       0.404069066    
   642.89513366155143       0.409492522    
   643.03834932955351       0.412963420    
   643.18156499755560       0.413500875    
   643.32478066555768       0.411504716    
   643.46799633355977       0.408536732    
   643.61121200156185       0.406442225    
   643.75442766956394       0.406311750    
   643.89764333756602       0.407874912    
   644.04085900556811       0.409666985    
   644.18407467357019       0.409865886    
   644.32729034157228       0.407320946    
   644.47050600957436       0.402196974    
   644.61372167757645       0.395879924    
   644.75693734557854       0.390203804    
   644.90015301358062       0.386430323    
   645.04336868158271       0.384548753    
   645.18658434958479       0.383287847    
   645.32980001758688       0.380838305    
   645.47301568558896       0.375882953    
   645.61623135359105       0.368353039    
   645.75944702159313       0.359478325    
   645.90266268959522       0.351101488    
   646.04587835759730       0.344647944    
   646.18909402559939       0.340337217    
   646.33230969360147       0.337077945    
   646.47552536160356       0.333097726    
   646.61874102960564       0.326947302    
   646.76195669760773       0.318316549    
   646.90517236560981       0.308209985    
   647.04838803361190       0.298385978    
   647.19160370161399       0.290371656    
   647.33481936961607       0.284604490    
   647.47803503761816       0.280185312    
   647.62125070562024       0.275387734    
   647.76446637362233       0.268638581    
   647.90768204162441       0.259411812    
   648.05089770962650       0.248527318    
   648.19411337762858       0.237687945    
   648.33732904563067       0.228523985    
   648.48054471363275       0.221688271    
   648.62376038163484       0.216506541    
   648.76697604963692       0.211369798    
   648.91019171763901       0.204643011    
   649.05340738564109       0.195583388    
   649.19662305364318       0.184758872    
   649.33983872164526       0.173732713    
   649.48305438964735       0.164186224    
   649.62627005764944       0.156969517    
   649.76948572565152       0.151618049    
   649.91270139365361       0.146613345    
   650.05591706165569       0.140242249    
   650.19913272965778       0.131564721    
   650.34234839765986       0.120939560    
   650.48556406566195       0.109814398    
   650.62877973366403        9.99062508E-02
   650.77199540166612        9.22387391E-02
   650.91521106966820        8.65738317E-02
   651.05842673767029        8.15502182E-02
   651.20164240567237        7.54481032E-02
   651.34485807367446        6.71543181E-02
   651.48807374167654        5.67893200E-02
   651.63128940967863        4.56418954E-02
   651.77450507768071        3.54435630E-02
   651.91772074568280        2.73905825E-02
   652.06093641368489        2.14697160E-02
   652.20415208168697        1.64723378E-02
   652.34736774968906        1.06862290E-02
   652.49058341769114        2.86706234E-03
   652.63379908569323       -7.06208963E-03
   652.77701475369531       -1.79723799E-02
   652.92023042169740       -2.81648375E-02
   653.06344608969948       -3.63194495E-02
   653.20666175770157       -4.22292277E-02
   653.34987742570365       -4.69128266E-02
   653.49309309370574       -5.20418882E-02
   653.63630876170782       -5.89991622E-02
   653.77952442970991       -6.80941716E-02
   653.92274009771199       -7.83821642E-02
   654.06595576571408       -8.81946683E-02
   654.20917143371616       -9.60828662E-02
   654.35238710171825      -0.101635188    
   654.49560276972034      -0.105702460    
   654.63881843772242      -0.109905854    
   654.78203410572451      -0.115712494    
   654.92524977372659      -0.123603210    
   655.06846544172868      -0.132797405    
   655.21168110973076      -0.141683906    
   655.35489677773285      -0.148715332    
   655.49811244573493      -0.153268695    
   655.64132811373702      -0.155992180    
   655.78454378173910      -0.158439890    
   655.92775944974119      -0.162193492    
   656.07097511774327      -0.167963281    
   656.21419078574536      -0.175179750    
   656.35740645374744      -0.182310641    
   656.50062212174953      -0.187723100    
   656.64383778975161      -0.190598711    
   656.78705345775370      -0.191383004    
   656.93026912575579      -0.191521123    
   657.07348479375787      -0.192635775    
   657.21670046175996      -0.195610940    
   657.35991612976204      -0.200091004    
   657.50313179776413      -0.204671890    
   657.64634746576621      -0.207679257    
   657.78956313376830      -0.208103359    
   657.93277880177038      -0.206166968    
   658.07599446977247      -0.203201264    
   658.21921013777455      -0.200891763    
   658.36242580577664      -0.200318143    
   658.50564147377872      -0.201334938    
   658.64885714178081      -0.202647477    
   658.79207280978289      -0.202538311    
   658.93528847778498      -0.199829280    
   659.07850414578706      -0.194535553    
   659.22171981378915      -0.187849134    
   659.36493548179124      -0.181466401    
   659.50815114979332      -0.176636994    
   659.65136681779541      -0.173461914    
   659.79458248579749      -0.170831442    
   659.93779815379958      -0.167041302    
   660.08101382180166      -0.160747603    
   660.22422948980375      -0.151724815    
   660.36744515780583      -0.140995413    
   660.51066082580792      -0.130252987    
   660.65387649381000      -0.120905474    
   660.79709216181209      -0.113282591    
   660.94030782981417      -0.106456228    
   661.08352349781626       -9.87698361E-02
   661.22673916581834       -8.87729451E-02
   661.36995483382043       -7.60350898E-02
   661.51317050182251       -6.13876209E-02
   661.65638616982460       -4.64615561E-02
   661.79960183782669       -3.27782407E-02
   661.94281750582877       -2.08972991E-02
   662.08603317383086       -1.00997342E-02
   662.22924884183294        1.20889186E-03
   662.37246450983503        1.45944348E-02
   662.51568017783711        3.06976791E-02
   662.65889584583920        4.88563441E-02
   662.80211151384128        6.74632490E-02
   662.94532718184337        8.48568976E-02
   663.08854284984545       0.100238182    
   663.23175851784754       0.114097148    
   663.37497418584962       0.127916381    
   663.51818985385171       0.143323824    
   663.66140552185379       0.161170185    
   663.80462118985588       0.181042776    
   663.94783685785796       0.201485157    
   664.09105252586005       0.220802099    
   664.23426819386214       0.238002717    
   664.37748386186422       0.253350943    
   664.52069952986631       0.268207133    
   664.66391519786839       0.284244895    
   664.80713086587048       0.302485526    
   664.95034653387256       0.322700202    
   665.09356220187465       0.343519390    
   665.23677786987673       0.363184243    
   665.37999353787882       0.380512834    
   665.52320920588090       0.395538986    
   665.66642487388299       0.409470707    
   665.80964054188507       0.423995435    
   665.95285620988716       0.440319270    
   666.09607187788924       0.458473921    
   666.23928754589133       0.477279991    
   666.38250321389341       0.494992614    
   666.52571888189550       0.510271311    
   666.66893454989759       0.522926629    
   666.81215021789967       0.534016371    
   666.95536588590176       0.545233667    
   667.09858155390384       0.557935297    
   667.24179722190593       0.572363973    
   667.38501288990801       0.587502778    
   667.52822855791010       0.601639271    
   667.67144422591218       0.613315523    
   667.81465989391427       0.622132063    
   667.95787556191635       0.628958464    
   668.10109122991844       0.635434508    
   668.24430689792052       0.643037796    
   668.38752256592261       0.652236521    
   668.53073823392469       0.662205517    
   668.67395390192678       0.671271920    
   668.81716956992886       0.677845478    
   668.96038523793095       0.681306720    
   669.10360090593304       0.682347298    
   669.24681657393512       0.682568192    
   669.39003224193721       0.683566689    
   669.53324790993929       0.686031342    
   669.67646357794138       0.689354539    
   669.81967924594346       0.691975474    
   669.96289491394555       0.692256749    
   670.10611058194763       0.689404845    
   670.24932624994972       0.683920026    
   670.39254191795180       0.677322209    
   670.53575758595389       0.671300352    
   670.67897325395597       0.666759551    
   670.82218892195806       0.663305342    
   670.96540458996014       0.659462333    
   671.10862025796223       0.653507829    
   671.25183592596431       0.644447744    
   671.39505159396640       0.632578731    
   671.53826726196849       0.619320333    
   671.68148292997057       0.606416702    
   671.82469859797266       0.594961286    
   671.96791426597474       0.584791362    
   672.11112993397683       0.574588358    
   672.25434560197891       0.562626004    
   672.39756126998100       0.547750235    
   672.54077693798308       0.530043364    
   672.68399260598517       0.510796487    
   672.82720827398725       0.491798371    
   672.97042394198934       0.474337578    
   673.11363960999142       0.458483696    
   673.25685527799351       0.443060100    
   673.40007094599559       0.426326245    
   673.54328661399768       0.406980455    
   673.68650228199976       0.384912431    
   673.82971795000185       0.361281633    
   673.97293361800394       0.337881327    
   674.11614928600602       0.316148698    
   674.25936495400811       0.296375424    
   674.40258062201019       0.277558714    
   674.54579629001228       0.257977158    
   674.68901195801436       0.236172825    
   674.83222762601645       0.211790234    
   674.97544329401853       0.185796857    
   675.11865896202062       0.159954935    
   675.26187463002270       0.135840088    
   675.40509029802479       0.113964602    
   675.54830596602687        9.35053751E-02
   675.69152163402896        7.27902427E-02
   675.83473730203104        5.02635576E-02
   675.97795297003313        2.53827516E-02
   676.12116863803521       -1.05837081E-03
   676.26438430603730       -2.73586549E-02
   676.40759997403939       -5.18498234E-02
   676.55081564204147       -7.38227591E-02
   676.69403131004356       -9.39204693E-02
   676.83724697804564      -0.113771826    
   676.98046264604773      -0.135064363    
   677.12367831404981      -0.158575043    
   677.26689398205190      -0.183710039    
   677.41010965005398      -0.208820298    
   677.55332531805607      -0.232117280    
   677.69654098605815      -0.252668202    
   677.83975665406024      -0.270905286    
   677.98297232206232      -0.288363546    
   678.12618799006441      -0.306800574    
   678.26940365806649      -0.327196896    
   678.41261932606858      -0.349197328    
   678.55583499407066      -0.371302843    
   678.69905066207275      -0.391705334    
   678.84226633007484      -0.409298658    
   678.98548199807692      -0.424298644    
   679.12869766607901      -0.438118786    
   679.27191333408109      -0.452564985    
   679.41512900208318      -0.468801588    
   679.55834467008526      -0.486676961    
   679.70156033808735      -0.504795015    
   679.84477600608943      -0.521294355    
   679.98799167409152      -0.534891367    
   680.13120734209360      -0.545596838    
   680.27442301009569      -0.554702997    
   680.41763867809777      -0.564051211    
   680.56085434609986      -0.574992299    
   680.70407001410194      -0.587620974    
   680.84728568210403      -0.600714028    
   680.99050135010611      -0.612410784    
   681.13371701810820      -0.621257842    
   681.27693268611029      -0.627030611    
   681.42014835411237      -0.630863488    
   681.56336402211446      -0.634608924    
   681.70657969011654      -0.639788270    
   681.84979535811863      -0.646731615    
   681.99301102612071      -0.654396772    
   682.13622669412280      -0.660966814    
   682.27944236212488      -0.664882123    
   682.42265803012697      -0.665722728    
   682.56587369812905      -0.664445281    
   682.70908936613114      -0.662845433    
   682.85230503413322      -0.662547588    
   682.99552070213531      -0.664087534    
   683.13873637013739      -0.666603386    
   683.28195203813948      -0.668314099    
   683.42516770614156      -0.667523265    
   683.56838337414365      -0.663583636    
   683.71159904214574      -0.657273173    
   683.85481471014782      -0.650364578    
   683.99803037814991      -0.644629359    
   684.14124604615199      -0.640842915    
   684.28446171415408      -0.638355136    
   684.42767738215616      -0.635466695    
   684.57089305015825      -0.630395889    
   684.71410871816033      -0.622290015    
   684.85732438616242      -0.611713707    
   685.00054005416450      -0.600340009    
   685.14375572216659      -0.590015531    
   685.28697139016867      -0.581722081    
   685.43018705817076      -0.575020909    
   685.57340272617284      -0.568298638    
   685.71661839417493      -0.559680700    
   685.85983406217701      -0.548096955    
   686.00304973017910      -0.533891737    
   686.14626539818119      -0.518631816    
   686.28948106618327      -0.504223228    
   686.43269673418536      -0.491841137    
   686.57591240218744      -0.481276840    
   686.71912807018953      -0.471065640    
   686.86234373819161      -0.459319115    
   687.00555940619370      -0.444793463    
   687.14877507419578      -0.427597255    
   687.29199074219787      -0.409141213    
   687.43520641019995      -0.391354114    
   687.57842207820204      -0.375601500    
   687.72163774620412      -0.361916840    
   687.86485341420621      -0.348984778    
   688.00806908220829      -0.334891707    
   688.15128475021038      -0.318219215    
   688.29450041821246      -0.298857510    
   688.43771608621455      -0.278076649    
   688.58093175421664      -0.257817209    
   688.72414742221872      -0.239605099    
   688.86736309022081      -0.223703504    
   689.01057875822289      -0.208976448    
   689.15379442622498      -0.193538010    
   689.29701009422706      -0.175822094    
   689.44022576222915      -0.155472830    
   689.58344143023123      -0.133554146    
   689.72665709823332      -0.111957341    
   689.86987276623540       -9.23391506E-02
   690.01308843423749       -7.51924217E-02
   690.15630410223957       -5.95792793E-02
   690.29951977024166       -4.36786860E-02
   690.44273543824374       -2.58342866E-02
   690.58595110624583       -5.50460862E-03
   690.72916677424791        1.64217614E-02
   690.87238244225000        3.81192863E-02
   691.01559811025209        5.78444749E-02
   691.15881377825417        7.49071613E-02
   691.30202944625626        9.00504664E-02
   691.44524511425834       0.105026133    
   691.58846078226043       0.121600188    
   691.73167645026251       0.140545398    
   691.87489211826460       0.161190405    
   692.01810778626668       0.181786403    
   692.16132345426877       0.200488791    
   692.30453912227085       0.216396406    
   692.44775479027294       0.230054572    
   692.59097045827502       0.243135110    
   692.73418612627711       0.257477880    
   692.87740179427919       0.274041474    
   693.02061746228128       0.292356580    
   693.16383313028336       0.310786366    
   693.30704879828545       0.327443093    
   693.45026446628754       0.341244072    
   693.59348013428962       0.352514237    
   693.73669580229171       0.362795919    
   693.87991147029379       0.373969704    
   694.02312713829588       0.387180775    
   694.16634280629796       0.402179033    
   694.30955847430005       0.417450994    
   694.45277414230213       0.431070268    
   694.59598981030422       0.441782117    
   694.73920547830630       0.449704707    
   694.88242114630839       0.456251025    
   695.02563681431047       0.463320881    
   695.16885248231256       0.472222954    
   695.31206815031464       0.482933551    
   695.45528381831673       0.494105786    
   695.59849948631881       0.503823102    
   695.74171515432090       0.510675371    
   695.88493082232299       0.514554024    
   696.02814649032507       0.516714871    
   696.17136215832716       0.519067347    
   696.31457782632924       0.523088694    
   696.45779349433133       0.528980970    
   696.60100916233341       0.535554767    
   696.74422483033550       0.540905654    
   696.88744049833758       0.543496072    
   697.03065616633967       0.543024838    
   697.17387183434175       0.540592909    
   697.31708750234384       0.538077354    
   697.46030317034592       0.537072003    
   697.60351883834801       0.537990928    
   697.74673450635009       0.539837360    
   697.88995017435218       0.540766716    
   698.03316584235426       0.539130569    
   698.17638151035635       0.534413576    
   698.31959717835844       0.527533174    
   698.46281284636052       0.520327032    
   698.60602851436261       0.514516592    
   698.74924418236469       0.510736883    
   698.89245985036678       0.508184910    
   699.03567551836886       0.505085886    
   699.17889118637095       0.499707967    
   699.32210685437303       0.491349429    
   699.46532252237512       0.480742306    
   699.60853819037720       0.469649404    
   699.75175385837929       0.459883124    
   699.89496952638137       0.452295661    
   700.03818519438346       0.446307361    
   700.18140086238554       0.440241456    
   700.32461653038763       0.432281405    
   700.46783219838971       0.421512157    
   700.61104786639180       0.408452123    
   700.75426353439389       0.394769967    
   700.89747920239597       0.382345825    
   701.04069487039806       0.372214735    
   701.18391053840014       0.363994092    
   701.32712620640223       0.356117427    
   701.47034187440431       0.346734941    
   701.61355754240640       0.334768534    
   701.75677321040848       0.320528775    
   701.89998887841057       0.305550396    
   702.04320454641265       0.291740596    
   702.18642021441474       0.280315965    
   702.32963588241682       0.271125019    
   702.47285155041891       0.262740612    
   702.61606721842099       0.253275394    
   702.75928288642308       0.241461352    
   702.90249855442516       0.227379486    
   703.04571422242725       0.212423146    
   703.18892989042934       0.198517203    
   703.33214555843142       0.187040135    
   703.47536122643351       0.178060949    
   703.61857689443559       0.170318142    
   703.76179256243768       0.161945999    
   703.90500823043976       0.151535839    
   704.04822389844185       0.138936803    
   704.19143956644393       0.125348240    
   704.33465523444602       0.112650514    
   704.47787090244810       0.102347985    
   704.62108657045019        9.47205648E-02
   704.76430223845227        8.86680707E-02
   704.90751790645436        8.23406205E-02
   705.05073357445644        7.41978660E-02
   705.19394924245853        6.38916865E-02
   705.33716491046061        5.24690524E-02
   705.48038057846270        4.17831764E-02
   705.62359624646479        3.34524773E-02
   705.76681191446687        2.79574264E-02
   705.91002758246896        2.43800841E-02
   706.05324325047104        2.09267754E-02
   706.19645891847313        1.59384515E-02
   706.33967458647521        8.82418640E-03
   706.48289025447730        3.95620853E-04
   706.62610592247938       -7.58785242E-03
   706.76932159048147       -1.34108197E-02
   706.91253725848355       -1.63711552E-02
   707.05575292648564       -1.71750616E-02
   707.19896859448772       -1.75314546E-02
   707.34218426248981       -1.91783328E-02
   707.48539993049189       -2.28988137E-02
   707.62861559849398       -2.80861761E-02
   707.77183126649606       -3.30988206E-02
   707.91504693449815       -3.61967832E-02
   708.05826260250024       -3.65281664E-02
   708.20147827050232       -3.46123055E-02
   708.34469393850441       -3.20509747E-02
   708.48790960650649       -3.06292679E-02
   708.63112527450858       -3.13091725E-02
   708.77434094251066       -3.36831063E-02
   708.91755661051275       -3.62011082E-02
   709.06077227851483       -3.70487384E-02
   709.20398794651692       -3.51790041E-02
   709.34720361451900       -3.09096295E-02
   709.49041928252109       -2.57452894E-02
   709.63363495052317       -2.15296950E-02
   709.77685061852526       -1.94136091E-02
   709.92006628652734       -1.92227643E-02
   710.06328195452943       -1.95756499E-02
   710.20649762253151       -1.86767597E-02
   710.34971329053360       -1.53364250E-02
   710.49292895853569       -9.64663271E-03
   710.63614462653777       -2.93496600E-03
   710.77936029453986        2.97974818E-03
   710.92257596254194        6.81420602E-03
   711.06579163054403        8.54918826E-03
   711.20900729854611        9.44189914E-03
   711.35222296654820        1.13101294E-02
   711.49543863455028        1.54951178E-02
   711.63865430255237        2.20960062E-02
   711.78186997055445        2.99112815E-02
   711.92508563855654        3.71156707E-02
   712.06830130655862        4.22840118E-02
   712.21151697456071        4.51840684E-02
   712.35473264256279        4.68973890E-02
   712.49794831056488        4.92053702E-02
   712.64116397856696        5.35850972E-02
   712.78437964656905        6.03755601E-02
   712.92759531457114        6.85825124E-02
   713.07081098257322        7.64360353E-02
   713.21402665057531        8.23906064E-02
   713.35724231857739        8.60012248E-02
   713.50045798657948        8.81746411E-02
   713.64367365458156        9.06507596E-02
   713.78688932258365        9.50115547E-02
   713.93010499058573       0.101783939    
   714.07332065858782       0.110143825    
   714.21653632658990       0.118382014    
   714.35975199459199       0.124863148    
   714.50296766259407       0.128938481    
   714.64618333059616       0.131305099    
   714.78939899859824       0.133613184    
   714.93261466660033       0.137539655    
   715.07583033460241       0.143844798    
   715.21904600260450       0.151943102    
   715.36226167060659       0.160234898    
   715.50547733860867       0.167014480    
   715.64869300661076       0.171437979    
   715.79190867461284       0.173997909    
   715.93512434261493       0.176235422    
   716.07834001061701       0.179859877    
   716.22155567861910       0.185780376    
   716.36477134662118       0.193595797    
   716.50798701462327       0.201824218    
   716.65120268262535       0.208736971    
   716.79441835062744       0.213329509    
   716.93763401862952       0.215887576    
   717.08084968663161       0.217831135    
   717.22406535463369       0.220918864    
   717.36728102263578       0.226256713    
   717.51049669063786       0.233671039    
   717.65371235863995       0.241806090    
   717.79692802664204       0.248893231    
   717.94014369464412       0.253752977    
   718.08335936264621       0.256458074    
   718.22657503064829       0.258284271    
   718.36979069865038       0.260983944    
   718.51300636665246       0.265798837    
   718.65622203465455       0.272766829    
   718.79943770265663       0.280705601    
   718.94265337065872       0.287878752    
   719.08586903866080       0.292971730    
   719.22908470666289       0.295832217    
   719.37230037466497       0.297557026    
   719.51551604266706       0.299870253    
   719.65873171066914       0.304140478    
   719.80194737867123       0.310596436    
   719.94516304667331       0.318190843    
   720.08837871467540       0.325191677    
   720.23159438267749       0.330161244    
   720.37481005067957       0.332764685    
   720.51802571868166       0.333953619    
   720.66124138668374       0.335428119    
   720.80445705468583       0.338683397    
   720.94767272268791       0.344173610    
   721.09088839069000       0.351055712    
   721.23410405869208       0.357655674    
   721.37731972669417       0.362400055    
   721.52053539469625       0.364694089    
   721.66375106269834       0.365250140    
   721.80696673070042       0.365676254    
   721.95018239870251       0.367554873    
   722.09339806670459       0.371537000    
   722.23661373470668       0.376968950    
   722.37982940270876       0.382261127    
   722.52304507071085       0.385783792    
   722.66626073871294       0.386778653    
   722.80947640671502       0.385775238    
   722.95269207471711       0.384283751    
   723.09590774271919       0.383940279    
   723.23912341072128       0.385580808    
   723.38233907872336       0.388760328    
   723.52555474672545       0.391989678    
   723.66877041472753       0.393563658    
   723.81198608272962       0.392517805    
   723.95520175073170       0.389171183    
   724.09841741873379       0.384943306    
   724.24163308673587       0.381547302    
   724.38484875473796       0.380020529    
   724.52806442274004       0.380142868    
   724.67128009074213       0.380566955    
   724.81449575874421       0.379578292    
   724.95771142674630       0.376053333    
   725.10092709474839       0.370080948    
   725.24414276275047       0.362905294    
   725.38735843075256       0.356223255    
   725.53057409875464       0.351226509    
   725.67378976675673       0.347922981    
   725.81700543475881       0.345123470    
   725.96022110276090       0.341108501    
   726.10343677076298       0.334602207    
   726.24665243876507       0.325499237    
   726.38986810676715       0.314927697    
   726.53308377476924       0.304612607    
   726.67629944277132       0.295904011    
   726.81951511077341       0.289021343    
   726.96273077877549       0.282936156    
   727.10594644677758       0.275952876    
   727.24916211477966       0.266659766    
   727.39237778278175       0.254721433    
   727.53559345078384       0.241072968    
   727.67880911878592       0.227404907    
   727.82202478678801       0.215222195    
   727.96524045479009       0.205002800    
   728.10845612279218       0.195932895    
   728.25167179079426       0.186373159    
   728.39488745879635       0.174792960    
   728.53810312679843       0.160640657    
   728.68131879480052       0.144656122    
   728.82453446280260       0.128453761    
   728.96775013080469       0.113618538    
   729.11096579880677       0.100825973    
   729.25418146680886        8.94756168E-02
   729.39739713481094        7.80375078E-02
   729.54061280281303        6.49178252E-02
   729.68382847081511        4.93641011E-02
   729.82704413881720        3.19053307E-02
   729.97025980681929        1.40751228E-02
   730.11347547482137       -2.43468070E-03
   730.25669114282346       -1.67163815E-02
   730.39990681082554       -2.91490983E-02
   730.54312247882763       -4.11727242E-02
   730.68633814682971       -5.44612631E-02
   730.82955381483180       -6.99672475E-02
   730.97276948283388       -8.73783156E-02
   731.11598515083597      -0.105287015    
   731.25920081883805      -0.121971019    
   731.40241648684014      -0.136343494    
   731.54563215484222      -0.148545191    
   731.68884782284431      -0.159851015    
   731.83206349084639      -0.171942502    
   731.97527915884848      -0.185949504    
   732.11849482685057      -0.201797515    
   732.26171049485265      -0.218232110    
   732.40492616285474      -0.233512342    
   732.54814183085682      -0.246382192    
   732.69135749885891      -0.256767869    
   732.83457316686099      -0.265805006    
   732.97778883486308      -0.275184333    
   733.12100450286516      -0.286190063    
   733.26422017086725      -0.298972875    
   733.40743583886933      -0.312460154    
   733.55065150687142      -0.324948519    
   733.69386717487350      -0.335047454    
   733.83708284287559      -0.342450827    
   733.98029851087767      -0.348105073    
   734.12351417887976      -0.353674501    
   734.26672984688184      -0.360596836    
   734.40994551488393      -0.369259715    
   734.55316118288602      -0.378769130    
   734.69637685088810      -0.387446702    
   734.83959251889019      -0.393775046    
   734.98280818689227      -0.397251934    
   735.12602385489436      -0.398669511    
   735.26923952289644      -0.399665624    
   735.41245519089853      -0.401805550    
   735.55567085890061      -0.405710518    
   735.69888652690270      -0.410716295    
   735.84210219490478      -0.415248245    
   735.98531786290687      -0.417704105    
   736.12853353090895      -0.417354375    
   736.27174919891104      -0.414756775    
   736.41496486691312      -0.411446989    
   736.55818053491521      -0.409074545    
   736.70139620291729      -0.408470660    
   736.84461187091938      -0.409178585    
   736.98782753892147      -0.409714490    
   737.13104320692355      -0.408409506    
   737.27425887492564      -0.404354066    
   737.41747454292772      -0.397912860    
   737.56069021092981      -0.390525639    
   737.70390587893189      -0.383909315    
   737.84712154693398      -0.379106194    
   737.99033721493606      -0.375907511    
   738.13355288293815      -0.372974843    
   738.27676855094023      -0.368597776    
   738.41998421894232      -0.361668646    
   738.56319988694440      -0.352324814    
   738.70641555494649      -0.341889352    
   738.84963122294857      -0.332137495    
   738.99284689095066      -0.324303687    
   739.13606255895274      -0.318395078    
   739.27927822695483      -0.313200206    
   739.42249389495692      -0.306983590    
   739.56570956295900      -0.298469603    
   739.70892523096109      -0.287563711    
   739.85214089896317      -0.275412232    
   739.99535656696526      -0.263771087    
   740.13857223496734      -0.254034907    
   740.28178790296943      -0.246465161    
   740.42500357097151      -0.240049586    
   740.56821923897360      -0.233077586    
   740.71143490697568      -0.224113807    
   740.85465057497777      -0.212821633    
   740.99786624297985      -0.200167060    
   741.14108191098194      -0.187884629    
   741.28429757898402      -0.177508116    
   741.42751324698611      -0.169516519    
   741.57072891498819      -0.163076356    
   741.71394458299028      -0.156521797    
   741.85716025099237      -0.148300022    
   742.00037591899445      -0.137853190    
   742.14359158699654      -0.125945732    
   742.28680725499862      -0.114252076    
   742.43002292300071      -0.104429707    
   742.57323859100279       -9.71929878E-02
   742.71645425900488       -9.19104218E-02
   742.85966992700696       -8.69595855E-02
   743.00288559500905       -8.06445256E-02
   743.14610126301113       -7.21563920E-02
   743.28931693101322       -6.20308928E-02
   743.43253259901530       -5.18443845E-02
   743.57574826701739       -4.33255434E-02
   743.71896393501947       -3.73876132E-02
   743.86217960302156       -3.36236171E-02
   744.00539527102364       -3.05416342E-02
   744.14861093902573       -2.64044926E-02
   744.29182660702782       -2.02056244E-02
   744.43504227502990       -1.22380741E-02
   744.57825794303199       -3.93624883E-03
   744.72147361103407        2.92747864E-03
   744.86468927903616        7.24492362E-03
   745.00790494703824        9.20683518E-03
   745.15112061504033        1.02054356E-02
   745.29433628304241        1.20550878E-02
   745.43755195104450        1.59723368E-02
   745.58076761904658        2.18946170E-02
   745.72398328704867        2.85221841E-02
   745.86719895505075        3.40561755E-02
   746.01041462305284        3.72151621E-02
   746.15363029105492        3.79606672E-02
   746.29684595905701        3.75272594E-02
   746.44006162705909        3.77394445E-02
   746.58327729506118        3.99939865E-02
   746.72649296306327        4.44762371E-02
   746.86970863106535        5.00545278E-02
   747.01292429906744        5.49190715E-02
   747.15613996706952        5.76089211E-02
   747.29935563507161        5.78447580E-02
   747.44257130307369        5.66926338E-02
   747.58578697107578        5.59658892E-02
   747.72900263907786        5.72071038E-02
   747.87221830707995        6.08271919E-02
   748.01543397508203        6.58840463E-02
   748.15864964308412        7.06200674E-02
   748.30186531108620        7.34549612E-02
   748.44508097908829        7.38802254E-02
   748.58829664709037        7.27564543E-02
   748.73151231509246        7.18437061E-02
   748.87472798309454        7.28212297E-02
   749.01794365109663        7.63434172E-02
   749.16115931909872        8.16672444E-02
   749.30437498710080        8.70693028E-02
   749.44759065510289        9.08218175E-02
   749.59080632310497        9.21746567E-02
   749.73402199110706        9.17852074E-02
   749.87723765910914        9.13533717E-02
   750.02045332711123        9.26709101E-02
   750.16366899511331        9.66222063E-02
   750.30688466311540       0.102695622    
   750.45010033111748       0.109275728    
   750.59331599911957       0.114551879    
   750.73653166712165       0.117536552    
   750.87974733512374       0.118623748    
   751.02296300312582       0.119370714    
   751.16617867112791       0.121620536    
   751.30939433912999       0.126458526    
   751.45261000713208       0.133595377    
   751.59582567513417       0.141530454    
   751.73904134313625       0.148403510    
   751.88225701113834       0.153049886    
   752.02547267914042       0.155660912    
   752.16868834714251       0.157678738    
   752.31190401514459       0.160988405    
   752.45511968314668       0.166861102    
   752.59833535114876       0.175238341    
   752.74155101915085       0.184756264    
   752.88476668715293       0.193499923    
   753.02798235515502       0.200070590    
   753.17119802315710       0.204369083    
   753.31441369115919       0.207650021    
   753.45762935916127       0.211810306    
   753.60084502716336       0.218311459    
   753.74406069516544       0.227348253    
   753.88727636316753       0.237736881    
   754.03049203116962       0.247584015    
   754.17370769917170       0.255353630    
   754.31692336717379       0.260726780    
   754.46013903517587       0.264772594    
   754.60335470317796       0.269338191    
   754.74657037118004       0.276001304    
   754.88978603918213       0.285171568    
   755.03300170718421       0.295844704    
   755.17621737518630       0.306152582    
   755.31943304318838       0.314405620    
   755.46264871119047       0.320042342    
   755.60586437919255       0.323945969    
   755.74908004719464       0.327943981    
   755.89229571519672       0.333772421    
   756.03551138319881       0.342092425    
   756.17872705120089       0.352115691    
   756.32194271920298       0.362046570    
   756.46515838720507       0.370087415    
   756.60837405520715       0.375440508    
   756.75158972320924       0.378746837    
   756.89480539121132       0.381718844    
   757.03802105921341       0.386171669    
   757.18123672721549       0.392994255    
   757.32445239521758       0.401638836    
   757.46766806321966       0.410421520    
   757.61088373122175       0.417469144    
   757.75409939922383       0.421778351    
   757.89731506722592       0.423782617    
   758.04053073522800       0.425103426    
   758.18374640323009       0.427628189    
   758.32696207123217       0.432441026    
   758.47017773923426       0.439211488    
   758.61339340723634       0.446382314    
   758.75660907523843       0.452045321    
   758.89982474324052       0.455012321    
   759.04304041124260       0.455482036    
   759.18625607924469       0.454929680    
   759.32947174724677       0.455278605    
   759.47268741524886       0.457815915    
   759.61590308325094       0.462463170    
   759.75911875125303       0.467819095    
   759.90233441925511       0.471954197    
   760.04555008725720       0.473507315    
   760.18876575525928       0.472459018    
   760.33198142326137       0.470142186    
   760.47519709126345       0.468486726    
   760.61841275926554       0.468929738    
   760.76162842726762       0.471607089    
   760.90484409526971       0.475278586    
   761.04805976327179       0.478026360    
   761.19127543127388       0.478334486    
   761.33449109927597       0.475945503    
   761.47770676727805       0.472011179    
   761.62092243528014       0.468448311    
   761.76413810328222       0.466858536    
   761.90735377128431       0.467623800    
   762.05056943928639       0.469693631    
   762.19378510728848       0.471187204    
   762.33700077529056       0.470466435    
   762.48021644329265       0.467067808    
   762.62343211129473       0.461965263    
   762.76664777929682       0.457020044    
   762.90986344729890       0.453932911    
   763.05307911530099       0.453289837    
   763.19629478330307       0.454235286    
   763.33951045130516       0.454956412    
   763.48272611930724       0.453708559    
   763.62594178730933       0.449807823    
   763.76915745531142       0.444029063    
   763.91237312331350       0.438178301    
   764.05558879131559       0.434075773    
   764.19880445931767       0.432526052    
   764.34202012731976       0.432863057    
   764.48523579532184       0.433330178    
   764.62845146332393       0.432077408    
   764.77166713132601       0.428207785    
   764.91488279932810       0.422281981    
   765.05809846733018       0.416001350    
   765.20131413533227       0.411251754    
   765.34452980333435       0.409046412    
   765.48774547133644       0.408959687    
   765.63096113933852       0.409370393    
   765.77417680734061       0.408380032    
   765.91739247534269       0.404890925    
   766.06060814334478       0.399232417    
   766.20382381134687       0.392975897    
   766.34703947934895       0.388040513    
   766.49025514735104       0.385599583    
   766.63347081535312       0.385411799    
   766.77668648335521       0.385957092    
   766.91990215135729       0.385296673    
   767.06311781935938       0.382167518    
   767.20633348736146       0.376694769    
   767.34954915536355       0.370323598    
   767.49276482336563       0.365009516    
   767.63598049136772       0.362119526    
   767.77919615936980       0.361658782    
   767.92241182737189       0.362260461    
   768.06562749537397       0.361950219    
   768.20884316337606       0.359257460    
   768.35205883137814       0.354043275    
   768.49527449938023       0.347571820    
   768.63849016738232       0.341783971    
   768.78170583538440       0.338189125    
   768.92492150338649       0.337007403    
   769.06813717138857       0.337046444    
   769.21135283939066       0.336376727    
   769.35456850739274       0.333419561    
   769.49778417539483       0.327834249    
   769.64099984339691       0.320708394    
   769.78421551139900       0.313944012    
   769.92743117940108       0.309182853    
   770.07064684740317       0.306873679    
   770.21386251540525       0.306011349    
   770.35707818340734       0.304700285    
   770.50029385140942       0.301226944    
   770.64350951941151       0.295031637    
   770.78672518741359       0.287025481    
   770.92994085541568       0.279073119    
   771.07315652341777       0.272938013    
   771.21637219141985       0.269289762    
   771.35958785942194       0.267331153    
   771.50280352742402       0.265250117    
   771.64601919542611       0.261238843    
   771.78923486342819       0.254508585    
   771.93245053143028       0.245731145    
   772.07566619943236       0.236657724    
   772.21888186743445       0.229125410    
   772.36209753543653       0.224010810    
   772.50531320343862       0.220726356    
   772.64852887144070       0.217549890    
   772.79174453944279       0.212602198    
   772.93496020744487       0.204913855    
   773.07817587544696       0.194973305    
   773.22139154344904       0.184447512    
   773.36460721145113       0.175239801    
   773.50782287945322       0.168421134    
   773.65103854745530       0.163635626    
   773.79425421545739       0.159309834    
   773.93746988345947       0.153545722    
   774.08068555146156       0.145196244    
   774.22390121946364       0.134519681    
   774.36711688746573       0.123041235    
   774.51033255546781       0.112695046    
   774.65354822346990       0.104729712    
   774.79676389147198        9.89999920E-02
   774.93997955947407        9.40500423E-02
   775.08319522747615        8.79409388E-02
   775.22641089547824        7.93495774E-02
   775.36962656348032        6.83146268E-02
   775.51284223148241        5.62112033E-02
   775.65605789948449        4.49749939E-02
   775.79927356748658        3.60165648E-02
   775.94248923548867        2.94353515E-02
   776.08570490349075        2.39726249E-02
   776.22892057149284        1.77302193E-02
   776.37213623949492        9.25297104E-03
   776.51535190749701       -1.63541862E-03
   776.65856757549909       -1.37199918E-02
   776.80178324350118       -2.50748005E-02
   776.94499891150326       -3.41511108E-02
   777.08821457950535       -4.06521298E-02
   777.23143024750743       -4.56946865E-02
   777.37464591550952       -5.11686839E-02
   777.51786158351160       -5.86632527E-02
   777.66107725151369       -6.85696304E-02
   777.80429291951577       -7.98631683E-02
   777.94750858751786       -9.06803980E-02
   778.09072425551994       -9.93633643E-02
   778.23393992352203      -0.105385982    
   778.37715559152412      -0.109644197    
   778.52037125952620      -0.113945268    
   778.66358692752829      -0.119980417    
   778.80680259553037      -0.128360063    
   778.95001826353246      -0.138260841    
   779.09323393153454      -0.147888228    
   779.23644959953663      -0.155491948    
   779.37966526753871      -0.160353824    
   779.52288093554080      -0.163186148    
   779.66609660354288      -0.165719032    
   779.80931227154497      -0.169716716    
   779.95252793954705      -0.175981358    
   780.09574360754914      -0.183903322    
   780.23895927555122      -0.191807106    
   780.38217494355331      -0.197897717    
   780.52539061155539      -0.201276705    
   780.66860627955748      -0.202454880    
   780.81182194755957      -0.203067914    
   780.95503761556165      -0.204950646    
   781.09825328356374      -0.209094405    
   781.24146895156582      -0.215083301    
   781.38468461956791      -0.221332416    
   781.52790028756999      -0.225989908    
   781.67111595557208      -0.227985516    
   781.81433162357416      -0.227630392    
   781.95754729157625      -0.226434633    
   782.10076295957833      -0.226253256    
   782.24397862758042      -0.228244558    
   782.38719429558250      -0.232223511    
   782.53040996358459      -0.236770630    
   782.67362563158667      -0.240035817    
   782.81684129958876      -0.240788087    
   782.96005696759084      -0.239119530    
   783.10327263559293      -0.236400917    
   783.24648830359502      -0.234509334    
   783.38970397159710      -0.234765604    
   783.53291963959919      -0.237188578    
   783.67613530760127      -0.240491480    
   783.81935097560336      -0.242818877    
   783.96256664360544      -0.242801070    
   784.10578231160753      -0.240328103    
   784.24899797960961      -0.236610293    
   784.39221364761170      -0.233495906    
   784.53542931561378      -0.232430965    
   784.67864498361587      -0.233644322    
   784.82186065161795      -0.236016676    
   784.96507631962004      -0.237711996    
   785.10829198762212      -0.237219021    
   785.25150765562421      -0.234213740    
   785.39472332362629      -0.229749441    
   785.53793899162838      -0.225663677    
   785.68115465963047      -0.223540887    
   785.82437032763255      -0.223823622    
   785.96758599563464      -0.225575566    
   786.11080166363672      -0.227023289    
   786.25401733163881      -0.226563379    
   786.39723299964089      -0.223665953    
   786.54044866764298      -0.219171211    
   786.68366433564506      -0.214816645    
   786.82688000364715      -0.212259814    
   786.97009567164923      -0.212142810    
   787.11331133965132      -0.213725403    
   787.25652700765340      -0.215299413    
   787.39974267565549      -0.215155706    
   787.54295834365757      -0.212555870    
   787.68617401165966      -0.208153337    
   787.82938967966174      -0.203622207    
   787.97260534766383      -0.200707555    
   788.11582101566592      -0.200240433    
   788.25903668366800      -0.201675549    
   788.40225235167009      -0.203407347    
   788.54546801967217      -0.203680798    
   788.68868368767426      -0.201582968    
   788.83189935567634      -0.197560281    
   788.97511502367843      -0.193171218    
   789.11833069168051      -0.190210000    
   789.26154635968260      -0.189691156    
   789.40476202768468      -0.191269487    
   789.54797769568677      -0.193428382    
   789.69119336368885      -0.194333822    
   789.83440903169094      -0.192868233    
   789.97762469969302      -0.189255103    
   790.12084036769511      -0.184921533    
   790.26405603569719      -0.181683213    
   790.40727170369928      -0.180717796    
   790.55048737170137      -0.181904346    
   790.69370303970345      -0.183893859    
   790.83691870770554      -0.184866756    
   790.98013437570762      -0.183553308    
   791.12335004370971      -0.179947838    
   791.26656571171179      -0.175314412    
   791.40978137971388      -0.171474859    
   791.55299704771596      -0.169775441    
   791.69621271571805      -0.170317650    
   791.83942838372013      -0.171894491    
   791.98264405172222      -0.172671705    
   792.12585971972430      -0.171225339    
   792.26907538772639      -0.167343542    
   792.41229105572847      -0.162139460    
   792.55550672373056      -0.157417506    
   792.69872239173264      -0.154655457    
   792.84193805973473      -0.154174179    
   792.98515372773682      -0.154956684    
   793.12836939573890      -0.155215800    
   793.27158506374099      -0.153394625    
   793.41480073174307      -0.149041444    
   793.55801639974516      -0.143066272    
   793.70123206774724      -0.137229860    
   793.84444773574933      -0.133150801    
   793.98766340375141      -0.131393671    
   794.13087907175350      -0.131156817    
   794.27409473975558      -0.130734220    
   794.41731040775767      -0.128483817    
   794.56052607575975      -0.123750642    
   794.70374174376184      -0.117227346    
   794.84695741176392      -0.110556655    
   794.99017307976601      -0.105404004    
   795.13338874776809      -0.102519423    
   795.27660441577018      -0.101311579    
   795.41982008377227      -0.100174405    
   795.56303575177435       -9.73886549E-02
   795.70625141977644       -9.20949131E-02
   795.84946708777852       -8.47865641E-02
   795.99268275578061       -7.70376474E-02
   796.13589842378269       -7.06165582E-02
   796.27911409178478       -6.64902702E-02
   796.42232975978686       -6.42858967E-02
   796.56554542778895       -6.25112951E-02
   796.70876109579103       -5.94022535E-02
   796.85197676379312       -5.39133884E-02
   796.99519243179520       -4.62980308E-02
   797.13840809979729       -3.79589163E-02
   797.28162376779937       -3.06580812E-02
   797.42483943580146       -2.55278349E-02
   797.56805510380354       -2.24350821E-02
   797.71127077180563       -2.00574100E-02
   797.85448643980772       -1.66326761E-02
   797.99770210780980       -1.09615205E-02
   798.14091777581189       -3.09332507E-03
   798.28413344381397        5.69685502E-03
   798.42734911181606        1.36273950E-02
   798.57056477981814        1.94139536E-02
   798.71378044782023        2.29879506E-02
   798.85699611582231        2.55276617E-02
   799.00021178382440        2.87911631E-02
   799.14342745182648        3.41291241E-02
   799.28664311982857        4.17284220E-02
   799.42985878783065        5.05064167E-02
   799.57307445583274        5.87156005E-02
   799.71629012383482        6.49239495E-02
   799.85950579183691        6.88223913E-02
   800.00272145983899        7.14011416E-02
   800.14593712784108        7.43896663E-02
   800.28915279584317        7.92755634E-02
   800.43236846384525        8.64616707E-02
   800.57558413184734        9.50419530E-02
   800.71879979984942       0.103319727    
   800.86201546785151       0.109768003    
   801.00523113585359       0.113886282    
   801.14844680385568       0.116475433    
   801.29166247185776       0.119183451    
   801.43487813985985       0.123579830    
   801.57809380786193       0.130274460    
   801.72130947586402       0.138572082    
   801.86452514386610       0.146858722    
   802.00774081186819       0.153508857    
   802.15095647987027       0.157805383    
   802.29417214787236       0.160349727    
   802.43738781587444       0.162725210    
   802.58060348387653       0.166603312    
   802.72381915187862       0.172802210    
   802.86703481988070       0.180831939    
   803.01025048788279       0.189179078    
   803.15346615588487       0.196163997    
   803.29668182388696       0.200885832    
   803.43989749188904       0.203728303    
   803.58311315989113       0.206146702    
   803.72632882789321       0.209855407    
   803.86954449589530       0.215867326    
   804.01276016389738       0.223923475    
   804.15597583189947       0.232637957    
   804.29919149990155       0.240282744    
   804.44240716790364       0.245770141    
   804.58562283590572       0.249273300    
   804.72883850390781       0.252130270    
   804.87205417190989       0.256088376    
   805.01526983991198       0.262321264    
   805.15848550791407       0.270774901    
   805.30170117591615       0.280205160    
   805.44491684391824       0.288880199    
   805.58813251192032       0.295552224    
   805.73134817992241       0.300158918    
   805.87456384792449       0.303863883    
   806.01777951592658       0.308410019    
   806.16099518392866       0.315142006    
   806.30421085193075       0.324245960    
   806.44742651993283       0.334639728    
   806.59064218793492       0.344582051    
   806.73385785593700       0.352656990    
   806.87707352393909       0.358573079    
   807.02028919194117       0.363323331    
   807.16350485994326       0.368619502    
   807.30672052794534       0.375925392    
   807.44993619594743       0.385634750    
   807.59315186394952       0.396850824    
   807.73636753195160       0.407886952    
   807.87958319995369       0.417208761    
   808.02279886795577       0.424294025    
   808.16601453595786       0.429929346    
   808.30923020395994       0.435771644    
   808.45244587196203       0.443414867    
   808.59566153996411       0.453486800    
   808.73887720796620       0.465289533    
   808.88209287596828       0.477189839    
   809.02530854397037       0.487536818    
   809.16852421197245       0.495584190    
   809.31173987997454       0.501897216    
   809.45495554797662       0.508020699    
   809.59817121597871       0.515600443    
   809.74138688398079       0.525450706    
   809.88460255198288       0.537086487    
   810.02781821998497       0.548981190    
   810.17103388798705       0.559410572    
   810.31424955598914       0.567415178    
   810.45746522399122       0.573340595    
   810.60068089199331       0.578643918    
   810.74389655999539       0.585069120    
   810.88711222799748       0.593654990    
   811.03032789599956       0.604141712    
   811.17354356400165       0.615111411    
   811.31675923200373       0.624780297    
   811.45997490000582       0.631990552    
   811.60319056800790       0.636844635    
   811.74640623600999       0.640632451    
   811.88962190401207       0.645097435    
   812.03283757201416       0.651451468    
   812.17605324001624       0.659685910    
   812.31926890801833       0.668563604    
   812.46248457602042       0.676301003    
   812.60570024402250       0.681562781    
   812.74891591202459       0.684207857    
   812.89213158002667       0.685361326    
   813.03534724802876       0.686767161    
   813.17856291603084       0.689789295    
   813.32177858403293       0.694629014    
   813.46499425203501       0.700201094    
   813.60820992003710       0.704733551    
   813.75142558803918       0.706751287    
   813.89464125604127       0.705892682    
   814.03785692404335       0.703106642    
   814.18107259204544       0.700119853    
   814.32428826004752       0.698468208    
   814.46750392804961       0.698629737    
   814.61071959605169       0.699747026    
   814.75393526405378       0.700101495    
   814.89715093205587       0.698077440    
   815.04036660005795       0.693070769    
   815.18358226806004       0.685824275    
   815.32679793606212       0.678000569    
   815.47001360406421       0.671238244    
   815.61322927206629       0.666229784    
   815.75644494006838       0.662337899    
   815.89966060807046       0.657959461    
   816.04287627607255       0.651427627    
   816.18609194407463       0.641947985    
   816.32930761207672       0.630048692    
   816.47252328007880       0.617291510    
   816.61573894808089       0.605400681    
   816.75895461608297       0.595293343    
   816.90217028408506       0.586559415    
   817.04538595208714       0.577691376    
   817.18860162008923       0.566939056    
   817.33181728809132       0.553305268    
   817.47503295609340       0.537115991    
   817.61824862409549       0.519842982    
   817.76146429209757       0.503283679    
   817.90467996009966       0.488562673    
   818.04789562810174       0.475513816    
   818.19111129610383       0.462785333    
   818.33432696410591       0.448607147    
   818.47754263210800       0.431794256    
   818.62075830011008       0.412426651    
   818.76397396811217       0.391821176    
   818.90718963611425       0.371804684    
   819.05040530411634       0.353694230    
   819.19362097211842       0.337562799    
   819.33683664012051       0.322210878    
   819.48005230812259       0.305860400    
   819.62326797612468       0.287174046    
   819.76648364412677       0.266020745    
   819.90969931212885       0.243558556    
   820.05291498013094       0.221594647    
   820.19613064813302       0.201585740    
   820.33934631613511       0.183836788    
   820.48256198413719       0.167342812    
   820.62577765213928       0.150364071    
   820.76899332014136       0.131418034    
   820.91220898814345       0.110134766    
   821.05542465614553        8.74908268E-02
   821.19864032414762        6.52813837E-02
   821.34185599214970        4.51240279E-02
   821.48507166015179        2.75595952E-02
   821.62828732815387        1.17626041E-02
   821.77150299615596       -3.97531688E-03
   821.91471866415804       -2.12667473E-02
   822.05793433216013       -4.07094322E-02
   822.20115000016222       -6.15415201E-02
   822.34436566816430       -8.20594802E-02
   822.48758133616639      -0.100562289    
   822.63079700416847      -0.116294824    
   822.77401267217056      -0.129863247    
   822.91722834017264      -0.142885789    
   823.06044400817473      -0.157069460    
   823.20365967617681      -0.173230961    
   823.34687534417890      -0.190819040    
   823.49009101218098      -0.208214045    
   823.63330668018307      -0.223635927    
   823.77652234818515      -0.236142501    
   823.91973801618724      -0.246150315    
   824.06295368418932      -0.255186945    
   824.20616935219141      -0.265020400    
   824.34938502019349      -0.276658207    
   824.49260068819558      -0.289775014    
   824.63581635619767      -0.302886814    
   824.77903202419975      -0.314176142    
   824.92224769220184      -0.322510779    
   825.06546336020392      -0.328085423    
   825.20867902820601      -0.332319200    
   825.35189469620809      -0.337058246    
   825.49511036421018      -0.343530238    
   825.63832603221226      -0.351646423    
   825.78154170021435      -0.360051811    
   825.92475736821643      -0.366895407    
   826.06797303621852      -0.370879829    
   826.21118870422060      -0.371994555    
   826.35440437222269      -0.371521831    
   826.49762004022477      -0.371316791    
   826.64083570822686      -0.372767806    
   826.78405137622894      -0.376018494    
   826.92726704423103      -0.379886895    
   827.07048271223312      -0.382531434    
   827.21369838023520      -0.382494986    
   827.35691404823729      -0.379539937    
   827.50012971623937      -0.374797195    
   827.64334538424146      -0.370137662    
   827.78656105224354      -0.367120743    
   827.92977672024563      -0.366118729    
   828.07299238824771      -0.366115689    
   828.21620805624980      -0.365291923    
   828.35942372425188      -0.362059385    
   828.50263939225397      -0.355964005    
   828.64585506025605      -0.347951293    
   828.78907072825814      -0.339848936    
   828.93228639626022      -0.333354771    
   829.07550206426231      -0.329092532    
   829.21871773226439      -0.326265335    
   829.36193340026648      -0.323108286    
   829.50514906826857      -0.317893147    
   829.64836473627065      -0.309919119    
   829.79158040427274      -0.299924165    
   829.93479607227482      -0.289677709    
   830.07801174027691      -0.280986100    
   830.22122740827899      -0.274678618    
   830.36444307628108      -0.270150304    
   830.50765874428316      -0.265716285    
   830.65087441228525      -0.259572506    
   830.79409008028733      -0.250821114    
   830.93730574828942      -0.239986718    
   831.08052141629150      -0.228735000    
   831.22373708429359      -0.218948185    
   831.36695275229567      -0.211672232    
   831.51016842029776      -0.206528813    
   831.65338408829984      -0.201930419    
   831.79659975630193      -0.195984021    
   831.93981542430402      -0.187572986    
   832.08303109230610      -0.177000329    
   832.22624676030819      -0.165826276    
   832.36946242831027      -0.155994073    
   832.51267809631236      -0.148742363    
   832.65589376431444      -0.143917441    
   832.79910943231653      -0.140068337    
   832.94232510031861      -0.135267451    
   833.08554076832070      -0.128197506    
   833.22875643632278      -0.118898600    
   833.37197210432487      -0.108755335    
   833.51518777232695       -9.97250155E-02
   833.65840344032904       -9.32352543E-02
   833.80161910833112       -8.93737525E-02
   833.94483477633321       -8.68354887E-02
   834.08805044433529       -8.36633220E-02
   834.23126611233738       -7.83617124E-02
   834.37448178033947       -7.07474947E-02
   834.51769744834155       -6.20541498E-02
   834.66091311634364       -5.42345755E-02
   834.80412878434572       -4.88612242E-02
   834.94734445234781       -4.62437905E-02
   835.09056012034989       -4.52567600E-02
   835.23377578835198       -4.39710207E-02
   835.37699145635406       -4.07370776E-02
   835.52020712435615       -3.51149179E-02
   835.66342279235823       -2.81264503E-02
   835.80663846036032       -2.16819793E-02
   835.94985412836240       -1.74986329E-02
   836.09306979636449       -1.61226317E-02
   836.23628546436657       -1.66138001E-02
   836.37950113236866       -1.70739219E-02
   836.52271680037074       -1.57173686E-02
   836.66593246837283       -1.18745333E-02
   836.80914813637492       -6.36195112E-03
   836.95236380437700       -1.01595430E-03
   837.09557947237909        2.34298850E-03
   837.23879514038117        2.93380045E-03
   837.38201080838326        1.45485648E-03
   837.52522647638534       -3.06216622E-04
   837.66844214438743       -4.77945170E-04
   837.81165781238951        1.83680735E-03
   837.95487348039160        6.04941370E-03
   838.09808914839368        1.04171652E-02
   838.24130481639577        1.30348308E-02
   838.38452048439785        1.29213668E-02
   838.52773615239994        1.05794696E-02
   838.67095182040202        7.70897744E-03
   838.81416748840411        6.24120189E-03
   838.95738315640619        7.24603282E-03
   839.10059882440828        1.03291376E-02
   839.24381449241037        1.38544878E-02
   839.38703016041245        1.58638936E-02
   839.53024582841454        1.51784793E-02
   839.67346149641662        1.20663214E-02
   839.81667716441871        8.09954852E-03
   839.95989283242079        5.27523272E-03
   840.10310850042288        4.89082979E-03
   840.24632416842496        6.81062089E-03
   840.38953983642705        9.54335462E-03
   840.53275550442913        1.10895736E-02
   840.67597117243122        1.00754304E-02
   840.81918684043330        6.52661826E-03
   840.96240250843539        1.84542115E-03
   841.10561817643747       -1.98989338E-03
   841.24883384443956       -3.54613550E-03
   841.39204951244164       -2.74501299E-03
   841.53526518044373       -9.09009716E-04
   841.67848084844582       -1.80647803E-05
   841.82169651644790       -1.59200921E-03
   841.96491218444999       -5.82618220E-03
   842.10812785245207       -1.14718722E-02
   842.25134352045416       -1.65371597E-02
   842.39455918845624       -1.94160379E-02
   842.53777485645833       -1.98030900E-02
   842.68099052446041       -1.88691001E-02
   842.82420619246250       -1.85965691E-02
   842.96742186046458       -2.06563249E-02
   843.11063752846667       -2.54657529E-02
   843.25385319646875       -3.19593586E-02
   843.39706886447084       -3.81945670E-02
   843.54028453247292       -4.24469449E-02
   843.68350020047501       -4.41798307E-02
   843.82671586847709       -4.43465710E-02
   843.96993153647918       -4.48551364E-02
   844.11314720448127       -4.74920310E-02
   844.25636287248335       -5.29093929E-02
   844.39957854048544       -6.02506772E-02
   844.54279420848752       -6.76335022E-02
   844.68600987648961       -7.32192546E-02
   844.82922554449169       -7.62597248E-02
   844.97244121249378       -7.75221139E-02
   845.11565688049586       -7.88512751E-02
   845.25887254849795       -8.21219385E-02
   845.40208821650003       -8.81773084E-02
   845.54530388450212       -9.63522121E-02
   845.68851955250420      -0.104845382    
   845.83173522050629      -0.111729912    
   845.97495088850837      -0.116035528    
   846.11816655651046      -0.118295111    
   846.26138222451254      -0.120244116    
   846.40459789251463      -0.123835839    
   846.54781356051672      -0.130126685    
   846.69102922851880      -0.138666481    
   846.83424489652089      -0.147745818    
   846.97746056452297      -0.155361786    
   847.12067623252506      -0.160350114    
   847.26389190052714      -0.163038403    
   847.40710756852923      -0.165052474    
   847.55032323653131      -0.168391272    
   847.69353890453340      -0.174295306    
   847.83675457253548      -0.182543293    
   847.97997024053757      -0.191568762    
   848.12318590853965      -0.199330986    
   848.26640157654174      -0.204454720    
   848.40961724454382      -0.206999227    
   848.55283291254591      -0.208419129    
   848.69604858054799      -0.210732415    
   848.83926424855008      -0.215363443    
   848.98247991655217      -0.222320497    
   849.12569558455425      -0.230179444    
   849.26891125255634      -0.236883014    
   849.41212692055842      -0.240898043    
   849.55534258856051      -0.242072254    
   849.69855825656259      -0.241708547    
   849.84177392456468      -0.241820306    
   849.98498959256676      -0.243989557    
   850.12820526056885      -0.248468190    
   850.27142092857093      -0.254025280    
   850.41463659657302      -0.258628249    
   850.55785226457510      -0.260579109    
   850.70106793257719      -0.259466857    
   850.84428360057927      -0.256393820    
   850.98749926858136      -0.253342658    
   851.13071493658344      -0.252041817    
   851.27393060458553      -0.252976507    
   851.41714627258762      -0.255108982    
   851.56036194058970      -0.256463379    
   851.70357760859179      -0.255238265    
   851.84679327659387      -0.250815451    
   851.99000894459596      -0.244099379    
   852.13322461259804      -0.237000570    
   852.27644028060013      -0.231354803    
   852.41965594860221      -0.227882385    
   852.56287161660430      -0.225772336    
   852.70608728460638      -0.223129824    
   852.84930295260847      -0.218041062    
   852.99251862061055      -0.209655553    
   853.13573428861264      -0.198668793    
   853.27894995661472      -0.186926752    
   853.42216562461681      -0.176376596    
   853.56538129261889      -0.167963237    
   853.70859696062098      -0.161099240    
   853.85181262862307      -0.154003933    
   853.99502829662515      -0.144713402    
   854.13824396462724      -0.132189065    
   854.28145963262932      -0.116903581    
   854.42467530063141      -0.100578427    
   854.56789096863349       -8.52201506E-02
   854.71110663663558       -7.19936341E-02
   854.85432230463766       -6.05657361E-02
   854.99753797263975       -4.92938198E-02
   855.14075364064183       -3.61584239E-02
   855.28396930864392       -1.99137162E-02
   855.42718497664600       -8.00544920E-04
   855.57040064464809        1.95847377E-02
   855.71361631265017        3.91890183E-02
   855.85683198065226        5.66548146E-02
   856.00004764865434        7.20732063E-02
   856.14326331665643        8.69166702E-02
   856.28647898465852       0.103195421    
   856.42969465266060       0.122313447    
   856.57291032066269       0.144264922    
   856.71612598866477       0.167621300    
   856.85934165666686       0.190319613    
   857.00255732466894       0.210812658    
   857.14577299267103       0.228932589    
   857.28898866067311       0.245975152    
   857.43220432867520       0.263952434    
   857.57541999667728       0.284438014    
   857.71863566467937       0.307663053    
   857.86185133268145       0.332376242    
   858.00506700068354       0.356541127    
   858.14828266868562       0.378469765    
   858.29149833668771       0.397751987    
   858.43471400468979       0.415461838    
   858.57792967269188       0.433531821    
   858.72114534069397       0.453647166    
   858.86436100869605       0.476278841    
   859.00757667669814       0.500397921    
   859.15079234470022       0.524036050    
   859.29400801270231       0.545380652    
   859.43722368070439       0.563786268    
   859.58043934870648       0.580124855    
   859.72365501670856       0.596273541    
   859.86687068471065       0.614031374    
   860.01008635271273       0.634083927    
   860.15330202071482       0.655602634    
   860.29651768871690       0.676700294    
   860.43973335671899       0.695480645    
   860.58294902472107       0.711088717    
   860.72616469272316       0.724175155    
   860.86938036072524       0.736516595    
   861.01259602872733       0.750004470    
   861.15581169672942       0.765567243    
   861.29902736473150       0.782634199    
   861.44224303273359       0.799446940    
   861.58545870073567       0.814045370    
   861.72867436873776       0.825369179    
   861.87189003673984       0.833846509    
   862.01510570474193       0.841136396    
   862.15832137274401       0.849176109    
   862.30153704074610       0.859078407    
   862.44475270874818       0.870500684    
   862.58796837675027       0.881834745    
   862.73118404475235       0.891105294    
   862.87439971275444       0.897071123    
   863.01761538075652       0.899914503    
   863.16083104875861       0.901132703    
   863.30404671676069       0.902689457    
   863.44726238476278       0.905899227    
   863.59047805276487       0.910675883    
   863.73369372076695       0.915575743    
   863.87690938876904       0.918614864    
   864.02012505677112       0.918395460    
   864.16334072477321       0.914898992    
   864.30655639277529       0.909495831    
   864.44977206077738       0.904171050    
   864.59298772877946       0.900409102    
   864.73620339678155       0.898366213    
   864.87941906478363       0.896790624    
   865.02263473278572       0.893730760    
   865.16585040078780       0.887634635    
   865.30906606878989       0.878224671    
   865.45228173679197       0.866657376    
   865.59549740479406       0.854874432    
   865.73871307279614       0.844509304    
   865.88192874079823       0.835968375    
   866.02514440880032       0.828210175    
   866.16836007680240       0.819347322    
   866.31157574480449       0.807725608    
   866.45479141280657       0.792865276    
   866.59800708080866       0.775734484    
   866.74122274881074       0.758207440    
   866.88443841681283       0.742017746    
   867.02765408481491       0.727794588    
   867.17086975281700       0.714719832    
   867.31408542081908       0.700997829    
   867.45730108882117       0.684877515    
   867.60051675682325       0.665655613    
   867.74373242482534       0.644093096    
   867.88694809282742       0.622003436    
   868.03016376082951       0.601240098    
   868.17337942883159       0.582659721    
   868.31659509683368       0.565650642    
   868.45981076483577       0.548494518    
   868.60302643283785       0.529350281    
   868.74624210083994       0.507300138    
   868.88945776884202       0.482869953    
   869.03267343684411       0.457738340    
   869.17588910484619       0.433804035    
   869.31910477284828       0.412134439    
   869.46232044085036       0.392382383    
   869.60553610885245       0.372997373    
   869.74875177685453       0.352115184    
   869.89196744485662       0.328627080    
   870.03518311285870       0.302823305    
   870.17839878086079       0.276243269    
   870.32161444886287       0.250816077    
   870.46483011686496       0.227780730    
   870.60804578486704       0.207000017    
   870.75126145286913       0.187053755    
   870.89447712087122       0.166053072    
   871.03769278887330       0.142714009    
   871.18090845687539       0.117088854    
   871.32412412487747        9.05490667E-02
   871.46733979287956        6.50299042E-02
   871.61055546088164        4.19568717E-02
   871.75377112888373        2.14538183E-02
   871.89698679688581        2.28045741E-03
   872.04020246488790       -1.74596924E-02
   872.18341813288998       -3.92376594E-02
   872.32663380089207       -6.32575676E-02
   872.46984946889415       -8.83348137E-02
   872.61306513689624      -0.112561218    
   872.75628080489832      -0.134374812    
   872.89949647290041      -0.153426304    
   873.04271214090249      -0.170757174    
   873.18592780890458      -0.188197464    
   873.32914347690667      -0.207326829    
   873.47235914490875      -0.228580266    
   873.61557481291084      -0.250995636    
   873.75879048091292      -0.272743940    
   873.90200614891501      -0.292148441    
   874.04522181691709      -0.308622390    
   874.18843748491918      -0.322995245    
   874.33165315292126      -0.337039053    
   874.47486882092335      -0.352460235    
   874.61808448892543      -0.369929254    
   874.76130015692752      -0.388698161    
   874.90451582492960      -0.407019585    
   875.04773149293169      -0.423124969    
   875.19094716093377      -0.436208785    
   875.33416282893586      -0.446868777    
   875.47737849693794      -0.456760645    
   875.62059416494003      -0.467662692    
   875.76380983294212      -0.480471730    
   875.90702550094420      -0.494691819    
   876.05024116894629      -0.508704782    
   876.19345683694837      -0.520675659    
   876.33667250495046      -0.529583335    
   876.47988817295254      -0.535792053    
   876.62310384095463      -0.540837049    
   876.76631950895671      -0.546548486    
   876.90953517695880      -0.554013550    
   877.05275084496088      -0.562965870    
   877.19596651296297      -0.571940660    
   877.33918218096505      -0.579100013    
   877.48239784896714      -0.583260655    
   877.62561351696922      -0.584551752    
   877.76882918497131      -0.584338069    
   877.91204485297339      -0.584453464    
   878.05526052097548      -0.586170316    
   878.19847618897757      -0.589481235    
   878.34169185697965      -0.593100429    
   878.48490752498174      -0.595188260    
   878.62812319298382      -0.594391465    
   878.77133886098591      -0.590608120    
   878.91455452898799      -0.585042715    
   879.05777019699008      -0.579523206    
   879.20098586499216      -0.575470924    
   879.34420153299425      -0.573105872    
   879.48741720099633      -0.571330786    
   879.63063286899842      -0.568352759    
   879.77384853700050      -0.562692583    
   879.91706420500259      -0.554018140    
   880.06027987300467      -0.543336332    
   880.20349554100676      -0.532432914    
   880.34671120900884      -0.522871017    
   880.48992687701093      -0.515112162    
   880.63314254501302      -0.508258820    
   880.77635821301510      -0.500567853    
   880.91957388101719      -0.490442604    
   881.06278954901927      -0.477338105    
   881.20600521702136      -0.462067127    
   881.34922088502344      -0.446340352    
   881.49243655302553      -0.431807190    
   881.63565222102761      -0.419138283    
   881.77886788902970      -0.407660633    
   881.92208355703178      -0.395744979    
   882.06529922503387      -0.381729186    
   882.20851489303595      -0.364864022    
   882.35173056103804      -0.345751107    
   882.49494622904012      -0.326021910    
   882.63816189704221      -0.307432592    
   882.78137756504429      -0.290883601    
   882.92459323304638      -0.275921583    
   883.06780890104847      -0.261007994    
   883.21102456905055      -0.244400486    
   883.35424023705264      -0.225145668    
   883.49745590505472      -0.203623027    
   883.64067157305681      -0.181339636    
   883.78388724105889      -0.160096616    
   883.92710290906098      -0.140995845    
   884.07031857706306      -0.123840079    
   884.21353424506515      -0.107260212    
   884.35674991306723       -8.95007327E-02
   884.49996558106932       -6.94254264E-02
   884.64318124907140       -4.71769385E-02
   884.78639691707349       -2.41136290E-02
   884.92961258507557       -2.05590785E-03
   885.07282825307766        1.77299883E-02
   885.21604392107974        3.52317616E-02
   885.35925958908183        5.16781732E-02
   885.50247525708392        6.88258633E-02
   885.64569092508600        8.79532471E-02
   885.78890659308809       0.109127350    
   885.93212226109017       0.131150141    
   886.07533792909226       0.152210757    
   886.21855359709434       0.170880184    
   886.36176926509643       0.186895579    
   886.50498493309851       0.201294824    
   886.64820060110060       0.215820432    
   886.79141626910268       0.231922746    
   886.93463193710477       0.249924481    
   887.07784760510685       0.268822640    
   887.22106327310894       0.286842346    
   887.36427894111102       0.302426696    
   887.50749460911311       0.315098882    
   887.65071027711519       0.325710386    
   887.79392594511728       0.335941643    
   887.93714161311937       0.347341210    
   888.08035728112145       0.360443771    
   888.22357294912354       0.374457955    
   888.36678861712562       0.387698174    
   888.51000428512771       0.398520917    
   888.65321995312979       0.406243443    
   888.79643562113188       0.411525726    
   888.93965128913396       0.415994406    
   889.08286695713605       0.421316028    
   889.22608262513813       0.428244740    
   889.36929829314022       0.436187178    
   889.51251396114230       0.443531275    
   889.65572962914439       0.448549271    
   889.79894529714647       0.450362086    
   889.94216096514856       0.449423969    
   890.08537663315064       0.447261065    
   890.22859230115273       0.445613682    
   890.37180796915482       0.445460469    
   890.51502363715690       0.446467221    
   890.65823930515899       0.447169900    
   890.80145497316107       0.445795089    
   890.94467064116316       0.441260934    
   891.08788630916524       0.433792621    
   891.23110197716733       0.424799174    
   891.37431764516941       0.416078240    
   891.51753331317150       0.408801317    
   891.66074898117358       0.402857453    
   891.80396464917567       0.396925181    
   891.94718031717775       0.389226735    
   892.09039598517984       0.378535360    
   892.23361165318192       0.364871114    
   892.37682732118401       0.349498600    
   892.52004298918609       0.334229141    
   892.66325865718818       0.320414931    
   892.80647432519027       0.308196574    
   892.94968999319235       0.296429694    
   893.09290566119444       0.283338428    
   893.23612132919652       0.267531216    
   893.37933699719861       0.248803094    
   893.52255266520069       0.228266224    
   893.66576833320278       0.207734495    
   893.80898400120486       0.188714117    
   893.95219966920695       0.171573326    
   894.09541533720903       0.155356616    
   894.23863100521112       0.138341933    
   894.38184667321320       0.119025096    
   894.52506234121529        9.69816148E-02
   894.66827800921737        7.31258616E-02
   894.81149367721946        4.92204167E-02
   894.95470934522154        2.69052945E-02
   895.09792501322363        6.78991666E-03
   895.24114068122572       -1.18765859E-02
   895.38435634922780       -3.07635441E-02
   895.52757201722989       -5.14922626E-02
   895.67078768523197       -7.46951252E-02
   895.81400335323406       -9.96370018E-02
   895.95721902123614      -0.124612205    
   896.10043468923823      -0.147887468    
   896.24365035724031      -0.168656036    
   896.38686602524240      -0.187468246    
   896.53008169324448      -0.205901250    
   896.67329736124657      -0.225654140    
   896.81651302924865      -0.247572646    
   896.95972869725074      -0.271148771    
   897.10294436525282      -0.294780821    
   897.24616003325491      -0.316654742    
   897.38937570125699      -0.335753143    
   897.53259136925908      -0.352418453    
   897.67580703726117      -0.368145823    
   897.81902270526325      -0.384721279    
   897.96223837326534      -0.403196067    
   898.10545404126742      -0.423279583    
   898.24866970926951      -0.443490684    
   898.39188537727159      -0.461977005    
   898.53510104527368      -0.477539688    
   898.67831671327576      -0.490291238    
   898.82153238127785      -0.501580119    
   898.96474804927993      -0.513222337    
   899.10796371728202      -0.526466668    
   899.25117938528410      -0.541272640    
   899.39439505328619      -0.556314707    
   899.53761072128827      -0.569716394    
   899.68082638929036      -0.580102801    
   899.82404205729244      -0.587371409    
   899.96725772529453      -0.592740655    
   900.11047339329662      -0.598050356    
   900.25368906129870      -0.604713976    
   900.39690472930079      -0.612916529    
   900.54012039730287      -0.621506393    
   900.68333606530496      -0.628636718    
   900.82655173330704      -0.632795870    
   900.96976740130913      -0.633652329    
   901.11298306931121      -0.632241666    
   901.25619873731330      -0.630386174    
   901.39941440531538      -0.629667401    
   901.54263007331747      -0.630528092    
   901.68584574131955      -0.632016063    
   901.82906140932164      -0.632320821    
   901.97227707732372      -0.629800022    
   902.11549274532581      -0.623910248    
   902.25870841332789      -0.615512788    
   902.40192408132998      -0.606384337    
   902.54513974933207      -0.598214626    
   902.68835541733415      -0.591657579    
   902.83157108533624      -0.585967004    
   902.97478675333832      -0.579419076    
   903.11800242134041      -0.570285797    
   903.26121808934249      -0.557816923    
   903.40443375734458      -0.542677283    
   903.54764942534666      -0.526588023    
   903.69086509334875      -0.511366248    
   903.83408076135083      -0.497904658    
   903.97729642935292      -0.485673577    
   904.12051209735500      -0.473030925    
   904.26372776535709      -0.458163440    
   904.40694343335917      -0.440121502    
   904.55015910136126      -0.419361413    
   904.69337476936334      -0.397493601    
   904.83659043736543      -0.376383930    
   904.97980610536752      -0.357114136    
   905.12302177336960      -0.339382499    
   905.26623744137169      -0.321680486    
   905.40945310937377      -0.302151024    
   905.55266877737586      -0.279650718    
   905.69588444537794      -0.254416764    
   905.83910011338003      -0.227954835    
   905.98231578138211      -0.202203408    
   906.12553144938420      -0.178447232    
   906.26874711738628      -0.156600282    
   906.41196278538837      -0.135267749    
   906.55517845339045      -0.112549573    
   906.69839412139254       -8.71262178E-02
   906.84160978939462       -5.90129606E-02
   906.98482545739671       -2.95615382E-02
   907.12804112539879       -7.12180918E-04
   907.27125679340088        2.60842200E-02
   907.41447246140297        5.06709516E-02
   907.55768812940505        7.42641985E-02
   907.70090379740714        9.87556800E-02
   907.84411946540922       0.125627056    
   907.98733513341131       0.155090079    
   908.13055080141339       0.185945317    
   908.27376646941548       0.216244444    
   908.41698213741756       0.244380161    
   908.56019780541965       0.269982219    
   908.70341347342173       0.294111729    
   908.84662914142382       0.318647683    
   908.98984480942590       0.345216006    
   909.13306047742799       0.374263555    
   909.27627614543007       0.404794633    
   909.41949181343216       0.434917003    
   909.56270748143424       0.462894082    
   909.70592314943633       0.488115370    
   909.84913881743842       0.511435211    
   909.99235448544050       0.534681022    
   910.13557015344259       0.559602559    
   910.27878582144467       0.586858809    
   910.42200148944676       0.615623236    
   910.56521715744884       0.644035757    
   910.70843282545093       0.670242369    
   910.85164849345301       0.693429828    
   910.99486416145510       0.714268923    
   911.13807982945718       0.734521389    
   911.28129549745927       0.756035388    
   911.42451116546135       0.779693305    
   911.56772683346344       0.804901063    
   911.71094250146552       0.829906046    
   911.85415816946761       0.852769434    
   911.99737383746969       0.872450709    
   912.14058950547178       0.889389932    
   912.28380517347387       0.905252397    
   912.42702084147595       0.921974957    
   912.57023650947804       0.940655351    
   912.71345217748012       0.960917890    
   912.85666784548221       0.981115937    
   912.99988351348429       0.999252856    
   913.14309918148638        1.01409817    
   913.28631484948846        1.02586949    
   913.42953051749055        1.03609908    
   913.57274618549263        1.04676163    
   913.71596185349472        1.05915141    
   913.85917752149680        1.07313693    
   914.00239318949889        1.08721948    
   914.14560885750097        1.09936786    
   914.28882452550306        1.10816419    
   914.43204019350514        1.11360788    
   914.57525586150723        1.11711633    
   914.71847152950932        1.12071693    
   914.86168719751140        1.12589204    
   915.00490286551349        1.13273454    
   915.14811853351557        1.13989162    
   915.29133420151766        1.14532316    
   915.43454986951974        1.14744270    
   915.57776553752183        1.14600205    
   915.72098120552391        1.14222407    
   915.86419687352600        1.13811195    
   916.00741254152808        1.13531888    
   916.15062820953017        1.13421082    
   916.29384387753225        1.13365304    
   916.43705954553434        1.13164747    
   916.58027521353642        1.12646544    
   916.72349088153851        1.11763072    
   916.86670654954060        1.10619164    
   917.00992221754268        1.09412599    
   917.15313788554477        1.08321905    
   917.29635355354685        1.07405317    
   917.43956922154894        1.06568003    
   917.58278488955102        1.05615747    
   917.72600055755311        1.04364705    
   917.86921622555519        1.02745688    
   918.01243189355728        1.00844336    
   918.15564756155936       0.988542199    
   918.29886322956145       0.969686329    
   918.44207889756353       0.952718496    
   918.58529456556562       0.936916828    
   918.72851023356770       0.920407712    
   918.87172590156979       0.901234746    
   919.01494156957187       0.878474891    
   919.15815723757396       0.852766275    
   919.30137290557605       0.825951099    
   919.44458857357813       0.800042152    
   919.58780424158022       0.776099920    
   919.73101990958230       0.753651500    
   919.87423557758439       0.730972886    
   920.01745124558647       0.706075311    
   920.16066691358856       0.677843511    
   920.30388258159064       0.646687567    
   920.44709824959273       0.614336848    
   920.59031391759481       0.582885087    
   920.73352958559690       0.553622127    
   920.87674525359898       0.526316166    
   921.01996092160107       0.499359339    
   921.16317658960315       0.470695972    
   921.30639225760524       0.439004719    
   921.44960792560732       0.404462636    
   921.59282359360941       0.368659914    
   921.73603926161150       0.333718479    
   921.87925492961358       0.301114380    
   922.02247059761567       0.270866126    
   922.16568626561775       0.241544321    
   922.30890193361984       0.211098149    
   922.45211760162192       0.178036496    
   922.59533326962401       0.142298400    
   922.73854893762609       0.105316885    
   922.88176460562818        6.92341849E-02
   923.02498027363026        3.57111506E-02
   923.16819594163235        5.00829751E-03
   923.31141160963443       -2.41379384E-02
   923.45462727763652       -5.37757613E-02
   923.59784294563860       -8.55587944E-02
   923.74105861364069      -0.119795442    
   923.88427428164277      -0.155259535    
   924.02748994964486      -0.189863637    
   924.17070561764695      -0.221814573    
   924.31392128564903      -0.250603944    
   924.45713695365112      -0.277277857    
   924.60035262165320      -0.303830534    
   924.74356828965529      -0.332057714    
   924.88678395765737      -0.362515807    
   925.02999962565946      -0.394180089    
   925.17321529366154      -0.425002068    
   925.31643096166363      -0.453052104    
   925.45964662966571      -0.477596104    
   925.60286229766780      -0.499493271    
   925.74607796566988      -0.520691037    
   925.88929363367197      -0.543108046    
   926.03250930167405      -0.567537785    
   926.17572496967614      -0.593188703    
   926.31894063767822      -0.618116975    
   926.46215630568031      -0.640307009    
   926.60537197368240      -0.658794761    
   926.74858764168448      -0.674201608    
   926.89180330968657      -0.688374758    
   927.03501897768865      -0.703332126    
   927.17823464569074      -0.720108330    
   927.32145031369282      -0.738157868    
   927.46466598169491      -0.755655646    
   927.60788164969699      -0.770523608    
   927.75109731769908      -0.781597912    
   927.89431298570116      -0.789275944    
   928.03752865370325      -0.795282006    
   928.18074432170533      -0.801689088    
   928.32395998970742      -0.809748769    
   928.46717565770950      -0.819184840    
   928.61039132571159      -0.828346133    
   928.75360699371367      -0.835135877    
   928.89682266171576      -0.838196933    
   929.04003832971785      -0.837686121    
   929.18325399771993      -0.835193992    
   929.32646966572202      -0.832850695    
   929.46968533372410      -0.832123578    
   929.61290100172619      -0.832991481    
   929.75611666972827      -0.833966017    
   929.89933233773036      -0.832944334    
   930.04254800573244      -0.828405142    
   930.18576367373453      -0.820270956    
   930.32897934173661      -0.809953809    
   930.47219500973870      -0.799564064    
   930.61541067774078      -0.790730059    
   930.75862634574287      -0.783690035    
   930.90184201374495      -0.777167559    
   931.04505768174704      -0.769102037    
   931.18827334974912      -0.757826805    
   931.33148901775121      -0.743028462    
   931.47470468575330      -0.725941241    
   931.61792035375538      -0.708663762    
   931.76113602175747      -0.692985713    
   931.90435168975955      -0.679392517    
   932.04756735776164      -0.666811705    
   932.19078302576372      -0.653240025    
   932.33399869376581      -0.636892140    
   932.47721436176789      -0.617223024    
   932.62043002976998      -0.595250845    
   932.76364569777206      -0.573001742    
   932.90686136577415      -0.552386701    
   933.05007703377623      -0.534140289    
   933.19329270177832      -0.517420113    
   933.33650836978040      -0.500297308    
   933.47972403778249      -0.480865240    
   933.62293970578457      -0.458338499    
   933.76615537378666      -0.433515251    
   933.90937104178875      -0.408339798    
   934.05258670979083      -0.384816229    
   934.19580237779292      -0.363893062    
   934.33901804579500      -0.344949841    
   934.48223371379709      -0.326169997    
   934.62544938179917      -0.305584669    
   934.76866504980126      -0.282198608    
   934.91188071780334      -0.256567448    
   935.05509638580543      -0.230503455    
   935.19831205380751      -0.206072673    
   935.34152772180960      -0.184445739    
   935.48474338981168      -0.165250897    
   935.62795905781377      -0.146799058    
   935.77117472581585      -0.127056718    
   935.91439039381794      -0.104814872    
   936.05760606182002       -8.03887621E-02
   936.20082172982211       -5.54519221E-02
   936.34403739782420       -3.21023725E-02
   936.48725306582628       -1.16925538E-02
   936.63046873382837        5.91726089E-03
   936.77368440183045        2.22656727E-02
   936.91690006983254        3.94125804E-02
   937.06011573783462        5.87699376E-02
   937.20333140583671        8.02958757E-02
   937.34654707383879       0.102506071    
   937.48976274184088       0.123299710    
   937.63297840984296       0.141136900    
   937.77619407784505       0.155900851    
   937.91940974584713       0.168953091    
   938.06262541384922       0.182349369    
   938.20584108185130       0.197663561    
   938.34905674985339       0.215089127    
   938.49227241785547       0.233325303    
   938.63548808585756       0.250306666    
   938.77870375385965       0.264360130    
   938.92191942186173       0.275138408    
   939.06513508986382       0.283808947    
   939.20835075786590       0.292394012    
   939.35156642586799       0.302630633    
   939.49478209387007       0.314989030    
   939.63799776187216       0.328402996    
   939.78121342987424       0.340869039    
   939.92442909787633       0.350578517    
   940.06764476587841       0.356941342    
   940.21086043388050       0.360918999    
   940.35407610188258       0.364478171    
   940.49729176988467       0.369478375    
   940.64050743788675       0.376625031    
   940.78372310588884       0.385077298    
   940.92693877389092       0.392925292    
   941.07015444189301       0.398264766    
   941.21337010989510       0.400265843    
   941.35658577789718       0.399638444    
   941.49980144589927       0.398233712    
   941.64301711390135       0.398002267    
   941.78623278190344       0.399894506    
   941.92944844990552       0.403324842    
   942.07266411790761       0.406505913    
   942.21587978590969       0.407465219    
   942.35909545391178       0.405165285    
   942.50231112191386       0.400091439    
   942.64552678991595       0.393976510    
   942.78874245791803       0.388824552    
   942.93195812592012       0.385787457    
   943.07517379392220       0.384525239    
   943.21838946192429       0.383404404    
   943.36160512992637       0.380420238    
   943.50482079792846       0.374327391    
   943.64803646593055       0.365345806    
   943.79125213393263       0.355044127    
   943.93446780193472       0.345461875    
   944.07768346993680       0.337963462    
   944.22089913793889       0.332472920    
   944.36411480594097       0.327525288    
   944.50733047394306       0.321103990    
   944.65054614194514       0.311786801    
   944.79376180994723       0.299549669    
   944.93697747794931       0.285778314    
   945.08019314595140       0.272488475    
   945.22340881395348       0.261197716    
   945.36662448195557       0.252082109    
   945.50984014995765       0.243887156    
   945.65305581795974       0.234642103    
   945.79627148596182       0.222778499    
   945.93948715396391       0.208025202    
   946.08270282196600       0.191573128    
   946.22591848996808       0.175412595    
   946.36913415797017       0.161216542    
   946.51234982597225       0.149403840    
   946.65556549397434       0.138914615    
   946.79878116197642       0.127821833    
   946.94199682997851       0.114428319    
   947.08521249798059        9.82276946E-02
   947.22842816598268        8.01919624E-02
   947.37164383398476        6.22303262E-02
   947.51485950198685        4.61259447E-02
   947.65807516998893        3.25453021E-02
   947.80129083799102        2.06736661E-02
   947.94450650599310        8.68260022E-03
   948.08772217399519       -5.22970641E-03
   948.23093784199727       -2.18101274E-02
   948.37415350999936       -4.03174981E-02
   948.51736917800145       -5.89326955E-02
   948.66058484600353       -7.57789537E-02
   948.80380051400562       -8.99708495E-02
   948.94701618200770      -0.102097109    
   949.09023185000979      -0.113868855    
   949.23344751801187      -0.127138972    
   949.37666318601396      -0.142848060    
   949.51987885401604      -0.160486564    
   949.66309452201813      -0.178370446    
   949.80631019002021      -0.194574624    
   949.94952585802230      -0.208002999    
   950.09274152602438      -0.218995452    
   950.23595719402647      -0.229127824    
   950.37917286202855      -0.240312979    
   950.52238853003064      -0.253709674    
   950.66560419803272      -0.269058198    
   950.80881986603481      -0.284820706    
   950.95203553403690      -0.299043655    
   951.09525120203898      -0.310449719    
   951.23846687004107      -0.319141299    
   951.38168253804315      -0.326523811    
   951.52489820604524      -0.334498614    
   951.66811387404732      -0.344381362    
   951.81132954204941      -0.356150478    
   951.95454521005149      -0.368445337    
   952.09776087805358      -0.379317254    
   952.24097654605566      -0.387314945    
   952.38419221405775      -0.392294198    
   952.52740788205983      -0.395490587    
   952.67062355006192      -0.398810029    
   952.81383921806400      -0.403738886    
   952.95705488606609      -0.410493612    
   953.10027055406817      -0.417892784    
   953.24348622207026      -0.424019009    
   953.38670189007235      -0.427291065    
   953.52991755807443      -0.427341342    
   953.67313322607652      -0.425209761    
   953.81634889407860      -0.422751188    
   953.95956456208069      -0.421588957    
   954.10278023008277      -0.422198117    
   954.24599589808486      -0.423631102    
   954.38921156608694      -0.424043596    
   954.53242723408903      -0.421729326    
   954.67564290209111      -0.416081399    
   954.81885857009320      -0.407933235    
   954.96207423809528      -0.399083734    
   955.10528990609737      -0.391276628    
   955.24850557409945      -0.385214865    
   955.39172124210154      -0.380167186    
   955.53493691010362      -0.374383181    
   955.67815257810571      -0.366077751    
   955.82136824610780      -0.354430914    
   955.96458391410988      -0.340046138    
   956.10779958211197      -0.324613154    
   956.25101525011405      -0.309962511    
   956.39423091811614      -0.297039181    
   956.53744658611822      -0.285372585    
   956.68066225412031      -0.273346186    
   956.82387792212239      -0.259118885    
   956.96709359012448      -0.241676435    
   957.11030925812656      -0.221414208    
   957.25352492612865      -0.199920669    
   957.39674059413073      -0.179088548    
   957.53995626213282      -0.160060927    
   957.68317193013490      -0.142605677    
   957.82638759813699      -0.125263751    
   957.96960326613907      -0.106182352    
   958.11281893414116       -8.41660649E-02
   958.25603460214325       -5.93609624E-02
   958.39925027014533       -3.31895947E-02
   958.54246593814742       -7.56919477E-03
   958.68568160614950        1.61525272E-02
   958.82889727415159        3.79445292E-02
   958.97211294215367        5.90959080E-02
   959.11532861015576        8.14697817E-02
   959.25854427815784       0.106430992    
   959.40175994615993       0.134058073    
   959.54497561416201       0.163085029    
   959.68819128216410       0.191600531    
   959.83140695016618       0.218105152    
   959.97462261816827       0.242331922    
   960.11783828617035       0.265373826    
   960.26105395417244       0.289049387    
   960.40426962217452       0.314860255    
   960.54748529017661       0.343122423    
   960.69070095817870       0.372760832    
   960.83391662618078       0.401888996    
   960.97713229418287       0.428851813    
   961.12034796218495       0.453141689    
   961.26356363018704       0.475665390    
   961.40677929818912       0.498209268    
   961.54999496619121       0.522408843    
   961.69321063419329       0.548808038    
   961.83642630219538       0.576536953    
   961.97964197019746       0.603782177    
   962.12285763819955       0.628780723    
   962.26607330620163       0.650783062    
   962.40928897420372       0.670450866    
   962.55250464220580       0.689467609    
   962.69572031020789       0.709576070    
   962.83893597820997       0.731578052    
   962.98215164621206       0.754860222    
   963.12536731421415       0.777720273    
   963.26858298221623       0.798312902    
   963.41179865021832       0.815678895    
   963.55501431822040       0.830270231    
   963.69822998622249       0.843673766    
   963.84144565422457       0.857694328    
   963.98466132222666       0.873319983    
   964.12787699022874       0.890151083    
   964.27109265823083       0.906609118    
   964.41430832623291       0.920806348    
   964.55752399423500       0.931590497    
   964.70073966223708       0.939183235    
   964.84395533023917       0.945051968    
   964.98717099824125       0.951081216    
   965.13038666624334       0.958505273    
   965.27360233424542       0.967205286    
   965.41681800224751       0.975772083    
   965.56003367024960       0.982300460    
   965.70324933825168       0.985461473    
   965.84646500625377       0.985244393    
   965.98968067425585       0.982952178    
   966.13289634225794       0.980460882    
   966.27611201026002       0.979163766    
   966.41932767826211       0.979189932    
   966.56254334626419       0.979331315    
   966.70575901426628       0.977719367    
   966.84897468226836       0.972876370    
   966.99219035027045       0.964555800    
   967.13540601827253       0.953895092    
   967.27862168627462       0.942785323    
   967.42183735427670       0.932809532    
   967.56505302227879       0.924352288    
   967.70826869028087       0.916389585    
   967.85148435828296       0.907078862    
   967.99470002628505       0.894810677    
   968.13791569428713       0.879123986    
   968.28113136228922       0.860971630    
   968.42434703029130       0.842193305    
   968.56756269829339       0.824495375    
   968.71077836629547       0.808507323    
   968.85399403429756       0.793440104    
   968.99720970229964       0.777539849    
   969.14042537030173       0.759087026    
   969.28364103830381       0.737382948    
   969.42685670630590       0.713164628    
   969.57007237430798       0.688207030    
   969.71328804231007       0.664335847    
   969.85650371031215       0.642412245    
   969.99971937831424       0.621865869    
   970.14293504631632       0.601038158    
   970.28615071431841       0.578135490    
   970.42936638232050       0.552253842    
   970.57258205032258       0.523901641    
   970.71579771832467       0.494733185    
   970.85901338632675       0.466641068    
   971.00222905432884       0.440712363    
   971.14544472233092       0.416631788    
   971.28866039033301       0.392872363    
   971.43187605833509       0.367574513    
   971.57509172633718       0.339620084    
   971.71830739433926       0.309289515    
   971.86152306234135       0.278123707    
   972.00473873034343       0.248068348    
   972.14795439834552       0.220390722    
   972.29117006634760       0.194984943    
   972.43438573434969       0.170454770    
   972.57760140235177       0.144920215    
   972.72081707035386       0.117091335    
   972.86403273835595        8.70095640E-02
   973.00724840635803        5.60443215E-02
   973.15046407436012        2.61452887E-02
   973.29367974236220       -1.23560394E-03
   973.43689541036429       -2.59487964E-02
   973.58011107836637       -4.92204875E-02
   973.72332674636846       -7.29460865E-02
   973.86654241437054       -9.86005440E-02
   974.00975808237263      -0.126385838    
   974.15297375037471      -0.155101880    
   974.29618941837680      -0.182812482    
   974.43940508637888      -0.207925022    
   974.58262075438097      -0.230072528    
   974.72583642238305      -0.250304937    
   974.86905209038514      -0.270486146    
   975.01226775838722      -0.292235643    
   975.15548342638931      -0.316004902    
   975.29869909439140      -0.340806872    
   975.44191476239348      -0.364756912    
   975.58513043039557      -0.386127740    
   975.72834609839765      -0.404324800    
   975.87156176639974      -0.420223504    
   976.01477743440182      -0.435670674    
   976.15799310240391      -0.452430964    
   976.30120877040599      -0.471180379    
   976.44442443840808      -0.491118848    
   976.58764010641016      -0.510417342    
   976.73085577441225      -0.527241111    
   976.87407144241433      -0.540771365    
   977.01728711041642      -0.551655948    
   977.16050277841850      -0.561640024    
   977.30371844642059      -0.572582603    
   977.44693411442267      -0.585405290    
   977.59014978242476      -0.599564254    
   977.73336545042685      -0.613348424    
   977.87658111842893      -0.624844015    
   978.01979678643102      -0.633022010    
   978.16301245443310      -0.638328016    
   978.30622812243519      -0.642434120    
   978.44944379043727      -0.647293329    
   978.59265945843936      -0.654035807    
   978.73587512644144      -0.662331760    
   978.87909079444353      -0.670577705    
   979.02230646244561      -0.676797211    
   979.16552213044770      -0.679750443    
   979.30873779844978      -0.679632843    
   979.45195346645187      -0.677970946    
   979.59516913445395      -0.676768899    
   979.73838480245604      -0.677379131    
   979.88160047045812      -0.679734051    
   980.02481613846021      -0.682379782    
   980.16803180646230      -0.683299243    
   980.31124747446438      -0.681058586    
   980.45446314246647      -0.675623477    
   980.59767881046855      -0.668379962    
   980.74089447847064      -0.661351979    
   980.88411014647272      -0.656063020    
   981.02732581447481      -0.652683794    
   981.17054148247689      -0.649941206    
   981.31375715047898      -0.645836413    
   981.45697281848106      -0.638771355    
   981.60018848648315      -0.628456056    
   981.74340415448523      -0.616086423    
   981.88661982248732      -0.603684664    
   982.02983549048940      -0.592966497    
   982.17305115849149      -0.584373355    
   982.31626682649357      -0.576823711    
   982.45948249449566      -0.568329513    
   982.60269816249775      -0.557128787    
   982.74591383049983      -0.542688906    
   982.88912949850192      -0.526012421    
   983.03234516650400      -0.509076655    
   983.17556083450609      -0.493728250    
   983.31877650250817      -0.480654359    
   983.46199217051026      -0.469004571    
   983.60520783851234      -0.456874698    
   983.74842350651443      -0.442384154    
   983.89163917451651      -0.424745381    
   984.03485484251860      -0.404722184    
   984.17807051052068      -0.384211898    
   984.32128617852277      -0.365181923    
   984.46450184652485      -0.348563284    
   984.60771751452694      -0.333732605    
   984.75093318252902      -0.318877876    
   984.89414885053111      -0.302037179    
   985.03736451853320      -0.282218337    
   985.18058018653528      -0.259967685    
   985.32379585453737      -0.237072349    
   985.46701152253945      -0.215567216    
   985.61022719054154      -0.196602762    
   985.75344285854362      -0.179806471    
   985.89665852654571      -0.163497701    
   986.03987419454779      -0.145641580    
   986.18308986254988      -0.125009686    
   986.32630553055196      -0.101890787    
   986.46952119855405       -7.79425055E-02
   986.61273686655613       -5.52633926E-02
   986.75595253455822       -3.52129564E-02
   986.89916820256030       -1.76531654E-02
   987.04238387056239       -1.04150828E-03
   987.18559953856447        1.66819543E-02
   987.32881520656656        3.69193740E-02
   987.47203087456865        5.96137121E-02
   987.61524654257073        8.32677037E-02
   987.75846221057282       0.105770268    
   987.90167787857490       0.125568315    
   988.04489354657699       0.142528221    
   988.18810921457907       0.158000201    
   988.33132488258116       0.174042925    
   988.47454055058324       0.192242026    
   988.61775621858533       0.212792784    
   988.76097188658741       0.234372213    
   988.90418755458950       0.254875332    
   989.04740322259158       0.272595406    
   989.19061889059367       0.287175745    
   989.33383455859575       0.299795508    
   989.47705022659784       0.312489182    
   989.62026589459992       0.326987118    
   989.76348156260201       0.343728036    
   989.90669723060410       0.361596912    
   990.04991289860618       0.378536344    
   990.19312856660827       0.392692685    
   990.33634423461035       0.403454661    
   990.47955990261244       0.411794662    
   990.62277557061452       0.419713289    
   990.76599123861661       0.429096967    
   990.90920690661869       0.440638930    
   991.05242257462078       0.453438461    
   991.19563824262286       0.465505451    
   991.33885391062495       0.474878877    
   991.48206957862703       0.480722576    
   991.62528524662912       0.483781874    
   991.76850091463120       0.485949337    
   991.91171658263329       0.489187747    
   992.05493225063537       0.494415194    
   992.19814791863746       0.500977933    
   992.34136358663955       0.507010162    
   992.48457925464163       0.510484338    
   992.62779492264372       0.510361552    
   992.77101059064580       0.507187784    
   992.91422625864789       0.502790749    
   993.05744192664997       0.499246597    
   993.20065759465206       0.497703671    
   993.34387326265414       0.497734010    
   993.48708893065623       0.497578532    
   993.63030459865831       0.495143235    
   993.77352026666040       0.489180923    
   993.91673593466248       0.479994416    
   994.05995160266457       0.469269007    
   994.20316727066665       0.459128231    
   994.34638293866874       0.450941980    
   994.48959860667082       0.444556683    
   994.63281427467291       0.438385397    
   994.77602994267500       0.430312872    
   994.91924561067708       0.418905318    
   995.06246127867917       0.404235929    
   995.20567694668125       0.387853652    
   995.34889261468334       0.371913314    
   995.49210828268542       0.357964218    
   995.63532395068751       0.346086025    
   995.77853961868959       0.334858119    
   995.92175528669168       0.322174788    
   996.06497095469376       0.306445062    
   996.20818662269585       0.287503839    
   996.35140229069793       0.266723752    
   996.49461795870002       0.246262193    
   996.63783362670210       0.227862030    
   996.78104929470419       0.211880833    
   996.92426496270627       0.197100833    
   997.06748063070836       0.181433797    
   997.21069629871045       0.163123652    
   997.35391196671253       0.141762316    
   997.49712763471462       0.118539661    
   997.64034330271670        9.55875069E-02
   997.78355897071879        7.47933984E-02
   997.92677463872087        5.67570366E-02
   998.06999030672296        4.04755771E-02
   998.21320597472504        2.39308532E-02
   998.35642164272713        5.24658198E-03
   998.49963731072921       -1.62338801E-02
   998.64285297873130       -3.95551957E-02
   998.78606864673338       -6.26673996E-02
   998.92928431473547       -8.35653841E-02
   999.07249998273755      -0.101407409    
   999.21571565073964      -0.116975725    
   999.35893131874172      -0.132214621    
   999.50214698674381      -0.149108186    
   999.64536265474590      -0.168537438    
   999.78857832274798      -0.189765453    
   999.93179399075007      -0.210838228    
   1000.0750096587522      -0.229669720    
   1000.2182253267542      -0.245197684    
   1000.3614409947563      -0.257962048    
   1000.5046566627584      -0.269782990    
   1000.6478723307605      -0.282718867    
   1000.7910879987626      -0.297887355    
   1000.9343036667647      -0.314814299    
   1001.0775193347667      -0.331682801    
   1001.2207350027688      -0.346346974    
   1001.3639506707709      -0.357537270    
   1001.5071663387730      -0.365570396    
   1001.6503820067751      -0.372158200    
   1001.7935976747772      -0.379425794    
   1001.9368133427793      -0.388699234    
   1002.0800290107813      -0.399750262    
   1002.2232446787834      -0.410921276    
   1002.3664603467855      -0.420054764    
   1002.5096760147876      -0.425702423    
   1002.6528916827897      -0.427934825    
   1002.7961073507918      -0.428297371    
   1002.9393230187939      -0.428934872    
   1003.0825386867959      -0.431375533    
   1003.2257543547980      -0.435661048    
   1003.3689700228001      -0.440318674    
   1003.5121856908022      -0.443194658    
   1003.6554013588043      -0.442676038    
   1003.7986170268064      -0.438605368    
   1003.9418326948085      -0.432369292    
   1004.0850483628105      -0.426114649    
   1004.2282640308126      -0.421538889    
   1004.3714796988147      -0.418938428    
   1004.5146953668168      -0.417047262    
   1004.6579110348189      -0.413754433    
   1004.8011267028210      -0.407297343    
   1004.9443423708231      -0.397262484    
   1005.0875580388251      -0.384829462    
   1005.2307737068272      -0.372116655    
   1005.3739893748293      -0.360993207    
   1005.5172050428314      -0.352029800    
   1005.6604207108335      -0.344185293    
   1005.8036363788356      -0.335409343    
   1005.9468520468376      -0.323816031    
   1006.0900677148397      -0.308760464    
   1006.2332833828418      -0.291208446    
   1006.3764990508439      -0.273196071    
   1006.5197147188460      -0.256689966    
   1006.6629303868481      -0.242492348    
   1006.8061460548502      -0.229804426    
   1006.9493617228522      -0.216691777    
   1007.0925773908543      -0.201190561    
   1007.2357930588564      -0.182433233    
   1007.3790087268585      -0.161157995    
   1007.5222243948606      -0.139310479    
   1007.6654400628627      -0.118959628    
   1007.8086557308648      -0.101142377    
   1007.9518713988668       -8.52936134E-02
   1008.0950870668689       -6.95841759E-02
   1008.2383027348710       -5.19715548E-02
   1008.3815184028731       -3.13658752E-02
   1008.5247340708752       -8.25397391E-03
   1008.6679497388773        1.55649502E-02
   1008.8111654068794        3.79790179E-02
   1008.9543810748814        5.77361286E-02
   1009.0975967428835        7.51318187E-02
   1009.2408124108856        9.18255448E-02
   1009.3840280788877       0.109886199    
   1009.5272437468898       0.130603641    
   1009.6704594148919       0.153739929    
   1009.8136750828940       0.177648172    
   1009.9568907508960       0.200193137    
   1010.1001064188981       0.219948500    
   1010.2433220869002       0.236988500    
   1010.3865377549023       0.252826542    
   1010.5297534229044       0.269541472    
   1010.6729690909065       0.288590193    
   1010.8161847589085       0.309976637    
   1010.9594004269106       0.332240760    
   1011.1026160949127       0.353270799    
   1011.2458317629148       0.371481776    
   1011.3890474309169       0.386699349    
   1011.5322630989190       0.400250137    
   1011.6754787669211       0.414204746    
   1011.8186944349231       0.430198580    
   1011.9619101029252       0.448498815    
   1012.1051257709273       0.467847526    
   1012.2483414389294       0.486169189    
   1012.3915571069315       0.501737714    
   1012.5347727749336       0.514140129    
   1012.6779884429357       0.524494350    
   1012.8212041109377       0.534804463    
   1012.9644197789398       0.546821058    
   1013.1076354469419       0.561048925    
   1013.2508511149440       0.576458037    
   1013.3940667829461       0.591059923    
   1013.5372824509482       0.603027284    
   1013.6804981189503       0.611725807    
   1013.8237137869523       0.618072569    
   1013.9669294549544       0.624013960    
   1014.1101451229565       0.631417871    
   1014.2533607909586       0.641011298    
   1014.3965764589607       0.651968837    
   1014.5397921269628       0.662383080    
   1014.6830077949649       0.670345485    
   1014.8262234629669       0.675021410    
   1014.9694391309690       0.677114844    
   1015.1126547989711       0.678466737    
   1015.2558704669732       0.681015730    
   1015.3990861349753       0.685705960    
   1015.5423018029774       0.691953540    
   1015.6855174709794       0.697972417    
   1015.8287331389815       0.701780021    
   1015.9719488069836       0.702316165    
   1016.1151644749857       0.700042129    
   1016.2583801429878       0.696677804    
   1016.4015958109899       0.694225788    
   1016.5448114789920       0.693838298    
   1016.6880271469940       0.695170999    
   1016.8312428149961       0.696586072    
   1016.9744584829982       0.696084082    
   1017.1176741510003       0.692435682    
   1017.2608898190024       0.685876250    
   1017.4041054870045       0.677974761    
   1017.5473211550066       0.670752108    
   1017.6905368230086       0.665542245    
   1017.8337524910107       0.662237823    
   1017.9769681590128       0.659349501    
   1018.1201838270149       0.654849708    
   1018.2633994950170       0.647324562    
   1018.4066151630191       0.636778831    
   1018.5498308310212       0.624635160    
   1018.6930464990232       0.612929761    
   1018.8362621670253       0.603165448    
   1018.9794778350274       0.595472217    
   1019.1226935030295       0.588544846    
   1019.2659091710316       0.580386937    
   1019.4091248390337       0.569439054    
   1019.5523405070358       0.555459142    
   1019.6955561750378       0.539663792    
   1019.8387718430399       0.524050236    
   1019.9819875110420       0.510276794    
   1020.1252031790441       0.498730510    
   1020.2684188470462       0.488310993    
   1020.4116345150483       0.477056444    
   1020.5548501830503       0.463258445    
   1020.6980658510524       0.446431994    
   1020.8412815190545       0.427589983    
   1020.9844971870566       0.408670485    
   1021.1277128550587       0.391445309    
   1021.2709285230608       0.376528800    
   1021.4141441910629       0.363042176    
   1021.5573598590649       0.349118233    
   1021.7005755270670       0.332961202    
   1021.8437911950691       0.313867480    
   1021.9870068630712       0.292633444    
   1022.1302225310733       0.271117806    
   1022.2734381990754       0.251201004    
   1022.4166538670775       0.233729035    
   1022.5598695350795       0.218041614    
   1022.7030852030816       0.202354223    
   1022.8463008710837       0.184775770    
   1022.9895165390858       0.164382190    
   1023.1327322070879       0.141739517    
   1023.2759478750900       0.118586749    
   1023.4191635430921        9.68643501E-02
   1023.5623792110941        7.76366442E-02
   1023.7055948790962        6.05094023E-02
   1023.8488105470983        4.38652448E-02
   1023.9920262151004        2.57847644E-02
   1024.1352418831025        5.13893692E-03
   1024.2784575511046       -1.77609362E-02
   1024.4216732191067       -4.13256660E-02
   1024.5648888871087       -6.35756254E-02
   1024.7081045551108       -8.32516998E-02
   1024.8513202231129      -0.100517541    
   1024.9945358911150      -0.116853528    
   1025.1377515591171      -0.134205371    
   1025.2809672271192      -0.153873667    
   1025.4241828951212      -0.175772294    
   1025.5673985631233      -0.198469207    
   1025.7106142311254      -0.219981104    
   1025.8538298991275      -0.238874078    
   1025.9970455671296      -0.255054981    
   1026.1402612351317      -0.269810915    
   1026.2834769031338      -0.285073042    
   1026.4266925711358      -0.302316040    
   1026.5699082391379      -0.321713328    
   1026.7131239071400      -0.342028111    
   1026.8563395751421      -0.361303747    
   1026.9995552431442      -0.377960563    
   1027.1427709111463      -0.391674757    
   1027.2859865791484      -0.403543115    
   1027.4292022471504      -0.415446430    
   1027.5724179151525      -0.428976923    
   1027.7156335831546      -0.444533885    
   1027.8588492511567      -0.461091489    
   1028.0020649191588      -0.476764619    
   1028.1452805871609      -0.489856750    
   1028.2884962551630      -0.499804586    
   1028.4317119231650      -0.507489085    
   1028.5749275911671      -0.514733255    
   1028.7181432591692      -0.523265123    
   1028.8613589271713      -0.533732772    
   1029.0045745951734      -0.545331538    
   1029.1477902631755      -0.556256890    
   1029.2910059311776      -0.564722657    
   1029.4342215991796      -0.569963396    
   1029.5774372671817      -0.572654963    
   1029.7206529351838      -0.574521840    
   1029.8638686031859      -0.577358961    
   1030.0070842711880      -0.582018733    
   1030.1502999391901      -0.587928772    
   1030.2935156071921      -0.593408883    
   1030.4367312751942      -0.596610963    
   1030.5799469431963      -0.596558034    
   1030.7231626111984      -0.593695998    
   1030.8663782792005      -0.589643240    
   1031.0095939472026      -0.586275756    
   1031.1528096152047      -0.584665954    
   1031.2960252832067      -0.584479213    
   1031.4392409512088      -0.584168971    
   1031.5824566192109      -0.581855595    
   1031.7256722872130      -0.576387227    
   1031.8688879552151      -0.567987025    
   1032.0121036232172      -0.558127165    
   1032.1553192912193      -0.548705339    
   1032.2985349592213      -0.540984154    
   1032.4417506272234      -0.534885585    
   1032.5849662952255      -0.529037774    
   1032.7281819632276      -0.521552444    
   1032.8713976312297      -0.511099815    
   1033.0146132992318      -0.497672766    
   1033.1578289672339      -0.482602686    
   1033.3010446352359      -0.467815667    
   1033.4442603032380      -0.454752624    
   1033.5874759712401      -0.443568200    
   1033.7306916392422      -0.433059752    
   1033.8739073072443      -0.421360314    
   1034.0171229752464      -0.406999648    
   1034.1603386432485      -0.389738292    
   1034.3035543112505      -0.370712191    
   1034.4467699792526      -0.351809204    
   1034.5899856472547      -0.334624678    
   1034.7332013152568      -0.319578201    
   1034.8764169832589      -0.305689096    
   1035.0196326512610      -0.291142523    
   1035.1628483192630      -0.274331182    
   1035.3060639872651      -0.254782140    
   1035.4492796552672      -0.233440325    
   1035.5924953232693      -0.212147251    
   1035.7357109912714      -0.192614168    
   1035.8789266592735      -0.175473884    
   1036.0221423272756      -0.159944728    
   1036.1653579952776      -0.144290164    
   1036.3085736632797      -0.126811966    
   1036.4517893312818      -0.106821015    
   1036.5950049992839       -8.50443095E-02
   1036.7382206672860       -6.32385164E-02
   1036.8814363352881       -4.32214886E-02
   1037.0246520032902       -2.58621797E-02
   1037.1678676712922       -1.06003471E-02
   1037.3110833392943        4.22678888E-03
   1037.4542990072964        2.04323642E-02
   1037.5975146752985        3.89429405E-02
   1037.7407303433006        5.92662171E-02
   1037.8839460113027        7.97618553E-02
   1038.0271616793048        9.85558406E-02
   1038.1703773473068       0.114578880    
   1038.3135930153089       0.128147766    
   1038.4568086833110       0.140769541    
   1038.6000243513131       0.154281110    
   1038.7432400193152       0.169803604    
   1038.8864556873173       0.187095270    
   1039.0296713553194       0.204669312    
   1039.1728870233214       0.220618263    
   1039.3161026913235       0.233684719    
   1039.4593183593256       0.243970647    
   1039.6025340273277       0.252877980    
   1039.7457496953298       0.262310863    
   1039.8889653633319       0.273594230    
   1040.0321810313339       0.286722928    
   1040.1753966993360       0.300362647    
   1040.3186123673381       0.312596351    
   1040.4618280353402       0.321993083    
   1040.6050437033423       0.328401893    
   1040.7482593713444       0.333030879    
   1040.8914750393465       0.337766558    
   1041.0346907073485       0.344111323    
   1041.1779063753506       0.352332324    
   1041.3211220433527       0.361304015    
   1041.4643377113548       0.369139224    
   1041.6075533793569       0.374255657    
   1041.7507690473590       0.376271546    
   1041.8939847153611       0.376220465    
   1042.0372003833631       0.375964880    
   1042.1804160513652       0.377145380    
   1042.3236317193673       0.380260944    
   1042.4668473873694       0.384395063    
   1042.6100630553715       0.387735665    
   1042.7532787233736       0.388596475    
   1042.8964943913757       0.386370361    
   1043.0397100593777       0.381883174    
   1043.1829257273798       0.376944453    
   1043.3261413953819       0.373339653    
   1043.4693570633840       0.371827155    
   1043.6125727313861       0.371710658    
   1043.7557883993882       0.371235937    
   1043.8990040673903       0.368590176    
   1044.0422197353923       0.362934738    
   1044.1854354033944       0.354884386    
   1044.3286510713965       0.346164882    
   1044.4718667393986       0.338649005    
   1044.6150824074007       0.333316058    
   1044.7582980754028       0.329715967    
   1044.9015137434048       0.326232970    
   1045.0447294114069       0.321001261    
   1045.1879450794090       0.312963545    
   1045.3311607474111       0.302480996    
   1045.4743764154132       0.291147262    
   1045.6175920834153       0.280903369    
   1045.7608077514174       0.272949815    
   1045.9040234194194       0.267073691    
   1046.0472390874215       0.261776835    
   1046.1904547554236       0.255132407    
   1046.3336704234257       0.245882154    
   1046.4768860914278       0.234153464    
   1046.6201017594299       0.221395791    
   1046.7633174274320       0.209577620    
   1046.9065330954340       0.200095251    
   1047.0497487634361       0.193001255    
   1047.1929644314382       0.186982691    
   1047.3361800994403       0.180105373    
   1047.4793957674424       0.170912862    
   1047.6226114354445       0.159263387    
   1047.7658271034466       0.146426693    
   1047.9090427714486       0.134378344    
   1048.0522584394507       0.124688983    
   1048.1954741074528       0.117641494    
   1048.3386897754549       0.112079099    
   1048.4819054434570       0.106067270    
   1048.6251211114591        9.79897752E-02
   1048.7683367794612        8.74599814E-02
   1048.9115524474632        7.55401328E-02
   1049.0547681154653        6.41513318E-02
   1049.1979837834674        5.50048575E-02
   1049.3411994514695        4.86488752E-02
   1049.4844151194716        4.41629440E-02
   1049.6276307874737        3.96767855E-02
   1049.7708464554757        3.34288888E-02
   1049.9140621234778        2.47703902E-02
   1050.0572777914799        1.45422993E-02
   1050.2004934594820        4.60698409E-03
   1050.3437091274841       -3.20121925E-03
   1050.4869247954862       -8.10843240E-03
   1050.6301404634883       -1.08311977E-02
   1050.7733561314903       -1.31650222E-02
   1050.9165717994924       -1.69685334E-02
   1051.0597874674945       -2.31153090E-02
   1051.2030031354966       -3.09984740E-02
   1051.3462188034987       -3.88643183E-02
   1051.4894344715008       -4.47916947E-02
   1051.6326501395029       -4.77727503E-02
   1051.7758658075049       -4.82871532E-02
   1051.9190814755070       -4.80389930E-02
   1052.0622971435091       -4.89973389E-02
   1052.2055128115112       -5.22819310E-02
   1052.3487284795133       -5.75293750E-02
   1052.4919441475154       -6.31014183E-02
   1052.6351598155175       -6.70139045E-02
   1052.7783754835195       -6.80555776E-02
   1052.9215911515216       -6.64649457E-02
   1053.0648068195237       -6.37900606E-02
   1053.2080224875258       -6.20159805E-02
   1053.3512381555279       -6.24496043E-02
   1053.4944538235300       -6.49832711E-02
   1053.6376694915321       -6.81496263E-02
   1053.7808851595341       -6.99430332E-02
   1053.9241008275362       -6.89526722E-02
   1054.0673164955383       -6.51690438E-02
   1054.2105321635404       -6.00011982E-02
   1054.3537478315425       -5.54874949E-02
   1054.4969634995446       -5.31458259E-02
   1054.6401791675466       -5.31183481E-02
   1054.7833948355487       -5.40966615E-02
   1054.9266105035508       -5.40660881E-02
   1055.0698261715529       -5.14443368E-02
   1055.2130418395550       -4.59730439E-02
   1055.3562575075571       -3.88651788E-02
   1055.4994731755592       -3.21280807E-02
   1055.6426888435612       -2.74395924E-02
   1055.7859045115633       -2.52045561E-02
   1055.9291201795654       -2.43235044E-02
   1056.0723358475675       -2.28110310E-02
   1056.2155515155696       -1.89211238E-02
   1056.3587671835717       -1.21424710E-02
   1056.5019828515738       -3.49441101E-03
   1056.6451985195758        5.04753273E-03
   1056.7884141875779        1.16681308E-02
   1056.9316298555800        1.57341026E-02
   1057.0748455235821        1.81436092E-02
   1057.2180611915842        2.08120812E-02
   1057.3612768595863        2.55886652E-02
   1057.5044925275884        3.32113355E-02
   1057.6477081955904        4.28833961E-02
   1057.7909238635925        5.27093671E-02
   1057.9341395315946        6.07517846E-02
   1058.0773551995967        6.61206767E-02
   1058.2205708675988        6.94802105E-02
   1058.3637865356009        7.26777092E-02
   1058.5070022036030        7.76971877E-02
   1058.6502178716050        8.55296850E-02
   1058.7934335396071        9.56052840E-02
   1058.9366492076092       0.106110819    
   1059.0798648756113       0.115010262    
   1059.2230805436134       0.121186905    
   1059.3662962116155       0.125063553    
   1059.5095118796175       0.128356323    
   1059.6527275476196       0.133103207    
   1059.7959432156217       0.140511364    
   1059.9391588836238       0.150267437    
   1060.0823745516259       0.160700902    
   1060.2255902196280       0.169715628    
   1060.3688058876301       0.175969437    
   1060.5120215556321       0.179633155    
   1060.6552372236342       0.182292670    
   1060.7984528916363       0.186045215    
   1060.9416685596384       0.192303821    
   1061.0848842276405       0.200990796    
   1061.2280998956426       0.210575685    
   1061.3713155636447       0.218931243    
   1061.5145312316467       0.224521756    
   1061.6577468996488       0.227257639    
   1061.8009625676509       0.228540778    
   1061.9441782356530       0.230475411    
   1062.0873939036551       0.234681979    
   1062.2306095716572       0.241375878    
   1062.3738252396593       0.249232531    
   1062.5170409076613       0.256123245    
   1062.6602565756634       0.260312051    
   1062.8034722436655       0.261434853    
   1062.9466879116676       0.260700762    
   1063.0899035796697       0.260199934    
   1063.2331192476718       0.261713624    
   1063.3763349156739       0.265703946    
   1063.5195505836759       0.271052331    
   1063.6627662516780       0.275688380    
   1063.8059819196801       0.277751803    
   1063.9491975876822       0.276635438    
   1064.0924132556843       0.273326308    
   1064.2356289236864       0.269851357    
   1064.3788445916884       0.268134028    
   1064.5220602596905       0.268902749    
   1064.6652759276926       0.271270633    
   1064.8084915956947       0.273231030    
   1064.9517072636968       0.272791594    
   1065.0949229316989       0.269101977    
   1065.2381385997010       0.262932807    
   1065.3813542677030       0.256235868    
   1065.5245699357051       0.251039773    
   1065.6677856037072       0.248307124    
   1065.8110012717093       0.247394159    
   1065.9542169397114       0.246412128    
   1066.0974326077135       0.243286535    
   1066.2406482757156       0.236923516    
   1066.3838639437176       0.227830559    
   1066.5270796117197       0.217838526    
   1066.6702952797218       0.209073991    
   1066.8135109477239       0.202758223    
   1066.9567266157260       0.198515430    
   1067.0999422837281       0.194588035    
   1067.2431579517302       0.188838527    
   1067.3863736197322       0.179965585    
   1067.5295892877343       0.168242589    
   1067.6728049557364       0.155363083    
   1067.8160206237385       0.143486962    
   1067.9592362917406       0.134028926    
   1068.1024519597427       0.126869097    
   1068.2456676277448       0.120426528    
   1068.3888832957468       0.112554945    
   1068.5320989637489       0.101760916    
   1068.6753146317510        8.80601034E-02
   1068.8185302997531        7.29842260E-02
   1068.9617459677552        5.87279014E-02
   1069.1049616357573        4.69152369E-02
   1069.2481773037593        3.76875997E-02
   1069.3913929717614        2.96328254E-02
   1069.5346086397635        2.05946881E-02
   1069.6778243077656        8.90007243E-03
   1069.8210399757677       -5.69120795E-03
   1069.9642556437698       -2.18456537E-02
   1070.1074713117719       -3.73978689E-02
   1070.2506869797739       -5.05562089E-02
   1070.3939026477760       -6.08977675E-02
   1070.5371183157781       -6.95954710E-02
   1070.6803339837802       -7.87463635E-02
   1070.8235496517823       -9.01739970E-02
   1070.9667653197844      -0.104379788    
   1071.1099809877865      -0.120241359    
   1071.2531966557885      -0.135634765    
   1071.3964123237906      -0.148628473    
   1071.5396279917927      -0.158567488    
   1071.6828436597948      -0.166429967    
   1071.8260593277969      -0.174257398    
   1071.9692749957990      -0.183987096    
   1072.1124906638011      -0.196348563    
   1072.2557063318031      -0.210442916    
   1072.3989219998052      -0.224237606    
   1072.5421376678073      -0.235698327    
   1072.6853533358094      -0.243924633    
   1072.8285690038115      -0.249651402    
   1072.9717846718136      -0.254829168    
   1073.1150003398157      -0.261514485    
   1073.2582160078177      -0.270696193    
   1073.4014316758198      -0.281725645    
   1073.5446473438219      -0.292677283    
   1073.6878630118240      -0.301433563    
   1073.8310786798261      -0.306875706    
   1073.9742943478282      -0.309504867    
   1074.1175100158302      -0.311147273    
   1074.2607256838323      -0.313915074    
   1074.4039413518344      -0.319009602    
   1074.5471570198365      -0.326037586    
   1074.6903726878386      -0.333223492    
   1074.8335883558407      -0.338401258    
   1074.9768040238428      -0.340231210    
   1075.1200196918448      -0.338956296    
   1075.2632353598469      -0.336264521    
   1075.4064510278490      -0.334330499    
   1075.5496666958511      -0.334579438    
   1075.6928823638532      -0.336878598    
   1075.8360980318553      -0.339616686    
   1075.9793136998574      -0.340621889    
   1076.1225293678594      -0.338393182    
   1076.2657450358615      -0.332947552    
   1076.4089607038636      -0.325809777    
   1076.5521763718657      -0.319155455    
   1076.6953920398678      -0.314590335    
   1076.8386077078699      -0.312248945    
   1076.9818233758720      -0.310718894    
   1077.1250390438740      -0.307837605    
   1077.2682547118761      -0.301916808    
   1077.4114703798782      -0.292703867    
   1077.5546860478803      -0.281531900    
   1077.6979017158824      -0.270569921    
   1077.8411173838845      -0.261599690    
   1077.9843330518866      -0.255015820    
   1078.1275487198886      -0.249615893    
   1078.2707643878907      -0.243294135    
   1078.4139800558928      -0.234240904    
   1078.5571957238949      -0.221970484    
   1078.7004113918970      -0.207602054    
   1078.8436270598991      -0.193238497    
   1078.9868427279011      -0.180791885    
   1079.1300583959032      -0.170914501    
   1079.2732740639053      -0.162638828    
   1079.4164897319074      -0.153934881    
   1079.5597053999095      -0.142873287    
   1079.7029210679116      -0.128734350    
   1079.8461367359137      -0.112429932    
   1079.9893524039157       -9.59972590E-02
   1080.1325680719178       -8.14553425E-02
   1080.2757837399199       -6.96762577E-02
   1080.4189994079220       -5.99091500E-02
   1080.5622150759241       -5.02199009E-02
   1080.7054307439262       -3.85933816E-02
   1080.8486464119283       -2.40778010E-02
   1080.9918620799303       -7.33111519E-03
   1081.1350777479324        9.73631907E-03
   1081.2782934159345        2.50246935E-02
   1081.4215090839366        3.74177508E-02
   1081.5647247519387        4.74028401E-02
   1081.7079404199408        5.67826815E-02
   1081.8511560879429        6.76389337E-02
   1081.9943717559449        8.11369792E-02
   1082.1375874239470        9.68537703E-02
   1082.2808030919491       0.113009900    
   1082.4240187599512       0.127469525    
   1082.5672344279533       0.138937309    
   1082.7104500959554       0.147676423    
   1082.8536657639575       0.155347422    
   1082.9968814319595       0.164062560    
   1083.1400970999616       0.175187349    
   1083.2833127679637       0.188561633    
   1083.4265284359658       0.202579409    
   1083.5697441039679       0.215086639    
   1083.7129597719700       0.224593312    
   1083.8561754399720       0.231112897    
   1083.9993911079741       0.236150160    
   1084.1426067759762       0.241842926    
   1084.2858224439783       0.249747247    
   1084.4290381119804       0.259957343    
   1084.5722537799825       0.271055788    
   1084.7154694479846       0.280915707    
   1084.8586851159866       0.287897110    
   1085.0019007839887       0.291764230    
   1085.1451164519908       0.293811560    
   1085.2883321199929       0.296130449    
   1085.4315477879950       0.300426513    
   1085.5747634559971       0.307052553    
   1085.7179791239992       0.314804554    
   1085.8611947920012       0.321601391    
   1086.0044104600033       0.325666308    
   1086.1476261280054       0.326538235    
   1086.2908417960075       0.325335324    
   1086.4340574640096       0.324121028    
   1086.5772731320117       0.324736327    
   1086.7204888000138       0.327763349    
   1086.8637044680158       0.332203597    
   1087.0069201360179       0.336046815    
   1087.1501358040200       0.337405264    
   1087.2933514720221       0.335576624    
   1087.4365671400242       0.331440955    
   1087.5797828080263       0.326969564    
   1087.7229984760284       0.324119389    
   1087.8662141440304       0.323733598    
   1088.0094298120325       0.325070679    
   1088.1526454800346       0.326231837    
   1088.2958611480367       0.325245708    
   1088.4390768160388       0.321192533    
   1088.5822924840409       0.314728588    
   1088.7255081520429       0.307715714    
   1088.8687238200450       0.302171618    
   1089.0119394880471       0.299137592    
   1089.1551551560492       0.298100412    
   1089.2983708240513       0.297289580    
   1089.4415864920534       0.294680446    
   1089.5848021600555       0.289140850    
   1089.7280178280575       0.281077653    
   1089.8712334960596       0.272217184    
   1090.0144491640617       0.264638841    
   1090.1576648320638       0.259605706    
   1090.3008805000659       0.256856471    
   1090.4440961680680       0.254762530    
   1090.5873118360701       0.251260042    
   1090.7305275040721       0.245023906    
   1090.8737431720742       0.236216709    
   1091.0169588400763       0.226393521    
   1091.1601745080784       0.217624232    
   1091.3033901760805       0.211333007    
   1091.4466058440826       0.207506225    
   1091.5898215120847       0.204709440    
   1091.7330371800867       0.200902134    
   1091.8762528480888       0.194593832    
   1092.0194685160909       0.185692489    
   1092.1626841840930       0.175564319    
   1092.3058998520951       0.166266948    
   1092.4491155200972       0.159388125    
   1092.5923311880993       0.155150339    
   1092.7355468561013       0.152291164    
   1092.8787625241034       0.148785144    
   1093.0219781921055       0.142993689    
   1093.1651938601076       0.134589866    
   1093.3084095281097       0.124739267    
   1093.4516251961118       0.115440920    
   1093.5948408641138       0.108402491    
   1093.7380565321159       0.104081489    
   1093.8812722001180       0.101429857    
   1094.0244878681201        9.84866619E-02
   1094.1677035361222        9.34877172E-02
   1094.3109192041243        8.58664438E-02
   1094.4541348721264        7.65770674E-02
   1094.5973505401284        6.75541312E-02
   1094.7405662081305        6.06156178E-02
   1094.8837818761326        5.64352274E-02
   1095.0269975441347        5.41672185E-02
   1095.1702132121368        5.19315712E-02
   1095.3134288801389        4.78784963E-02
   1095.4566445481410        4.12294306E-02
   1095.5998602161430        3.27122472E-02
   1095.7430758841451        2.41515934E-02
   1095.8862915521472        1.74460281E-02
   1096.0295072201493        1.35039156E-02
   1096.1727228881514        1.17344130E-02
   1096.3159385561535        1.03824669E-02
   1096.4591542241556        7.52306357E-03
   1096.6023698921576        2.15394562E-03
   1096.7455855601597       -5.23480494E-03
   1096.8888012281618       -1.29399234E-02
   1097.0320168961639       -1.90129653E-02
   1097.1752325641660       -2.23639123E-02
   1097.3184482321681       -2.33736057E-02
   1097.4616639001702       -2.36726068E-02
   1097.6048795681722       -2.52175480E-02
   1097.7480952361743       -2.91882865E-02
   1097.8913109041764       -3.53244208E-02
   1098.0345265721785       -4.20712829E-02
   1098.1777422401806       -4.74534556E-02
   1098.3209579081827       -5.01866564E-02
   1098.4641735761847       -5.04021049E-02
   1098.6073892441868       -4.95718010E-02
   1098.7506049121889       -4.96739447E-02
   1098.8938205801910       -5.20712323E-02
   1099.0370362481931       -5.67399748E-02
   1099.1802519161952       -6.22867607E-02
   1099.3234675841973       -6.67384788E-02
   1099.4666832521993       -6.86533526E-02
   1099.6098989202014       -6.79250807E-02
   1099.7531145882035       -6.58323020E-02
   1099.8963302562056       -6.43116757E-02
   1100.0395459242077       -6.48645684E-02
   1100.1827615922098       -6.77092150E-02
   1100.3259772602119       -7.16536865E-02
   1100.4691929282139       -7.47643486E-02
   1100.6124085962160       -7.54575655E-02
   1100.7556242642181       -7.33983368E-02
   1100.8988399322202       -6.96931109E-02
   1101.0420556002223       -6.62632436E-02
   1101.1852712682244       -6.47547990E-02
   1101.3284869362265       -6.56063259E-02
   1101.4717026042285       -6.78037554E-02
   1101.6149182722306       -6.94566071E-02
   1101.7581339402327       -6.88642040E-02
   1101.9013496082348       -6.54693916E-02
   1102.0445652762369       -6.01668954E-02
   1102.1877809442390       -5.47974110E-02
   1102.3309966122411       -5.11120707E-02
   1102.4742122802431       -4.97867391E-02
   1102.6174279482452       -5.00397459E-02
   1102.7606436162473       -5.00713326E-02
   1102.9038592842494       -4.80802469E-02
   1103.0470749522515       -4.32830900E-02
   1103.1902906202536       -3.63570489E-02
   1103.3335062882556       -2.90546548E-02
   1103.4767219562577       -2.32118741E-02
   1103.6199376242598       -1.97144467E-02
   1103.7631532922619       -1.80057213E-02
   1103.9063689602640       -1.64081082E-02
   1104.0495846282661       -1.30721079E-02
   1104.1928002962682       -7.01919431E-03
   1104.3360159642702        1.30401156E-03
   1104.4792316322723        1.02704093E-02
   1104.6224473002744        1.79818571E-02
   1104.7656629682765        2.33357958E-02
   1104.9088786362786        2.66474411E-02
   1105.0520943042807        2.94711813E-02
   1105.1953099722828        3.37179340E-02
   1105.3385256402848        4.05688174E-02
   1105.4817413082869        4.98036481E-02
   1105.6249569762890        5.99244051E-02
   1105.7681726442911        6.89985007E-02
   1105.9113883122932        7.57399499E-02
   1106.0546039802953        8.02189261E-02
   1106.1978196482974        8.38062018E-02
   1106.3410353162994        8.83894414E-02
   1106.4842509843015        9.53021348E-02
   1106.6274666523036       0.104563877    
   1106.7706823203057       0.114858009    
   1106.9138979883078       0.124262519    
   1107.0571136563099       0.131325901    
   1107.2003293243120       0.135880306    
   1107.3435449923140       0.139128655    
   1107.4867606603161       0.142954126    
   1107.6299763283182       0.148844644    
   1107.7731919963203       0.157043919    
   1107.9164076643224       0.166407734    
   1108.0596233323245       0.175041765    
   1108.2028390003265       0.181357473    
   1108.3460546683286       0.184953108    
   1108.4892703363307       0.186828956    
   1108.6324860043328       0.188817352    
   1108.7757016723349       0.192544937    
   1108.9189173403370       0.198506936    
   1109.0621330083391       0.205775991    
   1109.2053486763411       0.212514758    
   1109.3485643443432       0.217006505    
   1109.4917800123453       0.218619138    
   1109.6349956803474       0.218153045    
   1109.7782113483495       0.217375800    
   1109.9214270163516       0.218011618    
   1110.0646426843537       0.220761240    
   1110.2078583523557       0.224903896    
   1110.3510740203578       0.228699386    
   1110.4942896883599       0.230359688    
   1110.6375053563620       0.229045346    
   1110.7807210243641       0.225331187    
   1110.9239366923662       0.220880419    
   1111.0671523603683       0.217506334    
   1111.2103680283703       0.216145694    
   1111.3535836963724       0.216323704    
   1111.4967993643745       0.216417640    
   1111.6400150323766       0.214573294    
   1111.7832307003787       0.209754363    
   1111.9264463683808       0.202328056    
   1112.0696620363829       0.193856403    
   1112.2128777043849       0.186215252    
   1112.3560933723870       0.180540666    
   1112.4993090403891       0.176593736    
   1112.6425247083912       0.172896177    
   1112.7857403763933       0.167559072    
   1112.9289560443954       0.159342527    
   1113.0721717123974       0.148354396    
   1113.2153873803995       0.135993883    
   1113.3586030484016       0.124166749    
   1113.5018187164037       0.114211954    
   1113.6450343844058       0.106148481    
   1113.7882500524079        9.86725539E-02
   1113.9314657204100        8.99071097E-02
   1114.0746813884120        7.84751475E-02
   1114.2178970564141        6.42863810E-02
   1114.3611127244162        4.85950708E-02
   1114.5043283924183        3.33022140E-02
   1114.6475440604204        1.98980346E-02
   1114.7907597284225        8.63672793E-03
   1114.9339753964246       -1.59704848E-03
   1115.0771910644266       -1.26545718E-02
   1115.2204067324287       -2.60730647E-02
   1115.3636224004308       -4.21958603E-02
   1115.5068380684329       -5.99603988E-02
   1115.6500537364350       -7.74799511E-02
   1115.7932694044371       -9.30943191E-02
   1115.9364850724392      -0.106294125    
   1116.0797007404412      -0.117992915    
   1116.2229164084433      -0.129993945    
   1116.3661320764454      -0.143957168    
   1116.5093477444475      -0.160451666    
   1116.6525634124496      -0.178624496    
   1116.7957790804517      -0.196666956    
   1116.9389947484538      -0.212814584    
   1117.0822104164558      -0.226322085    
   1117.2254260844579      -0.237868324    
   1117.3686417524600      -0.249161467    
   1117.5118574204621      -0.261961043    
   1117.6550730884642      -0.277065486    
   1117.7982887564663      -0.293840051    
   1117.9415044244683      -0.310557216    
   1118.0847200924704      -0.325358480    
   1118.2279357604725      -0.337290138    
   1118.3711514284746      -0.346825361    
   1118.5143670964767      -0.355580449    
   1118.6575827644788      -0.365390748    
   1118.8007984324809      -0.377268821    
   1118.9440141004829      -0.390826851    
   1119.0872297684850      -0.404483259    
   1119.2304454364871      -0.416337699    
   1119.3736611044892      -0.425227791    
   1119.5168767724913      -0.431376129    
   1119.6600924404934      -0.436259806    
   1119.8033081084955      -0.441769451    
   1119.9465237764975      -0.449129432    
   1120.0897394444996      -0.458192676    
   1120.2329551125017      -0.467513293    
   1120.3761707805038      -0.475155652    
   1120.5193864485059      -0.479778916    
   1120.6626021165080      -0.481382757    
   1120.8058177845101      -0.481297046    
   1120.9490334525121      -0.481426567    
   1121.0922491205142      -0.483176619    
   1121.2354647885163      -0.486659706    
   1121.3786804565184      -0.490626633    
   1121.5218961245205      -0.493163258    
   1121.6651117925226      -0.492766201    
   1121.8083274605247      -0.489193439    
   1121.9515431285267      -0.483605444    
   1122.0947587965288      -0.477911592    
   1122.2379744645309      -0.473690182    
   1122.3811901325330      -0.471296906    
   1122.5244058005351      -0.469668359    
   1122.6676214685372      -0.466928989    
   1122.8108371365392      -0.461453825    
   1122.9540528045413      -0.452786505    
   1123.0972684725434      -0.441899598    
   1123.2404841405455      -0.430654198    
   1123.3836998085476      -0.420761436    
   1123.5269154765497      -0.412824392    
   1123.6701311445518      -0.405998200    
   1123.8133468125538      -0.398464739    
   1123.9565624805559      -0.388462305    
   1124.0997781485580      -0.375291139    
   1124.2429938165601      -0.359722644    
   1124.3862094845622      -0.343575448    
   1124.5294251525643      -0.328698367    
   1124.6726408205664      -0.315938622    
   1124.8158564885684      -0.304679662    
   1124.9590721565705      -0.293205380    
   1125.1022878245726      -0.279680312    
   1125.2455034925747      -0.263193220    
   1125.3887191605768      -0.244281262    
   1125.5319348285789      -0.224642202    
   1125.6751504965810      -0.206193745    
   1125.8183661645830      -0.190004349    
   1125.9615818325851      -0.175697491    
   1126.1047975005872      -0.161671415    
   1126.2480131685893      -0.146016926    
   1126.3912288365914      -0.127614930    
   1126.5344445045935      -0.106788665    
   1126.6776601725956       -8.51378813E-02
   1126.8208758405976       -6.46502078E-02
   1126.9640915085997       -4.65950035E-02
   1127.1073071766018       -3.08237635E-02
   1127.2505228446039       -1.58669595E-02
   1127.3937385126060        2.30002042E-04
   1127.5369541806081        1.87992845E-02
   1127.6801698486101        3.97890471E-02
   1127.8233855166122        6.17752299E-02
   1127.9666011846143        8.27456638E-02
   1128.1098168526164       0.101221323    
   1128.2530325206185       0.117082566    
   1128.3962481886206       0.131628141    
   1128.5394638566227       0.146828711    
   1128.6826795246247       0.164198101    
   1128.8258951926268       0.183925480    
   1128.9691108606289       0.204760358    
   1129.1123265286310       0.224711582    
   1129.2555421966331       0.242161170    
   1129.3987578646352       0.256765664    
   1129.5419735326373       0.269641638    
   1129.6851892006393       0.282732308    
   1129.8284048686414       0.297708064    
   1129.9716205366435       0.315014064    
   1130.1148362046456       0.333602130    
   1130.2580518726477       0.351505309    
   1130.4012675406498       0.366937697    
   1130.5444832086519       0.379298955    
   1130.6876988766539       0.389510512    
   1130.8309145446560       0.399490297    
   1130.9741302126581       0.411064565    
   1131.1173458806602       0.424935013    
   1131.2605615486623       0.440283358    
   1131.4037772166644       0.455230981    
   1131.5469928846665       0.467891961    
   1131.6902085526685       0.477428257    
   1131.8334242206706       0.484518021    
   1131.9766398886727       0.490973264    
   1132.1198555566748       0.498717040    
   1132.2630712246769       0.508691728    
   1132.4062868926790       0.520315945    
   1132.5495025606810       0.531804919    
   1132.6927182286831       0.541177273    
   1132.8359338966852       0.547377884    
   1132.9791495646873       0.550876200    
   1133.1223652326894       0.553400815    
   1133.2655809006915       0.556963563    
   1133.4087965686936       0.562727928    
   1133.5520122366956       0.570357203    
   1133.6952279046977       0.578204691    
   1133.8384435726998       0.584236801    
   1133.9816592407019       0.587173700    
   1134.1248749087040       0.587211251    
   1134.2680905767061       0.585915983    
   1134.4113062447082       0.585346699    
   1134.5545219127102       0.586892128    
   1134.6977375807123       0.590483546    
   1134.8409532487144       0.594632804    
   1134.9841689167165       0.597277820    
   1135.1273845847186       0.596953511    
   1135.2706002527207       0.593622446    
   1135.4138159207228       0.588695288    
   1135.5570315887248       0.584235013    
   1135.7002472567269       0.581796587    
   1135.8434629247290       0.581553876    
   1135.9866785927311       0.582202077    
   1136.1298942607332       0.581691027    
   1136.2731099287353       0.578381658    
   1136.4163255967374       0.571977496    
   1136.5595412647394       0.563702881    
   1136.7027569327415       0.555619776    
   1136.8459726007436       0.549465656    
   1136.9891882687457       0.545671880    
   1137.1324039367478       0.543122888    
   1137.2756196047499       0.539792180    
   1137.4188352727519       0.533890784    
   1137.5620509407540       0.524876237    
   1137.7052666087561       0.513755918    
   1137.8484822767582       0.502518952    
   1137.9916979447603       0.493019491    
   1138.1349136127624       0.485935211    
   1138.2781292807645       0.480385035    
   1138.4213449487665       0.474422932    
   1138.5645606167686       0.466137022    
   1138.7077762847707       0.454737514    
   1138.8509919527728       0.441014677    
   1138.9942076207749       0.426900595    
   1139.1374232887770       0.414379179    
   1139.2806389567791       0.404365301    
   1139.4238546247811       0.396191567    
   1139.5670702927832       0.387992352    
   1139.7102859607853       0.377763033    
   1139.8535016287874       0.364493608    
   1139.9967172967895       0.348739833    
   1140.1399329647916       0.332314730    
   1140.2831486327937       0.317273915    
   1140.4263643007957       0.304762512    
   1140.5695799687978       0.294370443    
   1140.7127956367999       0.284363389    
   1140.8560113048020       0.272665709    
   1140.9992269728041       0.258041859    
   1141.1424426408062       0.240805164    
   1141.2856583088083       0.222647578    
   1141.4288739768103       0.205687389    
   1141.5720896448124       0.191277966    
   1141.7153053128145       0.179253563    
   1141.8585209808166       0.168034866    
   1142.0017366488187       0.155529380    
   1142.1449523168208       0.140318140    
   1142.2881679848228       0.122464068    
   1142.4313836528249       0.103489600    
   1142.5745993208270        8.55326802E-02
   1142.7178149888291        7.01502785E-02
   1142.8610306568312        5.74422888E-02
   1143.0042463248333        4.59961183E-02
   1143.1474619928354        3.36908214E-02
   1143.2906776608374        1.89075619E-02
   1143.4338933288395        1.45640061E-03
   1143.5771089968416       -1.73095930E-02
   1143.7203246648437       -3.52554843E-02
   1143.8635403328458       -5.06642908E-02
   1144.0067560008479       -6.31946474E-02
   1144.1499716688500       -7.40593448E-02
   1144.2931873368520       -8.53292942E-02
   1144.4364030048541       -9.87559706E-02
   1144.5796186728562      -0.114772052    
   1144.7228343408583      -0.132231489    
   1144.8660500088604      -0.149039477    
   1145.0092656768625      -0.163323164    
   1145.1524813448646      -0.174483582    
   1145.2956970128666      -0.183529660    
   1145.4389126808687      -0.192500189    
   1145.5821283488708      -0.203300729    
   1145.7253440168729      -0.216617286    
   1145.8685596848750      -0.231522888    
   1146.0117753528771      -0.245995551    
   1146.1549910208792      -0.258050114    
   1146.2982066888812      -0.266845316    
   1146.4414223568833      -0.273146361    
   1146.5846380248854      -0.278885603    
   1146.7278536928875      -0.286066353    
   1146.8710693608896      -0.295623064    
   1147.0142850288917      -0.306880474    
   1147.1575006968937      -0.317923635    
   1147.3007163648958      -0.326675236    
   1147.4439320328979      -0.332070559    
   1147.5871477009000      -0.334658027    
   1147.7303633689021      -0.336281151    
   1147.8735790369042      -0.339024514    
   1148.0167947049063      -0.344026595    
   1148.1600103729083      -0.350832522    
   1148.3032260409104      -0.357647508    
   1148.4464417089125      -0.362342834    
   1148.5896573769146      -0.363647401    
   1148.7328730449167      -0.361858398    
   1148.8760887129188      -0.358673304    
   1149.0193043809209      -0.356234640    
   1149.1625200489229      -0.355920404    
   1149.3057357169250      -0.357561976    
   1149.4489513849271      -0.359536082    
   1149.5921670529292      -0.359683692    
   1149.7353827209313      -0.356534868    
   1149.8785983889334      -0.350142062    
   1150.0218140569355      -0.342048287    
   1150.1650297249375      -0.334412634    
   1150.3082453929396      -0.328791946    
   1150.4514610609417      -0.325267732    
   1150.5946767289438      -0.322406471    
   1150.7378923969459      -0.318073064    
   1150.8811080649480      -0.310640693    
   1151.0243237329501      -0.299918830    
   1151.1675394009521      -0.287275046    
   1151.3107550689542      -0.274875283    
   1151.4539707369563      -0.264467150    
   1151.5971864049584      -0.256395191    
   1151.7404020729605      -0.249411955    
   1151.8836177409626      -0.241394520    
   1152.0268334089646      -0.230557650    
   1152.1700490769667      -0.216471672    
   1152.3132647449688      -0.200309753    
   1152.4564804129709      -0.184191212    
   1152.5996960809730      -0.169997633    
   1152.7429117489751      -0.158328325    
   1152.8861274169772      -0.148178130    
   1153.0293430849792      -0.137515977    
   1153.1725587529813      -0.124441430    
   1153.3157744209834      -0.108272053    
   1153.4589900889855       -8.99478868E-02
   1153.6022057569876       -7.15188608E-02
   1153.7454214249897       -5.50000742E-02
   1153.8886370929918       -4.12439406E-02
   1154.0318527609938       -2.94723809E-02
   1154.1750684289959       -1.77356042E-02
   1154.3182840969980       -4.03377740E-03
   1154.4614997650001        1.25376293E-02
   1154.6047154330022        3.12656835E-02
   1154.7479311010043        5.02106771E-02
   1154.8911467690064        6.72854632E-02
   1155.0343624370084        8.14163387E-02
   1155.1775781050105        9.31346714E-02
   1155.3207937730126       0.104265720    
   1155.4640094410147       0.116885602    
   1155.6072251090168       0.132131770    
   1155.7504407770189       0.149541348    
   1155.8936564450210       0.167296529    
   1156.0368721130230       0.183240324    
   1156.1800877810251       0.196083620    
   1156.3233034490272       0.206116289    
   1156.4665191170293       0.215021789    
   1156.6097347850314       0.224907294    
   1156.7529504530335       0.237102389    
   1156.8961661210355       0.251401991    
   1157.0393817890376       0.266173780    
   1157.1825974570397       0.279266447    
   1157.3258131250418       0.289209753    
   1157.4690287930439       0.296034366    
   1157.6122444610460       0.301247835    
   1157.7554601290481       0.306974649    
   1157.8986757970501       0.314742476    
   1158.0418914650522       0.324603796    
   1158.1851071330543       0.335095525    
   1158.3283228010564       0.344060957    
   1158.4715384690585       0.349864364    
   1158.6147541370606       0.352306724    
   1158.7579698050627       0.352725953    
   1158.9011854730647       0.353231668    
   1159.0444011410668       0.355510443    
   1159.1876168090689       0.359873682    
   1159.3308324770710       0.365079999    
   1159.4740481450731       0.369030714    
   1159.6172638130752       0.369949788    
   1159.7604794810773       0.367385149    
   1159.9036951490793       0.362464130    
   1160.0469108170814       0.357254833    
   1160.1901264850835       0.353593320    
   1160.3333421530856       0.352044433    
   1160.4765578210877       0.351587892    
   1160.6197734890898       0.350205034    
   1160.7629891570919       0.346027136    
   1160.9062048250939       0.338392586    
   1161.0494204930960       0.328218460    
   1161.1926361610981       0.317483932    
   1161.3358518291002       0.308119476    
   1161.4790674971023       0.300924957    
   1161.6222831651044       0.295122504    
   1161.7654988331064       0.288797528    
   1161.9087145011085       0.279984444    
   1162.0519301691106       0.267786771    
   1162.1951458371127       0.252895236    
   1162.3383615051148       0.237205774    
   1162.4815771731169       0.222753331    
   1162.6247928411190       0.210569724    
   1162.7680085091210       0.200115904    
   1162.9112241771231       0.189606488    
   1163.0544398451252       0.177035585    
   1163.1976555131273       0.161319986    
   1163.3408711811294       0.142917082    
   1163.4840868491315       0.123574965    
   1163.6273025171336       0.105357707    
   1163.7705181851356        8.94927830E-02
   1163.9137338531377        7.56882131E-02
   1164.0569495211398        6.23068102E-02
   1164.2001651891419        4.73035239E-02
   1164.3433808571440        2.93969791E-02
   1164.4865965251461        8.80867057E-03
   1164.6298121931482       -1.28522255E-02
   1164.7730278611502       -3.34915109E-02
   1164.9162435291523       -5.17036244E-02
   1165.0594591971544       -6.75495863E-02
   1165.2026748651565       -8.25032443E-02
   1165.3458905331586       -9.86025929E-02
   1165.4891062011607      -0.117287256    
   1165.6323218691628      -0.138574213    
   1165.7755375371648      -0.161032617    
   1165.9187532051669      -0.182573244    
   1166.0619688731690      -0.201611951    
   1166.2051845411711      -0.217952654    
   1166.3484002091732      -0.232887387    
   1166.4916158771753      -0.248451933    
   1166.6348315451773      -0.266257972    
   1166.7780472131794      -0.286567062    
   1166.9212628811815      -0.308133900    
   1167.0644785491836      -0.328903973    
   1167.2076942171857      -0.347164482    
   1167.3509098851878      -0.362495810    
   1167.4941255531899      -0.375990510    
   1167.6373412211919      -0.389622629    
   1167.7805568891940      -0.405124396    
   1167.9237725571961      -0.422999382    
   1168.0669882251982      -0.442225039    
   1168.2102038932003      -0.460814327    
   1168.3534195612024      -0.476924032    
   1168.4966352292045      -0.489885926    
   1168.6398508972065      -0.500574231    
   1168.7830665652086      -0.510898471    
   1168.9262822332107      -0.522709668    
   1169.0694979012128      -0.536743701    
   1169.2127135692149      -0.552200735    
   1169.3559292372170      -0.567194104    
   1169.4991449052191      -0.579808772    
   1169.6423605732211      -0.589170218    
   1169.7855762412232      -0.595925450    
   1169.9287919092253      -0.601869583    
   1170.0720075772274      -0.608928084    
   1170.2152232452295      -0.618064046    
   1170.3584389132316      -0.628725052    
   1170.5016545812337      -0.639144957    
   1170.6448702492357      -0.647334933    
   1170.7880859172378      -0.652203918    
   1170.9313015852399      -0.654170811    
   1171.0745172532420      -0.654920459    
   1171.2177329212441      -0.656443954    
   1171.3609485892462      -0.659911931    
   1171.5041642572482      -0.665017605    
   1171.6473799252503      -0.670154095    
   1171.7905955932524      -0.673319101    
   1171.9338112612545      -0.673236072    
   1172.0770269292566      -0.670064986    
   1172.2202425972587      -0.665306389    
   1172.3634582652608      -0.660951734    
   1172.5066739332628      -0.658355534    
   1172.6498896012649      -0.657464445    
   1172.7931052692670      -0.656843424    
   1172.9363209372691      -0.654487193    
   1173.0795366052712      -0.648957729    
   1173.2227522732733      -0.640199602    
   1173.3659679412754      -0.629570246    
   1173.5091836092774      -0.619072437    
   1173.6523992772795      -0.610227227    
   1173.7956149452816      -0.603223860    
   1173.9388306132837      -0.596820176    
   1174.0820462812858      -0.589044571    
   1174.2252619492879      -0.578304827    
   1174.3684776172900      -0.564283848    
   1174.5116932852920      -0.548121095    
   1174.6549089532941      -0.531774640    
   1174.7981246212962      -0.516920328    
   1174.9413402892983      -0.504009366    
   1175.0845559573004      -0.492019892    
   1175.2277716253025      -0.479044437    
   1175.3709872933046      -0.463377297    
   1175.5142029613066      -0.444482535    
   1175.6574186293087      -0.423295736    
   1175.8006342973108      -0.401695907    
   1175.9438499653129      -0.381451666    
   1176.0870656333150      -0.363235712    
   1176.2302813013171      -0.346257657    
   1176.3734969693191      -0.328717768    
   1176.5167126373212      -0.308828145    
   1176.6599283053233      -0.285830259    
   1176.8031439733254      -0.260436296    
   1176.9463596413275      -0.234441414    
   1177.0895753093296      -0.209721714    
   1177.2327909773317      -0.187185183    
   1177.3760066453337      -0.166272119    
   1177.5192223133358      -0.145288214    
   1177.6624379813379      -0.122377321    
   1177.8056536493400       -9.65793654E-02
   1177.9488693173421       -6.83771819E-02
   1178.0920849853442       -3.94306667E-02
   1178.2353006533463       -1.16541954E-02
   1178.3785163213483        1.38434507E-02
   1178.5217319893504        3.73645835E-02
   1178.6649476573525        6.04354702E-02
   1178.8081633253546        8.49299654E-02
   1178.9513789933567       0.111994594    
   1179.0945946613588       0.141381904    
   1179.2378103293609       0.171572328    
   1179.3810259973629       0.200617656    
   1179.5242416653650       0.227226704    
   1179.6674573333671       0.251475692    
   1179.8106730013692       0.274742603    
   1179.9538886693713       0.298908591    
   1180.0971043373734       0.325281739    
   1180.2403200053755       0.353848636    
   1180.3835356733775       0.383269280    
   1180.5267513413796       0.411614418    
   1180.6699670093817       0.437432468    
   1180.8131826773838       0.460549802    
   1180.9563983453859       0.482154161    
   1181.0996140133880       0.504109919    
   1181.2428296813900       0.527888119    
   1181.3860453493921       0.553716302    
   1181.5292610173942       0.580433488    
   1181.6724766853963       0.606132388    
   1181.8156923533984       0.629222095    
   1181.9589080214005       0.649306715    
   1182.1021236894026       0.667384565    
   1182.2453393574046       0.685263038    
   1182.3885550254067       0.704523802    
   1182.5317706934088       0.725619793    
   1182.6749863614109       0.747606874    
   1182.8182020294130       0.768658876    
   1182.9614176974151       0.787079215    
   1183.1046333654172       0.802242935    
   1183.2478490334192       0.814939141    
   1183.3910647014213       0.826915324    
   1183.5342803694234       0.839879274    
   1183.6774960374255       0.854523718    
   1183.8207117054276       0.870127380    
   1183.9639273734297       0.884957612    
   1184.1071430414318       0.897241175    
   1184.2503587094338       0.906151950    
   1184.3935743774359       0.912261307    
   1184.5367900454380       0.917203426    
   1184.6800057134401       0.922747135    
   1184.8232213814422       0.929794550    
   1184.9664370494443       0.937865376    
   1185.1096527174464       0.945357740    
   1185.2528683854484       0.950443029    
   1185.3960840534505       0.952094138    
   1185.5392997214526       0.950665057    
   1185.6825153894547       0.947688997    
   1185.8257310574568       0.945008934    
   1185.9689467254589       0.943734765    
   1186.1121623934609       0.943620801    
   1186.2553780614630       0.943212211    
   1186.3985937294651       0.940671742    
   1186.5418093974672       0.934816778    
   1186.6850250654693       0.925785124    
   1186.8282407334714       0.914960861    
   1186.9714564014735       0.904204726    
   1187.1146720694755       0.894817710    
   1187.2578877374776       0.886817157    
   1187.4011034054797       0.878933370    
   1187.5443190734818       0.869333386    
   1187.6875347414839       0.856666565    
   1187.8307504094860       0.840839684    
   1187.9739660774881       0.823080659    
   1188.1171817454901       0.805254400    
   1188.2603974134922       0.788821876    
   1188.4036130814943       0.774032414    
   1188.5468287494964       0.759801924    
   1188.6900444174985       0.744340718    
   1188.8332600855006       0.726174831    
   1188.9764757535027       0.704989254    
   1189.1196914215047       0.681823373    
   1189.2629070895068       0.658506632    
   1189.4061227575089       0.636648118    
   1189.5493384255110       0.616745710    
   1189.6925540935131       0.597919881    
   1189.8357697615152       0.578427851    
   1189.9789854295173       0.556668639    
   1190.1222010975193       0.532107770    
   1190.2654167655214       0.505596280    
   1190.4086324335235       0.478905737    
   1190.5518481015256       0.453748614    
   1190.6950637695277       0.430838138    
   1190.8382794375298       0.409513623    
   1190.9814951055318       0.388135463    
   1191.1247107735339       0.365026325    
   1191.2679264415360       0.339433491    
   1191.4111421095381       0.311975271    
   1191.5543577775402       0.284318298    
   1191.6975734455423       0.258261651    
   1191.8407891135444       0.234740421    
   1191.9840047815464       0.213313580    
   1192.1272204495485       0.192430004    
   1192.2704361175506       0.170323521    
   1192.4136517855527       0.146028131    
   1192.5568674535548       0.119938292    
   1192.7000831215569        9.36008766E-02
   1192.8432987895590        6.88610300E-02
   1192.9865144575610        4.68442664E-02
   1193.1297301255631        2.73438618E-02
   1193.2729457935652        8.95427354E-03
   1193.4161614615673       -1.01234037E-02
   1193.5593771295694       -3.10525559E-02
   1193.7025927975715       -5.36860079E-02
   1193.8458084655736       -7.66289458E-02
   1193.9890241335756       -9.80097800E-02
   1194.1322398015777      -0.116524860    
   1194.2754554695798      -0.132163405    
   1194.4186711375819      -0.146200106    
   1194.5618868055840      -0.160462052    
   1194.7051024735861      -0.176288500    
   1194.8483181415882      -0.193771109    
   1194.9915338095902      -0.211697742    
   1195.1347494775923      -0.228225559    
   1195.2779651455944      -0.241905510    
   1195.4211808135965      -0.252487838    
   1195.5643964815986      -0.261059999    
   1195.7076121496007      -0.269436538    
   1195.8508278176027      -0.279137731    
   1195.9940434856048      -0.290529132    
   1196.1372591536069      -0.302610934    
   1196.2804748216090      -0.313580990    
   1196.4236904896111      -0.321854264    
   1196.5669061576132      -0.326958954    
   1196.7101218256153      -0.329800934    
   1196.8533374936173      -0.332150280    
   1196.9965531616194      -0.335644841    
   1197.1397688296215      -0.340873152    
   1197.2829844976236      -0.347049534    
   1197.4262001656257      -0.352459997    
   1197.5694158336278      -0.355429322    
   1197.7126315016299      -0.355269581    
   1197.8558471696319      -0.352677852    
   1197.9990628376340      -0.349355221    
   1198.1422785056361      -0.347056746    
   1198.2854941736382      -0.346608043    
   1198.4287098416403      -0.347447753    
   1198.5719255096424      -0.347956717    
   1198.7151411776445      -0.346385568    
   1198.8583568456465      -0.341852367    
   1199.0015725136486      -0.334847510    
   1199.1447881816507      -0.326966316    
   1199.2880038496528      -0.320025116    
   1199.4312195176549      -0.315056622    
   1199.5744351856570      -0.311744064    
   1199.7176508536591      -0.308609307    
   1199.8608665216611      -0.303852826    
   1200.0040821896632      -0.296379536    
   1200.1472978576653      -0.286433131    
   1200.2905135256674      -0.275475949    
   1200.4337291936695      -0.265376210    
   1200.5769448616716      -0.257362336    
   1200.7201605296736      -0.251340032    
   1200.8633761976757      -0.245960966    
   1201.0065918656778      -0.239401072    
   1201.1498075336799      -0.230403632    
   1201.2930232016820      -0.218998000    
   1201.4362388696841      -0.206493497    
   1201.5794545376862      -0.194755673    
   1201.7226702056882      -0.185171157    
   1201.8658858736903      -0.177879080    
   1202.0091015416924      -0.171700910    
   1202.1523172096945      -0.164812773    
   1202.2955328776966      -0.155786395    
   1202.4387485456987      -0.144411370    
   1202.5819642137008      -0.131829575    
   1202.7251798817028      -0.119902670    
   1202.8683955497049      -0.110171624    
   1203.0116112177070      -0.102999821    
   1203.1548268857091       -9.73831639E-02
   1203.2980425537112       -9.15290639E-02
   1203.4412582217133       -8.38741884E-02
   1203.5844738897154       -7.39695802E-02
   1203.7276895577174       -6.27403259E-02
   1203.8709052257195       -5.19753061E-02
   1204.0141208937216       -4.33297940E-02
   1204.1573365617237       -3.73975076E-02
   1204.3005522297258       -3.33762355E-02
   1204.4437678977279       -2.95227561E-02
   1204.5869835657300       -2.41456293E-02
   1204.7301992337320       -1.65729299E-02
   1204.8734149017341       -7.54150562E-03
   1205.0166305697362        1.21535128E-03
   1205.1598462377383        7.94519577E-03
   1205.3030619057404        1.18615618E-02
   1205.4462775737425        1.35809826E-02
   1205.5894932417445        1.47705786E-02
   1205.7327089097466        1.72084421E-02
   1205.8759245777487        2.17836741E-02
   1206.0191402457508        2.79941820E-02
   1206.1623559137529        3.42243686E-02
   1206.3055715817550        3.86513323E-02
   1206.4487872497571        4.02736478E-02
   1206.5920029177591        3.94810624E-02
   1206.7352185857612        3.78375016E-02
   1206.8784342537633        3.71962525E-02
   1207.0216499217654        3.86497118E-02
   1207.1648655897675        4.19119000E-02
   1207.3080812577696        4.54832166E-02
   1207.4512969257717        4.75003235E-02
   1207.5945125937737        4.67884056E-02
   1207.7377282617758        4.35243919E-02
   1207.8809439297779        3.91415581E-02
   1208.0241595977800        3.55294310E-02
   1208.1673752657821        3.39745469E-02
   1208.3105909337842        3.44346613E-02
   1208.4538066017863        3.55582722E-02
   1208.5970222697883        3.54462154E-02
   1208.7402379377904        3.27300914E-02
   1208.8834536057925        2.73551289E-02
   1209.0266692737946        2.06182767E-02
   1209.1698849417967        1.44376028E-02
   1209.3131006097988        1.02701364E-02
   1209.4563162778009        8.29414837E-03
   1209.5995319458029        7.31632207E-03
   1209.7427476138050        5.45047689E-03
   1209.8859632818071        1.18213741E-03
   1210.0291789498092       -5.77765796E-03
   1210.1723946178113       -1.43253328E-02
   1210.3156102858134       -2.25790236E-02
   1210.4588259538154       -2.89340280E-02
   1210.6020416218175       -3.29689197E-02
   1210.7452572898196       -3.56883332E-02
   1210.8884729578217       -3.89578678E-02
   1211.0316886258238       -4.44461629E-02
   1211.1749042938259       -5.26749380E-02
   1211.3181199618280       -6.27190173E-02
   1211.4613356298300       -7.27265924E-02
   1211.6045512978321       -8.09616596E-02
   1211.7477669658342       -8.67772251E-02
   1211.8909826338363       -9.09726322E-02
   1212.0341983018384       -9.53382999E-02
   1212.1774139698405      -0.101645000    
   1212.3206296378426      -0.110642888    
   1212.4638453058446      -0.121630952    
   1212.6070609738467      -0.132842585    
   1212.7502766418488      -0.142436653    
   1212.8934923098509      -0.149537578    
   1213.0367079778530      -0.154732525    
   1213.1799236458551      -0.159738183    
   1213.3231393138572      -0.166424185    
   1213.4663549818592      -0.175750345    
   1213.6095706498613      -0.187222481    
   1213.7527863178634      -0.199172229    
   1213.8960019858655      -0.209696993    
   1214.0392176538676      -0.217727616    
   1214.1824333218697      -0.223625481    
   1214.3256489898718      -0.228977278    
   1214.4688646578738      -0.235701635    
   1214.6120803258759      -0.244964898    
   1214.7552959938780      -0.256514013    
   1214.8985116618801      -0.268807054    
   1215.0417273298822      -0.279875606    
   1215.1849429978843      -0.288434535    
   1215.3281586658863      -0.294607282    
   1215.4713743338884      -0.299851269    
   1215.6145900018905      -0.306125611    
   1215.7578056698926      -0.314776897    
   1215.9010213378947      -0.325776011    
   1216.0442370058968      -0.337733954    
   1216.1874526738989      -0.348682553    
   1216.3306683419009      -0.357178688    
   1216.4738840099030      -0.363113463    
   1216.6170996779051      -0.367773056    
   1216.7603153459072      -0.373113662    
   1216.9035310139093      -0.380653113    
   1217.0467466819114      -0.390602857    
   1217.1899623499135      -0.401736021    
   1217.3331780179155      -0.412072361    
   1217.4763936859176      -0.419993579    
   1217.6196093539197      -0.425153852    
   1217.7628250219218      -0.428666770    
   1217.9060406899239      -0.432466269    
   1218.0492563579260      -0.438207924    
   1218.1924720259281      -0.446332276    
   1218.3356876939301      -0.455813825    
   1218.4789033619322      -0.464732438    
   1218.6221190299343      -0.471346200    
   1218.7653346979364      -0.475066036    
   1218.9085503659385      -0.476784497    
   1219.0517660339406      -0.478368044    
   1219.1949817019427      -0.481593639    
   1219.3381973699447      -0.487129629    
   1219.4814130379468      -0.494144231    
   1219.6246287059489      -0.500768721    
   1219.7678443739510      -0.505152166    
   1219.9110600419531      -0.506504655    
   1220.0542757099552      -0.505536377    
   1220.1974913779572      -0.504047215    
   1220.3407070459593      -0.503904700    
   1220.4839227139614      -0.505986691    
   1220.6271383819635      -0.509681284    
   1220.7703540499656      -0.513221800    
   1220.9135697179677      -0.514671922    
   1221.0567853859698      -0.513010263    
   1221.2000010539718      -0.508704066    
   1221.3432167219739      -0.503442347    
   1221.4864323899760      -0.499173880    
   1221.6296480579781      -0.496994764    
   1221.7728637259802      -0.496520489    
   1221.9160793939823      -0.496101528    
   1222.0592950619844      -0.493756920    
   1222.2025107299864      -0.488292634    
   1222.3457263979885      -0.479971170    
   1222.4889420659906      -0.470358253    
   1222.6321577339927      -0.461437523    
   1222.7753734019948      -0.454490811    
   1222.9185890699969      -0.449371278    
   1223.0618047379990      -0.444578856    
   1223.2050204060010      -0.438101143    
   1223.3482360740031      -0.428550631    
   1223.4914517420052      -0.415955007    
   1223.6346674100073      -0.401746869    
   1223.7778830780094      -0.387953401    
   1223.9210987460115      -0.376047105    
   1224.0643144140136      -0.366113722    
   1224.2075300820156      -0.356809825    
   1224.3507457500177      -0.346129090    
   1224.4939614180198      -0.332538813    
   1224.6371770860219      -0.315844744    
   1224.7803927540240      -0.297301918    
   1224.9236084220261      -0.278912425    
   1225.0668240900281      -0.262302995    
   1225.2100397580302      -0.247811049    
   1225.3532554260323      -0.234294459    
   1225.4964710940344      -0.219778955    
   1225.6396867620365      -0.202582419    
   1225.7829024300386      -0.182278961    
   1225.9261180980407      -0.159951046    
   1226.0693337660427      -0.137583449    
   1226.2125494340448      -0.116945222    
   1226.3557651020469       -9.85976830E-02
   1226.4989807700490       -8.15899372E-02
   1226.6421964380511       -6.40092120E-02
   1226.7854121060532       -4.40710671E-02
   1226.9286277740553       -2.11355612E-02
   1227.0718434420573        3.91963683E-03
   1227.2150591100594        2.91790813E-02
   1227.3582747780615        5.27562611E-02
   1227.5014904460636        7.38492385E-02
   1227.6447061140657        9.31868181E-02
   1227.7879217820678       0.112606324    
   1227.9311374500699       0.133998126    
   1228.0743531180719       0.158217475    
   1228.2175687860740       0.184585795    
   1228.3607844540761       0.211264551    
   1228.5040001220782       0.236285120    
   1228.6472157900803       0.258647174    
   1228.7904314580824       0.278866291    
   1228.9336471260845       0.298667431    
   1229.0768627940865       0.320000082    
   1229.2200784620886       0.343927056    
   1229.3632941300907       0.370009214    
   1229.5065097980928       0.396533787    
   1229.6497254660949       0.421464056    
   1229.7929411340970       0.443578392    
   1229.9361568020990       0.463152826    
   1230.0793724701011       0.481793910    
   1230.2225881381032       0.501513541    
   1230.3658038061053       0.523572862    
   1230.5090194741074       0.547754347    
   1230.6522351421095       0.572473943    
   1230.7954508101116       0.595664203    
   1230.9386664781136       0.615925908    
   1231.0818821461157       0.633299828    
   1231.2250978141178       0.649228036    
   1231.3683134821199       0.665728033    
   1231.5115291501220       0.684241772    
   1231.6547448181241       0.704805613    
   1231.7979604861262       0.726013184    
   1231.9411761541282       0.745797336    
   1232.0843918221303       0.762592852    
   1232.2276074901324       0.776217759    
   1232.3708231581345       0.787969172    
   1232.5140388261366       0.799879134    
   1232.6572544941387       0.813556075    
   1232.8004701621408       0.829271138    
   1232.9436858301428       0.845802307    
   1233.0869014981449       0.861118853    
   1233.2301171661470       0.873516381    
   1233.3733328341491       0.882567585    
   1233.5165485021512       0.889356494    
   1233.6597641701533       0.895864367    
   1233.8029798381554       0.903847873    
   1233.9461955061574       0.913839221    
   1234.0894111741595       0.924836099    
   1234.2326268421616       0.934863508    
   1234.3758425101637       0.942090869    
   1234.5190581781658       0.945868492    
   1234.6622738461679       0.947091460    
   1234.8054895141699       0.947686434    
   1234.9487051821720       0.949517250    
   1235.0919208501741       0.953331769    
   1235.2351365181762       0.958342552    
   1235.3783521861783       0.962672174    
   1235.5215678541804       0.964411199    
   1235.6647835221825       0.962695241    
   1235.8079991901845       0.958196998    
   1235.9512148581866       0.952752829    
   1236.0944305261887       0.948330164    
   1236.2376461941908       0.945915818    
   1236.3808618621929       0.944958150    
   1236.5240775301950       0.943682671    
   1236.6672931981971       0.940101743    
   1236.8105088661991       0.933142722    
   1236.9537245342012       0.923253417    
   1237.0969402022033       0.912146926    
   1237.2401558702054       0.901836574    
   1237.3833715382075       0.893507719    
   1237.5265872062096       0.886858344    
   1237.6698028742117       0.880275905    
   1237.8130185422137       0.871750474    
   1237.9562342102158       0.860015035    
   1238.0994498782179       0.845271707    
   1238.2426655462200       0.829090714    
   1238.3858812142221       0.813532174    
   1238.5290968822242       0.799986720    
   1238.6723125502263       0.788394749    
   1238.8155282182283       0.777289987    
   1238.9587438862304       0.764641106    
   1239.1019595542325       0.749009132    
   1239.2451752222346       0.730363548    
   1239.3883908902367       0.710100830    
   1239.5316065582388       0.690261006    
   1239.6748222262408       0.672386348    
   1239.8180378942429       0.656662583    
   1239.9612535622450       0.641822815    
   1240.1044692302471       0.625869751    
   1240.2476848982492       0.607212961    
   1240.3909005662513       0.585580230    
   1240.5341162342534       0.562184513    
   1240.6773319022554       0.539048076    
   1240.8205475702575       0.517867088    
   1240.9637632382596       0.499063462    
   1241.1069789062617       0.481561661    
   1241.2501945742638       0.463412344    
   1241.3934102422659       0.442904145    
   1241.5366259102680       0.419534981    
   1241.6798415782700       0.394300103    
   1241.8230572462721       0.369139314    
   1241.9662729142742       0.345854908    
   1242.1094885822763       0.325105578    
   1242.2527042502784       0.306041569    
   1242.3959199182805       0.286790609    
   1242.5391355862826       0.265525579    
   1242.6823512542846       0.241510436    
   1242.8255669222867       0.215528131    
   1242.9687825902888       0.189444721    
   1243.1119982582909       0.165159211    
   1243.2552139262930       0.143538952    
   1243.3984295942951       0.123944692    
   1243.5416452622972       0.104608491    
   1243.6848609302992        8.36442858E-02
   1243.8280765983013        6.01193719E-02
   1243.9712922663034        3.45867872E-02
   1244.1145079343055        8.78258143E-03
   1244.2577236023076       -1.53423650E-02
   1244.4009392703097       -3.67139503E-02
   1244.5441549383117       -5.57350032E-02
   1244.6873706063138       -7.40515366E-02
   1244.8305862743159       -9.36132967E-02
   1244.9738019423180      -0.115560435    
   1245.1170176103201      -0.139569774    
   1245.2602332783222      -0.164031684    
   1245.4034489463243      -0.186953664    
   1245.5466646143263      -0.207075104    
   1245.6898802823284      -0.224564031    
   1245.8330959503305      -0.240908295    
   1245.9763116183326      -0.258067459    
   1246.1195272863347      -0.277362376    
   1246.2627429543368      -0.298723549    
   1246.4059586223389      -0.320720047    
   1246.5491742903409      -0.341356277    
   1246.6923899583430      -0.359191030    
   1246.8356056263451      -0.374146521    
   1246.9788212943472      -0.387545079    
   1247.1220369623493      -0.401349545    
   1247.2652526303514      -0.417040557    
   1247.4084682983535      -0.434770733    
   1247.5516839663555      -0.453275412    
   1247.6948996343576      -0.470584840    
   1247.8381153023597      -0.485129237    
   1247.9813309703618      -0.496613473    
   1248.1245466383639      -0.506173432    
   1248.2677623063660      -0.515730500    
   1248.4109779743681      -0.526906490    
   1248.5541936423701      -0.540105343    
   1248.6974093103722      -0.554278135    
   1248.8406249783743      -0.567507088    
   1248.9838406463764      -0.578083158    
   1249.1270563143785      -0.585467994    
   1249.2702719823806      -0.590593398    
   1249.4134876503826      -0.595327556    
   1249.5567033183847      -0.601413429    
   1249.6999189863868      -0.609483004    
   1249.8431346543889      -0.618703008    
   1249.9863503223910      -0.627246678    
   1250.1295659903931      -0.633320510    
   1250.2727816583952      -0.636169732    
   1250.4159973263972      -0.636500001    
   1250.5592129943993      -0.636080265    
   1250.7024286624014      -0.636746764    
   1250.8456443304035      -0.639366627    
   1250.9888599984056      -0.643346131    
   1251.1320756664077      -0.646966159    
   1251.2752913344098      -0.648357987    
   1251.4185070024118      -0.646564305    
   1251.5617226704139      -0.642081678    
   1251.7049383384160      -0.636578023    
   1251.8481540064181      -0.631950200    
   1251.9913696744202      -0.629259229    
   1252.1345853424223      -0.628141761    
   1252.2778010104244      -0.627022862    
   1252.4210166784264      -0.624005854    
   1252.5642323464285      -0.617940366    
   1252.7074480144306      -0.609072387    
   1252.8506636824327      -0.598912835    
   1252.9938793504348      -0.589393854    
   1253.1370950184369      -0.581785440    
   1253.2803106864390      -0.575983763    
   1253.4235263544410      -0.570576549    
   1253.5667420224431      -0.563650668    
   1253.7099576904452      -0.553881884    
   1253.8531733584473      -0.541288078    
   1253.9963890264494      -0.527221859    
   1254.1396046944515      -0.513612330    
   1254.2828203624535      -0.501887798    
   1254.4260360304556      -0.492184907    
   1254.5692516984577      -0.483284384    
   1254.7124673664598      -0.473307252    
   1254.8556830344619      -0.460782766    
   1254.9988987024640      -0.445489526    
   1255.1421143704661      -0.428595543    
   1255.2853300384681      -0.412013412    
   1255.4285457064702      -0.397332519    
   1255.5717613744723      -0.384933829    
   1255.7149770424744      -0.373790443    
   1255.8581927104765      -0.362065464    
   1256.0014083784786      -0.348163903    
   1256.1446240464807      -0.331641108    
   1256.2878397144827      -0.313458651    
   1256.4310553824848      -0.295450866    
   1256.5742710504869      -0.279306412    
   1256.7174867184890      -0.265634924    
   1256.8607023864911      -0.253638655    
   1257.0039180544932      -0.241572544    
   1257.1471337224953      -0.227738053    
   1257.2903493904973      -0.211454719    
   1257.4335650584994      -0.193460107    
   1257.5767807265015      -0.175507993    
   1257.7199963945036      -0.159389287    
   1257.8632120625057      -0.145931855    
   1258.0064277305078      -0.134547323    
   1258.1496433985099      -0.123579517    
   1258.2928590665119      -0.111252092    
   1258.4360747345140       -9.66775864E-02
   1258.5792904025161       -8.03622007E-02
   1258.7225060705182       -6.39281496E-02
   1258.8657217385203       -4.92125452E-02
   1259.0089374065224       -3.72469537E-02
   1259.1521530745244       -2.76879035E-02
   1259.2953687425265       -1.90191753E-02
   1259.4385844105286       -9.41549893E-03
   1259.5818000785307        2.21744692E-03
   1259.7250157465328        1.56160118E-02
   1259.8682314145349        2.93018091E-02
   1260.0114470825370        4.14134040E-02
   1260.1546627505390        5.07521518E-02
   1260.2978784185411        5.74492849E-02
   1260.4410940865432        6.28815517E-02
   1260.5843097545453        6.88894615E-02
   1260.7275254225474        7.67408386E-02
   1260.8707410905495        8.64188522E-02
   1261.0139567585516        9.66294855E-02
   1261.1571724265536       0.105523877    
   1261.3003880945557       0.111733660    
   1261.4436037625578       0.115140088    
   1261.5868194305599       0.116941720    
   1261.7300350985620       0.118977651    
   1261.8732507665641       0.122686766    
   1262.0164664345662       0.128294140    
   1262.1596821025682       0.134687483    
   1262.3028977705703       0.140051380    
   1262.4461134385724       0.142895252    
   1262.5893291065745       0.142892092    
   1262.7325447745766       0.141058862    
   1262.8757604425787       0.139183521    
   1263.0189761105808       0.138823509    
   1263.1621917785828       0.140435681    
   1263.3054074465849       0.143122867    
   1263.4486231145870       0.145140409    
   1263.5918387825891       0.144882157    
   1263.7350544505912       0.141792834    
   1263.8782701185933       0.136689961    
   1264.0214857865953       0.131309748    
   1264.1647014545974       0.127332911    
   1264.3079171225995       0.125444129    
   1264.4511327906016       0.124957941    
   1264.5943484586037       0.124218427    
   1264.7375641266058       0.121541627    
   1264.8807797946079       0.116167970    
   1265.0239954626099       0.108692981    
   1265.1672111306120       0.100738987    
   1265.3104267986141        9.40525457E-02
   1265.4536424666162        8.95309970E-02
   1265.5968581346183        8.67232233E-02
   1265.7400738026204        8.40889290E-02
   1265.8832894706225        7.98754841E-02
   1266.0265051386245        7.31189400E-02
   1266.1697208066266        6.42002523E-02
   1266.3129364746287        5.46390079E-02
   1266.4561521426308        4.62428443E-02
   1266.5993678106329        4.00978997E-02
   1266.7425834786350        3.59714366E-02
   1266.8857991466371        3.24585773E-02
   1267.0290148146391        2.77839638E-02
   1267.1722304826412        2.08059177E-02
   1267.3154461506433        1.16632888E-02
   1267.4586618186454        1.70590158E-03
   1267.6018774866475       -7.25343311E-03
   1267.7450931546496       -1.39496848E-02
   1267.8883088226517       -1.83725618E-02
   1268.0315244906537       -2.17679944E-02
   1268.1747401586558       -2.59284880E-02
   1268.3179558266579       -3.21723260E-02
   1268.4611714946600       -4.05918360E-02
   1268.6043871626621       -4.99976054E-02
   1268.7476028306642       -5.85871451E-02
   1268.8908184986662       -6.49554282E-02
   1269.0340341666683       -6.88763410E-02
   1269.1772498346704       -7.14193955E-02
   1269.3204655026725       -7.43409395E-02
   1269.4636811706746       -7.90924206E-02
   1269.6068968386767       -8.59993100E-02
   1269.7501125066788       -9.40706655E-02
   1269.8933281746808      -0.101549923    
   1270.0365438426829      -0.106901675    
   1270.1797595106850      -0.109678753    
   1270.3229751786871      -0.110775806    
   1270.4661908466892      -0.111922540    
   1270.6094065146913      -0.114704162    
   1270.7526221826934      -0.119666681    
   1270.8958378506954      -0.126012847    
   1271.0390535186975      -0.132055208    
   1271.1822691866996      -0.136165336    
   1271.3254848547017      -0.137684911    
   1271.4687005227038      -0.137291506    
   1271.6119161907059      -0.136617452    
   1271.7551318587080      -0.137333706    
   1271.8983475267100      -0.140208483    
   1272.0415631947121      -0.144669220    
   1272.1847788627142      -0.149119630    
   1272.3279945307163      -0.151839107    
   1272.4712101987184      -0.151957020    
   1272.6144258667205      -0.149947092    
   1272.7576415347226      -0.147358924    
   1272.9008572027246      -0.145940751    
   1273.0440728707267      -0.146653622    
   1273.1872885387288      -0.149133921    
   1273.3305042067309      -0.151902780    
   1273.4737198747330      -0.153199673    
   1273.6169355427351      -0.151971802    
   1273.7601512107371      -0.148467571    
   1273.9033668787392      -0.144102141    
   1274.0465825467413      -0.140667081    
   1274.1897982147434      -0.139323726    
   1274.3330138827455      -0.139946789    
   1274.4762295507476      -0.141192958    
   1274.6194452187497      -0.141259730    
   1274.7626608867517      -0.138904825    
   1274.9058765547538      -0.134146556    
   1275.0490922227559      -0.128249377    
   1275.1923078907580      -0.123007350    
   1275.3355235587601      -0.119734563    
   1275.4787392267622      -0.118529946    
   1275.6219548947643      -0.118225053    
   1275.7651705627663      -0.117040969    
   1275.9083862307684      -0.113588110    
   1276.0516018987705      -0.107651673    
   1276.1948175667726      -0.100320846    
   1276.3380332347747       -9.33826342E-02
   1276.4812489027768       -8.83161351E-02
   1276.6244645707789       -8.54552835E-02
   1276.7676802387809       -8.37986171E-02
   1276.9108959067830       -8.15770254E-02
   1277.0541115747851       -7.72556663E-02
   1277.1973272427872       -7.03991428E-02
   1277.3405429107893       -6.19113669E-02
   1277.4837585787914       -5.35202846E-02
   1277.6269742467935       -4.68030423E-02
   1277.7701899147955       -4.22993489E-02
   1277.9134055827976       -3.92069444E-02
   1278.0566212507997       -3.58283594E-02
   1278.1998369188018       -3.05213667E-02
   1278.3430525868039       -2.26231180E-02
   1278.4862682548060       -1.28270686E-02
   1278.6294839228080       -2.79463432E-03
   1278.7726995908101        5.78367757E-03
   1278.9159152588122        1.21460771E-02
   1279.0591309268143        1.68906953E-02
   1279.2023465948164        2.16354579E-02
   1279.3455622628185        2.81026755E-02
   1279.4887779308206        3.71488556E-02
   1279.6319935988226        4.82854657E-02
   1279.7752092668247        5.99555261E-02
   1279.9184249348268        7.04079866E-02
   1280.0616406028289        7.86812603E-02
   1280.2048562708310        8.51469412E-02
   1280.3480719388331        9.13065970E-02
   1280.4912876068352        9.89496335E-02
   1280.6345032748372       0.109141901    
   1280.7777189428393       0.121618077    
   1280.9209346108414       0.134927645    
   1281.0641502788435       0.147255152    
   1281.2073659468456       0.157447651    
   1281.3505816148477       0.165663511    
   1281.4937972828498       0.173276424    
   1281.6370129508518       0.182094693    
   1281.7802286188539       0.193340704    
   1281.9234442868560       0.206963494    
   1282.0666599548581       0.221665889    
   1282.2098756228602       0.235628992    
   1282.3530912908623       0.247530475    
   1282.4963069588644       0.257287890    
   1282.6395226268664       0.266106784    
   1282.7827382948685       0.275799841    
   1282.9259539628706       0.287756711    
   1283.0691696308727       0.302148193    
   1283.2123852988748       0.317820251    
   1283.3556009668769       0.332939327    
   1283.4988166348789       0.346021205    
   1283.6420323028810       0.356758535    
   1283.7852479708831       0.366182029    
   1283.9284636388852       0.376069576    
   1284.0716793068873       0.387938440    
   1284.2148949748894       0.402184933    
   1284.3581106428915       0.417851895    
   1284.5013263108935       0.433156013    
   1284.6445419788956       0.446483821    
   1284.7877576468977       0.457297832    
   1284.9309733148998       0.466437846    
   1285.0741889829019       0.475639999    
   1285.2174046509040       0.486543149    
   1285.3606203189061       0.499748588    
   1285.5038359869081       0.514470398    
   1285.6470516549102       0.528973281    
   1285.7902673229123       0.541544914    
   1285.9334829909144       0.551449835    
   1286.0766986589165       0.559330285    
   1286.2199143269186       0.566833615    
   1286.3631299949207       0.575676858    
   1286.5063456629227       0.586670876    
   1286.6495613309248       0.599249184    
   1286.7927769989269       0.611769497    
   1286.9359926669290       0.622424960    
   1287.0792083349311       0.630255044    
   1287.2224240029332       0.635681927    
   1287.3656396709353       0.640262604    
   1287.5088553389373       0.645795882    
   1287.6520710069394       0.653292716    
   1287.7952866749415       0.662396550    
   1287.9385023429436       0.671579242    
   1288.0817180109457       0.678996801    
   1288.2249336789478       0.683520675    
   1288.3681493469498       0.685365260    
   1288.5113650149519       0.685962617    
   1288.6545806829540       0.687152386    
   1288.7977963509561       0.690138578    
   1288.9410120189582       0.694798231    
   1289.0842276869603       0.699737668    
   1289.2274433549624       0.703070581    
   1289.3706590229644       0.703480721    
   1289.5138746909665       0.700963140    
   1289.6570903589686       0.696820319    
   1289.8003060269707       0.692916334    
   1289.9435216949728       0.690617204    
   1290.0867373629749       0.690018415    
   1290.2299530309770       0.689892471    
   1290.3731686989790       0.688379824    
   1290.5163843669811       0.684032798    
   1290.6596000349832       0.676629722    
   1290.8028157029853       0.667303443    
   1290.9460313709874       0.657908559    
   1291.0892470389895       0.649977326    
   1291.2324627069916       0.643851042    
   1291.3756783749936       0.638482571    
   1291.5188940429957       0.632028997    
   1291.6621097109978       0.622900188    
   1291.8053253789999       0.610665679    
   1291.9485410470020       0.596302748    
   1292.0917567150041       0.581647515    
   1292.2349723830062       0.568363786    
   1292.3781880510082       0.557013929    
   1292.5214037190103       0.546751857    
   1292.6646193870124       0.535807550    
   1292.8078350550145       0.522490740    
   1292.9510507230166       0.506153703    
   1293.0942663910187       0.487570941    
   1293.2374820590207       0.468517154    
   1293.3806977270228       0.450775623    
   1293.5239133950249       0.435136944    
   1293.6671290630270       0.420959890    
   1293.8103447310291       0.406547546    
   1293.9535603990312       0.390123695    
   1294.0967760670333       0.370851606    
   1294.2399917350353       0.349316806    
   1294.3832074030374       0.327205688    
   1294.5264230710395       0.306366473    
   1294.6696387390416       0.287782520    
   1294.8128544070437       0.271031499    
   1294.9560700750458       0.254532665    
   1295.0992857430479       0.236446798    
   1295.2425014110499       0.215727463    
   1295.3857170790520       0.192731589    
   1295.5289327470541       0.169038326    
   1295.6721484150562       0.146571830    
   1295.8153640830583       0.126523867    
   1295.9585797510604       0.108691178    
   1296.1017954190625        9.16062444E-02
   1296.2450110870645        7.33845681E-02
   1296.3882267550666        5.28039299E-02
   1296.5314424230687        3.00046857E-02
   1296.6746580910708        6.42021839E-03
   1296.8178737590729       -1.60187110E-02
   1296.9610894270750       -3.59579101E-02
   1297.1043050950771       -5.33706322E-02
   1297.2475207630791       -6.95628822E-02
   1297.3907364310812       -8.64256471E-02
   1297.5339520990833      -0.105351411    
   1297.6771677670854      -0.126428366    
   1297.8203834350875      -0.148374230    
   1297.9635991030896      -0.169251561    
   1298.1068147710916      -0.187557220    
   1298.2500304390937      -0.203063980    
   1298.3932461070958      -0.216936603    
   1298.5364617750979      -0.231061533    
   1298.6796774431000      -0.246973366    
   1298.8228931111021      -0.264983386    
   1298.9661087791042      -0.283996284    
   1299.1093244471062      -0.302116305    
   1299.2525401151083      -0.317705035    
   1299.3957557831104      -0.330299616    
   1299.5389714511125      -0.340873122    
   1299.6821871191146      -0.351283461    
   1299.8254027871167      -0.363216668    
   1299.9686184551188      -0.377223372    
   1300.1118341231208      -0.392400414    
   1300.2550497911229      -0.406900555    
   1300.3982654591250      -0.418978691    
   1300.5414811271271      -0.427976876    
   1300.6846967951292      -0.434690684    
   1300.8279124631313      -0.440915108    
   1300.9711281311334      -0.448430657    
   1301.1143437991354      -0.458000273    
   1301.2575594671375      -0.468938559    
   1301.4007751351396      -0.479495555    
   1301.5439908031417      -0.487842888    
   1301.6872064711438      -0.493110329    
   1301.8304221391459      -0.495885551    
   1301.9736378071480      -0.497888505    
   1302.1168534751500      -0.501000822    
   1302.2600691431521      -0.506202281    
   1302.4032848111542      -0.513020575    
   1302.5465004791563      -0.519806564    
   1302.6897161471584      -0.524673343    
   1302.8329318151605      -0.526565015    
   1302.9761474831625      -0.525852621    
   1303.1193631511646      -0.524127066    
   1303.2625788191667      -0.523308158    
   1303.4057944871688      -0.524568498    
   1303.5490101551709      -0.527674556    
   1303.6922258231730      -0.531118631    
   1303.8354414911751      -0.532972872    
   1303.9786571591771      -0.531987607    
   1304.1218728271792      -0.528309584    
   1304.2650884951813      -0.523408055    
   1304.4083041631834      -0.519247472    
   1304.5515198311855      -0.517179906    
   1304.6947354991876      -0.517188907    
   1304.8379511671897      -0.517911017    
   1304.9811668351917      -0.517416656    
   1305.1243825031938      -0.514304996    
   1305.2675981711959      -0.508496463    
   1305.4108138391980      -0.501281619    
   1305.5540295072001      -0.494599909    
   1305.6972451752022      -0.489951849    
   1305.8404608432043      -0.487554312    
   1305.9836765112063      -0.486218542    
   1306.1268921792084      -0.484025687    
   1306.2701078472105      -0.479419917    
   1306.4133235152126      -0.472097784    
   1306.5565391832147      -0.463184893    
   1306.6997548512168      -0.454600692    
   1306.8429705192189      -0.447975099    
   1306.9861861872209      -0.443733782    
   1307.1294018552230      -0.440866321    
   1307.2726175232251      -0.437502414    
   1307.4158331912272      -0.431969404    
   1307.5590488592293      -0.423737705    
   1307.7022645272314      -0.413725168    
   1307.8454801952334      -0.403787076    
   1307.9886958632355      -0.395674020    
   1308.1319115312376      -0.390043646    
   1308.2751271992397      -0.386088222    
   1308.4183428672418      -0.381994903    
   1308.5615585352439      -0.375978380    
   1308.7047742032460      -0.367296457    
   1308.8479898712480      -0.356669366    
   1308.9912055392501      -0.345868200    
   1309.1344212072522      -0.336711705    
   1309.2776368752543      -0.330042362    
   1309.4208525432564      -0.325256169    
   1309.5640682112585      -0.320646107    
   1309.7072838792606      -0.314364284    
   1309.8504995472626      -0.305464476    
   1309.9937152152647      -0.294440418    
   1310.1369308832668      -0.282953322    
   1310.2801465512689      -0.272896796    
   1310.4233622192710      -0.265325695    
   1310.5665778872731      -0.259858131    
   1310.7097935552752      -0.254893988    
   1310.8530092232772      -0.248525068    
   1310.9962248912793      -0.239617094    
   1311.1394405592814      -0.228448436    
   1311.2826562272835      -0.216547906    
   1311.4258718952856      -0.205829740    
   1311.5690875632877      -0.197516039    
   1311.7123032312898      -0.191451147    
   1311.8555188992918      -0.186190858    
   1311.9987345672939      -0.179816902    
   1312.1419502352960      -0.171021610    
   1312.2851659032981      -0.159851670    
   1312.4283815713002      -0.147686630    
   1312.5715972393023      -0.136459365    
   1312.7148129073043      -0.127559856    
   1312.8580285753064      -0.121047743    
   1313.0012442433085      -0.115622573    
   1313.1444599113106      -0.109365523    
   1313.2876755793127      -0.100826725    
   1313.4308912473148       -8.98418948E-02
   1313.5741069153169       -7.76220411E-02
   1313.7173225833189       -6.60715625E-02
   1313.8605382513210       -5.67198284E-02
   1314.0037539193231       -4.98639457E-02
   1314.1469695873252       -4.44029421E-02
   1314.2901852553273       -3.84597965E-02
   1314.4334009233294       -3.04455254E-02
   1314.5766165913315       -1.99653320E-02
   1314.7198322593335       -8.04984011E-03
   1314.8630479273356        3.42395762E-03
   1315.0062635953377        1.27932318E-02
   1315.1494792633398        1.95458904E-02
   1315.2926949313419        2.46009883E-02
   1315.4359105993440        2.97786091E-02
   1315.5791262673461        3.67651545E-02
   1315.7223419353481        4.61597666E-02
   1315.8655576033502        5.71355335E-02
   1316.0087732713523        6.79020062E-02
   1316.1519889393544        7.67088532E-02
   1316.2952046073565        8.28287378E-02
   1316.4384202753586        8.69662687E-02
   1316.5816359433607        9.08585265E-02
   1316.7248516113627        9.62885395E-02
   1316.8680672793648       0.104069807    
   1317.0112829473669       0.113580562    
   1317.1544986153690       0.123113289    
   1317.2977142833711       0.130838260    
   1317.4409299513732       0.135831013    
   1317.5841456193752       0.138583124    
   1317.7273612873773       0.140713736    
   1317.8705769553794       0.144050777    
   1318.0137926233815       0.149599373    
   1318.1570082913836       0.156974003    
   1318.3002239593857       0.164611608    
   1318.4434396273878       0.170648322    
   1318.5866552953898       0.173969820    
   1318.7298709633919       0.174842566    
   1318.8730866313940       0.174763858    
   1319.0163022993961       0.175611779    
   1319.1595179673982       0.178577840    
   1319.3027336354003       0.183491677    
   1319.4459493034024       0.188921317    
   1319.5891649714044       0.192987174    
   1319.7323806394065       0.194423363    
   1319.8755963074086       0.193286702    
   1320.0188119754107       0.190919206    
   1320.1620276434128       0.189190537    
   1320.3052433114149       0.189446777    
   1320.4484589794170       0.191753253    
   1320.5916746474190       0.194856480    
   1320.7348903154211       0.196889862    
   1320.8781059834232       0.196428850    
   1321.0213216514253       0.193299234    
   1321.1645373194274       0.188677773    
   1321.3077529874295       0.184426442    
   1321.4509686554316       0.182040095    
   1321.5941843234336       0.181806788    
   1321.7373999914357       0.182654589    
   1321.8806156594378       0.182765365    
   1322.0238313274399       0.180604219    
   1322.1670469954420       0.175785393    
   1322.3102626634441       0.169291973    
   1322.4534783314461       0.162928447    
   1322.5966939994482       0.158311591    
   1322.7399096674503       0.155964494    
   1322.8831253354524       0.155025110    
   1323.0263410034545       0.153738812    
   1323.1695566714566       0.150459543    
   1323.3127723394587       0.144590870    
   1323.4559880074607       0.136929661    
   1323.5992036754628       0.129218027    
   1323.7424193434649       0.123162553    
   1323.8856350114670       0.119480766    
   1324.0288506794691       0.117511757    
   1324.1720663474712       0.115603216    
   1324.3152820154733       0.112051226    
   1324.4584976834753       0.106064878    
   1324.6017133514774        9.82180014E-02
   1324.7449290194795        9.01359841E-02
   1324.8881446874816        8.35907012E-02
   1325.0313603554837        7.95096830E-02
   1325.1745760234858        7.74590820E-02
   1325.3177916914879        7.58964792E-02
   1325.4610073594899        7.30527788E-02
   1325.6042230274920        6.79419190E-02
   1325.7474386954941        6.09237254E-02
   1325.8906543634962        5.35030775E-02
   1326.0338700314983        4.74846847E-02
   1326.1770856995004        4.39650230E-02
   1326.3203013675025        4.27280255E-02
   1326.4635170355045        4.23792340E-02
   1326.6067327035066        4.11396883E-02
   1326.7499483715087        3.78546901E-02
   1326.8931640395108        3.26526612E-02
   1327.0363797075129        2.68819891E-02
   1327.1795953755150        2.23571118E-02
   1327.3228110435170        2.03371271E-02
   1327.4660267115191        2.08169296E-02
   1327.6092423795212        2.25359369E-02
   1327.7524580475233        2.36990992E-02
   1327.8956737155254        2.29971185E-02
   1328.0388893835275        2.03454029E-02
   1328.1821050515296        1.69275831E-02
   1328.3253207195316        1.45268850E-02
   1328.4685363875337        1.45266335E-02
   1328.6117520555358        1.71395373E-02
   1328.7549677235379        2.12930478E-02
   1328.8981833915400        2.52331141E-02
   1329.0413990595421        2.75104381E-02
   1329.1846147275442        2.77980771E-02
   1329.3278303955462        2.70785689E-02
   1329.4710460635483        2.70901434E-02
   1329.6142617315504        2.93422006E-02
   1329.7574773995525        3.42591517E-02
   1329.9006930675546        4.09403481E-02
   1330.0439087355567        4.76708114E-02
   1330.1871244035588        5.28886765E-02
   1330.3303400715608        5.60594685E-02
   1330.4735557395629        5.79668432E-02
   1330.6167714075650        6.02625683E-02
   1330.7599870755671        6.45326525E-02
   1330.9032027435692        7.14028031E-02
   1331.0464184115713        8.01827684E-02
   1331.1896340795734        8.92497301E-02
   1331.3328497475754        9.69583541E-02
   1331.4760654155775       0.102566250    
   1331.6192810835796       0.106649883    
   1331.7624967515817       0.110772148    
   1331.9057124195838       0.116590016    
   1332.0489280875859       0.124911271    
   1332.1921437555879       0.135236055    
   1332.3353594235900       0.146038219    
   1332.4785750915921       0.155620486    
   1332.6217907595942       0.163058206    
   1332.7650064275963       0.168704867    
   1332.9082220955984       0.173981592    
   1333.0514377636005       0.180570602    
   1333.1946534316025       0.189462155    
   1333.3378690996046       0.200387061    
   1333.4810847676067       0.211956367    
   1333.6243004356088       0.222434849    
   1333.7675161036109       0.230714098    
   1333.9107317716130       0.236932203    
   1334.0539474396151       0.242385581    
   1334.1971631076171       0.248783484    
   1334.3403787756192       0.257272065    
   1334.4835944436213       0.267782688    
   1334.6268101116234       0.279068738    
   1334.7700257796255       0.289403588    
   1334.9132414476276       0.297543317    
   1335.0564571156297       0.303415596    
   1335.1996727836317       0.308151513    
   1335.3428884516338       0.313442528    
   1335.4861041196359       0.320580423    
   1335.6293197876380       0.329718798    
   1335.7725354556401       0.339774966    
   1335.9157511236422       0.349032164    
   1336.0589667916443       0.356102377    
   1336.2021824596463       0.360702574    
   1336.3453981276484       0.363803387    
   1336.4886137956505       0.367069691    
   1336.6318294636526       0.371914923    
   1336.7750451316547       0.378704071    
   1336.9182607996568       0.386548907    
   1337.0614764676588       0.393805146    
   1337.2046921356609       0.398990929    
   1337.3479078036630       0.401615351    
   1337.4911234716651       0.402454376    
   1337.6343391396672       0.403116316    
   1337.7775548076693       0.405135453    
   1337.9207704756714       0.409102410    
   1338.0639861436734       0.414326191    
   1338.2072018116755       0.419223487    
   1338.3504174796776       0.422214746    
   1338.4936331476797       0.422616005    
   1338.6368488156818       0.421019763    
   1338.7800644836839       0.418954283    
   1338.9232801516860       0.418019831    
   1339.0664958196880       0.418990403    
   1339.2097114876901       0.421381831    
   1339.3529271556922       0.423724055    
   1339.4961428236943       0.424384356    
   1339.6393584916964       0.422483563    
   1339.7825741596985       0.418392599    
   1339.9257898277006       0.413527220    
   1340.0690054957026       0.409551769    
   1340.2122211637047       0.407440066    
   1340.3554368317068       0.406927228    
   1340.4986524997089       0.406664580    
   1340.6418681677110       0.404987514    
   1340.7850838357131       0.400858074    
   1340.9282995037152       0.394449264    
   1341.0715151717172       0.387046784    
   1341.2147308397193       0.380328894    
   1341.3579465077214       0.375429124    
   1341.5011621757235       0.372303843    
   1341.6443778437256       0.369756758    
   1341.7875935117277       0.366109967    
   1341.9308091797297       0.360150129    
   1342.0740248477318       0.351818472    
   1342.2172405157339       0.342251450    
   1342.3604561837360       0.333143353    
   1342.5036718517381       0.325791299    
   1342.6468875197402       0.320366651    
   1342.7901031877423       0.315826148    
   1342.9333188557443       0.310508817    
   1343.0765345237464       0.303076088    
   1343.2197501917485       0.293264508    
   1343.3629658597506       0.282033026    
   1343.5061815277527       0.271027893    
   1343.6493971957548       0.261665136    
   1343.7926128637569       0.254341125    
   1343.9358285317589       0.248212382    
   1344.0790441997610       0.241671786    
   1344.2222598677631       0.233258918    
   1344.3654755357652       0.222492099    
   1344.5086912037673       0.210148722    
   1344.6519068717694       0.197831541    
   1344.7951225397715       0.187067270    
   1344.9383382077735       0.178450406    
   1345.0815538757756       0.171315983    
   1345.2247695437777       0.164120927    
   1345.3679852117798       0.155314326    
   1345.5112008797819       0.144207865    
   1345.6544165477840       0.131362677    
   1345.7976322157861       0.118278719    
   1345.9408478837881       0.106558338    
   1346.0840635517902        9.70086902E-02
   1346.2272792197923        8.91870782E-02
   1346.3704948877944        8.16501752E-02
   1346.5137105557965        7.27718100E-02
   1346.6569262237986        6.16670772E-02
   1346.8001418918006        4.86962683E-02
   1346.9433575598027        3.52617800E-02
   1347.0865732278048        2.30166465E-02
   1347.2297888958069        1.29367700E-02
   1347.3730045638090        4.77986597E-03
   1347.5162202318111       -2.77016149E-03
   1347.6594358998132       -1.13598779E-02
   1347.8026515678152       -2.20406130E-02
   1347.9458672358173       -3.46751027E-02
   1348.0890829038194       -4.80076633E-02
   1348.2322985718215       -6.03627414E-02
   1348.3755142398236       -7.05845878E-02
   1348.5187299078257       -7.86893666E-02
   1348.6619455758278       -8.58568400E-02
   1348.8051612438298       -9.37618241E-02
   1348.9483769118319      -0.103624202    
   1349.0915925798340      -0.115518264    
   1349.2348082478361      -0.128332064    
   1349.3780239158382      -0.140394941    
   1349.5212395838403      -0.150414556    
   1349.6644552518424      -0.158196524    
   1349.8076709198444      -0.164747179    
   1349.9508865878465      -0.171704724    
   1350.0941022558486      -0.180415839    
   1350.2373179238507      -0.191171661    
   1350.3805335918528      -0.203033164    
   1350.5237492598549      -0.214350209    
   1350.6669649278570      -0.223687142    
   1350.8101805958590      -0.230632186    
   1350.9533962638611      -0.236028299    
   1351.0966119318632      -0.241492406    
   1351.2398275998653      -0.248497695    
   1351.3830432678674      -0.257541776    
   1351.5262589358695      -0.267868936    
   1351.6694746038715      -0.277897060    
   1351.8126902718736      -0.286103815    
   1351.9559059398757      -0.291875601    
   1352.0991216078778      -0.295847237    
   1352.2423372758799      -0.299543500    
   1352.3855529438820      -0.304519415    
   1352.5287686118841      -0.311477810    
   1352.6719842798861      -0.319862247    
   1352.8151999478882      -0.328161299    
   1352.9584156158903      -0.334757745    
   1353.1016312838924      -0.338841528    
   1353.2448469518945      -0.340865493    
   1353.3880626198966      -0.342284888    
   1353.5312782878987      -0.344731152    
   1353.6744939559007      -0.349090755    
   1353.8177096239028      -0.355006784    
   1353.9609252919049      -0.361078799    
   1354.1041409599070      -0.365645647    
   1354.2473566279091      -0.367714584    
   1354.3905722959112      -0.367518991    
   1354.5337879639133      -0.366390854    
   1354.6770036319153      -0.366013706    
   1354.8202192999174      -0.367471874    
   1354.9634349679195      -0.370633841    
   1355.1066506359216      -0.374223560    
   1355.2498663039237      -0.376542538    
   1355.3930819719258      -0.376431316    
   1355.5362976399279      -0.373922646    
   1355.6795133079299      -0.370218217    
   1355.8227289759320      -0.367007166    
   1355.9659446439341      -0.365514547    
   1356.1091603119362      -0.365813464    
   1356.2523759799383      -0.366782606    
   1356.3955916479404      -0.366732985    
   1356.5388073159424      -0.364356309    
   1356.6820229839445      -0.359466374    
   1356.8252386519466      -0.353114039    
   1356.9684543199487      -0.347003043    
   1357.1116699879508      -0.342531353    
   1357.2548856559529      -0.340001196    
   1357.3981013239550      -0.338449985    
   1357.5413169919570      -0.336199284    
   1357.6845326599591      -0.331807792    
   1357.8277483279612      -0.324886501    
   1357.9709639959633      -0.316317409    
   1358.1141796639654      -0.307758451    
   1358.2573953319675      -0.300715983    
   1358.4006109999696      -0.295703322    
   1358.5438266679716      -0.291954488    
   1358.6870423359737      -0.287854701    
   1358.8302580039758      -0.281851590    
   1358.9734736719779      -0.273337811    
   1359.1166893399800      -0.263005167    
   1359.2599050079821      -0.252463251    
   1359.4031206759842      -0.243334875    
   1359.5463363439862      -0.236342430    
   1359.6895520119883      -0.230906263    
   1359.8327676799904      -0.225481495    
   1359.9759833479925      -0.218438640    
   1360.1191990159946      -0.208988219    
   1360.2624146839967      -0.197631001    
   1360.4056303519988      -0.185884997    
   1360.5488460200008      -0.175442934    
   1360.6920616880029      -0.167229265    
   1360.8352773560050      -0.160883531    
   1360.9784930240071      -0.154964030    
   1361.1217086920092      -0.147764683    
   1361.2649243600113      -0.138287932    
   1361.4081400280133      -0.126821071    
   1361.5513556960154      -0.114783704    
   1361.6945713640175      -0.103931256    
   1361.8377870320196       -9.53687727E-02
   1361.9810027000217       -8.89361277E-02
   1362.1242183680238       -8.33096430E-02
   1362.2674340360259       -7.67571703E-02
   1362.4106497040279       -6.81186914E-02
   1362.5538653720300       -5.74637651E-02
   1362.6970810400321       -4.60601039E-02
   1362.8402967080342       -3.56698968E-02
   1362.9835123760363       -2.75641009E-02
   1363.1267280440384       -2.18064953E-02
   1363.2699437120405       -1.72148962E-02
   1363.4131593800425       -1.20287649E-02
   1363.5563750480446       -4.90942318E-03
   1363.6995907160467        4.29578871E-03
   1363.8428063840488        1.44621870E-02
   1363.9860220520509        2.38208938E-02
   1364.1292377200530        3.09545696E-02
   1364.2724533880551        3.55912484E-02
   1364.4156690560571        3.87514755E-02
   1364.5588847240592        4.21702899E-02
   1364.7021003920613        4.73196767E-02
   1364.8453160600634        5.45773469E-02
   1364.9885317280655        6.30070865E-02
   1365.1317473960676        7.08779022E-02
   1365.2749630640697        7.66361058E-02
   1365.4181787320717        7.97844380E-02
   1365.5613944000738        8.11672658E-02
   1365.7046100680759        8.24946985E-02
   1365.8478257360780        8.53739753E-02
   1365.9910414040801        9.04002860E-02
   1366.1342570720822        9.68242511E-02
   1366.2774727400842       0.102980934    
   1366.4206884080863       0.107232377    
   1366.5639040760884       0.108890347    
   1366.7071197440905       0.108603515    
   1366.8503354120926       0.107995369    
   1366.9935510800947       0.108755387    
   1367.1367667480968       0.111689635    
   1367.2799824160988       0.116263032    
   1367.4231980841009       0.120895937    
   1367.5664137521030       0.123854801    
   1367.7096294201051       0.124236263    
   1367.8528450881072       0.122484118    
   1367.9960607561093       0.120141938    
   1368.1392764241114       0.118981682    
   1368.2824920921134       0.120005392    
   1368.4257077601155       0.122886300    
   1368.5689234281176       0.126161501    
   1368.7121390961197       0.128062621    
   1368.8553547641218       0.127515540    
   1368.9985704321239       0.124749802    
   1369.1417861001260       0.121176466    
   1369.2850017681280       0.118600436    
   1369.4282174361301       0.118206263    
   1369.5714331041322       0.119889125    
   1369.7146487721343       0.122313887    
   1369.8578644401364       0.123674296    
   1370.0010801081385       0.122722372    
   1370.1442957761406       0.119480826    
   1370.2875114441426       0.115232885    
   1370.4307271121447       0.111798443    
   1370.5739427801468       0.110510617    
   1370.7171584481489       0.111470774    
   1370.8603741161510       0.113497339    
   1371.0035897841531       0.114793167    
   1371.1468054521551       0.113957420    
   1371.2900211201572       0.110777356    
   1371.4332367881593       0.106355414    
   1371.5764524561614       0.102494918    
   1371.7196681241635       0.100684844    
   1371.8628837921656       0.101256698    
   1372.0060994601677       0.103195764    
   1372.1493151281697       0.104718402    
   1372.2925307961718       0.104287326    
   1372.4357464641739       0.101485223    
   1372.5789621321760        9.72504616E-02
   1372.7221778001781        9.33452249E-02
   1372.8653934681802        9.13614035E-02
   1373.0086091361823        9.18254778E-02
   1373.1518248041843        9.39032584E-02
   1373.2950404721864        9.58685651E-02
   1373.4382561401885        9.60741267E-02
   1373.5814718081906        9.38814357E-02
   1373.7246874761927        9.00249109E-02
   1373.8679031441948        8.61999169E-02
   1374.0111188121969        8.41033757E-02
   1374.1543344801989        8.44707862E-02
   1374.2975501482010        8.66590664E-02
   1374.4407658162031        8.90128091E-02
   1374.5839814842052        8.98028240E-02
   1374.7271971522073        8.82018358E-02
   1374.8704128202094        8.47465172E-02
   1375.0136284882115        8.10301304E-02
   1375.1568441562135        7.88027272E-02
   1375.3000598242156        7.89840147E-02
   1375.4432754922177        8.11409652E-02
   1375.5864911602198        8.37247297E-02
   1375.7297068282219        8.49387795E-02
   1375.8729224962240        8.37533027E-02
   1376.0161381642260        8.04911479E-02
   1376.1593538322281        7.66475275E-02
   1376.3025695002302        7.40412176E-02
   1376.4457851682323        7.37802610E-02
   1376.5890008362344        7.56330639E-02
   1376.7322165042365        7.81619847E-02
   1376.8754321722386        7.95389488E-02
   1377.0186478402406        7.85771161E-02
   1377.1618635082427        7.53962770E-02
   1377.3050791762448        7.13512748E-02
   1377.4482948442469        6.82667419E-02
   1377.5915105122490        6.74077049E-02
   1377.7347261802511        6.87632114E-02
   1377.8779418482532        7.10480139E-02
   1378.0211575162552        7.24261850E-02
   1378.1643731842573        7.15511367E-02
   1378.3075888522594        6.83318824E-02
   1378.4508045202615        6.39869869E-02
   1378.5940201882636        6.03540391E-02
   1378.7372358562657        5.88486381E-02
   1378.8804515242678        5.96653074E-02
   1379.0236671922698        6.16708770E-02
   1379.1668828602719        6.30459562E-02
   1379.3100985282740        6.23101778E-02
   1379.4533141962761        5.91557287E-02
   1379.5965298642782        5.46230339E-02
   1379.7397455322803        5.05188443E-02
   1379.8829612002824        4.83997315E-02
   1380.0261768682844        4.86913398E-02
   1380.1693925362865        5.04439510E-02
   1380.3126082042886        5.18690012E-02
   1380.4558238722907        5.13557382E-02
   1380.5990395402928        4.83888090E-02
   1380.7422552082949        4.38422672E-02
   1380.8854708762969        3.94839011E-02
   1381.0286865442990        3.69758792E-02
   1381.1719022123011        3.69409993E-02
   1381.3151178803032        3.86198945E-02
   1381.4583335483053        4.03068997E-02
   1381.6015492163074        4.03158590E-02
   1381.7447648843095        3.79340090E-02
   1381.8879805523115        3.38296443E-02
   1382.0311962203136        2.96826530E-02
   1382.1744118883157        2.72414871E-02
   1382.3176275563178        2.73363031E-02
   1382.4608432243199        2.94086915E-02
   1382.6040588923220        3.18288840E-02
   1382.7472745603241        3.28223519E-02
   1382.8904902283261        3.14783193E-02
   1383.0337058963282        2.82669514E-02
   1383.1769215643303        2.47748345E-02
   1383.3201372323324        2.28130054E-02
   1383.4633529003345        2.34029088E-02
   1383.6065685683366        2.62090899E-02
   1383.7497842363387        2.97343694E-02
   1383.8929999043407        3.21676992E-02
   1384.0362155723428        3.24104130E-02
   1384.1794312403449        3.07037067E-02
   1384.3226469083470        2.84995735E-02
   1384.4658625763491        2.76430380E-02
   1384.6090782443512        2.93276105E-02
   1384.7522939123533        3.34198065E-02
   1384.8955095803553        3.85391675E-02
   1385.0387252483574        4.28465568E-02
   1385.1819409163595        4.50886302E-02
   1385.3251565843616        4.53048497E-02
   1385.4683722523637        4.48013879E-02
   1385.6115879203658        4.54129167E-02
   1385.7548035883678        4.84705158E-02
   1385.8980192563699        5.40537238E-02
   1386.0412349243720        6.09443188E-02
   1386.1844505923741        6.73091263E-02
   1386.3276662603762        7.17315003E-02
   1386.4708819283783        7.40115047E-02
   1386.6140975963804        7.52795860E-02
   1386.7573132643824        7.73552507E-02
   1386.9005289323845        8.17134380E-02
   1387.0437446003866        8.86475071E-02
   1387.1869602683887        9.71047953E-02
   1387.3301759363908       0.105284661    
   1387.4733916043929       0.111655183    
   1387.6166072723950       0.115812324    
   1387.7598229403970       0.118700065    
   1387.9030386083991       0.122071669    
   1388.0462542764012       0.127495930    
   1388.1894699444033       0.135465607    
   1388.3326856124054       0.145109788    
   1388.4759012804075       0.154676139    
   1388.6191169484096       0.162514716    
   1388.7623326164116       0.168007016    
   1388.9055482844137       0.171910211    
   1389.0487639524158       0.175919056    
   1389.1919796204179       0.181696340    
   1389.3351952884200       0.189926147    
   1389.4784109564221       0.199925989    
   1389.6216266244242       0.210031629    
   1389.7648422924262       0.218530387    
   1389.9080579604283       0.224615619    
   1390.0512736284304       0.228828847    
   1390.1944892964325       0.232744545    
   1390.3377049644346       0.238073960    
   1390.4809206324367       0.245689526    
   1390.6241363004387       0.255119771    
   1390.7673519684408       0.264804423    
   1390.9105676364429       0.272969723    
   1391.0537833044450       0.278627694    
   1391.1969989724471       0.282128990    
   1391.3402146404492       0.284953743    
   1391.4834303084513       0.288862556    
   1391.6266459764533       0.294892907    
   1391.7698616444554       0.302769065    
   1391.9130773124575       0.311053693    
   1392.0562929804596       0.317951322    
   1392.1995086484617       0.322310209    
   1392.3427243164638       0.324261904    
   1392.4859399844659       0.325139672    
   1392.6291556524679       0.326718628    
   1392.7723713204700       0.330204040    
   1392.9155869884721       0.335539758    
   1393.0588026564742       0.341432750    
   1393.2020183244763       0.346081734    
   1393.3452339924784       0.348194033    
   1393.4884496604805       0.347710550    
   1393.6316653284825       0.345828593    
   1393.7748809964846       0.344315737    
   1393.9180966644867       0.344507843    
   1394.0613123324888       0.346555889    
   1394.2045280004909       0.349341303    
   1394.3477436684930       0.351103783    
   1394.4909593364951       0.350430042    
   1394.6341750044971       0.347049892    
   1394.7773906724992       0.341990739    
   1394.9206063405013       0.336998701    
   1395.0638220085034       0.333549291    
   1395.2070376765055       0.332009435    
   1395.3502533445076       0.331429720    
   1395.4934690125096       0.330086052    
   1395.6366846805117       0.326459914    
   1395.7799003485138       0.320097506    
   1395.9231160165159       0.311863065    
   1396.0663316845180       0.303448886    
   1396.2095473525201       0.296423882    
   1396.3527630205222       0.291355908    
   1396.4959786885242       0.287498415    
   1396.6391943565263       0.283215582    
   1396.7824100245284       0.276909769    
   1396.9256256925305       0.267930955    
   1397.0688413605326       0.256953478    
   1397.2120570285347       0.245602936    
   1397.3552726965368       0.235541701    
   1397.4984883645388       0.227533713    
   1397.6417040325409       0.221021771    
   1397.7849197005430       0.214455768    
   1397.9281353685451       0.206180602    
   1398.0713510365472       0.195377707    
   1398.2145667045493       0.182530761    
   1398.3577823725514       0.169158816    
   1398.5009980405534       0.156970397    
   1398.6442137085555       0.146912530    
   1398.7874293765576       0.138646439    
   1398.9306450445597       0.130745664    
   1399.0738607125618       0.121509545    
   1399.2170763805639       0.109935760    
   1399.3602920485660        9.62998047E-02
   1399.5035077165680        8.20087343E-02
   1399.6467233845701        6.88109994E-02
   1399.7899390525722        5.78138232E-02
   1399.9331547205743        4.88682278E-02
   1400.0763703885764        4.06674407E-02
   1400.2195860565785        3.14967409E-02
   1400.3628017245805        2.02075485E-02
   1400.5060173925826        6.86923554E-03
   1400.6492330605847       -7.26298569E-03
   1400.7924487285868       -2.04442516E-02
   1400.9356643965889       -3.14118676E-02
   1401.0788800645910       -4.00890969E-02
   1401.2220957325931       -4.76229861E-02
   1401.3653114005951       -5.57303540E-02
   1401.5085270685972       -6.57191947E-02
   1401.6517427365993       -7.77414292E-02
   1401.7949584046014       -9.07031745E-02
   1401.9381740726035      -0.102881789    
   1402.0813897406056      -0.112895250    
   1402.2246054086077      -0.120472439    
   1402.3678210766097      -0.126592726    
   1402.5110367446118      -0.132922739    
   1402.6542524126139      -0.140871048    
   1402.7974680806160      -0.150790483    
   1402.9406837486181      -0.161773264    
   1403.0838994166202      -0.172154918    
   1403.2271150846223      -0.180447549    
   1403.3703307526243      -0.186178744    
   1403.5135464206264      -0.190159753    
   1403.6567620886285      -0.194026411    
   1403.7999777566306      -0.199311525    
   1403.9431934246327      -0.206577078    
   1404.0864090926348      -0.215099841    
   1404.2296247606369      -0.223284915    
   1404.3728404286389      -0.229567021    
   1404.5160560966410      -0.233287975    
   1404.6592717646431      -0.235059947    
   1404.8024874326452      -0.236416593    
   1404.9457031006473      -0.238950610    
   1405.0889187686494      -0.243419230    
   1405.2321344366514      -0.249317691    
   1405.3753501046535      -0.255162418    
   1405.5185657726556      -0.259329140    
   1405.6617814406577      -0.260975003    
   1405.8049971086598      -0.260520190    
   1405.9482127766619      -0.259413034    
   1406.0914284446640      -0.259311855    
   1406.2346441126660      -0.261151403    
   1406.3778597806681      -0.264623493    
   1406.5210754486702      -0.268361777    
   1406.6642911166723      -0.270719469    
   1406.8075067846744      -0.270699292    
   1406.9507224526765      -0.268516153    
   1407.0939381206786      -0.265480042    
   1407.2371537886806      -0.263265431    
   1407.3803694566827      -0.262973636    
   1407.5235851246848      -0.264513880    
   1407.6668007926869      -0.266655087    
   1407.8100164606890      -0.267723620    
   1407.9532321286911      -0.266553700    
   1408.0964477966932      -0.263149619    
   1408.2396634646952      -0.258683115    
   1408.3828791326973      -0.254830599    
   1408.5260948006994      -0.252830327    
   1408.6693104687015      -0.252793550    
   1408.8125261367036      -0.253652126    
   1408.9557418047057      -0.253766000    
   1409.0989574727078      -0.251846820    
   1409.2421731407098      -0.247683346    
   1409.3853888087119      -0.242264166    
   1409.5286044767140      -0.237227291    
   1409.6718201447161      -0.233941510    
   1409.8150358127182      -0.232735366    
   1409.9582514807203      -0.232712582    
   1410.1014671487223      -0.232262224    
   1410.2446828167244      -0.229974523    
   1410.3878984847265      -0.225439906    
   1410.5311141527286      -0.219477564    
   1410.6743298207307      -0.213668466    
   1410.8175454887328      -0.209463000    
   1410.9607611567349      -0.207367897    
   1411.1039768247369      -0.206665739    
   1411.2471924927390      -0.205819696    
   1411.3904081607411      -0.203335837    
   1411.5336238287432      -0.198602706    
   1411.6768394967453      -0.192238063    
   1411.8200551647474      -0.185744852    
   1411.9632708327495      -0.180665717    
   1412.1064865007515      -0.177712336    
   1412.2497021687536      -0.176364750    
   1412.3929178367557      -0.175169393    
   1412.5361335047578      -0.172564387    
   1412.6793491727599      -0.167760551    
   1412.8225648407620      -0.161180288    
   1412.9657805087641      -0.154212430    
   1413.1089961767661      -0.148427665    
   1413.2522118447682      -0.144696698    
   1413.3954275127703      -0.142702326    
   1413.5386431807724      -0.141116217    
   1413.6818588487745      -0.138343096    
   1413.8250745167766      -0.133418769    
   1413.9682901847787      -0.126557454    
   1414.1115058527807      -0.119034886    
   1414.2547215207828      -0.112468295    
   1414.3979371887849      -0.107900023    
   1414.5411528567870      -0.105207369    
   1414.6843685247891      -0.103174374    
   1414.8275841927912      -0.100181296    
   1414.9707998607932       -9.51169506E-02
   1415.1140155287953       -8.79987180E-02
   1415.2572311967974       -7.99565837E-02
   1415.4004468647995       -7.25957900E-02
   1415.5436625328016       -6.70964122E-02
   1415.6868782008037       -6.35514483E-02
   1415.8300938688058       -6.09129108E-02
   1415.9733095368078       -5.75792789E-02
   1416.1165252048099       -5.22981547E-02
   1416.2597408728120       -4.48758900E-02
   1416.4029565408141       -3.62897366E-02
   1416.5461722088162       -2.81359982E-02
   1416.6893878768183       -2.17278022E-02
   1416.8326035448204       -1.73563790E-02
   1416.9758192128224       -1.41333584E-02
   1417.1190348808245       -1.04980161E-02
   1417.2622505488266       -5.09844813E-03
   1417.4054662168287        2.44884077E-03
   1417.5486818848308        1.13429353E-02
   1417.6918975528329        2.00442392E-02
   1417.8351132208350        2.71342061E-02
   1417.9783288888370        3.21107805E-02
   1418.1215445568391        3.56725529E-02
   1418.2647602248412        3.93262357E-02
   1418.4079758928433        4.45334241E-02
   1418.5511915608454        5.18787540E-02
   1418.6944072288475        6.07343614E-02
   1418.8376228968496        6.96128160E-02
   1418.9808385648516        7.70057365E-02
   1419.1240542328537        8.22293535E-02
   1419.2672699008558        8.57998803E-02
   1419.4104855688579        8.91328007E-02
   1419.5537012368600        9.37407985E-02
   1419.6969169048621       0.100380532    
   1419.8401325728641       0.108622693    
   1419.9833482408662       0.117084444    
   1420.1265639088683       0.124197155    
   1420.2697795768704       0.129082799    
   1420.4129952448725       0.132046208    
   1420.5562109128746       0.134400934    
   1420.6994265808767       0.137722865    
   1420.8426422488787       0.142953753    
   1420.9858579168808       0.149864838    
   1421.1290735848829       0.157184139    
   1421.2722892528850       0.163311839    
   1421.4155049208871       0.167216375    
   1421.5587205888892       0.169007763    
   1421.7019362568913       0.169870675    
   1421.8451519248933       0.171397597    
   1421.9883675928954       0.174693406    
   1422.1315832608975       0.179749891    
   1422.2747989288996       0.185441688    
   1422.4180145969017       0.190151736    
   1422.5612302649038       0.192679048    
   1422.7044459329059       0.192915961    
   1422.8476616009079       0.191907331    
   1422.9908772689100       0.191255495    
   1423.1340929369121       0.192210406    
   1423.2773086049142       0.194963261    
   1423.4205242729163       0.198541746    
   1423.5637399409184       0.201359794    
   1423.7069556089205       0.202107593    
   1423.8501712769225       0.200483009    
   1423.9933869449246       0.197359338    
   1424.1366026129267       0.194297895    
   1424.2798182809288       0.192675263    
   1424.4230339489309       0.192910507    
   1424.5662496169330       0.194226637    
   1424.7094652849350       0.195086151    
   1424.8526809529371       0.194059849    
   1424.9958966209392       0.190638036    
   1425.1391122889413       0.185521588    
   1425.2823279569434       0.180226937    
   1425.4255436249455       0.176231265    
   1425.5687592929476       0.174143448    
   1425.7119749609496       0.173366964    
   1425.8551906289517       0.172439694    
   1425.9984062969538       0.169856951    
   1426.1416219649559       0.164917991    
   1426.2848376329580       0.158124730    
   1426.4280533009601       0.150908351    
   1426.5712689689622       0.144832358    
   1426.7144846369642       0.140716210    
   1426.8577003049663       0.138175204    
   1427.0009159729684       0.135841548    
   1427.1441316409705       0.132144213    
   1427.2873473089726       0.126203954    
   1427.4305629769747       0.118333980    
   1427.5737786449768       0.109864704    
   1427.7169943129788       0.102397747    
   1427.8602099809809        9.69136059E-02
   1428.0034256489830        9.32326466E-02
   1428.1466413169851        9.01263505E-02
   1428.2898569849872        8.60139579E-02
   1428.4330726529893        7.98572004E-02
   1428.5762883209914        7.17552379E-02
   1428.7195039889934        6.29040524E-02
   1428.8627196569955        5.49364761E-02
   1429.0059353249976        4.90094833E-02
   1429.1491509929997        4.51550111E-02
   1429.2923666610018        4.22662199E-02
   1429.4355823290039        3.87294628E-02
   1429.5787979970059        3.33423056E-02
   1429.7220136650080        2.59959735E-02
   1429.8652293330101        1.77386720E-02
   1430.0084450010122        1.01893423E-02
   1430.1516606690143        4.63493960E-03
   1430.2948763370164        1.31651561E-03
   1430.4380920050185       -6.98934018E-04
   1430.5813076730205       -2.98923533E-03
   1430.7245233410226       -6.88396581E-03
   1430.8677390090247       -1.27071496E-02
   1431.0109546770268       -1.95848756E-02
   1431.1541703450289       -2.59319190E-02
   1431.2973860130310       -3.03448662E-02
   1431.4406016810331       -3.23938392E-02
   1431.5838173490351       -3.28613259E-02
   1431.7270330170372       -3.32940109E-02
   1431.8702486850393       -3.51257473E-02
   1432.0134643530414       -3.88692804E-02
   1432.1566800210435       -4.38289642E-02
   1432.2998956890456       -4.84904200E-02
   1432.4431113570477       -5.13667278E-02
   1432.5863270250497       -5.18300906E-02
   1432.7295426930518       -5.04657738E-02
   1432.8727583610539       -4.87473235E-02
   1433.0159740290560       -4.82090674E-02
   1433.1591896970581       -4.95781116E-02
   1433.3024053650602       -5.23586795E-02
   1433.4456210330623       -5.51100299E-02
   1433.5888367010643       -5.62632605E-02
   1433.7320523690664       -5.50116748E-02
   1433.8752680370685       -5.17673120E-02
   1434.0184837050706       -4.79268022E-02
   1434.1616993730727       -4.50838655E-02
   1434.3049150410748       -4.41352949E-02
   1434.4481307090768       -4.47813533E-02
   1434.5913463770789       -4.56973612E-02
   1434.7345620450810       -4.52796891E-02
   1434.8777777130831       -4.25506420E-02
   1435.0209933810852       -3.77157182E-02
   1435.1642090490873       -3.20564806E-02
   1435.3074247170894       -2.72135045E-02
   1435.4506403850914       -2.42617726E-02
   1435.5938560530935       -2.31040660E-02
   1435.7370717210956       -2.25295313E-02
   1435.8802873890977       -2.09040456E-02
   1436.0235030570998       -1.70982610E-02
   1436.1667187251019       -1.11272968E-02
   1436.3099343931040       -4.14453121E-03
   1436.4531500611060        2.20212084E-03
   1436.5963657291081        6.68863486E-03
   1436.7395813971102        9.19583812E-03
   1436.8827970651123        1.07732965E-02
   1437.0260127331144        1.30473552E-02
   1437.1692284011165        1.73001718E-02
   1437.3124440691186        2.37361398E-02
   1437.4556597371206        3.13541666E-02
   1437.5988754051227        3.85047868E-02
   1437.7420910731248        4.38189432E-02
   1437.8853067411269        4.69789654E-02
   1438.0285224091290        4.88917045E-02
   1438.1717380771311        5.11676148E-02
   1438.3149537451332        5.52054383E-02
   1438.4581694131352        6.14012517E-02
   1438.6013850811373        6.89241067E-02
   1438.7446007491394        7.61796162E-02
   1438.8878164171415        8.17001760E-02
   1439.0310320851436        8.49651471E-02
   1439.1742477531457        8.66919830E-02
   1439.3174634211477        8.84313062E-02
   1439.4606790891498        9.16884616E-02
   1439.6038947571519        9.70655307E-02
   1439.7471104251540       0.103912584    
   1439.8903260931561       0.110690065    
   1440.0335417611582       0.115837403    
   1440.1767574291603       0.118652858    
   1440.3199730971623       0.119685240    
   1440.4631887651644       0.120419502    
   1440.6064044331665       0.122438028    
   1440.7496201011686       0.126530528    
   1440.8928357691707       0.132249787    
   1441.0360514371728       0.138160527    
   1441.1792671051749       0.142643899    
   1441.3224827731769       0.144809797    
   1441.4656984411790       0.145003587    
   1441.6089141091811       0.144615874    
   1441.7521297771832       0.145296887    
   1441.8953454451853       0.148019135    
   1442.0385611131874       0.152523845    
   1442.1817767811895       0.157468140    
   1442.3249924491915       0.161187455    
   1442.4682081171936       0.162636906    
   1442.6114237851957       0.161978543    
   1442.7546394531978       0.160487369    
   1442.8978551211999       0.159834161    
   1443.0410707892020       0.161148384    
   1443.1842864572041       0.164384365    
   1443.3275021252061       0.168345496    
   1443.4707177932082       0.171356678    
   1443.6139334612103       0.172211781    
   1443.7571491292124       0.170862287    
   1443.9003647972145       0.168452963    
   1444.0435804652166       0.166679084    
   1444.1867961332186       0.166828960    
   1444.3300118012207       0.169057533    
   1444.4732274692228       0.172303736    
   1444.6164431372249       0.174895018    
   1444.7596588052270       0.175492942    
   1444.9028744732291       0.173846364    
   1445.0460901412312       0.170931801    
   1445.1893058092332       0.168404862    
   1445.3325214772353       0.167669743    
   1445.4757371452374       0.169086888    
   1445.6189528132395       0.171765715    
   1445.7621684812416       0.174064547    
   1445.9053841492437       0.174520418    
   1446.0485998172458       0.172682151    
   1446.1918154852478       0.169370010    
   1446.3350311532499       0.166211933    
   1446.4782468212520       0.164721519    
   1446.6214624892541       0.165444374    
   1446.7646781572562       0.167655468    
   1446.9078938252583       0.169773489    
   1447.0511094932604       0.170254141    
   1447.1943251612624       0.168459922    
   1447.3375408292645       0.165021226    
   1447.4807564972666       0.161486655    
   1447.6239721652687       0.159455225    
   1447.7671878332708       0.159674525    
   1447.9104035012729       0.161614239    
   1448.0536191692750       0.163761929    
   1448.1968348372770       0.164478451    
   1448.3400505052791       0.162927628    
   1448.4832661732812       0.159548923    
   1448.6264818412833       0.155804172    
   1448.7696975092854       0.153345883    
   1448.9129131772875       0.153082281    
   1449.0561288452895       0.154666945    
   1449.1993445132916       0.156696558    
   1449.3425601812937       0.157501772    
   1449.4857758492958       0.156087667    
   1449.6289915172979       0.152696937    
   1449.7722071853000       0.148677900    
   1449.9154228533021       0.145726338    
   1450.0586385213041       0.144924968    
   1450.2018541893062       0.146125257    
   1450.3450698573083       0.148026720    
   1450.4882855253104       0.148911566    
   1450.6315011933125       0.147616103    
   1450.7747168613146       0.144185022    
   1450.9179325293167       0.139839694    
   1451.0611481973187       0.136283606    
   1451.2043638653208       0.134740949    
   1451.3475795333229       0.135268286    
   1451.4907952013250       0.136722267    
   1451.6340108693271       0.137400493    
   1451.7772265373292       0.135998115    
   1451.9204422053313       0.132344753    
   1452.0636578733333       0.127503932    
   1452.2068735413354       0.123172678    
   1452.3500892093375       0.120717518    
   1452.4933048773396       0.120395631    
   1452.6365205453417       0.121207558    
   1452.7797362133438       0.121465780    
   1452.9229518813459       0.119752325    
   1453.0661675493479       0.115719050    
   1453.2093832173500       0.110279769    
   1453.3525988853521       0.105091520    
   1453.4958145533542       0.101620935    
   1453.6390302213563       0.100319743    
   1453.7822458893584       0.100370109    
   1453.9254615573604       0.100143701    
   1454.0686772253625        9.81202498E-02
   1454.2118928933646        9.37501043E-02
   1454.3551085613667        8.77708122E-02
   1454.4983242293688        8.17928389E-02
   1454.6415398973709        7.73871541E-02
   1454.7847555653730        7.51947239E-02
   1454.9279712333750        7.45661408E-02
   1455.0711869013771        7.39340186E-02
   1455.2144025693792        7.17022121E-02
   1455.3576182373813        6.71463683E-02
   1455.5008339053834        6.08204082E-02
   1455.6440495733855        5.42446561E-02
   1455.7872652413876        4.90524732E-02
   1455.9304809093896        4.60726358E-02
   1456.0736965773917        4.48620841E-02
   1456.2169122453938        4.39553671E-02
   1456.3601279133959        4.16955613E-02
   1456.5033435813980        3.71785723E-02
   1456.6465592494001        3.07719838E-02
   1456.7897749174022        2.39092652E-02
   1456.9329905854042        1.82763375E-02
   1457.0762062534063        1.48568545E-02
   1457.2194219214084        1.33806411E-02
   1457.3626375894105        1.24844918E-02
   1457.5058532574126        1.04880435E-02
   1457.6490689254147        6.34394307E-03
   1457.7922845934168        2.29610770E-04
   1457.9355002614188       -6.54881261E-03
   1458.0787159294209       -1.22869955E-02
   1458.2219315974230       -1.58404093E-02
   1458.3651472654251       -1.72717497E-02
   1458.5083629334272       -1.78185068E-02
   1458.6515786014293       -1.91931445E-02
   1458.7947942694313       -2.26103514E-02
   1458.9380099374334       -2.80960500E-02
   1459.0812256054355       -3.44730988E-02
   1459.2244412734376       -4.00298312E-02
   1459.3676569414397       -4.34876010E-02
   1459.5108726094418       -4.47179377E-02
   1459.6540882774439       -4.48079519E-02
   1459.7973039454459       -4.54425253E-02
   1459.9405196134480       -4.79527079E-02
   1460.0837352814501       -5.25633283E-02
   1460.2269509494522       -5.82619123E-02
   1460.3701666174543       -6.33660108E-02
   1460.5133822854564       -6.64737448E-02
   1460.6565979534585       -6.72608837E-02
   1460.7998136214605       -6.66682795E-02
   1460.9430292894626       -6.63684085E-02
   1461.0862449574647       -6.78142309E-02
   1461.2294606254668       -7.14146569E-02
   1461.3726762934689       -7.63062537E-02
   1461.5158919614710       -8.08463916E-02
   1461.6591076294731       -8.35428387E-02
   1461.8023232974751       -8.38934854E-02
   1461.9455389654772       -8.26673135E-02
   1462.0887546334793       -8.14729482E-02
   1462.2319703014814       -8.18567052E-02
   1462.3751859694835       -8.44334364E-02
   1462.5184016374856       -8.85380730E-02
   1462.6616173054877       -9.25986394E-02
   1462.8048329734897       -9.50256661E-02
   1462.9480486414918       -9.51155126E-02
   1463.0912643094939       -9.34518725E-02
   1463.2344799774960       -9.15746167E-02
   1463.3776956454981       -9.11061019E-02
   1463.5209113135002       -9.28350091E-02
   1463.6641269815022       -9.62775275E-02
   1463.8073426495043       -9.99590978E-02
   1463.9505583175064      -0.102251984    
   1464.0937739855085      -0.102295645    
   1464.2369896535106      -0.100484967    
   1464.3802053215127       -9.82534960E-02
   1464.5234209895148       -9.72707644E-02
   1464.6666366575168       -9.85020027E-02
   1464.8098523255189      -0.101661220    
   1464.9530679935210      -0.105372094    
   1465.0962836615231      -0.107949980    
   1465.2394993295252      -0.108360715    
   1465.3827149975273      -0.106808253    
   1465.5259306655294      -0.104617275    
   1465.6691463335314      -0.103482403    
   1465.8123620015335      -0.104514547    
   1465.9555776695356      -0.107622802    
   1466.0987933375377      -0.111574121    
   1466.2420090055398      -0.114691712    
   1466.3852246735419      -0.115799822    
   1466.5284403415440      -0.114887647    
   1466.6716560095460      -0.113119997    
   1466.8148716775481      -0.112184227    
   1466.9580873455502      -0.113337331    
   1467.1013030135523      -0.116692193    
   1467.2445186815544      -0.121152245    
   1467.3877343495565      -0.125034809    
   1467.5309500175586      -0.127027199    
   1467.6741656855606      -0.126928821    
   1467.8173813535627      -0.125758931    
   1467.9605970215648      -0.125174478    
   1468.1038126895669      -0.126532853    
   1468.2470283575690      -0.130127832    
   1468.3902440255711      -0.135024667    
   1468.5334596935731      -0.139584064    
   1468.6766753615752      -0.142382309    
   1468.8198910295773      -0.143012732    
   1468.9631066975794      -0.142315745    
   1469.1063223655815      -0.141902596    
   1469.2495380335836      -0.143238693    
   1469.3927537015857      -0.146807536    
   1469.5359693695877      -0.151833788    
   1469.6791850375898      -0.156722844    
   1469.8224007055919      -0.159962758    
   1469.9656163735940      -0.160973236    
   1470.1088320415961      -0.160423651    
   1470.2520477095982      -0.159847379    
   1470.3952633776003      -0.160774842    
   1470.5384790456023      -0.163871303    
   1470.6816947136044      -0.168559283    
   1470.8249103816065      -0.173336983    
   1470.9681260496086      -0.176617667    
   1471.1113417176107      -0.177621320    
   1471.2545573856128      -0.176813662    
   1471.3977730536149      -0.175638556    
   1471.5409887216169      -0.175692141    
   1471.6842043896190      -0.177809685    
   1471.8274200576211      -0.181587309    
   1471.9706357256232      -0.185609326    
   1472.1138513936253      -0.188246578    
   1472.2570670616274      -0.188569650    
   1472.4002827296295      -0.186862871    
   1472.5434983976315      -0.184455320    
   1472.6867140656336      -0.182967246    
   1472.8299297336357      -0.183393821    
   1472.9731454016378      -0.185538039    
   1473.1163610696399      -0.188112751    
   1473.2595767376420      -0.189459354    
   1473.4027924056440      -0.188480392    
   1473.5460080736461      -0.185256779    
   1473.6892237416482      -0.180996388    
   1473.8324394096503      -0.177342966    
   1473.9756550776524      -0.175441623    
   1474.1188707456545      -0.175293267    
   1474.2620864136566      -0.175759688    
   1474.4053020816586      -0.175208703    
   1474.5485177496607      -0.172431082    
   1474.6917334176628      -0.167315438    
   1474.8349490856649      -0.160907000    
   1474.9781647536670      -0.154817984    
   1475.1213804216691      -0.150317162    
   1475.2645960896712      -0.147607818    
   1475.4078117576732      -0.145704135    
   1475.5510274256753      -0.142982602    
   1475.6942430936774      -0.138100088    
   1475.8374587616795      -0.130755812    
   1475.9806744296816      -0.121861339    
   1476.1238900976837      -0.113022812    
   1476.2671057656858      -0.105634168    
   1476.4103214336878      -0.100097626    
   1476.5535371016899       -9.56082046E-02
   1476.6967527696920       -9.06163529E-02
   1476.8399684376941       -8.37043449E-02
   1476.9831841056962       -7.43859485E-02
   1477.1263997736983       -6.33841380E-02
   1477.2696154417004       -5.22306412E-02
   1477.4128311097024       -4.24086265E-02
   1477.5560467777045       -3.45193408E-02
   1477.6992624457066       -2.79457308E-02
   1477.8424781137087       -2.12076530E-02
   1477.9856937817108       -1.28082382E-02
   1478.1289094497129       -2.08836910E-03
   1478.2721251177149        1.03970021E-02
   1478.4153407857170        2.31903289E-02
   1478.5585564537191        3.47483270E-02
   1478.7017721217212        4.43008505E-02
   1478.8449877897233        5.22721075E-02
   1478.9882034577254        6.00330047E-02
   1479.1314191257275        6.91244304E-02
   1479.2746347937295        8.03834572E-02
   1479.4178504617316        9.34603512E-02
   1479.5610661297337       0.107001118    
   1479.7042817977358       0.119398676    
   1479.8474974657379       0.129690975    
   1479.9907131337400       0.138094902    
   1480.1339288017421       0.145869866    
   1480.2771444697441       0.154589593    
   1480.4203601377462       0.165240213    
   1480.5635758057483       0.177657485    
   1480.7067914737504       0.190616742    
   1480.8500071417525       0.202517048    
   1480.9932228097546       0.212271169    
   1481.1364384777567       0.219904304    
   1481.2796541457587       0.226530433    
   1481.4228698137608       0.233719766    
   1481.5660854817629       0.242608592    
   1481.7093011497650       0.253249884    
   1481.8525168177671       0.264572889    
   1481.9957324857692       0.274979472    
   1482.1389481537713       0.283240825    
   1482.2821638217733       0.289184391    
   1482.4253794897754       0.293779880    
   1482.5685951577775       0.298578948    
   1482.7118108257796       0.304830670    
   1482.8550264937817       0.312773645    
   1482.9982421617838       0.321499109    
   1483.1414578297858       0.329456210    
   1483.2846734977879       0.335314780    
   1483.4278891657900       0.338705122    
   1483.5711048337921       0.340421975    
   1483.7143205017942       0.341975391    
   1483.8575361697963       0.344735980    
   1484.0007518377984       0.349155158    
   1484.1439675058004       0.354504794    
   1484.2871831738025       0.359287620    
   1484.4303988418046       0.362085104    
   1484.5736145098067       0.362358361    
   1484.7168301778088       0.360747099    
   1484.8600458458109       0.358702928    
   1485.0032615138130       0.357670635    
   1485.1464771818150       0.358280301    
   1485.2896928498171       0.359999478    
   1485.4329085178192       0.361434788    
   1485.5761241858213       0.361113816    
   1485.7193398538234       0.358312517    
   1485.8625555218255       0.353465706    
   1486.0057711898276       0.347926944    
   1486.1489868578296       0.343207747    
   1486.2922025258317       0.340124607    
   1486.4354181938338       0.338339508    
   1486.5786338618359       0.336556733    
   1486.7218495298380       0.333262980    
   1486.8650651978401       0.327588022    
   1487.0082808658422       0.319798738    
   1487.1514965338442       0.311152697    
   1487.2947122018463       0.303198397    
   1487.4379278698484       0.296916246    
   1487.5811435378505       0.292177796    
   1487.7243592058526       0.287824273    
   1487.8675748738547       0.282322407    
   1488.0107905418567       0.274633914    
   1488.1540062098588       0.264810503    
   1488.2972218778609       0.253975391    
   1488.4404375458630       0.243697792    
   1488.5836532138651       0.235114828    
   1488.7268688818672       0.228300631    
   1488.8700845498693       0.222240433    
   1489.0133002178713       0.215418592    
   1489.1565158858734       0.206683129    
   1489.2997315538755       0.195898935    
   1489.4429472218776       0.184028000    
   1489.5861628898797       0.172596723    
   1489.7293785578818       0.162848860    
   1489.8725942258839       0.155054793    
   1490.0158098938859       0.148363069    
   1490.1590255618880       0.141281947    
   1490.3022412298901       0.132525757    
   1490.4454568978922       0.121750496    
   1490.5886725658943       0.109759487    
   1490.7318882338964        9.80591029E-02
   1490.8751039018985        8.80165994E-02
   1491.0183195699005        8.00994262E-02
   1491.1615352379026        7.36255795E-02
   1491.3047509059047        6.71606809E-02
   1491.4479665739068        5.93326464E-02
   1491.5911822419089        4.96056527E-02
   1491.7343979099110        3.85834537E-02
   1491.8776135779131        2.76756007E-02
   1492.0208292459151        1.83124952E-02
   1492.1640449139172        1.11461766E-02
   1492.3072605819193        5.68537647E-03
   1492.4504762499214        5.74231555E-04
   1492.5936919179235       -5.63834328E-03
   1492.7369075859256       -1.36732012E-02
   1492.8801232539276       -2.31091548E-02
   1493.0233389219297       -3.26186940E-02
   1493.1665545899318       -4.07147408E-02
   1493.3097702579339       -4.65831198E-02
   1493.4529859259360       -5.05325273E-02
   1493.5962015939381       -5.38144298E-02
   1493.7394172619402       -5.79184107E-02
   1493.8826329299422       -6.37369528E-02
   1494.0258485979443       -7.10633770E-02
   1494.1690642659464       -7.87029341E-02
   1494.3122799339485       -8.51385817E-02
   1494.4554956019506       -8.93823132E-02
   1494.5987112699527       -9.15330276E-02
   1494.7419269379548       -9.27220136E-02
   1494.8851426059568       -9.44732279E-02
   1495.0283582739589       -9.78412628E-02
   1495.1715739419610      -0.102817833    
   1495.3147896099631      -0.108342156    
   1495.4580052779652      -0.112904400    
   1495.6012209459673      -0.115397021    
   1495.7444366139694      -0.115735345    
   1495.8876522819714      -0.114903688    
   1496.0308679499735      -0.114404961    
   1496.1740836179756      -0.115420870    
   1496.3172992859777      -0.118150026    
   1496.4605149539798      -0.121694811    
   1496.6037306219819      -0.124564953    
   1496.7469462899840      -0.125518546    
   1496.8901619579860      -0.124266393    
   1497.0333776259881      -0.121638507    
   1497.1765932939902      -0.119116895    
   1497.3198089619923      -0.118000761    
   1497.4630246299944      -0.118678398    
   1497.6062402979965      -0.120415553    
   1497.7494559659985      -0.121774465    
   1497.8926716340006      -0.121424444    
   1498.0358873020027      -0.118889980    
   1498.1791029700048      -0.114820689    
   1498.3223186380069      -0.110632502    
   1498.4655343060090      -0.107717827    
   1498.6087499740111      -0.106664509    
   1498.7519656420131      -0.106923871    
   1498.8951813100152      -0.107119992    
   1499.0383969780173      -0.105829209    
   1499.1816126460194      -0.102388144    
   1499.3248283140215       -9.72701311E-02
   1499.4680439820236       -9.18171257E-02
   1499.6112596500257       -8.74828175E-02
   1499.7544753180277       -8.50176364E-02
   1499.8976909860298       -8.40530246E-02
   1500.0409066540319       -8.33134055E-02
   1500.1841223220340       -8.13334063E-02
   1500.3273379900361       -7.72801191E-02
   1500.4705536580382       -7.14230537E-02
   1500.6137693260403       -6.49882331E-02
   1500.7569849940423       -5.94736375E-02
   1500.9002006620444       -5.58067337E-02
   1501.0434163300465       -5.38193323E-02
   1501.1866319980486       -5.23406938E-02
   1501.3298476660507       -4.98593152E-02
   1501.4730633340528       -4.53781411E-02
   1501.6162790020549       -3.89773883E-02
   1501.7594946700569       -3.17678154E-02
   1501.9027103380590       -2.52648201E-02
   1502.0459260060611       -2.05386747E-02
   1502.1891416740632       -1.76171288E-02
   1502.3323573420653       -1.54720973E-02
   1502.4755730100674       -1.25967655E-02
   1502.6187886780694       -7.85208307E-03
   1502.7620043460715       -1.11006596E-03
   1502.9052200140736        6.66930294E-03
   1503.0484356820757        1.39756277E-02
   1503.1916513500778        1.95998531E-02
   1503.3348670180799        2.33174469E-02
   1503.4780826860820        2.60134004E-02
   1503.6212983540840        2.91781165E-02
   1503.7645140220861        3.40625867E-02
   1503.9077296900882        4.09724563E-02
   1504.0509453580903        4.90969233E-02
   1504.1941610260924        5.69638833E-02
   1504.3373766940945        6.32632747E-02
   1504.4805923620966        6.75789118E-02
   1504.6238080300986        7.06216246E-02
   1504.7670236981007        7.38319084E-02
   1504.9102393661028        7.85700977E-02
   1505.0534550341049        8.53457302E-02
   1505.1966707021070        9.35221463E-02
   1505.3398863701091       0.101668671    
   1505.4831020381112       0.108365022    
   1505.6263177061132       0.113001756    
   1505.7695333741153       0.116121270    
   1505.9127490421174       0.119106665    
   1506.0559647101195       0.123397805    
   1506.1991803781216       0.129678875    
   1506.3423960461237       0.137493163    
   1506.4856117141258       0.145497501    
   1506.6288273821278       0.152212232    
   1506.7720430501299       0.156847924    
   1506.9152587181320       0.159746662    
   1507.0584743861341       0.162188157    
   1507.2016900541362       0.165665239    
   1507.3449057221383       0.171034858    
   1507.4881213901403       0.178025991    
   1507.6313370581424       0.185386553    
   1507.7745527261445       0.191586912    
   1507.9177683941466       0.195680022    
   1508.0609840621487       0.197830126    
   1508.2041997301508       0.199214056    
   1508.3474153981529       0.201354250    
   1508.4906310661549       0.205260158    
   1508.6338467341570       0.210857198    
   1508.7770624021591       0.217021272    
   1508.9202780701612       0.222201034    
   1509.0634937381633       0.225283265    
   1509.2067094061654       0.226217389    
   1509.3499250741675       0.226044208    
   1509.4931407421695       0.226306885    
   1509.6363564101716       0.228173986    
   1509.7795720781737       0.231773213    
   1509.9227877461758       0.236115709    
   1510.0660034141779       0.239653453    
   1510.2092190821800       0.241150692    
   1510.3524347501821       0.240375116    
   1510.4956504181841       0.238221392    
   1510.6388660861862       0.236201614    
   1510.7820817541883       0.235590771    
   1510.9252974221904       0.236705273    
   1511.0685130901925       0.238718122    
   1511.2117287581946       0.240116954    
   1511.3549444261967       0.239551678    
   1511.4981600941987       0.236595720    
   1511.6413757622008       0.231988370    
   1511.7845914302029       0.227216884    
   1511.9278070982050       0.223673478    
   1512.0710227662071       0.221866220    
   1512.2142384342092       0.221131593    
   1512.3574541022112       0.220009148    
   1512.5006697702133       0.217063874    
   1512.6438854382154       0.211692244    
   1512.7871011062175       0.204461738    
   1512.9303167742196       0.196794972    
   1513.0735324422217       0.190174356    
   1513.2167481102238       0.185310215    
   1513.3599637782258       0.181739420    
   1513.5031794462279       0.178084806    
   1513.6463951142300       0.172834799    
   1513.7896107822321       0.165203840    
   1513.9328264502342       0.155583516    
   1514.0760421182363       0.145325109    
   1514.2192577862384       0.135977581    
   1514.3624734542404       0.128415585    
   1514.5056891222425       0.122352220    
   1514.6489047902446       0.116508365    
   1514.7921204582467       0.109339170    
   1514.9353361262488        9.99080315E-02
   1515.0785517942509        8.84191915E-02
   1515.2217674622530        7.61113390E-02
   1515.3649831302550        6.45695329E-02
   1515.5081987982571        5.48384264E-02
   1515.6514144662592        4.68355678E-02
   1515.7946301342613        3.93998623E-02
   1515.9378458022634        3.09526287E-02
   1516.0810614702655        2.03985088E-02
   1516.2242771382676        7.75403716E-03
   1516.3674928062696       -5.85335493E-03
   1516.5107084742717       -1.88135132E-02
   1516.6539241422738       -2.99312659E-02
   1516.7971398102759       -3.90875116E-02
   1516.9403554782780       -4.72946726E-02
   1517.0835711462801       -5.61179072E-02
   1517.2267868142821       -6.67861700E-02
   1517.3700024822842       -7.94900879E-02
   1517.5132181502863       -9.32618603E-02
   1517.6564338182884      -0.106509387    
   1517.7996494862905      -0.117907703    
   1517.9428651542926      -0.127143726    
   1518.0860808222947      -0.135088295    
   1518.2292964902967      -0.143294573    
   1518.3725121582988      -0.153108433    
   1518.5157278263009      -0.164898023    
   1518.6589434943030      -0.177839220    
   1518.8021591623051      -0.190374270    
   1518.9453748303072      -0.201080784    
   1519.0885904983093      -0.209461540    
   1519.2318061663113      -0.216214091    
   1519.3750218343134      -0.222830698    
   1519.5182375023155      -0.230750948    
   1519.6614531703176      -0.240540594    
   1519.8046688383197      -0.251559645    
   1519.9478845063218      -0.262311637    
   1520.0911001743239      -0.271281421    
   1520.2343158423259      -0.277786940    
   1520.3775315103280      -0.282359660    
   1520.5207471783301      -0.286436349    
   1520.6639628463322      -0.291538745    
   1520.8071785143343      -0.298408419    
   1520.9503941823364      -0.306584805    
   1521.0936098503385      -0.314660847    
   1521.2368255183405      -0.321069777    
   1521.3800411863426      -0.324961245    
   1521.5232568543447      -0.326676488    
   1521.6664725223468      -0.327554584    
   1521.8096881903489      -0.329174340    
   1521.9529038583510      -0.332456499    
   1522.0961195263530      -0.337135404    
   1522.2393351943551      -0.341904253    
   1522.3825508623572      -0.345154643    
   1522.5257665303593      -0.345888793    
   1522.6689821983614      -0.344283789    
   1522.8121978663635      -0.341588378    
   1522.9554135343656      -0.339415133    
   1523.0986292023676      -0.338831574    
   1523.2418448703697      -0.339761883    
   1523.3850605383718      -0.341031611    
   1523.5282762063739      -0.341028780    
   1523.6714918743760      -0.338611603    
   1523.8147075423781      -0.333755285    
   1523.9579232103802      -0.327571839    
   1524.1011388783822      -0.321686774    
   1524.2443545463843      -0.317321062    
   1524.3875702143864      -0.314599812    
   1524.5307858823885      -0.312483579    
   1524.6740015503906      -0.309362680    
   1524.8172172183927      -0.303974867    
   1524.9604328863948      -0.296123236    
   1525.1036485543968      -0.286788970    
   1525.2468642223989      -0.277579695    
   1525.3900798904010      -0.269827276    
   1525.5332955584031      -0.263842106    
   1525.6765112264052      -0.258741528    
   1525.8197268944073      -0.252949923    
   1525.9629425624094      -0.245093077    
   1526.1061582304114      -0.234784558    
   1526.2493738984135      -0.222856387    
   1526.3925895664156      -0.210897893    
   1526.5358052344177      -0.200361148    
   1526.6790209024198      -0.191743314    
   1526.8222365704219      -0.184312969    
   1526.9654522384239      -0.176534683    
   1527.1086679064260      -0.166946337    
   1527.2518835744281      -0.154990122    
   1527.3950992424302      -0.141330257    
   1527.5383149104323      -0.127483547    
   1527.6815305784344      -0.114972368    
   1527.8247462464365      -0.104474083    
   1527.9679619144385       -9.54430625E-02
   1528.1111775824406       -8.64207968E-02
   1528.2543932504427       -7.58649260E-02
   1528.3976089184448       -6.30316883E-02
   1528.5408245864469       -4.84091714E-02
   1528.6840402544490       -3.34504470E-02
   1528.8272559224511       -1.97563637E-02
   1528.9704715904531       -8.17480125E-03
   1529.1136872584552        1.66998035E-03
   1529.2569029264573        1.11532863E-02
   1529.4001185944594        2.18630154E-02
   1529.5433342624615        3.46966460E-02
   1529.6865499304636        4.93490174E-02
   1529.8297655984657        6.44761696E-02
   1529.9729812664677        7.84435347E-02
   1530.1161969344698        9.02409256E-02
   1530.2594126024719       0.100049846    
   1530.4026282704740       0.109138824    
   1530.5458439384761       0.119140096    
   1530.6890596064782       0.131115586    
   1530.8322752744803       0.144945502    
   1530.9754909424823       0.159389794    
   1531.1187066104844       0.172786444    
   1531.2619222784865       0.183985844    
   1531.4051379464886       0.192990497    
   1531.5483536144907       0.200942665    
   1531.6915692824928       0.209472731    
   1531.8347849504948       0.219776660    
   1531.9780006184969       0.231938347    
   1532.1212162864990       0.244875193    
   1532.2644319545011       0.256940335    
   1532.4076476225032       0.266847283    
   1532.5508632905053       0.274396241    
   1532.6940789585074       0.280586600    
   1532.8372946265094       0.287045956    
   1532.9805102945115       0.295098841    
   1533.1237259625136       0.305008024    
   1533.2669416305157       0.315821916    
   1533.4101572985178       0.325912088    
   1533.5533729665199       0.333890945    
   1533.6965886345220       0.339388967    
   1533.8398043025240       0.343256950    
   1533.9830199705261       0.347083360    
   1534.1262356385282       0.352298349    
   1534.2694513065303       0.359364778    
   1534.4126669745324       0.367510289    
   1534.5558826425345       0.375155926    
   1534.6990983105366       0.380804330    
   1534.8423139785386       0.383886307    
   1534.9855296465407       0.385081619    
   1535.1287453145428       0.385928869    
   1535.2719609825449       0.387947917    
   1535.4151766505470       0.391777456    
   1535.5583923185491       0.396816850    
   1535.7016079865512       0.401569635    
   1535.8448236545532       0.404488146    
   1535.9880393225553       0.404841900    
   1536.1312549905574       0.403125197    
   1536.2744706585595       0.400777549    
   1536.4176863265616       0.399371654    
   1536.5609019945637       0.399721742    
   1536.7041176625657       0.401415110    
   1536.8473333305678       0.403037995    
   1536.9905489985699       0.402973682    
   1537.1337646665720       0.400320530    
   1537.2769803345741       0.395403832    
   1537.4201960025762       0.389588773    
   1537.5634116705783       0.384504348    
   1537.7066273385803       0.381123692    
   1537.8498430065824       0.379221529    
   1537.9930586745845       0.377508879    
   1538.1362743425866       0.374362826    
   1538.2794900105887       0.368740201    
   1538.4227056785908       0.360765487    
   1538.5659213465929       0.351663888    
   1538.7091370145949       0.343073756    
   1538.8523526825970       0.336121649    
   1538.9955683505991       0.330783337    
   1539.1387840186012       0.325898111    
   1539.2819996866033       0.319831938    
   1539.4252153546054       0.311411202    
   1539.5684310226075       0.300591975    
   1539.7116466906095       0.288484961    
   1539.8548623586116       0.276727438    
   1539.9980780266137       0.266563565    
   1540.1412936946158       0.258151770    
   1540.2845093626179       0.250484049    
   1540.4277250306200       0.241959170    
   1540.5709406986221       0.231289610    
   1540.7141563666241       0.218235806    
   1540.8573720346262       0.203753650    
   1541.0005877026283       0.189465567    
   1541.1438033706304       0.176749602    
   1541.2870190386325       0.165963724    
   1541.4302347066346       0.156251222    
   1541.5734503746366       0.146039486    
   1541.7166660426387       0.133944318    
   1541.8598817106408       0.119561180    
   1542.0030973786429       0.103696331    
   1542.1463130466450        8.79144296E-02
   1542.2895287146471        7.36644566E-02
   1542.4327443826492        6.14754781E-02
   1542.5759600506512        5.06694876E-02
   1542.7191757186533        3.97507623E-02
   1542.8623913866554        2.72566881E-02
   1543.0056070546575        1.25955008E-02
   1543.1488227226596       -3.60311219E-03
   1543.2920383906617       -1.98293421E-02
   1543.4352540586638       -3.45377848E-02
   1543.5784697266658       -4.70141806E-02
   1543.7216853946679       -5.77677414E-02
   1543.8649010626700       -6.82262778E-02
   1544.0081167306721       -7.99128637E-02
   1544.1513323986742       -9.35755223E-02
   1544.2945480666763      -0.108760133    
   1544.4377637346784      -0.124060452    
   1544.5809794026804      -0.137899831    
   1544.7241950706825      -0.149406627    
   1544.8674107386846      -0.158895031    
   1545.0106264066867      -0.167680070    
   1545.1538420746888      -0.177325696    
   1545.2970577426909      -0.188746467    
   1545.4402734106930      -0.201673865    
   1545.5834890786950      -0.214795619    
   1545.7267047466971      -0.226491138    
   1545.8699204146992      -0.235741317    
   1546.0131360827013      -0.242692068    
   1546.1563517507034      -0.248554677    
   1546.2995674187055      -0.254907370    
   1546.4427830867075      -0.262798071    
   1546.5859987547096      -0.272151113    
   1546.7292144227117      -0.281805098    
   1546.8724300907138      -0.290157527    
   1547.0156457587159      -0.296057910    
   1547.1588614267180      -0.299451441    
   1547.3020770947201      -0.301408052    
   1547.4452927627221      -0.303513855    
   1547.5885084307242      -0.306964785    
   1547.7317240987263      -0.311879426    
   1547.8749397667284      -0.317226499    
   1548.0181554347305      -0.321409017    
   1548.1613711027326      -0.323167920    
   1548.3045867707347      -0.322288305    
   1548.4478024387367      -0.319711387    
   1548.5910181067388      -0.316996783    
   1548.7342337747409      -0.315442801    
   1548.8774494427430      -0.315357238    
   1549.0206651107451      -0.315883785    
   1549.1638807787472      -0.315481246    
   1549.3070964467493      -0.312790960    
   1549.4503121147513      -0.307406962    
   1549.5935277827534      -0.300111681    
   1549.7367434507555      -0.292437434    
   1549.8799591187576      -0.285800576    
   1550.0231747867597      -0.280702919    
   1550.1663904547618      -0.276457101    
   1550.3096061227639      -0.271588624    
   1550.4528217907659      -0.264679372    
   1550.5960374587680      -0.255171806    
   1550.7392531267701      -0.243684426    
   1550.8824687947722      -0.231668249    
   1551.0256844627743      -0.220599949    
   1551.1689001307764      -0.211160541    
   1551.3121157987784      -0.202857360    
   1551.4553314667805      -0.194304675    
   1551.5985471347826      -0.184012175    
   1551.7417628027847      -0.171239853    
   1551.8849784707868      -0.156431541    
   1552.0281941387889      -0.140975296    
   1552.1714098067910      -0.126425862    
   1552.3146254747930      -0.113635398    
   1552.4578411427951      -0.102289051    
   1552.6010568107972       -9.11039412E-02
   1552.7442724787993       -7.85703138E-02
   1552.8874881468014       -6.38123527E-02
   1553.0307038148035       -4.70880829E-02
   1553.1739194828056       -2.96540763E-02
   1553.3171351508076       -1.30727161E-02
   1553.4603508188097        1.65292434E-03
   1553.6035664868118        1.46331703E-02
   1553.7467821548139        2.70197038E-02
   1553.8899978228160        4.03419584E-02
   1554.0332134908181        5.56251146E-02
   1554.1764291588202        7.27930740E-02
   1554.3196448268222        9.06987861E-02
   1554.4628604948243       0.107762955    
   1554.6060761628264       0.122853585    
   1554.7492918308285       0.135906741    
   1554.8925074988306       0.147943199    
   1555.0357231668327       0.160478830    
   1555.1789388348348       0.174662292    
   1555.3221545028368       0.190619454    
   1555.4653701708389       0.207368523    
   1555.6085858388410       0.223355800    
   1555.7518015068431       0.237316832    
   1555.8950171748452       0.248980194    
   1556.0382328428473       0.259211779    
   1556.1814485108493       0.269512087    
   1556.3246641788514       0.281151265    
   1556.4678798468535       0.294437647    
   1556.6110955148556       0.308537632    
   1556.7543111828577       0.321944177    
   1556.8975268508598       0.333320528    
   1557.0407425188619       0.342240274    
   1557.1839581868639       0.349412143    
   1557.3271738548660       0.356271118    
   1557.4703895228681       0.364167064    
   1557.6136051908702       0.373601407    
   1557.7568208588723       0.383936882    
   1557.9000365268744       0.393746346    
   1558.0432521948765       0.401610583    
   1558.1864678628785       0.406917214    
   1558.3296835308806       0.410205185    
   1558.4728991988827       0.412855387    
   1558.6161148668848       0.416303754    
   1558.7593305348869       0.421227306    
   1558.9025462028890       0.427165151    
   1559.0457618708911       0.432783604    
   1559.1889775388931       0.436628580    
   1559.3321932068952       0.437940598    
   1559.4754088748973       0.437079132    
   1559.6186245428994       0.435322434    
   1559.7618402109015       0.434154034    
   1559.9050558789036       0.434431344    
   1560.0482715469057       0.435902536    
   1560.1914872149077       0.437348604    
   1560.3347028829098       0.437276185    
   1560.4779185509119       0.434768468    
   1560.6211342189140       0.430008143    
   1560.7643498869161       0.424173385    
   1560.9075655549182       0.418770760    
   1561.0507812229203       0.414789677    
   1561.1939968909223       0.412156641    
   1561.3372125589244       0.409790635    
   1561.4804282269265       0.406219870    
   1561.6236438949286       0.400413275    
   1561.7668595629307       0.392364770    
   1561.9100752309328       0.383106411    
   1562.0532908989348       0.374139994    
   1562.1965065669369       0.366600126    
   1562.3397222349390       0.360618442    
   1562.4829379029411       0.355252892    
   1562.6261535709432       0.349027157    
   1562.7693692389453       0.340775013    
   1562.9125849069474       0.330307394    
   1563.0558005749494       0.318523139    
   1563.1990162429515       0.306905568    
   1563.3422319109536       0.296695441    
   1563.4854475789557       0.288206846    
   1563.6286632469578       0.280665308    
   1563.7718789149599       0.272653639    
   1563.9150945829620       0.262915820    
   1564.0583102509640       0.251071364    
   1564.2015259189661       0.237840623    
   1564.3447415869682       0.224649280    
   1564.4879572549703       0.212830827    
   1564.6311729229724       0.202877358    
   1564.7743885909745       0.194167525    
   1564.9176042589766       0.185328156    
   1565.0608199269786       0.175021544    
   1565.2040355949807       0.162707508    
   1565.3472512629828       0.148949966    
   1565.4904669309849       0.135101587    
   1565.6336825989870       0.122550547    
   1565.7768982669891       0.111952335    
   1565.9201139349912       0.102871962    
   1566.0633296029932        9.40337330E-02
   1566.2065452709953        8.40417743E-02
   1566.3497609389974        7.21724331E-02
   1566.4929766069995        5.87935261E-02
   1566.6361922750016        4.51684333E-02
   1566.7794079430037        3.27497199E-02
   1566.9226236110057        2.23616436E-02
   1567.0658392790078        1.37386415E-02
   1567.2090549470099        5.68300998E-03
   1567.3522706150120       -3.25122522E-03
   1567.4954862830141       -1.39398491E-02
   1567.6387019510162       -2.61970293E-02
   1567.7819176190183       -3.88818495E-02
   1567.9251332870203       -5.05377240E-02
   1568.0683489550224       -6.02062196E-02
   1568.2115646230245       -6.79627880E-02
   1568.3547802910266       -7.48748183E-02
   1568.4979959590287       -8.24014246E-02
   1568.6412116270308       -9.15679261E-02
   1568.7844272950329      -0.102380611    
   1568.9276429630349      -0.113817260    
   1569.0708586310370      -0.124402300    
   1569.2140742990391      -0.133039564    
   1569.3572899670412      -0.139628008    
   1569.5005056350433      -0.145112842    
   1569.6437213030454      -0.150948673    
   1569.7869369710475      -0.158281669    
   1569.9301526390495      -0.167308956    
   1570.0733683070516      -0.177169383    
   1570.2165839750537      -0.186423942    
   1570.3597996430558      -0.193859860    
   1570.5030153110579      -0.199172422    
   1570.6462309790600      -0.203141287    
   1570.7894466470621      -0.207196057    
   1570.9326623150641      -0.212610170    
   1571.0758779830662      -0.219778448    
   1571.2190936510683      -0.227991536    
   1571.3623093190704      -0.235836938    
   1571.5055249870725      -0.241997123    
   1571.6487406550746      -0.245989472    
   1571.7919563230766      -0.248431414    
   1571.9351719910787      -0.250687182    
   1572.0783876590808      -0.254099458    
   1572.2216033270829      -0.259236008    
   1572.3648189950850      -0.265569687    
   1572.5080346630871      -0.271769553    
   1572.6512503310892      -0.276443660    
   1572.7944659990912      -0.278921008    
   1572.9376816670933      -0.279631793    
   1573.0808973350954      -0.279867142    
   1573.2241130030975      -0.281049609    
   1573.3673286710996      -0.283927798    
   1573.5105443391017      -0.288153440    
   1573.6537600071038      -0.292479545    
   1573.7969756751058      -0.295463383    
   1573.9401913431079      -0.296274930    
   1574.0834070111100      -0.295157224    
   1574.2266226791121      -0.293285519    
   1574.3698383471142      -0.292107075    
   1574.5130540151163      -0.292528480    
   1574.6562696831184      -0.294402480    
   1574.7994853511204      -0.296603233    
   1574.9427010191225      -0.297653288    
   1575.0859166871246      -0.296554118    
   1575.2291323551267      -0.293350846    
   1575.3723480231288      -0.289107025    
   1575.5155636911309      -0.285301238    
   1575.6587793591330      -0.282988995    
   1575.8019950271350      -0.282207102    
   1575.9452106951371      -0.281955481    
   1576.0884263631392      -0.280761629    
   1576.2316420311413      -0.277506232    
   1576.3748576991434      -0.272048056    
   1576.5180733671455      -0.265301675    
   1576.6612890351475      -0.258726180    
   1576.8045047031496      -0.253507882    
   1576.9477203711517      -0.249891728    
   1577.0909360391538      -0.247038618    
   1577.2341517071559      -0.243494183    
   1577.3773673751580      -0.238008842    
   1577.5205830431601      -0.230245098    
   1577.6637987111621      -0.220969290    
   1577.8070143791642      -0.211618662    
   1577.9502300471663      -0.203491613    
   1578.0934457151684      -0.197020188    
   1578.2366613831705      -0.191532537    
   1578.3798770511726      -0.185634151    
   1578.5230927191747      -0.177991390    
   1578.6663083871767      -0.168080300    
   1578.8095240551788      -0.156484053    
   1578.9527397231809      -0.144571349    
   1579.0959553911830      -0.133731365    
   1579.2391710591851      -0.124592498    
   1579.3823867271872      -0.116667084    
   1579.5256023951893      -0.108627953    
   1579.6688180631913       -9.90631059E-02
   1579.8120337311934       -8.72797668E-02
   1579.9552493991955       -7.37002864E-02
   1580.0984650671976       -5.96273318E-02
   1580.2416807351997       -4.65153009E-02
   1580.3848964032018       -3.51610817E-02
   1580.5281120712039       -2.52669491E-02
   1580.6713277392059       -1.56166703E-02
   1580.8145434072080       -4.76480601E-03
   1580.9577590752101        8.14434420E-03
   1581.1009747432122        2.28848793E-02
   1581.2441904112143        3.82627621E-02
   1581.3874060792164        5.27761541E-02
   1581.5306217472184        6.54538572E-02
   1581.6738374152205        7.63968304E-02
   1581.8170530832226        8.67129043E-02
   1581.9602687512247        9.78804454E-02
   1582.1034844192268       0.110903189    
   1582.2467000872289       0.125735894    
   1582.3899157552310       0.141302854    
   1582.5331314232330       0.156094655    
   1582.6763470912351       0.169005588    
   1582.8195627592372       0.179943353    
   1582.9627784272393       0.189871147    
   1583.1059940952414       0.200257286    
   1583.2492097632435       0.212237298    
   1583.3924254312456       0.225957736    
   1583.5356410992476       0.240474731    
   1583.6788567672497       0.254270047    
   1583.8220724352518       0.266096145    
   1583.9652881032539       0.275670528    
   1584.1085037712560       0.283823818    
   1584.2517194392581       0.292018771    
   1584.3949351072602       0.301515043    
   1584.5381507752622       0.312652200    
   1584.6813664432643       0.324652106    
   1584.8245821112664       0.336047560    
   1584.9677977792685       0.345496237    
   1585.1110134472706       0.352525741    
   1585.2542291152727       0.357793421    
   1585.3974447832748       0.362712681    
   1585.5406604512768       0.368650407    
   1585.6838761192789       0.376145333    
   1585.8270917872810       0.384591460    
   1585.9703074552831       0.392569870    
   1586.1135231232852       0.398643076    
   1586.2567387912873       0.402160466    
   1586.3999544592893       0.403617471    
   1586.5431701272914       0.404367566    
   1586.6863857952935       0.405853033    
   1586.8296014632956       0.408789039    
   1586.9728171312977       0.412757516    
   1587.1160327992998       0.416437328    
   1587.2592484673019       0.418342113    
   1587.4024641353039       0.417655110    
   1587.5456798033060       0.414692730    
   1587.6888954713081       0.410731852    
   1587.8321111393102       0.407293051    
   1587.9753268073123       0.405282557    
   1588.1185424753144       0.404479921    
   1588.2617581433165       0.403664052    
   1588.4049738113185       0.401305497    
   1588.5481894793206       0.396430820    
   1588.6914051473227       0.389170676    
   1588.8346208153248       0.380685180    
   1588.9778364833269       0.372512460    
   1589.1210521513290       0.365706742    
   1589.2642678193311       0.360247940    
   1589.4074834873331       0.355053097    
   1589.5506991553352       0.348587006    
   1589.6939148233373       0.339732826    
   1589.8371304913394       0.328432977    
   1589.9803461593415       0.315734833    
   1590.1235618273436       0.303210109    
   1590.2667774953457       0.292075217    
   1590.4099931633477       0.282512695    
   1590.5532088313498       0.273579419    
   1590.6964244993519       0.263751596    
   1590.8396401673540       0.251795530    
   1590.9828558353561       0.237472773    
   1591.1260715033582       0.221684977    
   1591.2692871713602       0.205979586    
   1591.4125028393623       0.191693008    
   1591.5557185073644       0.179209992    
   1591.6989341753665       0.167755365    
   1591.8421498433686       0.155839086    
   1591.9853655113707       0.142108366    
   1592.1285811793728       0.126126498    
   1592.2717968473748       0.108635224    
   1592.4150125153769        9.11491439E-02
   1592.5582281833790        7.51120970E-02
   1592.7014438513811        6.10949285E-02
   1592.8446595193832        4.84881662E-02
   1592.9878751873853        3.58603932E-02
   1593.1310908553874        2.17776429E-02
   1593.2743065233894        5.62319672E-03
   1593.4175221913915       -1.20406756E-02
   1593.5607378593936       -2.97719501E-02
   1593.7039535273957       -4.60441224E-02
   1593.8471691953978       -6.00936860E-02
   1593.9903848633999       -7.23417997E-02
   1594.1336005314020       -8.41474831E-02
   1594.2768161994040       -9.70275402E-02
   1594.4200318674061      -0.111784607    
   1594.5632475354082      -0.128040016    
   1594.7064632034103      -0.144437462    
   1594.8496788714124      -0.159399867    
   1594.9928945394145      -0.172008649    
   1595.1361102074166      -0.182509288    
   1595.2793258754186      -0.192161605    
   1595.4225415434207      -0.202521741    
   1595.5657572114228      -0.214558199    
   1595.7089728794249      -0.228096411    
   1595.8521885474270      -0.241904005    
   1595.9954042154291      -0.254372925    
   1596.1386198834311      -0.264417857    
   1596.2818355514332      -0.272083819    
   1596.4250512194353      -0.278515875    
   1596.5682668874374      -0.285305291    
   1596.7114825554395      -0.293583006    
   1596.8546982234416      -0.303375393    
   1596.9979138914437      -0.313586801    
   1597.1411295594457      -0.322615325    
   1597.2843452274478      -0.329252094    
   1597.4275608954499      -0.333357960    
   1597.5707765634520      -0.335939169    
   1597.7139922314541      -0.338579625    
   1597.8572078994562      -0.342546493    
   1598.0004235674583      -0.348069996    
   1598.1436392354603      -0.354205579    
   1598.2868549034624      -0.359361202    
   1598.4300705714645      -0.362195224    
   1598.5732862394666      -0.362375796    
   1598.7165019074687      -0.360768646    
   1598.8597175754708      -0.358946085    
   1599.0029332434729      -0.358298570    
   1599.1461489114749      -0.359253436    
   1599.2893645794770      -0.361040503    
   1599.4325802474791      -0.362131596    
   1599.5757959154812      -0.361103505    
   1599.7190115834833      -0.357440531    
   1599.8622272514854      -0.351828009    
   1600.0054429194875      -0.345771730    
   1600.1486585874895      -0.340753496    
   1600.2918742554916      -0.337396204    
   1600.4350899234937      -0.335111141    
   1600.5783055914958      -0.332431525    
   1600.7215212594979      -0.327846557    
   1600.8647369275000      -0.320661992    
   1601.0079525955020      -0.311397314    
   1601.1511682635041      -0.301495165    
   1601.2943839315062      -0.292510509    
   1601.4375995995083      -0.285239756    
   1601.5808152675104      -0.279279828    
   1601.7240309355125      -0.273262054    
   1601.8672466035146      -0.265628725    
   1602.0104622715166      -0.255517095    
   1602.1536779395187      -0.243255183    
   1602.2968936075208      -0.230187267    
   1602.4401092755229      -0.217923760    
   1602.5833249435250      -0.207437426    
   1602.7265406115271      -0.198519751    
   1602.8697562795292      -0.189908519    
   1603.0129719475312      -0.180013537    
   1603.1561876155333      -0.167825550    
   1603.2994032835354      -0.153491616    
   1603.4426189515375      -0.138234720    
   1603.5858346195396      -0.123668320    
   1603.7290502875417      -0.110894553    
   1603.8722659555438       -9.98915359E-02
   1604.0154816235458       -8.95312056E-02
   1604.1586972915479       -7.82185718E-02
   1604.3019129595500       -6.47965744E-02
   1604.4451286275521       -4.92086411E-02
   1604.5883442955542       -3.25418934E-02
   1604.7315599635563       -1.64212286E-02
   1604.8747756315584       -2.09523505E-03
   1605.0179912995604        1.02654081E-02
   1605.1612069675625        2.16561835E-02
   1605.3044226355646        3.36645469E-02
   1605.4476383035667        4.75625135E-02
   1605.5908539715688        6.35815188E-02
   1605.7340696395709        8.07767659E-02
   1605.8772853075729        9.75534171E-02
   1606.0205009755750       0.112557076    
   1606.1637166435771       0.125429273    
   1606.3069323115792       0.137004241    
   1606.4501479795813       0.148834020    
   1606.5933636475834       0.162306175    
   1606.7365793155855       0.177851617    
   1606.8797949835875       0.194693804    
   1607.0230106515896       0.211284190    
   1607.1662263195917       0.226176113    
   1607.3094419875938       0.238837689    
   1607.4526576555959       0.249942318    
   1607.5958733235980       0.260976255    
   1607.7390889916001       0.273390353    
   1607.8823046596021       0.287776262    
   1608.0255203276042       0.303527206    
   1608.1687359956063       0.319171458    
   1608.3119516636084       0.333191842    
   1608.4551673316105       0.344874203    
   1608.5983829996126       0.354707479    
   1608.7415986676147       0.364105046    
   1608.8848143356167       0.374599367    
   1609.0280300036188       0.386964679    
   1609.1712456716209       0.400769114    
   1609.3144613396230       0.414613903    
   1609.4576770076251       0.426921993    
   1609.6008926756272       0.436824679    
   1609.7441083436293       0.444642693    
   1609.8873240116313       0.451694071    
   1610.0305396796334       0.459542155    
   1610.1737553476355       0.469109625    
   1610.3169710156376       0.480153799    
   1610.4601866836397       0.491396725    
   1610.6034023516418       0.501238167    
   1610.7466180196438       0.508653164    
   1610.8898336876459       0.513767779    
   1611.0330493556480       0.517783523    
   1611.1762650236501       0.522290111    
   1611.3194806916522       0.528357267    
   1611.4626963596543       0.535923839    
   1611.6059120276564       0.543831050    
   1611.7491276956584       0.550477445    
   1611.8923433636605       0.554719448    
   1612.0355590316626       0.556509793    
   1612.1787746996647       0.556917787    
   1612.3219903676668       0.557524025    
   1612.4652060356689       0.559528351    
   1612.6084217036710       0.563069582    
   1612.7516373716730       0.567139387    
   1612.8948530396751       0.570144594    
   1613.0380687076772       0.570805252    
   1613.1812843756793       0.568879962    
   1613.3245000436814       0.565302014    
   1613.4677157116835       0.561646760    
   1613.6109313796856       0.559234321    
   1613.7541470476876       0.558381855    
   1613.8973627156897       0.558228493    
   1614.0405783836918       0.557226181    
   1614.1837940516939       0.554012775    
   1614.3270097196960       0.548175097    
   1614.4702253876981       0.540477157    
   1614.6134410557002       0.532428324    
   1614.7566567237022       0.525433779    
   1614.8998723917043       0.520001590    
   1615.0430880597064       0.515454113    
   1615.1863037277085       0.510310948    
   1615.3295193957106       0.503130376    
   1615.4727350637127       0.493331254    
   1615.6159507317147       0.481525868    
   1615.7591663997168       0.469173819    
   1615.9023820677189       0.457757711    
   1616.0455977357210       0.447951257    
   1616.1888134037231       0.439248860    
   1616.3320290717252       0.430259794    
   1616.4752447397273       0.419496894    
   1616.6184604077293       0.406217635    
   1616.7616760757314       0.390847862    
   1616.9048917437335       0.374750286    
   1617.0481074117356       0.359463811    
   1617.1913230797377       0.345839083    
   1617.3345387477398       0.333561063    
   1617.4777544157419       0.321334541    
   1617.6209700837439       0.307629615    
   1617.7641857517460       0.291560680    
   1617.9074014197481       0.273395628    
   1618.0506170877502       0.254407763    
   1618.1938327557523       0.236161545    
   1618.3370484237544       0.219641417    
   1618.4802640917565       0.204713866    
   1618.6234797597585       0.190219089    
   1618.7666954277606       0.174636483    
   1618.9099110957627       0.156951725    
   1619.0531267637648       0.137241259    
   1619.1963424317669       0.116644464    
   1619.3395580997690        9.67343152E-02
   1619.4827737677711        7.86385313E-02
   1619.6259894357731        6.24107867E-02
   1619.7692051037752        4.70130593E-02
   1619.9124207717773        3.09199635E-02
   1620.0556364397794        1.29980547E-02
   1620.1988521077815       -6.84222393E-03
   1620.3420677757836       -2.75888275E-02
   1620.4852834437856       -4.76906039E-02
   1620.6284991117877       -6.59184083E-02
   1620.7717147797898       -8.20418671E-02
   1620.9149304477919       -9.69455689E-02
   1621.0581461157940      -0.112120099    
   1621.2013617837961      -0.128810525    
   1621.3445774517982      -0.147299305    
   1621.4877931198002      -0.166730866    
   1621.6310087878023      -0.185582578    
   1621.7742244558044      -0.202517211    
   1621.9174401238065      -0.217129588    
   1622.0606557918086      -0.230160072    
   1622.2038714598107      -0.243055761    
   1622.3470871278128      -0.257135659    
   1622.4903027958148      -0.272836536    
   1622.6335184638169      -0.289462119    
   1622.7767341318190      -0.305569559    
   1622.9199497998211      -0.319771916    
   1623.0631654678232      -0.331508070    
   1623.2063811358253      -0.341351509    
   1623.3495968038274      -0.350682944    
   1623.4928124718294      -0.360905707    
   1623.6360281398315      -0.372643620    
   1623.7792438078336      -0.385377675    
   1623.9224594758357      -0.397732884    
   1624.0656751438378      -0.408253640    
   1624.2088908118399      -0.416223466    
   1624.3521064798420      -0.422060728    
   1624.4953221478440      -0.427069366    
   1624.6385378158461      -0.432692856    
   1624.7817534838482      -0.439696610    
   1624.9249691518503      -0.447736681    
   1625.0681848198524      -0.455551684    
   1625.2114004878545      -0.461668402    
   1625.3546161558565      -0.465227723    
   1625.4978318238586      -0.466468751    
   1625.6410474918607      -0.466595173    
   1625.7842631598628      -0.467094034    
   1625.9274788278649      -0.468890458    
   1626.0706944958670      -0.471821457    
   1626.2139101638691      -0.474731117    
   1626.3571258318711      -0.476131618    
   1626.5003414998732      -0.475049168    
   1626.6435571678753      -0.471573472    
   1626.7867728358774      -0.466804445    
   1626.9299885038795      -0.462233871    
   1627.0732041718816      -0.458912909    
   1627.2164198398837      -0.456869245    
   1627.3596355078857      -0.455096751    
   1627.5028511758878      -0.452124566    
   1627.6460668438899      -0.446850598    
   1627.7892825118920      -0.439172298    
   1627.9324981798941      -0.430054456    
   1628.0757138478962      -0.420990169    
   1628.2189295158983      -0.413159341    
   1628.3621451839003      -0.406766444    
   1628.5053608519024      -0.400936574    
   1628.6485765199045      -0.394224882    
   1628.7917921879066      -0.385444164    
   1628.9350078559087      -0.374339789    
   1629.0782235239108      -0.361736298    
   1629.2214391919129      -0.349079669    
   1629.3646548599149      -0.337634355    
   1629.5078705279170      -0.327782542    
   1629.6510861959191      -0.318816483    
   1629.7943018639212      -0.309343904    
   1629.9375175319233      -0.298083365    
   1630.0807331999254      -0.284601986    
   1630.2239488679274      -0.269574046    
   1630.3671645359295      -0.254409641    
   1630.5103802039316      -0.240464866    
   1630.6535958719337      -0.228286117    
   1630.7968115399358      -0.217317984    
   1630.9400272079379      -0.206234440    
   1631.0832428759400      -0.193699226    
   1631.2264585439420      -0.179124907    
   1631.3696742119441      -0.163008854    
   1631.5128898799462      -0.146662235    
   1631.6561055479483      -0.131483644    
   1631.7993212159504      -0.118180797    
   1631.9425368839525      -0.106377020    
   1632.0857525519546       -9.48289409E-02
   1632.2289682199566       -8.21383372E-02
   1632.3721838879587       -6.75558075E-02
   1632.5153995559608       -5.14160320E-02
   1632.6586152239629       -3.49546447E-02
   1632.8018308919650       -1.96136553E-02
   1632.9450465599671       -6.23488287E-03
   1633.0882622279692        5.40134264E-03
   1633.2314778959712        1.64377317E-02
   1633.3746935639733        2.82867458E-02
   1633.5179092319754        4.18306887E-02
   1633.6611248999775        5.69197685E-02
   1633.8043405679796        7.24466741E-02
   1633.9475562359817        8.69586095E-02
   1634.0907719039838        9.94678140E-02
   1634.2339875719858       0.110004924    
   1634.3772032399879       0.119597837    
   1634.5204189079900       0.129683152    
   1634.6636345759921       0.141284108    
   1634.8068502439942       0.154425189    
   1634.9500659119963       0.168116361    
   1635.0932815799983       0.180911094    
   1635.2364972480004       0.191716701    
   1635.3797129160025       0.200399831    
   1635.5229285840046       0.207851872    
   1635.6661442520067       0.215482891    
   1635.8093599200088       0.224427015    
   1635.9525755880109       0.234901145    
   1636.0957912560129       0.246075869    
   1636.2390069240150       0.256535888    
   1636.3822225920171       0.265075803    
   1636.5254382600192       0.271381348    
   1636.6686539280213       0.276206017    
   1636.8118695960234       0.280939460    
   1636.9550852640255       0.286815345    
   1637.0983009320275       0.294212252    
   1637.2415166000296       0.302443027    
   1637.3847322680317       0.310145497    
   1637.5279479360338       0.316047937    
   1637.6711636040359       0.319679111    
   1637.8143792720380       0.321629316    
   1637.9575949400401       0.323219657    
   1638.1008106080421       0.325761914    
   1638.2440262760442       0.329819739    
   1638.3872419440463       0.334886134    
   1638.5304576120484       0.339664638    
   1638.6736732800505       0.342800379    
   1638.8168889480526       0.343647480    
   1638.9601046160547       0.342633784    
   1639.1033202840567       0.341015071    
   1639.2465359520588       0.340161920    
   1639.3897516200609       0.340787411    
   1639.5329672880630       0.342550874    
   1639.6761829560651       0.344254643    
   1639.8193986240672       0.344518274    
   1639.9626142920692       0.342552811    
   1640.1058299600713       0.338604480    
   1640.2490456280734       0.333820403    
   1640.3922612960755       0.329606742    
   1640.5354769640776       0.326835990    
   1640.6786926320797       0.325351566    
   1640.8219083000818       0.324054390    
   1640.9651239680838       0.321526706    
   1641.1083396360859       0.316837341    
   1641.2515553040880       0.310068935    
   1641.3947709720901       0.302269101    
   1641.5379866400922       0.294858783    
   1641.6812023080943       0.288836539    
   1641.8244179760964       0.284224421    
   1641.9676336440984       0.280060738    
   1642.1108493121005       0.274940580    
   1642.2540649801026       0.267803580    
   1642.3972806481047       0.258532286    
   1642.5404963161068       0.248024628    
   1642.6837119841089       0.237694398    
   1642.8269276521110       0.228676289    
   1642.9701433201130       0.221185654    
   1643.1133589881151       0.214399949    
   1643.2565746561172       0.206931025    
   1643.3997903241193       0.197617397    
   1643.5430059921214       0.186184540    
   1643.6862216601235       0.173400983    
   1643.8294373281256       0.160648197    
   1643.9726529961276       0.149150491    
   1644.1158686641297       0.139296174    
   1644.2590843321318       0.130426407    
   1644.4023000001339       0.121209189    
   1644.5455156681360       0.110392615    
   1644.6887313361381        9.75180492E-02
   1644.8319470041401        8.31903145E-02
   1644.9751626721422        6.87469468E-02
   1645.1183783401443        5.55097647E-02
   1645.2615940081464        4.40439135E-02
   1645.4048096761485        3.38472128E-02
   1645.5480253441506        2.36451533E-02
   1645.6912410121527        1.21199694E-02
   1645.8344566801547       -1.34105084E-03
   1645.9776723481568       -1.62969548E-02
   1646.1208880161589       -3.14942226E-02
   1646.2641036841610       -4.55595031E-02
   1646.4073193521631       -5.77585809E-02
   1646.5505350201652       -6.84000403E-02
   1646.6937506881673       -7.86561370E-02
   1646.8369663561693       -8.98955166E-02
   1646.9801820241714      -0.102899283    
   1647.1233976921735      -0.117404789    
   1647.2666133601756      -0.132240817    
   1647.4098290281777      -0.145980701    
   1647.5530446961798      -0.157741025    
   1647.6962603641819      -0.167670324    
   1647.8394760321839      -0.176852420    
   1647.9826917001860      -0.186683819    
   1648.1259073681881      -0.198079333    
   1648.2691230361902      -0.210950255    
   1648.4123387041923      -0.224243656    
   1648.5555543721944      -0.236519963    
   1648.6987700401965      -0.246748671    
   1648.8419857081985      -0.254878968    
   1648.9852013762006      -0.261862874    
   1649.1284170442027      -0.269112229    
   1649.2716327122048      -0.277691841    
   1649.4148483802069      -0.287706703    
   1649.5580640482090      -0.298233002    
   1649.7012797162110      -0.307832241    
   1649.8444953842131      -0.315354258    
   1649.9877110522152      -0.320573598    
   1650.1309267202173      -0.324303299    
   1650.2741423882194      -0.327927232    
   1650.4173580562215      -0.332615674    
   1650.5605737242236      -0.338660806    
   1650.7037893922256      -0.345301986    
   1650.8470050602277      -0.351140231    
   1650.9902207282298      -0.354915649    
   1651.1334363962319      -0.356213719    
   1651.2766520642340      -0.355699360    
   1651.4198677322361      -0.354740024    
   1651.5630834002382      -0.354627728    
   1651.7062990682402      -0.355842531    
   1651.8495147362423      -0.357777655    
   1651.9927304042444      -0.359080583    
   1652.1359460722465      -0.358413011    
   1652.2791617402486      -0.355198860    
   1652.4223774082507      -0.349941939    
   1652.5655930762528      -0.343940109    
   1652.7088087442548      -0.338557333    
   1652.8520244122569      -0.334458590    
   1652.9952400802590      -0.331234127    
   1653.1384557482611      -0.327625901    
   1653.2816714162632      -0.322234929    
   1653.4248870842653      -0.314313769    
   1653.5681027522674      -0.304195136    
   1653.7113184202694      -0.293109566    
   1653.8545340882715      -0.282494456    
   1653.9977497562736      -0.273187131    
   1654.1409654242757      -0.264959663    
   1654.2841810922778      -0.256655455    
   1654.4273967602799      -0.246846735    
   1654.5706124282819      -0.234641999    
   1654.7138280962840      -0.220193386    
   1654.8570437642861      -0.204621807    
   1655.0002594322882      -0.189399734    
   1655.1434751002903      -0.175533101    
   1655.2866907682924      -0.163000122    
   1655.4299064362945      -0.150767282    
   1655.5731221042965      -0.137380078    
   1655.7163377722986      -0.121797271    
   1655.8595534403007      -0.103993818    
   1656.0027691083028       -8.49877223E-02
   1656.1459847763049       -6.62763193E-02
   1656.2892004443070       -4.90044095E-02
   1656.4324161123091       -3.33352946E-02
   1656.5756317803111       -1.83754154E-02
   1656.7188474483132       -2.69023166E-03
   1656.8620631163153        1.48791596E-02
   1657.0052787843174        3.45530882E-02
   1657.1484944523195        5.54731153E-02
   1657.2917101203216        7.61656314E-02
   1657.4349257883237        9.53542069E-02
   1657.5781414563257       0.112666085    
   1657.7213571243278       0.128831446    
   1657.8645727923299       0.145257875    
   1658.0077884603320       0.163218945    
   1658.1510041283341       0.183118045    
   1658.2942197963362       0.204245731    
   1658.4374354643383       0.225165963    
   1658.5806511323403       0.244510189    
   1658.7238668003424       0.261731178    
   1658.8670824683445       0.277395427    
   1659.0102981363466       0.292852104    
   1659.1535138043487       0.309462458    
   1659.2967294723508       0.327818483    
   1659.4399451403528       0.347389340    
   1659.5831608083549       0.366799057    
   1659.7263764763570       0.384585083    
   1659.8695921443591       0.400011063    
   1660.0128078123612       0.413470924    
   1660.1560234803633       0.426252484    
   1660.2992391483654       0.439794928    
   1660.4424548163674       0.454863816    
   1660.5856704843695       0.471110314    
   1660.7288861523716       0.487259030    
   1660.8721018203737       0.501814425    
   1661.0153174883758       0.513888121    
   1661.1585331563779       0.523686349    
   1661.3017488243800       0.532386303    
   1661.4449644923820       0.541468263    
   1661.5881801603841       0.551873624    
   1661.7313958283862       0.563461125    
   1661.8746114963883       0.575072825    
   1662.0178271643904       0.585178316    
   1662.1610428323925       0.592734694    
   1662.3042585003946       0.597773015    
   1662.4474741683966       0.601376712    
   1662.5906898363987       0.605064631    
   1662.7339055044008       0.609930456    
   1662.8771211724029       0.616024315    
   1663.0203368404050       0.622321844    
   1663.1635525084071       0.627296209    
   1663.3067681764092       0.629772484    
   1663.4499838444112       0.629587889    
   1663.5931995124133       0.627686799    
   1663.7364151804154       0.625593126    
   1663.8796308484175       0.624552310    
   1664.0228465164196       0.624826610    
   1664.1660621844217       0.625545561    
   1664.3092778524237       0.625200272    
   1664.4524935204258       0.622500181    
   1664.5957091884279       0.617105424    
   1664.7389248564300       0.609820008    
   1664.8821405244321       0.602140903    
   1665.0253561924342       0.595420718    
   1665.1685718604363       0.590114713    
   1665.3117875284383       0.585531890    
   1665.4550031964404       0.580227852    
   1665.5982188644425       0.572821915    
   1665.7414345324446       0.562783360    
   1665.8846502004467       0.550744772    
   1666.0278658684488       0.538159549    
   1666.1710815364509       0.526491702    
   1666.3142972044529       0.516394615    
   1666.4575128724550       0.507347882    
   1666.6007285404571       0.497960538    
   1666.7439442084592       0.486768097    
   1666.8871598764613       0.473069370    
   1667.0303755444634       0.457330197    
   1667.1735912124655       0.440929592    
   1667.3168068804675       0.425394356    
   1667.4600225484696       0.411552161    
   1667.6032382164717       0.399076045    
   1667.7464538844738       0.386676252    
   1667.8896695524759       0.372834802    
   1668.0328852204780       0.356673539    
   1668.1761008884801       0.338465244    
   1668.3193165564821       0.319494963    
   1668.4625322244842       0.301346391    
   1668.6057478924863       0.285017639    
   1668.7489635604884       0.270369619    
   1668.8921792284905       0.256219476    
   1669.0353948964926       0.241022483    
   1669.1786105644946       0.223754629    
   1669.3218262324967       0.204499215    
   1669.4650419004988       0.184411123    
   1669.6082575685009       0.165080354    
   1669.7514732365030       0.147649750    
   1669.8946889045051       0.132179916    
   1670.0379045725072       0.117619872    
   1670.1811202405092       0.102406152    
   1670.3243359085113        8.53567570E-02
   1670.4675515765134        6.63539544E-02
   1670.6107672445155        4.64244559E-02
   1670.7539829125176        2.71687731E-02
   1670.8971985805197        9.86476801E-03
   1671.0404142485218       -5.24380757E-03
   1671.1836299165238       -1.90718509E-02
   1671.3268455845259       -3.31644751E-02
   1671.4700612525280       -4.88170944E-02
   1671.6132769205301       -6.63385168E-02
   1671.7564925885322       -8.48681927E-02
   1671.8997082565343      -0.102849476    
   1672.0429239245364      -0.118895993    
   1672.1861395925384      -0.132566452    
   1672.3293552605405      -0.144610032    
   1672.4725709285426      -0.156538680    
   1672.6157865965447      -0.169764847    
   1672.7590022645468      -0.184793591    
   1672.9022179325489      -0.200930223    
   1673.0454336005510      -0.216669470    
   1673.1886492685530      -0.230542913    
   1673.3318649365551      -0.241942897    
   1673.4750806045572      -0.251458943    
   1673.6182962725593      -0.260540694    
   1673.7615119405614      -0.270678699    
   1673.9047276085635      -0.282561690    
   1674.0479432765655      -0.295681775    
   1674.1911589445676      -0.308611691    
   1674.3343746125697      -0.319803149    
   1674.4775902805718      -0.328459054    
   1674.6208059485739      -0.334984452    
   1674.7640216165760      -0.340755999    
   1674.9072372845781      -0.347338289    
   1675.0504529525801      -0.355593860    
   1675.1936686205822      -0.365194440    
   1675.3368842885843      -0.374808639    
   1675.4800999565864      -0.382855177    
   1675.6233156245885      -0.388393134    
   1675.7665312925906      -0.391648889    
   1675.9097469605927      -0.393887430    
   1676.0529626285947      -0.396700621    
   1676.1961782965968      -0.401110351    
   1676.3393939645989      -0.406988114    
   1676.4826096326010      -0.413121223    
   1676.6258253006031      -0.417893440    
   1676.7690409686052      -0.420199364    
   1676.9122566366073      -0.420072794    
   1677.0554723046093      -0.418668985    
   1677.1986879726114      -0.417610198    
   1677.3419036406135      -0.418067813    
   1677.4851193086156      -0.420103014    
   1677.6283349766177      -0.422636777    
   1677.7715506446198      -0.424061358    
   1677.9147663126219      -0.423146695    
   1678.0579819806239      -0.419733286    
   1678.2011976486260      -0.414824218    
   1678.3444133166281      -0.410023391    
   1678.4876289846302      -0.406632453    
   1678.6308446526323      -0.404913962    
   1678.7740603206344      -0.403940380    
   1678.9172759886364      -0.402119309    
   1679.0604916566385      -0.398099154    
   1679.2037073246406      -0.391539067    
   1679.3469229926427      -0.383303642    
   1679.4901386606448      -0.374974340    
   1679.6333543286469      -0.367958337    
   1679.7765699966490      -0.362701178    
   1679.9197856646510      -0.358443886    
   1680.0630013326531      -0.353656739    
   1680.2062170006552      -0.346904814    
   1680.3494326686573      -0.337661326    
   1680.4926483366594      -0.326613009    
   1680.6358640046615      -0.315282822    
   1680.7790796726636      -0.305176765    
   1680.9222953406656      -0.296935201    
   1681.0655110086677      -0.289971888    
   1681.2087266766698      -0.282810360    
   1681.3519423446719      -0.273927271    
   1681.4951580126740      -0.262621671    
   1681.6383736806761      -0.249414936    
   1681.7815893486782      -0.235758364    
   1681.9248050166802      -0.223218441    
   1682.0680206846823      -0.212601870    
   1682.2112363526844      -0.203510746    
   1682.3544520206865      -0.194574684    
   1682.4976676886886      -0.184229672    
   1682.6408833566907      -0.171608284    
   1682.7840990246928      -0.157040417    
   1682.9273146926948      -0.141878575    
   1683.0705303606969      -0.127741560    
   1683.2137460286990      -0.115604147    
   1683.3569616967011      -0.105251774    
   1683.5001773647032       -9.54122022E-02
   1683.6433930327053       -8.44874680E-02
   1683.7866087007073       -7.14672282E-02
   1683.9298243687094       -5.65056354E-02
   1684.0730400367115       -4.08399701E-02
   1684.2162557047136       -2.61017047E-02
   1684.3594713727157       -1.34084700E-02
   1684.5026870407178       -2.74451287E-03
   1684.6459027087199        7.02367676E-03
   1684.7891183767219        1.75023321E-02
   1684.9323340447240        2.98547372E-02
   1685.0755497127261        4.41310331E-02
   1685.2187653807282        5.92269078E-02
   1685.3619810487303        7.34991804E-02
   1685.5051967167324        8.56889933E-02
   1685.6484123847345        9.56250876E-02
   1685.7916280527365       0.104306772    
   1685.9348437207386       0.113323584    
   1686.0780593887407       0.123945728    
   1686.2212750567428       0.136400640    
   1686.3644907247449       0.149739549    
   1686.5077063927470       0.162364572    
   1686.6509220607491       0.172919586    
   1686.7941377287511       0.181046188    
   1686.9373533967532       0.187579900    
   1687.0805690647553       0.194072470    
   1687.2237847327574       0.201905623    
   1687.3670004007595       0.211497664    
   1687.5102160687616       0.222056270    
   1687.6534317367637       0.232020393    
   1687.7966474047657       0.239938974    
   1687.9398630727678       0.245284557    
   1688.0830787407699       0.248741016    
   1688.2262944087720       0.251807660    
   1688.3695100767741       0.255948007    
   1688.5127257447762       0.261763006    
   1688.6559414127782       0.268650442    
   1688.7991570807803       0.275139689    
   1688.9423727487824       0.279715925    
   1689.0855884167845       0.281673014    
   1689.2288040847866       0.281513333    
   1689.3720197527887       0.280663580    
   1689.5152354207908       0.280663222    
   1689.6584510887928       0.282287449    
   1689.8016667567949       0.285106093    
   1689.9448824247970       0.287730426    
   1690.0880980927991       0.288603395    
   1690.2313137608012       0.286880106    
   1690.3745294288033       0.282901347    
   1690.5177450968054       0.277997881    
   1690.6609607648074       0.273740977    
   1690.8041764328095       0.271061242    
   1690.9473921008116       0.269727439    
   1691.0906077688137       0.268478245    
   1691.2338234368158       0.265735656    
   1691.3770391048179       0.260502070    
   1691.5202547728200       0.252932876    
   1691.6634704408220       0.244256645    
   1691.8066861088241       0.236084521    
   1691.9499017768262       0.229502857    
   1692.0931174448283       0.224466741    
   1692.2363331128304       0.219837621    
   1692.3795487808325       0.214038387    
   1692.5227644488346       0.205951080    
   1692.6659801168366       0.195551872    
   1692.8091957848387       0.183929995    
   1692.9524114528408       0.172682896    
   1693.0956271208429       0.163025707    
   1693.2388427888450       0.155113608    
   1693.3820584568471       0.147960052    
   1693.5252741248491       0.140002191    
   1693.6684897928512       0.129996911    
   1693.8117054608533       0.117737792    
   1693.9549211288554       0.104182012    
   1694.0981367968575        9.09147486E-02
   1694.2413524648596        7.92594552E-02
   1694.3845681328617        6.95427582E-02
   1694.5277838008637        6.09281138E-02
   1694.6709994688658        5.19054793E-02
   1694.8142151368679        4.11557630E-02
   1694.9574308048700        2.83043645E-02
   1695.1006464728721        1.41441096E-02
   1695.2438621408742        2.03284362E-04
   1695.3870778088763       -1.21017229E-02
   1695.5302934768783       -2.22551767E-02
   1695.6735091448804       -3.09254527E-02
   1695.8167248128825       -3.95778157E-02
   1695.9599404808846       -4.96328659E-02
   1696.1031561488867       -6.16497509E-02
   1696.2463718168888       -7.50005618E-02
   1696.3895874848909       -8.82194415E-02
   1696.5328031528929       -9.98233706E-02
   1696.6760188208950      -0.109136559    
   1696.8192344888971      -0.116655231    
   1696.9624501568992      -0.123752780    
   1697.1056658249013      -0.131894559    
   1697.2488814929034      -0.141802281    
   1697.3920971609055      -0.153035685    
   1697.5353128289075      -0.164228573    
   1697.6785284969096      -0.173850864    
   1697.8217441649117      -0.181068569    
   1697.9649598329138      -0.186211884    
   1698.1081755009159      -0.190581709    
   1698.2513911689180      -0.195703581    
   1698.3946068369200      -0.202456579    
   1698.5378225049221      -0.210573807    
   1698.6810381729242      -0.218794107    
   1698.8242538409263      -0.225572437    
   1698.9674695089284      -0.229944035    
   1699.1106851769305      -0.232058868    
   1699.2539008449326      -0.233091101    
   1699.3971165129346      -0.234576017    
   1699.5403321809367      -0.237543792    
   1699.6835478489388      -0.241934717    
   1699.8267635169409      -0.246627599    
   1699.9699791849430      -0.250070840    
   1700.1131948529451      -0.251161426    
   1700.2564105209472      -0.249871105    
   1700.3996261889492      -0.247261479    
   1700.5428418569513      -0.244880065    
   1700.6860575249534      -0.243884712    
   1700.8292731929555      -0.244394541    
   1700.9724888609576      -0.245430887    
   1701.1157045289597      -0.245475441    
   1701.2589201969618      -0.243328288    
   1701.4021358649638      -0.238785744    
   1701.5453515329659      -0.232759550    
   1701.6885672009680      -0.226769343    
   1701.8317828689701      -0.222089916    
   1701.9749985369722      -0.219032809    
   1702.1182142049743      -0.216771722    
   1702.2614298729764      -0.213815048    
   1702.4046455409784      -0.208858028    
   1702.5478612089805      -0.201527610    
   1702.6910768769826      -0.192595795    
   1702.8342925449847      -0.183544651    
   1702.9775082129868      -0.175735220    
   1703.1207238809889      -0.169651628    
   1703.2639395489909      -0.164641410    
   1703.4071552169930      -0.159292251    
   1703.5503708849951      -0.152232170    
   1703.6935865529972      -0.142907575    
   1703.8368022209993      -0.131904349    
   1703.9800178890014      -0.120628402    
   1704.1232335570035      -0.110520586    
   1704.2664492250055      -0.102247618    
   1704.4096648930076       -9.53305811E-02
   1704.5528805610097       -8.84253234E-02
   1704.6960962290118       -8.00949782E-02
   1704.8393118970139       -6.96323216E-02
   1704.9825275650160       -5.74646406E-02
   1705.1257432330181       -4.49161753E-02
   1705.2689589010201       -3.34682800E-02
   1705.4121745690222       -2.39357483E-02
   1705.5553902370243       -1.60190165E-02
   1705.6986059050264       -8.48029088E-03
   1705.8418215730285        1.54485213E-04
   1705.9850372410306        1.07586607E-02
   1706.1282529090327        2.31029484E-02
   1706.2714685770347        3.59750465E-02
   1706.4146842450368        4.78572994E-02
   1706.5578999130389        5.77788539E-02
   1706.7011155810410        6.58563524E-02
   1706.8443312490431        7.32159019E-02
   1706.9875469170452        8.13448131E-02
   1707.1307625850473        9.12453830E-02
   1707.2739782530493       0.102868855    
   1707.4171939210514       0.115142785    
   1707.5604095890535       0.126570359    
   1707.7036252570556       0.136064693    
   1707.8468409250577       0.143553749    
   1707.9900565930598       0.150018334    
   1708.1332722610618       0.156938523    
   1708.2764879290639       0.165455103    
   1708.4197035970660       0.175718293    
   1708.5629192650681       0.186796278    
   1708.7061349330702       0.197199225    
   1708.8493506010723       0.205720946    
   1708.9925662690744       0.212116927    
   1709.1357819370764       0.217234299    
   1709.2789976050785       0.222525060    
   1709.4222132730806       0.229223445    
   1709.5654289410827       0.237651959    
   1709.7086446090848       0.247041672    
   1709.8518602770869       0.255963594    
   1709.9950759450890       0.263129711    
   1710.1382916130910       0.268117130    
   1710.2815072810931       0.271609068    
   1710.4247229490952       0.275012940    
   1710.5679386170973       0.279667050    
   1710.7111542850994       0.286083788    
   1710.8543699531015       0.293661118    
   1710.9975856211036       0.301026195    
   1711.1408012891056       0.306813031    
   1711.2840169571077       0.310430259    
   1711.4272326251098       0.312386751    
   1711.5704482931119       0.313997716    
   1711.7136639611140       0.316642135    
   1711.8568796291161       0.320988446    
   1712.0000952971182       0.326618910    
   1712.1433109651202       0.332261801    
   1712.2865266331223       0.336504936    
   1712.4297423011244       0.338593125    
   1712.5729579691265       0.338860005    
   1712.7161736371286       0.338544518    
   1712.8593893051307       0.339091986    
   1713.0026049731327       0.341336280    
   1713.1458206411348       0.345030606    
   1713.2890363091369       0.348992079    
   1713.4322519771390       0.351773858    
   1713.5754676451411       0.352479875    
   1713.7186833131432       0.351264179    
   1713.8618989811453       0.349239975    
   1714.0051146491473       0.347854108    
   1714.1483303171494       0.348076731    
   1714.2915459851515       0.349857181    
   1714.4347616531536       0.352150679    
   1714.5779773211557       0.353504688    
   1714.7211929891578       0.352878690    
   1714.8644086571599       0.350233823    
   1715.0076243251619       0.346555561    
   1715.1508399931640       0.343294889    
   1715.2940556611661       0.341547310    
   1715.4372713291682       0.341437042    
   1715.5804869971703       0.342052996    
   1715.7237026651724       0.341967076    
   1715.8669183331745       0.340038657    
   1716.0101340011765       0.336054802    
   1716.1533496691786       0.330851167    
   1716.2965653371807       0.325846851    
   1716.4397810051828       0.322250515    
   1716.5829966731849       0.320380181    
   1716.7262123411870       0.319481105    
   1716.8694280091891       0.318149775    
   1717.0126436771911       0.315128565    
   1717.1558593451932       0.310019255    
   1717.2990750131953       0.303508133    
   1717.4422906811974       0.296975374    
   1717.5855063491995       0.291714609    
   1717.7287220172016       0.288207084    
   1717.8719376852036       0.285857588    
   1718.0151533532057       0.283333987    
   1718.1583690212078       0.279316127    
   1718.3015846892099       0.273236126    
   1718.4448003572120       0.265599072    
   1718.5880160252141       0.257704347    
   1718.7312316932162       0.250919461    
   1718.8744473612182       0.245910734    
   1719.0176630292203       0.242266223    
   1719.1608786972224       0.238728374    
   1719.3040943652245       0.233907416    
   1719.4473100332266       0.227069840    
   1719.5905257012287       0.218552977    
   1719.7337413692308       0.209573120    
   1719.8769570372328       0.201540291    
   1720.0201727052349       0.195268929    
   1720.1633883732370       0.190525904    
   1720.3066040412391       0.186165214    
   1720.4498197092412       0.180772692    
   1720.5930353772433       0.173462585    
   1720.7362510452454       0.164381802    
   1720.8794667132474       0.154636219    
   1721.0226823812495       0.145675063    
   1721.1658980492516       0.138477325    
   1721.3091137172537       0.133002117    
   1721.4523293852558       0.128217205    
   1721.5955450532579       0.122689359    
   1721.7387607212600       0.115398556    
   1721.8819763892620       0.106313869    
   1722.0251920572641        9.64097679E-02
   1722.1684077252662        8.71200264E-02
   1722.3116233932683        7.95386955E-02
   1722.4548390612704        7.38132149E-02
   1722.5980547292725        6.90657198E-02
   1722.7412703972745        6.38873875E-02
   1722.8844860652766        5.71334288E-02
   1723.0277017332787        4.85750884E-02
   1723.1709174012808        3.90387066E-02
   1723.3141330692829        2.99474057E-02
   1723.4573487372850        2.25215908E-02
   1723.6005644052871        1.70928501E-02
   1723.7437800732891        1.29223960E-02
   1723.8869957412912        8.62539373E-03
   1724.0302114092933        2.95689353E-03
   1724.1734270772954       -4.48598573E-03
   1724.3166427452975       -1.30375959E-02
   1724.4598584132996       -2.13351212E-02
   1724.6030740813017       -2.80780811E-02
   1724.7462897493037       -3.27532478E-02
   1724.8895054173058       -3.59210372E-02
   1725.0327210853079       -3.89003456E-02
   1725.1759367533100       -4.30239178E-02
   1725.3191524213121       -4.88814190E-02
   1725.4623680893142       -5.59802502E-02
   1725.6055837573163       -6.30199239E-02
   1725.7487994253183       -6.86251447E-02
   1725.8920150933204       -7.21198767E-02
   1726.0352307613225       -7.39035234E-02
   1726.1784464293246       -7.52204359E-02
   1726.3216620973267       -7.74578080E-02
   1726.4648777653288       -8.13680366E-02
   1726.6080934333309       -8.66481364E-02
   1726.7513091013329       -9.21083987E-02
   1726.8945247693350       -9.63370577E-02
   1727.0377404373371       -9.84929353E-02
   1727.1809561053392       -9.87828895E-02
   1727.3241717733413       -9.83512998E-02
   1727.4673874413434       -9.86374691E-02
   1727.6106031093454      -0.100561850    
   1727.7538187773475      -0.104004487    
   1727.8970344453496      -0.107874274    
   1728.0402501133517      -0.110728621    
   1728.1834657813538      -0.111588903    
   1728.3266814493559      -0.110489927    
   1728.4698971173580      -0.108457960    
   1728.6131127853600      -0.106934987    
   1728.7563284533621      -0.106973521    
   1728.8995441213642      -0.108649977    
   1729.0427597893663      -0.111022726    
   1729.1859754573684      -0.112660691    
   1729.3291911253705      -0.112450562    
   1729.4724067933726      -0.110230193    
   1729.6156224613746      -0.106887527    
   1729.7588381293767      -0.103864498    
   1729.9020537973788      -0.102345586    
   1730.0452694653809      -0.102593094    
   1730.1884851333830      -0.103806533    
   1730.3317008013851      -0.104582667    
   1730.4749164693872      -0.103712335    
   1730.6181321373892      -0.100864589    
   1730.7613478053913       -9.67771709E-02
   1730.9045634733934       -9.28495303E-02
   1731.0477791413955       -9.03649703E-02
   1731.1909948093976       -8.97742361E-02
   1731.3342104773997       -9.04419869E-02
   1731.4774261454018       -9.10037681E-02
   1731.6206418134038       -9.01383758E-02
   1731.7638574814059       -8.73208866E-02
   1731.9070731494080       -8.31265599E-02
   1732.0502888174101       -7.89102167E-02
   1732.1935044854122       -7.60439336E-02
   1732.3367201534143       -7.51484782E-02
   1732.4799358214163       -7.57534951E-02
   1732.6231514894184       -7.65732527E-02
   1732.7663671574205       -7.62372240E-02
   1732.9095828254226       -7.40641281E-02
   1733.0527984934247       -7.04490393E-02
   1733.1960141614268       -6.66489378E-02
   1733.3392298294289       -6.40844554E-02
   1733.4824454974309       -6.35450333E-02
   1733.6256611654330       -6.47436902E-02
   1733.7688768334351       -6.64772913E-02
   1733.9120925014372       -6.73076659E-02
   1734.0553081694393       -6.63795173E-02
   1734.1985238374414       -6.39088452E-02
   1734.3417395054435       -6.10628799E-02
   1734.4849551734455       -5.93013689E-02
   1734.6281708414476       -5.95550239E-02
   1734.7713865094497       -6.17048368E-02
   1734.9146021774518       -6.46516830E-02
   1735.0578178454539       -6.69339672E-02
   1735.2010335134560       -6.75476715E-02
   1735.3442491814581       -6.65119588E-02
   1735.4874648494601       -6.48629889E-02
   1735.6306805174622       -6.40747398E-02
   1735.7738961854643       -6.52279779E-02
   1735.9171118534664       -6.83963448E-02
   1736.0603275214685       -7.26013854E-02
   1736.2035431894706       -7.63656348E-02
   1736.3467588574727       -7.85492510E-02
   1736.4899745254747       -7.89924562E-02
   1736.6331901934768       -7.86000490E-02
   1736.7764058614789       -7.88248256E-02
   1736.9196215294810       -8.08460563E-02
   1737.0628371974831       -8.49051476E-02
   1737.2060528654852       -9.01675448E-02
   1737.3492685334872       -9.51860771E-02
   1737.4924842014893       -9.87086520E-02
   1737.6356998694914      -0.100381166    
   1737.7789155374935      -0.100950107    
   1737.9221312054956      -0.101844303    
   1738.0653468734977      -0.104365662    
   1738.2085625414998      -0.108945884    
   1738.3517782095018      -0.114894643    
   1738.4949938775039      -0.120785363    
   1738.6382095455060      -0.125258654    
   1738.7814252135081      -0.127785444    
   1738.9246408815102      -0.128958240    
   1739.0678565495123      -0.130150363    
   1739.2110722175144      -0.132738709    
   1739.3542878855164      -0.137326121    
   1739.4975035535185      -0.143397152    
   1739.6407192215206      -0.149599954    
   1739.7839348895227      -0.154499978    
   1739.9271505575248      -0.157385185    
   1740.0703662255269      -0.158667669    
   1740.2135818935290      -0.159649238    
   1740.3567975615310      -0.161779493    
   1740.5000132295331      -0.165827736    
   1740.6432288975352      -0.171441659    
   1740.7864445655373      -0.177343413    
   1740.9296602335394      -0.182048351    
   1741.0728759015415      -0.184696794    
   1741.2160915695436      -0.185531095    
   1741.3593072375456      -0.185754240    
   1741.5025229055477      -0.186851531    
   1741.6457385735498      -0.189753413    
   1741.7889542415519      -0.194305688    
   1741.9321699095540      -0.199346349    
   1742.0753855775561      -0.203352332    
   1742.2186012455581      -0.205297112    
   1742.3618169135602      -0.205233306    
   1742.5050325815623      -0.204264760    
   1742.6482482495644      -0.203919664    
   1742.7914639175665      -0.205281705    
   1742.9346795855686      -0.208375350    
   1743.0778952535707      -0.212153107    
   1743.2211109215727      -0.215087682    
   1743.3643265895748      -0.216030881    
   1743.5075422575769      -0.214856848    
   1743.6507579255790      -0.212531582    
   1743.7939735935811      -0.210570902    
   1743.9371892615832      -0.210188329    
   1744.0804049295853      -0.211608902    
   1744.2236205975873      -0.213937238    
   1744.3668362655894      -0.215660289    
   1744.5100519335915      -0.215504482    
   1744.6532676015936      -0.213160634    
   1744.7964832695957      -0.209461540    
   1744.9396989375978      -0.205910385    
   1745.0829146055999      -0.203830272    
   1745.2261302736019      -0.203619227    
   1745.3693459416040      -0.204529703    
   1745.5125616096061      -0.205092326    
   1745.6557772776082      -0.203943297    
   1745.7989929456103      -0.200592920    
   1745.9422086136124      -0.195706770    
   1746.0854242816145      -0.190739840    
   1746.2286399496165      -0.187123328    
   1746.3718556176186      -0.185458124    
   1746.5150712856207      -0.185172766    
   1746.6582869536228      -0.184846282    
   1746.8015026216249      -0.183016583    
   1746.9447182896270      -0.179013819    
   1747.0879339576290      -0.173342168    
   1747.2311496256311      -0.167393804    
   1747.3743652936332      -0.162661880    
   1747.5175809616353      -0.159901291    
   1747.6607966296374      -0.158708841    
   1747.8040122976395      -0.157754540    
   1747.9472279656416      -0.155531973    
   1748.0904436336436      -0.151208401    
   1748.2336593016457      -0.145099416    
   1748.3768749696478      -0.138498768    
   1748.5200906376499      -0.132953241    
   1748.6633063056520      -0.129388511    
   1748.8065219736541      -0.127582774    
   1748.9497376416562      -0.126291528    
   1749.0929533096582      -0.123954564    
   1749.2361689776603      -0.119581729    
   1749.3793846456624      -0.113313049    
   1749.5226003136645      -0.106338300    
   1749.6658159816666      -0.100226387    
   1749.8090316496687       -9.60449949E-02
   1749.9522473176708       -9.37632695E-02
   1750.0954629856728       -9.22699347E-02
   1750.2386786536749       -8.99972022E-02
   1750.3818943216770       -8.58041719E-02
   1750.5251099896791       -7.96245113E-02
   1750.6683256576812       -7.25093633E-02
   1750.8115413256833       -6.60344213E-02
   1750.9547569936854       -6.14042617E-02
   1751.0979726616874       -5.87652437E-02
   1751.2411883296895       -5.71215376E-02
   1751.3844039976916       -5.49018197E-02
   1751.5276196656937       -5.08504920E-02
   1751.6708353336958       -4.47356068E-02
   1751.8140510016979       -3.74759324E-02
   1751.9572666696999       -3.06209363E-02
   1752.1004823377020       -2.54788417E-02
   1752.2436980057041       -2.23804880E-02
   1752.3869136737062       -2.04900559E-02
   1752.5301293417083       -1.82709768E-02
   1752.6733450097104       -1.43499253E-02
   1752.8165606777125       -8.29404779E-03
   1752.9597763457145       -8.58654676E-04
   1753.1029920137166        6.44060643E-03
   1753.2462076817187        1.21904006E-02
   1753.3894233497208        1.58846639E-02
   1753.5326390177229        1.82122439E-02
   1753.6758546857250        2.06659120E-02
   1753.8190703537271        2.46989150E-02
   1753.9622860217291        3.09077948E-02
   1754.1055016897312        3.86996157E-02
   1754.2487173577333        4.66271564E-02
   1754.3919330257354        5.32036722E-02
   1754.5351486937375        5.77424653E-02
   1754.6783643617396        6.07500263E-02
   1754.8215800297417        6.36468008E-02
   1754.9647956977437        6.79668859E-02
   1755.1080113657458        7.44875446E-02
   1755.2512270337479        8.27860534E-02
   1755.3944427017500        9.14802700E-02
   1755.5376583697521        9.90160704E-02
   1755.6808740377542       0.104550250    
   1755.8240897057563       0.108425818    
   1755.9673053737583       0.111974008    
   1756.1105210417604       0.116760805    
   1756.2537367097625       0.123705007    
   1756.3969523777646       0.132561296    
   1756.5401680457667       0.142055899    
   1756.6833837137688       0.150600076    
   1756.8265993817708       0.157184601    
   1756.9698150497729       0.161952659    
   1757.1130307177750       0.166123152    
   1757.2562463857771       0.171301469    
   1757.3994620537792       0.178566381    
   1757.5426777217813       0.187854290    
   1757.6858933897834       0.197993636    
   1757.8291090577854       0.207368076    
   1757.9723247257875       0.214828074    
   1758.1155403937896       0.220333457    
   1758.2587560617917       0.224967435    
   1758.4019717297938       0.230319232    
   1758.5451873977959       0.237583444    
   1758.6884030657980       0.246880397    
   1758.8316187338000       0.257178932    
   1758.9748344018021       0.266868949    
   1759.1180500698042       0.274666190    
   1759.2612657378063       0.280338109    
   1759.4044814058084       0.284834951    
   1759.5476970738105       0.289745867    
   1759.6909127418126       0.296389520    
   1759.8341284098146       0.305059046    
   1759.9773440778167       0.314851969    
   1760.1205597458188       0.324177802    
   1760.2637754138209       0.331650615    
   1760.4069910818230       0.336861640    
   1760.5502067498251       0.340600759    
   1760.6934224178272       0.344406128    
   1760.8366380858292       0.349693954    
   1760.9798537538313       0.356954098    
   1761.1230694218334       0.365463048    
   1761.2662850898355       0.373681545    
   1761.4095007578376       0.380117625    
   1761.5527164258397       0.384167701    
   1761.6959320938417       0.386454403    
   1761.8391477618438       0.388465941    
   1761.9823634298459       0.391703278    
   1762.1255790978480       0.396823108    
   1762.2687947658501       0.403263688    
   1762.4120104338522       0.409560740    
   1762.5552261018543       0.414170116    
   1762.6984417698563       0.416333079    
   1762.8416574378584       0.416499674    
   1762.9848731058605       0.416073948    
   1763.1280887738626       0.416620582    
   1763.2713044418647       0.418976307    
   1763.4145201098668       0.422767371    
   1763.5577357778689       0.426611751    
   1763.7009514458709       0.428896368    
   1763.8441671138730       0.428688556    
   1763.9873827818751       0.426260918    
   1764.1305984498772       0.422930837    
   1764.2738141178793       0.420309424    
   1764.4170297858814       0.419390142    
   1764.5602454538835       0.419991881    
   1764.7034611218855       0.420864940    
   1764.8466767898876       0.420395821    
   1764.9898924578897       0.417515129    
   1765.1331081258918       0.412301540    
   1765.2763237938939       0.405942410    
   1765.4195394618960       0.400068283    
   1765.5627551298981       0.395832360    
   1765.7059707979001       0.393255681    
   1765.8491864659022       0.391214371    
   1765.9924021339043       0.388080001    
   1766.1356178019064       0.382648319    
   1766.2788334699085       0.374825031    
   1766.4220491379106       0.365679741    
   1766.5652648059126       0.356842399    
   1766.7084804739147       0.349588066    
   1766.8516961419168       0.344126374    
   1766.9949118099189       0.339491248    
   1767.1381274779210       0.334090471    
   1767.2813431459231       0.326607853    
   1767.4245588139252       0.316753536    
   1767.5677744819272       0.305438817    
   1767.7109901499293       0.294271946    
   1767.8542058179314       0.284655690    
   1767.9974214859335       0.276999146    
   1768.1406371539356       0.270494342    
   1768.2838528219377       0.263585508    
   1768.4270684899398       0.254861206    
   1768.5702841579418       0.243860185    
   1768.7134998259439       0.231336638    
   1768.8567154939460       0.218840644    
   1768.9999311619481       0.207854614    
   1769.1431468299502       0.198970258    
   1769.2863624979523       0.191565245    
   1769.4295781659544       0.184160858    
   1769.5727938339564       0.175263450    
   1769.7160095019585       0.164218813    
   1769.8592251699606       0.151595220    
   1770.0024408379627       0.138872892    
   1770.1456565059648       0.127612740    
   1770.2888721739669       0.118578166    
   1770.4320878419690       0.111312069    
   1770.5753035099710       0.104408309    
   1770.7185191779731        9.63186175E-02
   1770.8617348459752        8.62342939E-02
   1771.0049505139773        7.45465830E-02
   1771.1481661819794        6.26317263E-02
   1771.2913818499815        5.20848744E-02
   1771.4345975179835        4.38315272E-02
   1771.5778131859856        3.76129411E-02
   1771.7210288539877        3.21356952E-02
   1771.8642445219898        2.58056577E-02
   1772.0074601899919        1.76352188E-02
   1772.1506758579940        7.80899217E-03
   1772.2938915259961       -2.41639395E-03
   1772.4371071939981       -1.14224637E-02
   1772.5803228620002       -1.81430224E-02
   1772.7235385300023       -2.26613544E-02
   1772.8667541980044       -2.61547044E-02
   1773.0099698660065       -3.02232932E-02
   1773.1531855340086       -3.59859653E-02
   1773.2964012020107       -4.34499793E-02
   1773.4396168700127       -5.15056252E-02
   1773.5828325380148       -5.85480854E-02
   1773.7260482060169       -6.33800402E-02
   1773.8692638740190       -6.58889562E-02
   1774.0124795420211       -6.71143681E-02
   1774.1556952100232       -6.86619729E-02
   1774.2989108780253       -7.17940032E-02
   1774.4421265460273       -7.67140761E-02
   1774.5853422140294       -8.24552327E-02
   1774.7285578820315       -8.74332637E-02
   1774.8717735500336       -9.03465003E-02
   1775.0149892180357       -9.09103304E-02
   1775.1582048860378       -9.00149569E-02
   1775.3014205540399       -8.92239884E-02
   1775.4446362220419       -8.98990184E-02
   1775.5878518900440       -9.24398676E-02
   1775.7310675580461       -9.60641056E-02
   1775.8742832260482       -9.92505848E-02
   1776.0174988940503      -0.100601643    
   1776.1607145620524       -9.96400639E-02
   1776.3039302300544       -9.70879719E-02
   1776.4471458980565       -9.44651514E-02
   1776.5903615660586       -9.32333097E-02
   1776.7335772340607       -9.39742923E-02
   1776.8767929020628       -9.60702524E-02
   1777.0200085700649       -9.80643183E-02
   1777.1632242380670       -9.84923244E-02
   1777.3064399060690       -9.67137814E-02
   1777.4496555740711       -9.32765231E-02
   1777.5928712420732       -8.96144360E-02
   1777.7360869100753       -8.72489661E-02
   1777.8793025780774       -8.69406313E-02
   1778.0225182460795       -8.82662237E-02
   1778.1657339140816       -8.98625031E-02
   1778.3089495820836       -9.02031362E-02
   1778.4521652500857       -8.84707868E-02
   1778.5953809180878       -8.50276873E-02
   1778.7385965860899       -8.12156573E-02
   1778.8818122540920       -7.86008090E-02
   1779.0250279220941       -7.80952647E-02
   1779.1682435900962       -7.94537365E-02
   1779.3114592580982       -8.14245865E-02
   1779.4546749261003       -8.24638754E-02
   1779.5978905941024       -8.16087797E-02
   1779.7411062621045       -7.90228322E-02
   1779.8843219301066       -7.59101361E-02
   1780.0275375981087       -7.38452226E-02
   1780.1707532661108       -7.38913044E-02
   1780.3139689341128       -7.60020688E-02
   1780.4571846021149       -7.90483281E-02
   1780.6004002701170       -8.14592838E-02
   1780.7436159381191       -8.21160823E-02
   1780.8868316061212       -8.09882060E-02
   1781.0300472741233       -7.91501850E-02
   1781.1732629421253       -7.81720579E-02
   1781.3164786101274       -7.92334154E-02
   1781.4596942781295       -8.24624747E-02
   1781.6029099461316       -8.68687704E-02
   1781.7461256141337       -9.09024701E-02
   1781.8893412821358       -9.33251530E-02
   1782.0325569501379       -9.39056054E-02
   1782.1757726181399       -9.35512409E-02
   1782.3189882861420       -9.37986746E-02
   1782.4622039541441       -9.59467515E-02
   1782.6054196221462      -0.100320749    
   1782.7486352901483      -0.106086656    
   1782.8918509581504      -0.111722693    
   1783.0350666261525      -0.115879320    
   1783.1782822941545      -0.118137665    
   1783.3214979621566      -0.119237997    
   1783.4647136301587      -0.120654561    
   1783.6079292981608      -0.123761654    
   1783.7511449661629      -0.129060239    
   1783.8943606341650      -0.135895312    
   1784.0375763021671      -0.142819822    
   1784.1807919701691      -0.148402467    
   1784.3240076381712      -0.152029544    
   1784.4672233061733      -0.154249772    
   1784.6104389741754      -0.156463102    
   1784.7536546421775      -0.160124734    
   1784.8968703101796      -0.165914744    
   1785.0400859781817      -0.173347056    
   1785.1833016461837      -0.181040779    
   1785.3265173141858      -0.187496930    
   1785.4697329821879      -0.191937044    
   1785.6129486501900      -0.194730803    
   1785.7561643181921      -0.197177142    
   1785.8993799861942      -0.200767323    
   1786.0425956541962      -0.206344232    
   1786.1858113221983      -0.213625878    
   1786.3290269902004      -0.221358567    
   1786.4722426582025      -0.228015646    
   1786.6154583262046      -0.232651979    
   1786.7586739942067      -0.235432476    
   1786.9018896622088      -0.237533122    
   1787.0451053302108      -0.240468621    
   1787.1883209982129      -0.245228663    
   1787.3315366662150      -0.251714408    
   1787.4747523342171      -0.258792490    
   1787.6179680022192      -0.264931470    
   1787.7611836702213      -0.269057602    
   1787.9043993382234      -0.271150291    
   1788.0476150062254      -0.272246689    
   1788.1908306742275      -0.273855865    
   1788.3340463422296      -0.277108461    
   1788.4772620102317      -0.282116205    
   1788.6204776782338      -0.287901938    
   1788.7636933462359      -0.292944759    
   1788.9069090142380      -0.296035916    
   1789.0501246822400      -0.296960890    
   1789.1933403502421      -0.296617836    
   1789.3365560182442      -0.296504557    
   1789.4797716862463      -0.297868401    
   1789.6229873542484      -0.301003277    
   1789.7662030222505      -0.305088580    
   1789.9094186902526      -0.308654219    
   1790.0526343582546      -0.310405254    
   1790.1958500262567      -0.309944510    
   1790.3390656942588      -0.307992101    
   1790.4822813622609      -0.305980951    
   1790.6254970302630      -0.305252582    
   1790.7687126982651      -0.306301981    
   1790.9119283662671      -0.308497429    
   1791.0551440342692      -0.310436934    
   1791.1983597022713      -0.310742408    
   1791.3415753702734      -0.308840930    
   1791.4847910382755      -0.305288464    
   1791.6280067062776      -0.301454067    
   1791.7712223742797      -0.298747540    
   1791.9144380422817      -0.297828764    
   1792.0576537102838      -0.298241794    
   1792.2008693782859      -0.298674434    
   1792.3440850462880      -0.297695607    
   1792.4873007142901      -0.294559598    
   1792.6305163822922      -0.289628446    
   1792.7737320502943      -0.284174144    
   1792.9169477182963      -0.279666781    
   1793.0601633862984      -0.276947528    
   1793.2033790543005      -0.275755048    
   1793.3465947223026      -0.274877310    
   1793.4898103903047      -0.272842467    
   1793.6330260583068      -0.268754035    
   1793.7762417263089      -0.262795538    
   1793.9194573943109      -0.256123036    
   1794.0626730623130      -0.250212967    
   1794.2058887303151      -0.246036008    
   1794.3491043983172      -0.243518233    
   1794.4923200663193      -0.241586789    
   1794.6355357343214      -0.238773316    
   1794.7787514023235      -0.234040245    
   1794.9219670703255      -0.227368698    
   1795.0651827383276      -0.219775438    
   1795.2083984063297      -0.212743968    
   1795.3516140743318      -0.207388312    
   1795.4948297423339      -0.203824133    
   1795.6380454103360      -0.201105967    
   1795.7812610783380      -0.197765455    
   1795.9244767463401      -0.192642316    
   1796.0676924143422      -0.185537234    
   1796.2109080823443      -0.177321941    
   1796.3541237503464      -0.169449657    
   1796.4973394183485      -0.163142502    
   1796.6405550863506      -0.158708990    
   1796.7837707543526      -0.155371666    
   1796.9269864223547      -0.151703447    
   1797.0702020903568      -0.146431729    
   1797.2134177583589      -0.139159471    
   1797.3566334263610      -0.130593017    
   1797.4998490943631      -0.122144081    
   1797.6430647623652      -0.115130700    
   1797.7862804303672      -0.110032834    
   1797.9294960983693      -0.106225491    
   1798.0727117663714      -0.102336325    
   1798.2159274343735       -9.70201418E-02
   1798.3591431023756       -8.97125378E-02
   1798.5023587703777       -8.09432343E-02
   1798.6455744383798       -7.20384046E-02
   1798.7887901063818       -6.43789321E-02
   1798.9320057743839       -5.86262904E-02
   1799.0752214423860       -5.43480404E-02
   1799.2184371103881       -5.02568074E-02
   1799.3616527783902       -4.49341461E-02
   1799.5048684463923       -3.76332365E-02
   1799.6480841143944       -2.87037548E-02
   1799.7912997823964       -1.93948355E-02
   1799.9345154503985       -1.11480793E-02
   1800.0777311184006       -4.78418171E-03
