   0.0000000000000000        0.00000000    
  0.14321566800212829        0.00000000    
  0.28643133600425658        0.00000000    
  0.42964700400638489        0.00000000    
  0.57286267200851315        0.00000000    
  0.71607834001064141        0.00000000    
  0.85929400801276967        0.00000000    
   1.0025096760148979        0.00000000    
   1.1457253440170263        0.00000000    
   1.2889410120191547        0.00000000    
   1.4321566800212830        0.00000000    
   1.5753723480234114        0.00000000    
   1.7185880160255398        0.00000000    
   1.8618036840276682        0.00000000    
   2.0050193520297963        0.00000000    
   2.1482350200319247        0.00000000    
   2.2914506880340531        0.00000000    
   2.4346663560361814        0.00000000    
   2.5778820240383098        0.00000000    
   2.7210976920404382        0.00000000    
   2.8643133600425665        0.00000000    
   3.0075290280446949        0.00000000    
   3.1507446960468233        0.00000000    
   3.2939603640489517        0.00000000    
   3.4371760320510800        0.00000000    
   3.5803917000532084        0.00000000    
   3.7236073680553368        0.00000000    
   3.8668230360574651        0.00000000    
   4.0100387040595935        0.00000000    
   4.1532543720617214        0.00000000    
   4.2964700400638494        0.00000000    
   4.4396857080659773        0.00000000    
   4.5829013760681052        0.00000000    
   4.7261170440702331        0.00000000    
   4.8693327120723611        0.00000000    
   5.0125483800744890        0.00000000    
   5.1557640480766169        0.00000000    
   5.2989797160787449        0.00000000    
   5.4421953840808728        0.00000000    
   5.5854110520830007        0.00000000    
   5.7286267200851286        0.00000000    
   5.8718423880872566        0.00000000    
   6.0150580560893845        0.00000000    
   6.1582737240915124        0.00000000    
   6.3014893920936403        0.00000000    
   6.4447050600957683        0.00000000    
   6.5879207280978962        0.00000000    
   6.7311363961000241        0.00000000    
   6.8743520641021520        0.00000000    
   7.0175677321042800        0.00000000    
   7.1607834001064079        0.00000000    
   7.3039990681085358        0.00000000    
   7.4472147361106638        0.00000000    
   7.5904304041127917        0.00000000    
   7.7336460721149196        0.00000000    
   7.8768617401170475        0.00000000    
   8.0200774081191764        0.00000000    
   8.1632930761213043        0.00000000    
   8.3065087441234322        0.00000000    
   8.4497244121255601        0.00000000    
   8.5929400801276881        0.00000000    
   8.7361557481298160        0.00000000    
   8.8793714161319439        0.00000000    
   9.0225870841340718        0.00000000    
   9.1658027521361998        0.00000000    
   9.3090184201383277        0.00000000    
   9.4522340881404556        0.00000000    
   9.5954497561425836        0.00000000    
   9.7386654241447115        0.00000000    
   9.8818810921468394        0.00000000    
   10.025096760148967        0.00000000    
   10.168312428151095        0.00000000    
   10.311528096153223        0.00000000    
   10.454743764155351        0.00000000    
   10.597959432157479        0.00000000    
   10.741175100159607        0.00000000    
   10.884390768161735        0.00000000    
   11.027606436163863        0.00000000    
   11.170822104165991        0.00000000    
   11.314037772168119        0.00000000    
   11.457253440170247        0.00000000    
   11.600469108172375        0.00000000    
   11.743684776174502        0.00000000    
   11.886900444176630        0.00000000    
   12.030116112178758        0.00000000    
   12.173331780180886        0.00000000    
   12.316547448183014        0.00000000    
   12.459763116185142        0.00000000    
   12.602978784187270        0.00000000    
   12.746194452189398        0.00000000    
   12.889410120191526        0.00000000    
   13.032625788193654        0.00000000    
   13.175841456195782        0.00000000    
   13.319057124197910        0.00000000    
   13.462272792200038        0.00000000    
   13.605488460202166        0.00000000    
   13.748704128204293        0.00000000    
   13.891919796206421        0.00000000    
   14.035135464208549        0.00000000    
   14.178351132210677        0.00000000    
   14.321566800212805        0.00000000    
   14.464782468214933        0.00000000    
   14.607998136217061        0.00000000    
   14.751213804219189        0.00000000    
   14.894429472221317        0.00000000    
   15.037645140223445        0.00000000    
   15.180860808225573        0.00000000    
   15.324076476227701        0.00000000    
   15.467292144229829        0.00000000    
   15.610507812231956        0.00000000    
   15.753723480234084        0.00000000    
   15.896939148236212        0.00000000    
   16.040154816238342        0.00000000    
   16.183370484240470        0.00000000    
   16.326586152242598        0.00000000    
   16.469801820244726        0.00000000    
   16.613017488246854        0.00000000    
   16.756233156248982        0.00000000    
   16.899448824251110        0.00000000    
   17.042664492253238        0.00000000    
   17.185880160255365        0.00000000    
   17.329095828257493        0.00000000    
   17.472311496259621        0.00000000    
   17.615527164261749        0.00000000    
   17.758742832263877        0.00000000    
   17.901958500266005        0.00000000    
   18.045174168268133        0.00000000    
   18.188389836270261        0.00000000    
   18.331605504272389        0.00000000    
   18.474821172274517        0.00000000    
   18.618036840276645        0.00000000    
   18.761252508278773        0.00000000    
   18.904468176280901        0.00000000    
   19.047683844283029        0.00000000    
   19.190899512285156        0.00000000    
   19.334115180287284        0.00000000    
   19.477330848289412        0.00000000    
   19.620546516291540        0.00000000    
   19.763762184293668        0.00000000    
   19.906977852295796        0.00000000    
   20.050193520297924        0.00000000    
   20.193409188300052        0.00000000    
   20.336624856302180        0.00000000    
   20.479840524304308        0.00000000    
   20.623056192306436        0.00000000    
   20.766271860308564        0.00000000    
   20.909487528310692        0.00000000    
   21.052703196312820        0.00000000    
   21.195918864314947        0.00000000    
   21.339134532317075        0.00000000    
   21.482350200319203        0.00000000    
   21.625565868321331        0.00000000    
   21.768781536323459        0.00000000    
   21.911997204325587        0.00000000    
   22.055212872327715        0.00000000    
   22.198428540329843        0.00000000    
   22.341644208331971        0.00000000    
   22.484859876334099        0.00000000    
   22.628075544336227        0.00000000    
   22.771291212338355        0.00000000    
   22.914506880340483        0.00000000    
   23.057722548342610        0.00000000    
   23.200938216344738        0.00000000    
   23.344153884346866        0.00000000    
   23.487369552348994        0.00000000    
   23.630585220351122        0.00000000    
   23.773800888353250        0.00000000    
   23.917016556355378        0.00000000    
   24.060232224357506        0.00000000    
   24.203447892359634        0.00000000    
   24.346663560361762        0.00000000    
   24.489879228363890        0.00000000    
   24.633094896366018        0.00000000    
   24.776310564368146        0.00000000    
   24.919526232370274        0.00000000    
   25.062741900372401        0.00000000    
   25.205957568374529        0.00000000    
   25.349173236376657        0.00000000    
   25.492388904378785        0.00000000    
   25.635604572380913        0.00000000    
   25.778820240383041        0.00000000    
   25.922035908385169        0.00000000    
   26.065251576387297        0.00000000    
   26.208467244389425        0.00000000    
   26.351682912391553        0.00000000    
   26.494898580393681        0.00000000    
   26.638114248395809        0.00000000    
   26.781329916397937        0.00000000    
   26.924545584400065        0.00000000    
   27.067761252402192        0.00000000    
   27.210976920404320        0.00000000    
   27.354192588406448        0.00000000    
   27.497408256408576        0.00000000    
   27.640623924410704        0.00000000    
   27.783839592412832        0.00000000    
   27.927055260414960        0.00000000    
   28.070270928417088        0.00000000    
   28.213486596419216        0.00000000    
   28.356702264421344        0.00000000    
   28.499917932423472        0.00000000    
   28.643133600425600        0.00000000    
   28.786349268427728        0.00000000    
   28.929564936429855        0.00000000    
   29.072780604431983        0.00000000    
   29.215996272434111        0.00000000    
   29.359211940436239        0.00000000    
   29.502427608438367        0.00000000    
   29.645643276440495        0.00000000    
   29.788858944442623        0.00000000    
   29.932074612444751        0.00000000    
   30.075290280446879        0.00000000    
   30.218505948449007        0.00000000    
   30.361721616451135        0.00000000    
   30.504937284453263        0.00000000    
   30.648152952455391        0.00000000    
   30.791368620457519        0.00000000    
   30.934584288459646        0.00000000    
   31.077799956461774        0.00000000    
   31.221015624463902        0.00000000    
   31.364231292466030        0.00000000    
   31.507446960468158        0.00000000    
   31.650662628470286        0.00000000    
   31.793878296472414        0.00000000    
   31.937093964474542        0.00000000    
   32.080309632476670        0.00000000    
   32.223525300478798        0.00000000    
   32.366740968480926        0.00000000    
   32.509956636483054        0.00000000    
   32.653172304485182        0.00000000    
   32.796387972487310        0.00000000    
   32.939603640489437        0.00000000    
   33.082819308491565        0.00000000    
   33.226034976493693        0.00000000    
   33.369250644495821        0.00000000    
   33.512466312497949        0.00000000    
   33.655681980500077        0.00000000    
   33.798897648502205        0.00000000    
   33.942113316504333        0.00000000    
   34.085328984506461        0.00000000    
   34.228544652508589        0.00000000    
   34.371760320510717        0.00000000    
   34.514975988512845        0.00000000    
   34.658191656514973        0.00000000    
   34.801407324517101        0.00000000    
   34.944622992519228        0.00000000    
   35.087838660521356        0.00000000    
   35.231054328523484        0.00000000    
   35.374269996525612        0.00000000    
   35.517485664527740        0.00000000    
   35.660701332529868        0.00000000    
   35.803917000531996        0.00000000    
   35.947132668534124        0.00000000    
   36.090348336536252        0.00000000    
   36.233564004538380        0.00000000    
   36.376779672540508        0.00000000    
   36.519995340542636        0.00000000    
   36.663211008544764        0.00000000    
   36.806426676546891        0.00000000    
   36.949642344549019        0.00000000    
   37.092858012551147        0.00000000    
   37.236073680553275        0.00000000    
   37.379289348555403        0.00000000    
   37.522505016557531        0.00000000    
   37.665720684559659        0.00000000    
   37.808936352561787        0.00000000    
   37.952152020563915        0.00000000    
   38.095367688566043        0.00000000    
   38.238583356568171        0.00000000    
   38.381799024570299        0.00000000    
   38.525014692572427        0.00000000    
   38.668230360574555        0.00000000    
   38.811446028576682        0.00000000    
   38.954661696578810        0.00000000    
   39.097877364580938        0.00000000    
   39.241093032583066        0.00000000    
   39.384308700585194        0.00000000    
   39.527524368587322        0.00000000    
   39.670740036589450        0.00000000    
   39.813955704591578        0.00000000    
   39.957171372593706        0.00000000    
   40.100387040595834        0.00000000    
   40.243602708597962        0.00000000    
   40.386818376600090        0.00000000    
   40.530034044602218        0.00000000    
   40.673249712604346        0.00000000    
   40.816465380606473        0.00000000    
   40.959681048608601        0.00000000    
   41.102896716610729        0.00000000    
   41.246112384612857        0.00000000    
   41.389328052614985        0.00000000    
   41.532543720617113        0.00000000    
   41.675759388619241        0.00000000    
   41.818975056621369        0.00000000    
   41.962190724623497        0.00000000    
   42.105406392625625        0.00000000    
   42.248622060627753        0.00000000    
   42.391837728629881        0.00000000    
   42.535053396632009        0.00000000    
   42.678269064634136        0.00000000    
   42.821484732636264        0.00000000    
   42.964700400638392        0.00000000    
   43.107916068640520        0.00000000    
   43.251131736642648        0.00000000    
   43.394347404644776        0.00000000    
   43.537563072646904        0.00000000    
   43.680778740649032        0.00000000    
   43.823994408651160        0.00000000    
   43.967210076653288        0.00000000    
   44.110425744655416        0.00000000    
   44.253641412657544        0.00000000    
   44.396857080659672        0.00000000    
   44.540072748661800        0.00000000    
   44.683288416663927        0.00000000    
   44.826504084666055        0.00000000    
   44.969719752668183        0.00000000    
   45.112935420670311        0.00000000    
   45.256151088672439        0.00000000    
   45.399366756674567        0.00000000    
   45.542582424676695        0.00000000    
   45.685798092678823        0.00000000    
   45.829013760680951        0.00000000    
   45.972229428683079        0.00000000    
   46.115445096685207        0.00000000    
   46.258660764687335        0.00000000    
   46.401876432689463        0.00000000    
   46.545092100691591        0.00000000    
   46.688307768693718        0.00000000    
   46.831523436695846        0.00000000    
   46.974739104697974        0.00000000    
   47.117954772700102        0.00000000    
   47.261170440702230        0.00000000    
   47.404386108704358        0.00000000    
   47.547601776706486        0.00000000    
   47.690817444708614        0.00000000    
   47.834033112710742        0.00000000    
   47.977248780712870        0.00000000    
   48.120464448714998        0.00000000    
   48.263680116717126        0.00000000    
   48.406895784719254        0.00000000    
   48.550111452721382        0.00000000    
   48.693327120723509        0.00000000    
   48.836542788725637        0.00000000    
   48.979758456727765        0.00000000    
   49.122974124729893        0.00000000    
   49.266189792732021        0.00000000    
   49.409405460734149        0.00000000    
   49.552621128736277        0.00000000    
   49.695836796738405        0.00000000    
   49.839052464740533        0.00000000    
   49.982268132742661        0.00000000    
   50.125483800744789        0.00000000    
   50.268699468746917        0.00000000    
   50.411915136749045        0.00000000    
   50.555130804751172        0.00000000    
   50.698346472753300        0.00000000    
   50.841562140755428        0.00000000    
   50.984777808757556        0.00000000    
   51.127993476759684        0.00000000    
   51.271209144761812        0.00000000    
   51.414424812763940        0.00000000    
   51.557640480766068        0.00000000    
   51.700856148768196        0.00000000    
   51.844071816770324        0.00000000    
   51.987287484772452        0.00000000    
   52.130503152774580        0.00000000    
   52.273718820776708        0.00000000    
   52.416934488778836        0.00000000    
   52.560150156780963        0.00000000    
   52.703365824783091        0.00000000    
   52.846581492785219        0.00000000    
   52.989797160787347        0.00000000    
   53.133012828789475        0.00000000    
   53.276228496791603        0.00000000    
   53.419444164793731        0.00000000    
   53.562659832795859        0.00000000    
   53.705875500797987        0.00000000    
   53.849091168800115        0.00000000    
   53.992306836802243        0.00000000    
   54.135522504804371        0.00000000    
   54.278738172806499        0.00000000    
   54.421953840808627        0.00000000    
   54.565169508810754        0.00000000    
   54.708385176812882        0.00000000    
   54.851600844815010        0.00000000    
   54.994816512817138        0.00000000    
   55.138032180819266        0.00000000    
   55.281247848821394        0.00000000    
   55.424463516823522        0.00000000    
   55.567679184825650        0.00000000    
   55.710894852827778        0.00000000    
   55.854110520829906        0.00000000    
   55.997326188832034        0.00000000    
   56.140541856834162        0.00000000    
   56.283757524836290        0.00000000    
   56.426973192838418        0.00000000    
   56.570188860840545        0.00000000    
   56.713404528842673        0.00000000    
   56.856620196844801        0.00000000    
   56.999835864846929        0.00000000    
   57.143051532849057        0.00000000    
   57.286267200851185        0.00000000    
   57.429482868853313        0.00000000    
   57.572698536855441        0.00000000    
   57.715914204857569        0.00000000    
   57.859129872859697        0.00000000    
   58.002345540861825        0.00000000    
   58.145561208863953        0.00000000    
   58.288776876866081        0.00000000    
   58.431992544868208        0.00000000    
   58.575208212870336        0.00000000    
   58.718423880872464        0.00000000    
   58.861639548874592        0.00000000    
   59.004855216876720        0.00000000    
   59.148070884878848        0.00000000    
   59.291286552880976        0.00000000    
   59.434502220883104        0.00000000    
   59.577717888885232        0.00000000    
   59.720933556887360        0.00000000    
   59.864149224889488        0.00000000    
   60.007364892891616        0.00000000    
   60.150580560893744        0.00000000    
   60.293796228895872        0.00000000    
   60.437011896897999        0.00000000    
   60.580227564900127        0.00000000    
   60.723443232902255        0.00000000    
   60.866658900904383        0.00000000    
   61.009874568906511        0.00000000    
   61.153090236908639        0.00000000    
   61.296305904910767        0.00000000    
   61.439521572912895        0.00000000    
   61.582737240915023        0.00000000    
   61.725952908917151        0.00000000    
   61.869168576919279        0.00000000    
   62.012384244921407        0.00000000    
   62.155599912923535        0.00000000    
   62.298815580925663        0.00000000    
   62.442031248927790        0.00000000    
   62.585246916929918        0.00000000    
   62.728462584932046        0.00000000    
   62.871678252934174        0.00000000    
   63.014893920936302        0.00000000    
   63.158109588938430        0.00000000    
   63.301325256940558        0.00000000    
   63.444540924942686        0.00000000    
   63.587756592944814        0.00000000    
   63.730972260946942        0.00000000    
   63.874187928949070        0.00000000    
   64.017403596951198        0.00000000    
   64.160619264953326        0.00000000    
   64.303834932955453        0.00000000    
   64.447050600957581        0.00000000    
   64.590266268959709        0.00000000    
   64.733481936961837        0.00000000    
   64.876697604963965        0.00000000    
   65.019913272966093        0.00000000    
   65.163128940968221        0.00000000    
   65.306344608970349        0.00000000    
   65.449560276972477        0.00000000    
   65.592775944974605        0.00000000    
   65.735991612976733        0.00000000    
   65.879207280978861        0.00000000    
   66.022422948980989        0.00000000    
   66.165638616983117        0.00000000    
   66.308854284985244        0.00000000    
   66.452069952987372        0.00000000    
   66.595285620989500        0.00000000    
   66.738501288991628        0.00000000    
   66.881716956993756        0.00000000    
   67.024932624995884        0.00000000    
   67.168148292998012        0.00000000    
   67.311363961000140        0.00000000    
   67.454579629002268        0.00000000    
   67.597795297004396        0.00000000    
   67.741010965006524        0.00000000    
   67.884226633008652        0.00000000    
   68.027442301010780        0.00000000    
   68.170657969012908        0.00000000    
   68.313873637015035        0.00000000    
   68.457089305017163        0.00000000    
   68.600304973019291        0.00000000    
   68.743520641021419        0.00000000    
   68.886736309023547        0.00000000    
   69.029951977025675        0.00000000    
   69.173167645027803        0.00000000    
   69.316383313029931        0.00000000    
   69.459598981032059        0.00000000    
   69.602814649034187        0.00000000    
   69.746030317036315        0.00000000    
   69.889245985038443        0.00000000    
   70.032461653040571        0.00000000    
   70.175677321042699        0.00000000    
   70.318892989044826        0.00000000    
   70.462108657046954        0.00000000    
   70.605324325049082        0.00000000    
   70.748539993051210        0.00000000    
   70.891755661053338        0.00000000    
   71.034971329055466        0.00000000    
   71.178186997057594        0.00000000    
   71.321402665059722        0.00000000    
   71.464618333061850        0.00000000    
   71.607834001063978        0.00000000    
   71.751049669066106        0.00000000    
   71.894265337068234        0.00000000    
   72.037481005070362        0.00000000    
   72.180696673072489        0.00000000    
   72.323912341074617        0.00000000    
   72.467128009076745        0.00000000    
   72.610343677078873        0.00000000    
   72.753559345081001        0.00000000    
   72.896775013083129        0.00000000    
   73.039990681085257        0.00000000    
   73.183206349087385        0.00000000    
   73.326422017089513        0.00000000    
   73.469637685091641        0.00000000    
   73.612853353093769        0.00000000    
   73.756069021095897        0.00000000    
   73.899284689098025        0.00000000    
   74.042500357100153        0.00000000    
   74.185716025102280        0.00000000    
   74.328931693104408        0.00000000    
   74.472147361106536        0.00000000    
   74.615363029108664        0.00000000    
   74.758578697110792        0.00000000    
   74.901794365112920        0.00000000    
   75.045010033115048        0.00000000    
   75.188225701117176        0.00000000    
   75.331441369119304        0.00000000    
   75.474657037121432        0.00000000    
   75.617872705123560        0.00000000    
   75.761088373125688        0.00000000    
   75.904304041127816        0.00000000    
   76.047519709129944        0.00000000    
   76.190735377132071        0.00000000    
   76.333951045134199        0.00000000    
   76.477166713136327        0.00000000    
   76.620382381138455        0.00000000    
   76.763598049140583        0.00000000    
   76.906813717142711        0.00000000    
   77.050029385144839        0.00000000    
   77.193245053146967        0.00000000    
   77.336460721149095        0.00000000    
   77.479676389151223        0.00000000    
   77.622892057153351        0.00000000    
   77.766107725155479        0.00000000    
   77.909323393157607        0.00000000    
   78.052539061159735        0.00000000    
   78.195754729161862        0.00000000    
   78.338970397163990        0.00000000    
   78.482186065166118        0.00000000    
   78.625401733168246        0.00000000    
   78.768617401170374        0.00000000    
   78.911833069172502        0.00000000    
   79.055048737174630        0.00000000    
   79.198264405176758        0.00000000    
   79.341480073178886        0.00000000    
   79.484695741181014        0.00000000    
   79.627911409183142        0.00000000    
   79.771127077185270        0.00000000    
   79.914342745187398        0.00000000    
   80.057558413189525        0.00000000    
   80.200774081191653        0.00000000    
   80.343989749193781        0.00000000    
   80.487205417195909        0.00000000    
   80.630421085198037        0.00000000    
   80.773636753200165        0.00000000    
   80.916852421202293        0.00000000    
   81.060068089204421        0.00000000    
   81.203283757206549        0.00000000    
   81.346499425208677        0.00000000    
   81.489715093210805        0.00000000    
   81.632930761212933        0.00000000    
   81.776146429215061        0.00000000    
   81.919362097217189        0.00000000    
   82.062577765219316        0.00000000    
   82.205793433221444        0.00000000    
   82.349009101223572        0.00000000    
   82.492224769225700        0.00000000    
   82.635440437227828        0.00000000    
   82.778656105229956        0.00000000    
   82.921871773232084        0.00000000    
   83.065087441234212        0.00000000    
   83.208303109236340        0.00000000    
   83.351518777238468        0.00000000    
   83.494734445240596        0.00000000    
   83.637950113242724        0.00000000    
   83.781165781244852        0.00000000    
   83.924381449246980        0.00000000    
   84.067597117249107        0.00000000    
   84.210812785251235        0.00000000    
   84.354028453253363        0.00000000    
   84.497244121255491        0.00000000    
   84.640459789257619        0.00000000    
   84.783675457259747        0.00000000    
   84.926891125261875        0.00000000    
   85.070106793264003        0.00000000    
   85.213322461266131        0.00000000    
   85.356538129268259        0.00000000    
   85.499753797270387        0.00000000    
   85.642969465272515        0.00000000    
   85.786185133274643        0.00000000    
   85.929400801276770        0.00000000    
   86.072616469278898        0.00000000    
   86.215832137281026        0.00000000    
   86.359047805283154        0.00000000    
   86.502263473285282        0.00000000    
   86.645479141287410        0.00000000    
   86.788694809289538        0.00000000    
   86.931910477291666        0.00000000    
   87.075126145293794        0.00000000    
   87.218341813295922        0.00000000    
   87.361557481298050        0.00000000    
   87.504773149300178        0.00000000    
   87.647988817302306        0.00000000    
   87.791204485304434        0.00000000    
   87.934420153306561        0.00000000    
   88.077635821308689        0.00000000    
   88.220851489310817        0.00000000    
   88.364067157312945        0.00000000    
   88.507282825315073        0.00000000    
   88.650498493317201        0.00000000    
   88.793714161319329        0.00000000    
   88.936929829321457        0.00000000    
   89.080145497323585        0.00000000    
   89.223361165325713        0.00000000    
   89.366576833327841        0.00000000    
   89.509792501329969        0.00000000    
   89.653008169332097        0.00000000    
   89.796223837334225        0.00000000    
   89.939439505336352        0.00000000    
   90.082655173338480        0.00000000    
   90.225870841340608        0.00000000    
   90.369086509342736        0.00000000    
   90.512302177344864        0.00000000    
   90.655517845346992        0.00000000    
   90.798733513349120        0.00000000    
   90.941949181351248        0.00000000    
   91.085164849353376        0.00000000    
   91.228380517355504        0.00000000    
   91.371596185357632        0.00000000    
   91.514811853359760        0.00000000    
   91.658027521361888        0.00000000    
   91.801243189364016        0.00000000    
   91.944458857366143        0.00000000    
   92.087674525368271        0.00000000    
   92.230890193370399        0.00000000    
   92.374105861372527        0.00000000    
   92.517321529374655        0.00000000    
   92.660537197376783        0.00000000    
   92.803752865378911        0.00000000    
   92.946968533381039        0.00000000    
   93.090184201383167        0.00000000    
   93.233399869385295        0.00000000    
   93.376615537387423        0.00000000    
   93.519831205389551        0.00000000    
   93.663046873391679        0.00000000    
   93.806262541393806        0.00000000    
   93.949478209395934        0.00000000    
   94.092693877398062        0.00000000    
   94.235909545400190        0.00000000    
   94.379125213402318        0.00000000    
   94.522340881404446        0.00000000    
   94.665556549406574        0.00000000    
   94.808772217408702        0.00000000    
   94.951987885410830        0.00000000    
   95.095203553412958        0.00000000    
   95.238419221415086        0.00000000    
   95.381634889417214        0.00000000    
   95.524850557419342        0.00000000    
   95.668066225421470        0.00000000    
   95.811281893423597        0.00000000    
   95.954497561425725        0.00000000    
   96.097713229427853        0.00000000    
   96.240928897429981        0.00000000    
   96.384144565432109        0.00000000    
   96.527360233434237        0.00000000    
   96.670575901436365        0.00000000    
   96.813791569438493        0.00000000    
   96.957007237440621        0.00000000    
   97.100222905442749        0.00000000    
   97.243438573444877        0.00000000    
   97.386654241447005        0.00000000    
   97.529869909449133        0.00000000    
   97.673085577451261        0.00000000    
   97.816301245453388        0.00000000    
   97.959516913455516        0.00000000    
   98.102732581457644        0.00000000    
   98.245948249459772        0.00000000    
   98.389163917461900        0.00000000    
   98.532379585464028        0.00000000    
   98.675595253466156        0.00000000    
   98.818810921468284        0.00000000    
   98.962026589470412        0.00000000    
   99.105242257472540        0.00000000    
   99.248457925474668        0.00000000    
   99.391673593476796        0.00000000    
   99.534889261478924        0.00000000    
   99.678104929481051        0.00000000    
   99.821320597483179        0.00000000    
   99.964536265485307        0.00000000    
   100.10775193348744        0.00000000    
   100.25096760148956        0.00000000    
   100.39418326949169        0.00000000    
   100.53739893749382        0.00000000    
   100.68061460549595        0.00000000    
   100.82383027349807        0.00000000    
   100.96704594150020        0.00000000    
   101.11026160950233        0.00000000    
   101.25347727750446        0.00000000    
   101.39669294550659        0.00000000    
   101.53990861350871        0.00000000    
   101.68312428151084        0.00000000    
   101.82633994951297        0.00000000    
   101.96955561751510        0.00000000    
   102.11277128551723        0.00000000    
   102.25598695351935        0.00000000    
   102.39920262152148        0.00000000    
   102.54241828952361        0.00000000    
   102.68563395752574        0.00000000    
   102.82884962552787        0.00000000    
   102.97206529352999        0.00000000    
   103.11528096153212        0.00000000    
   103.25849662953425        0.00000000    
   103.40171229753638        0.00000000    
   103.54492796553851        0.00000000    
   103.68814363354063        0.00000000    
   103.83135930154276        0.00000000    
   103.97457496954489        0.00000000    
   104.11779063754702        0.00000000    
   104.26100630554915        0.00000000    
   104.40422197355127        0.00000000    
   104.54743764155340        0.00000000    
   104.69065330955553        0.00000000    
   104.83386897755766        0.00000000    
   104.97708464555978        0.00000000    
   105.12030031356191        0.00000000    
   105.26351598156404        0.00000000    
   105.40673164956617        0.00000000    
   105.54994731756830        0.00000000    
   105.69316298557042        0.00000000    
   105.83637865357255        0.00000000    
   105.97959432157468        0.00000000    
   106.12280998957681        0.00000000    
   106.26602565757894        0.00000000    
   106.40924132558106        0.00000000    
   106.55245699358319        0.00000000    
   106.69567266158532        0.00000000    
   106.83888832958745        0.00000000    
   106.98210399758958        0.00000000    
   107.12531966559170        0.00000000    
   107.26853533359383        0.00000000    
   107.41175100159596        0.00000000    
   107.55496666959809        0.00000000    
   107.69818233760022        0.00000000    
   107.84139800560234        0.00000000    
   107.98461367360447        0.00000000    
   108.12782934160660        0.00000000    
   108.27104500960873        0.00000000    
   108.41426067761086        0.00000000    
   108.55747634561298        0.00000000    
   108.70069201361511        0.00000000    
   108.84390768161724        0.00000000    
   108.98712334961937        0.00000000    
   109.13033901762149        0.00000000    
   109.27355468562362        0.00000000    
   109.41677035362575        0.00000000    
   109.55998602162788        0.00000000    
   109.70320168963001        0.00000000    
   109.84641735763213        0.00000000    
   109.98963302563426        0.00000000    
   110.13284869363639        0.00000000    
   110.27606436163852        0.00000000    
   110.41928002964065        0.00000000    
   110.56249569764277        0.00000000    
   110.70571136564490        0.00000000    
   110.84892703364703        0.00000000    
   110.99214270164916        0.00000000    
   111.13535836965129        0.00000000    
   111.27857403765341        0.00000000    
   111.42178970565554        0.00000000    
   111.56500537365767        0.00000000    
   111.70822104165980        0.00000000    
   111.85143670966193        0.00000000    
   111.99465237766405        0.00000000    
   112.13786804566618        0.00000000    
   112.28108371366831        0.00000000    
   112.42429938167044        0.00000000    
   112.56751504967256        0.00000000    
   112.71073071767469        0.00000000    
   112.85394638567682        0.00000000    
   112.99716205367895        0.00000000    
   113.14037772168108        0.00000000    
   113.28359338968320        0.00000000    
   113.42680905768533        0.00000000    
   113.57002472568746        0.00000000    
   113.71324039368959        0.00000000    
   113.85645606169172        0.00000000    
   113.99967172969384        0.00000000    
   114.14288739769597        0.00000000    
   114.28610306569810        0.00000000    
   114.42931873370023        0.00000000    
   114.57253440170236        0.00000000    
   114.71575006970448        0.00000000    
   114.85896573770661        0.00000000    
   115.00218140570874        0.00000000    
   115.14539707371087        0.00000000    
   115.28861274171300        0.00000000    
   115.43182840971512        0.00000000    
   115.57504407771725        0.00000000    
   115.71825974571938        0.00000000    
   115.86147541372151        0.00000000    
   116.00469108172364        0.00000000    
   116.14790674972576        0.00000000    
   116.29112241772789        0.00000000    
   116.43433808573002        0.00000000    
   116.57755375373215        0.00000000    
   116.72076942173427        0.00000000    
   116.86398508973640        0.00000000    
   117.00720075773853        0.00000000    
   117.15041642574066        0.00000000    
   117.29363209374279        0.00000000    
   117.43684776174491        0.00000000    
   117.58006342974704        0.00000000    
   117.72327909774917        0.00000000    
   117.86649476575130        0.00000000    
   118.00971043375343        0.00000000    
   118.15292610175555        0.00000000    
   118.29614176975768        0.00000000    
   118.43935743775981        0.00000000    
   118.58257310576194        0.00000000    
   118.72578877376407        0.00000000    
   118.86900444176619        0.00000000    
   119.01222010976832        0.00000000    
   119.15543577777045        0.00000000    
   119.29865144577258        0.00000000    
   119.44186711377471        0.00000000    
   119.58508278177683        0.00000000    
   119.72829844977896        0.00000000    
   119.87151411778109        0.00000000    
   120.01472978578322        0.00000000    
   120.15794545378535        0.00000000    
   120.30116112178747        0.00000000    
   120.44437678978960        0.00000000    
   120.58759245779173        0.00000000    
   120.73080812579386        0.00000000    
   120.87402379379598        0.00000000    
   121.01723946179811        0.00000000    
   121.16045512980024        0.00000000    
   121.30367079780237        0.00000000    
   121.44688646580450        0.00000000    
   121.59010213380662        0.00000000    
   121.73331780180875        0.00000000    
   121.87653346981088        0.00000000    
   122.01974913781301        0.00000000    
   122.16296480581514        0.00000000    
   122.30618047381726        0.00000000    
   122.44939614181939        0.00000000    
   122.59261180982152        0.00000000    
   122.73582747782365        0.00000000    
   122.87904314582578        0.00000000    
   123.02225881382790        0.00000000    
   123.16547448183003        0.00000000    
   123.30869014983216        0.00000000    
   123.45190581783429        0.00000000    
   123.59512148583642        0.00000000    
   123.73833715383854        0.00000000    
   123.88155282184067        0.00000000    
   124.02476848984280        0.00000000    
   124.16798415784493        0.00000000    
   124.31119982584705        0.00000000    
   124.45441549384918        0.00000000    
   124.59763116185131        0.00000000    
   124.74084682985344        0.00000000    
   124.88406249785557        0.00000000    
   125.02727816585769        0.00000000    
   125.17049383385982        0.00000000    
   125.31370950186195        0.00000000    
   125.45692516986408        0.00000000    
   125.60014083786621        0.00000000    
   125.74335650586833        0.00000000    
   125.88657217387046        0.00000000    
   126.02978784187259        0.00000000    
   126.17300350987472        0.00000000    
   126.31621917787685        0.00000000    
   126.45943484587897        0.00000000    
   126.60265051388110        0.00000000    
   126.74586618188323        0.00000000    
   126.88908184988536        0.00000000    
   127.03229751788749        0.00000000    
   127.17551318588961        0.00000000    
   127.31872885389174        0.00000000    
   127.46194452189387        0.00000000    
   127.60516018989600        0.00000000    
   127.74837585789813        0.00000000    
   127.89159152590025        0.00000000    
   128.03480719390240        0.00000000    
   128.17802286190454        0.00000000    
   128.32123852990668        0.00000000    
   128.46445419790882        0.00000000    
   128.60766986591096        0.00000000    
   128.75088553391311        0.00000000    
   128.89410120191525        0.00000000    
   129.03731686991739        0.00000000    
   129.18053253791953        0.00000000    
   129.32374820592167        0.00000000    
   129.46696387392382        0.00000000    
   129.61017954192596        0.00000000    
   129.75339520992810        0.00000000    
   129.89661087793024        0.00000000    
   130.03982654593239        0.00000000    
   130.18304221393453        0.00000000    
   130.32625788193667        0.00000000    
   130.46947354993881        0.00000000    
   130.61268921794095        0.00000000    
   130.75590488594310        0.00000000    
   130.89912055394524        0.00000000    
   131.04233622194738        0.00000000    
   131.18555188994952        0.00000000    
   131.32876755795166        0.00000000    
   131.47198322595381        0.00000000    
   131.61519889395595        0.00000000    
   131.75841456195809        0.00000000    
   131.90163022996023        0.00000000    
   132.04484589796238        0.00000000    
   132.18806156596452        0.00000000    
   132.33127723396666        0.00000000    
   132.47449290196880        0.00000000    
   132.61770856997094        0.00000000    
   132.76092423797309        0.00000000    
   132.90413990597523        0.00000000    
   133.04735557397737        0.00000000    
   133.19057124197951        0.00000000    
   133.33378690998165        0.00000000    
   133.47700257798380        0.00000000    
   133.62021824598594        0.00000000    
   133.76343391398808        0.00000000    
   133.90664958199022        0.00000000    
   134.04986524999237        0.00000000    
   134.19308091799451        0.00000000    
   134.33629658599665        0.00000000    
   134.47951225399879        0.00000000    
   134.62272792200093        0.00000000    
   134.76594359000308        0.00000000    
   134.90915925800522        0.00000000    
   135.05237492600736        0.00000000    
   135.19559059400950        0.00000000    
   135.33880626201164        0.00000000    
   135.48202193001379        0.00000000    
   135.62523759801593        0.00000000    
   135.76845326601807        0.00000000    
   135.91166893402021        0.00000000    
   136.05488460202236        0.00000000    
   136.19810027002450        0.00000000    
   136.34131593802664        0.00000000    
   136.48453160602878        0.00000000    
   136.62774727403092        0.00000000    
   136.77096294203307        0.00000000    
   136.91417861003521        0.00000000    
   137.05739427803735        0.00000000    
   137.20060994603949        0.00000000    
   137.34382561404163        0.00000000    
   137.48704128204378        0.00000000    
   137.63025695004592        0.00000000    
   137.77347261804806        0.00000000    
   137.91668828605020        0.00000000    
   138.05990395405234        0.00000000    
   138.20311962205449        0.00000000    
   138.34633529005663        0.00000000    
   138.48955095805877        0.00000000    
   138.63276662606091        0.00000000    
   138.77598229406306        0.00000000    
   138.91919796206520        0.00000000    
   139.06241363006734        0.00000000    
   139.20562929806948        0.00000000    
   139.34884496607162        0.00000000    
   139.49206063407377        0.00000000    
   139.63527630207591        0.00000000    
   139.77849197007805        0.00000000    
   139.92170763808019        0.00000000    
   140.06492330608233        0.00000000    
   140.20813897408448        0.00000000    
   140.35135464208662        0.00000000    
   140.49457031008876        0.00000000    
   140.63778597809090        0.00000000    
   140.78100164609305        0.00000000    
   140.92421731409519        0.00000000    
   141.06743298209733        0.00000000    
   141.21064865009947        0.00000000    
   141.35386431810161        0.00000000    
   141.49707998610376        0.00000000    
   141.64029565410590        0.00000000    
   141.78351132210804        0.00000000    
   141.92672699011018        0.00000000    
   142.06994265811232        0.00000000    
   142.21315832611447        0.00000000    
   142.35637399411661        0.00000000    
   142.49958966211875        0.00000000    
   142.64280533012089        0.00000000    
   142.78602099812304        0.00000000    
   142.92923666612518        0.00000000    
   143.07245233412732        0.00000000    
   143.21566800212946        0.00000000    
   143.35888367013160        0.00000000    
   143.50209933813375        0.00000000    
   143.64531500613589        0.00000000    
   143.78853067413803        0.00000000    
   143.93174634214017        0.00000000    
   144.07496201014231        0.00000000    
   144.21817767814446        0.00000000    
   144.36139334614660        0.00000000    
   144.50460901414874        0.00000000    
   144.64782468215088        0.00000000    
   144.79104035015303        0.00000000    
   144.93425601815517        0.00000000    
   145.07747168615731        0.00000000    
   145.22068735415945        0.00000000    
   145.36390302216159        0.00000000    
   145.50711869016374        0.00000000    
   145.65033435816588        0.00000000    
   145.79355002616802        0.00000000    
   145.93676569417016        0.00000000    
   146.07998136217230        0.00000000    
   146.22319703017445        0.00000000    
   146.36641269817659        0.00000000    
   146.50962836617873        0.00000000    
   146.65284403418087        0.00000000    
   146.79605970218302        0.00000000    
   146.93927537018516        0.00000000    
   147.08249103818730        0.00000000    
   147.22570670618944        0.00000000    
   147.36892237419158        0.00000000    
   147.51213804219373        0.00000000    
   147.65535371019587        0.00000000    
   147.79856937819801        0.00000000    
   147.94178504620015        0.00000000    
   148.08500071420229        0.00000000    
   148.22821638220444        0.00000000    
   148.37143205020658        0.00000000    
   148.51464771820872        0.00000000    
   148.65786338621086        0.00000000    
   148.80107905421301        0.00000000    
   148.94429472221515        0.00000000    
   149.08751039021729        0.00000000    
   149.23072605821943        0.00000000    
   149.37394172622157        0.00000000    
   149.51715739422372        0.00000000    
   149.66037306222586        0.00000000    
   149.80358873022800        0.00000000    
   149.94680439823014        0.00000000    
   150.09002006623228        0.00000000    
   150.23323573423443        0.00000000    
   150.37645140223657        0.00000000    
   150.51966707023871        0.00000000    
   150.66288273824085        0.00000000    
   150.80609840624300        0.00000000    
   150.94931407424514        0.00000000    
   151.09252974224728        0.00000000    
   151.23574541024942        0.00000000    
   151.37896107825156        0.00000000    
   151.52217674625371        0.00000000    
   151.66539241425585        0.00000000    
   151.80860808225799        0.00000000    
   151.95182375026013        0.00000000    
   152.09503941826227        0.00000000    
   152.23825508626442        0.00000000    
   152.38147075426656        0.00000000    
   152.52468642226870        0.00000000    
   152.66790209027084        0.00000000    
   152.81111775827299        0.00000000    
   152.95433342627513        0.00000000    
   153.09754909427727        0.00000000    
   153.24076476227941        0.00000000    
   153.38398043028155        0.00000000    
   153.52719609828370        0.00000000    
   153.67041176628584        0.00000000    
   153.81362743428798        0.00000000    
   153.95684310229012        0.00000000    
   154.10005877029226        0.00000000    
   154.24327443829441        0.00000000    
   154.38649010629655        0.00000000    
   154.52970577429869        0.00000000    
   154.67292144230083        0.00000000    
   154.81613711030298        0.00000000    
   154.95935277830512        0.00000000    
   155.10256844630726        0.00000000    
   155.24578411430940        0.00000000    
   155.38899978231154        0.00000000    
   155.53221545031369        0.00000000    
   155.67543111831583        0.00000000    
   155.81864678631797        0.00000000    
   155.96186245432011        0.00000000    
   156.10507812232225        0.00000000    
   156.24829379032440        0.00000000    
   156.39150945832654        0.00000000    
   156.53472512632868        0.00000000    
   156.67794079433082        0.00000000    
   156.82115646233297        0.00000000    
   156.96437213033511        0.00000000    
   157.10758779833725        0.00000000    
   157.25080346633939        0.00000000    
   157.39401913434153        0.00000000    
   157.53723480234368        0.00000000    
   157.68045047034582        0.00000000    
   157.82366613834796        0.00000000    
   157.96688180635010        0.00000000    
   158.11009747435224        0.00000000    
   158.25331314235439        0.00000000    
   158.39652881035653        0.00000000    
   158.53974447835867        0.00000000    
   158.68296014636081        0.00000000    
   158.82617581436295        0.00000000    
   158.96939148236510        0.00000000    
   159.11260715036724        0.00000000    
   159.25582281836938        0.00000000    
   159.39903848637152        0.00000000    
   159.54225415437367        0.00000000    
   159.68546982237581        0.00000000    
   159.82868549037795        0.00000000    
   159.97190115838009        0.00000000    
   160.11511682638223        0.00000000    
   160.25833249438438        0.00000000    
   160.40154816238652        0.00000000    
   160.54476383038866        0.00000000    
   160.68797949839080        0.00000000    
   160.83119516639294        0.00000000    
   160.97441083439509        0.00000000    
   161.11762650239723        0.00000000    
   161.26084217039937        0.00000000    
   161.40405783840151        0.00000000    
   161.54727350640366        0.00000000    
   161.69048917440580        0.00000000    
   161.83370484240794        0.00000000    
   161.97692051041008        0.00000000    
   162.12013617841222        0.00000000    
   162.26335184641437        0.00000000    
   162.40656751441651        0.00000000    
   162.54978318241865        0.00000000    
   162.69299885042079        0.00000000    
   162.83621451842293        0.00000000    
   162.97943018642508        0.00000000    
   163.12264585442722        0.00000000    
   163.26586152242936        0.00000000    
   163.40907719043150        0.00000000    
   163.55229285843365        0.00000000    
   163.69550852643579        0.00000000    
   163.83872419443793        0.00000000    
   163.98193986244007        0.00000000    
   164.12515553044221        0.00000000    
   164.26837119844436        0.00000000    
   164.41158686644650        0.00000000    
   164.55480253444864        0.00000000    
   164.69801820245078        0.00000000    
   164.84123387045292        0.00000000    
   164.98444953845507        0.00000000    
   165.12766520645721        0.00000000    
   165.27088087445935        0.00000000    
   165.41409654246149        0.00000000    
   165.55731221046364        0.00000000    
   165.70052787846578        0.00000000    
   165.84374354646792        0.00000000    
   165.98695921447006        0.00000000    
   166.13017488247220        0.00000000    
   166.27339055047435        0.00000000    
   166.41660621847649        0.00000000    
   166.55982188647863        0.00000000    
   166.70303755448077        0.00000000    
   166.84625322248291        0.00000000    
   166.98946889048506        0.00000000    
   167.13268455848720        0.00000000    
   167.27590022648934        0.00000000    
   167.41911589449148        0.00000000    
   167.56233156249363        0.00000000    
   167.70554723049577        0.00000000    
   167.84876289849791        0.00000000    
   167.99197856650005        0.00000000    
   168.13519423450219        0.00000000    
   168.27840990250434        0.00000000    
   168.42162557050648        0.00000000    
   168.56484123850862        0.00000000    
   168.70805690651076        0.00000000    
   168.85127257451290        0.00000000    
   168.99448824251505        0.00000000    
   169.13770391051719        0.00000000    
   169.28091957851933        0.00000000    
   169.42413524652147        0.00000000    
   169.56735091452362        0.00000000    
   169.71056658252576        0.00000000    
   169.85378225052790        0.00000000    
   169.99699791853004        0.00000000    
   170.14021358653218        0.00000000    
   170.28342925453433        0.00000000    
   170.42664492253647        0.00000000    
   170.56986059053861        0.00000000    
   170.71307625854075        0.00000000    
   170.85629192654289        0.00000000    
   170.99950759454504        0.00000000    
   171.14272326254718        0.00000000    
   171.28593893054932        0.00000000    
   171.42915459855146        0.00000000    
   171.57237026655361        0.00000000    
   171.71558593455575        0.00000000    
   171.85880160255789        0.00000000    
   172.00201727056003        0.00000000    
   172.14523293856217        0.00000000    
   172.28844860656432        0.00000000    
   172.43166427456646        0.00000000    
   172.57487994256860        0.00000000    
   172.71809561057074        0.00000000    
   172.86131127857288        0.00000000    
   173.00452694657503        0.00000000    
   173.14774261457717        0.00000000    
   173.29095828257931        0.00000000    
   173.43417395058145        0.00000000    
   173.57738961858360        0.00000000    
   173.72060528658574        0.00000000    
   173.86382095458788        0.00000000    
   174.00703662259002        0.00000000    
   174.15025229059216        0.00000000    
   174.29346795859431        0.00000000    
   174.43668362659645        0.00000000    
   174.57989929459859        0.00000000    
   174.72311496260073        0.00000000    
   174.86633063060287        0.00000000    
   175.00954629860502        0.00000000    
   175.15276196660716        0.00000000    
   175.29597763460930        0.00000000    
   175.43919330261144        0.00000000    
   175.58240897061359        0.00000000    
   175.72562463861573        0.00000000    
   175.86884030661787        0.00000000    
   176.01205597462001        0.00000000    
   176.15527164262215        0.00000000    
   176.29848731062430        0.00000000    
   176.44170297862644        0.00000000    
   176.58491864662858        0.00000000    
   176.72813431463072        0.00000000    
   176.87134998263286        0.00000000    
   177.01456565063501        0.00000000    
   177.15778131863715        0.00000000    
   177.30099698663929        0.00000000    
   177.44421265464143        0.00000000    
   177.58742832264358        0.00000000    
   177.73064399064572        0.00000000    
   177.87385965864786        0.00000000    
   178.01707532665000        0.00000000    
   178.16029099465214        0.00000000    
   178.30350666265429        0.00000000    
   178.44672233065643        0.00000000    
   178.58993799865857        0.00000000    
   178.73315366666071        0.00000000    
   178.87636933466285        0.00000000    
   179.01958500266500        0.00000000    
   179.16280067066714        0.00000000    
   179.30601633866928        0.00000000    
   179.44923200667142        0.00000000    
   179.59244767467356        0.00000000    
   179.73566334267571        0.00000000    
   179.87887901067785        0.00000000    
   180.02209467867999        0.00000000    
   180.16531034668213        0.00000000    
   180.30852601468428        0.00000000    
   180.45174168268642        0.00000000    
   180.59495735068856        0.00000000    
   180.73817301869070        0.00000000    
   180.88138868669284        0.00000000    
   181.02460435469499        0.00000000    
   181.16782002269713        0.00000000    
   181.31103569069927        0.00000000    
   181.45425135870141        0.00000000    
   181.59746702670355        0.00000000    
   181.74068269470570        0.00000000    
   181.88389836270784        0.00000000    
   182.02711403070998        0.00000000    
   182.17032969871212        0.00000000    
   182.31354536671427        0.00000000    
   182.45676103471641        0.00000000    
   182.59997670271855        0.00000000    
   182.74319237072069        0.00000000    
   182.88640803872283        0.00000000    
   183.02962370672498        0.00000000    
   183.17283937472712        0.00000000    
   183.31605504272926        0.00000000    
   183.45927071073140        0.00000000    
   183.60248637873354        0.00000000    
   183.74570204673569        0.00000000    
   183.88891771473783        0.00000000    
   184.03213338273997        0.00000000    
   184.17534905074211        0.00000000    
   184.31856471874426        0.00000000    
   184.46178038674640        0.00000000    
   184.60499605474854        0.00000000    
   184.74821172275068        0.00000000    
   184.89142739075282        0.00000000    
   185.03464305875497        0.00000000    
   185.17785872675711        0.00000000    
   185.32107439475925        0.00000000    
   185.46429006276139        0.00000000    
   185.60750573076353        0.00000000    
   185.75072139876568        0.00000000    
   185.89393706676782        0.00000000    
   186.03715273476996        0.00000000    
   186.18036840277210        0.00000000    
   186.32358407077425        0.00000000    
   186.46679973877639        0.00000000    
   186.61001540677853        0.00000000    
   186.75323107478067        0.00000000    
   186.89644674278281        0.00000000    
   187.03966241078496        0.00000000    
   187.18287807878710        0.00000000    
   187.32609374678924        0.00000000    
   187.46930941479138        0.00000000    
   187.61252508279352        0.00000000    
   187.75574075079567        0.00000000    
   187.89895641879781        0.00000000    
   188.04217208679995        0.00000000    
   188.18538775480209        0.00000000    
   188.32860342280424        0.00000000    
   188.47181909080638        0.00000000    
   188.61503475880852        0.00000000    
   188.75825042681066        0.00000000    
   188.90146609481280        0.00000000    
   189.04468176281495        0.00000000    
   189.18789743081709        0.00000000    
   189.33111309881923        0.00000000    
   189.47432876682137        0.00000000    
   189.61754443482351        0.00000000    
   189.76076010282566        0.00000000    
   189.90397577082780        0.00000000    
   190.04719143882994        0.00000000    
   190.19040710683208        0.00000000    
   190.33362277483423        0.00000000    
   190.47683844283637        0.00000000    
   190.62005411083851        0.00000000    
   190.76326977884065        0.00000000    
   190.90648544684279        0.00000000    
   191.04970111484494        0.00000000    
   191.19291678284708        0.00000000    
   191.33613245084922        0.00000000    
   191.47934811885136        0.00000000    
   191.62256378685350        0.00000000    
   191.76577945485565        0.00000000    
   191.90899512285779        0.00000000    
   192.05221079085993        0.00000000    
   192.19542645886207        0.00000000    
   192.33864212686422        0.00000000    
   192.48185779486636        0.00000000    
   192.62507346286850        0.00000000    
   192.76828913087064        0.00000000    
   192.91150479887278        0.00000000    
   193.05472046687493        0.00000000    
   193.19793613487707        0.00000000    
   193.34115180287921        0.00000000    
   193.48436747088135        0.00000000    
   193.62758313888349        0.00000000    
   193.77079880688564        0.00000000    
   193.91401447488778        0.00000000    
   194.05723014288992        0.00000000    
   194.20044581089206        0.00000000    
   194.34366147889421        0.00000000    
   194.48687714689635        0.00000000    
   194.63009281489849        0.00000000    
   194.77330848290063        0.00000000    
   194.91652415090277        0.00000000    
   195.05973981890492        0.00000000    
   195.20295548690706        0.00000000    
   195.34617115490920        0.00000000    
   195.48938682291134        0.00000000    
   195.63260249091348        0.00000000    
   195.77581815891563        0.00000000    
   195.91903382691777        0.00000000    
   196.06224949491991        0.00000000    
   196.20546516292205        0.00000000    
   196.34868083092420        0.00000000    
   196.49189649892634        0.00000000    
   196.63511216692848        0.00000000    
   196.77832783493062        0.00000000    
   196.92154350293276        0.00000000    
   197.06475917093491        0.00000000    
   197.20797483893705        0.00000000    
   197.35119050693919        0.00000000    
   197.49440617494133        0.00000000    
   197.63762184294347        0.00000000    
   197.78083751094562        0.00000000    
   197.92405317894776        0.00000000    
   198.06726884694990        0.00000000    
   198.21048451495204        0.00000000    
   198.35370018295419        0.00000000    
   198.49691585095633        0.00000000    
   198.64013151895847        0.00000000    
   198.78334718696061        0.00000000    
   198.92656285496275        0.00000000    
   199.06977852296490        0.00000000    
   199.21299419096704        0.00000000    
   199.35620985896918        0.00000000    
   199.49942552697132        0.00000000    
   199.64264119497346        0.00000000    
   199.78585686297561        0.00000000    
   199.92907253097775        0.00000000    
   200.07228819897989        0.00000000    
   200.21550386698203        0.00000000    
   200.35871953498417        0.00000000    
   200.50193520298632        0.00000000    
   200.64515087098846        0.00000000    
   200.78836653899060        0.00000000    
   200.93158220699274        0.00000000    
   201.07479787499489        0.00000000    
   201.21801354299703        0.00000000    
   201.36122921099917        0.00000000    
   201.50444487900131        0.00000000    
   201.64766054700345        0.00000000    
   201.79087621500560        0.00000000    
   201.93409188300774        0.00000000    
   202.07730755100988        0.00000000    
   202.22052321901202        0.00000000    
   202.36373888701416        0.00000000    
   202.50695455501631        0.00000000    
   202.65017022301845        0.00000000    
   202.79338589102059        0.00000000    
   202.93660155902273        0.00000000    
   203.07981722702488        0.00000000    
   203.22303289502702        0.00000000    
   203.36624856302916        0.00000000    
   203.50946423103130        0.00000000    
   203.65267989903344        0.00000000    
   203.79589556703559        0.00000000    
   203.93911123503773        0.00000000    
   204.08232690303987        0.00000000    
   204.22554257104201        0.00000000    
   204.36875823904415        0.00000000    
   204.51197390704630        0.00000000    
   204.65518957504844        0.00000000    
   204.79840524305058        0.00000000    
   204.94162091105272        0.00000000    
   205.08483657905487        0.00000000    
   205.22805224705701        0.00000000    
   205.37126791505915        0.00000000    
   205.51448358306129        0.00000000    
   205.65769925106343        0.00000000    
   205.80091491906558        0.00000000    
   205.94413058706772        0.00000000    
   206.08734625506986        0.00000000    
   206.23056192307200        0.00000000    
   206.37377759107414        0.00000000    
   206.51699325907629        0.00000000    
   206.66020892707843        0.00000000    
   206.80342459508057        0.00000000    
   206.94664026308271        0.00000000    
   207.08985593108486        0.00000000    
   207.23307159908700        0.00000000    
   207.37628726708914        0.00000000    
   207.51950293509128        0.00000000    
   207.66271860309342        0.00000000    
   207.80593427109557        0.00000000    
   207.94914993909771        0.00000000    
   208.09236560709985        0.00000000    
   208.23558127510199        0.00000000    
   208.37879694310413        0.00000000    
   208.52201261110628        0.00000000    
   208.66522827910842        0.00000000    
   208.80844394711056        0.00000000    
   208.95165961511270        0.00000000    
   209.09487528311485        0.00000000    
   209.23809095111699        0.00000000    
   209.38130661911913        0.00000000    
   209.52452228712127        0.00000000    
   209.66773795512341        0.00000000    
   209.81095362312556        0.00000000    
   209.95416929112770        0.00000000    
   210.09738495912984        0.00000000    
   210.24060062713198        0.00000000    
   210.38381629513412        0.00000000    
   210.52703196313627        0.00000000    
   210.67024763113841        0.00000000    
   210.81346329914055        0.00000000    
   210.95667896714269        0.00000000    
   211.09989463514484        0.00000000    
   211.24311030314698        0.00000000    
   211.38632597114912        0.00000000    
   211.52954163915126        0.00000000    
   211.67275730715340        0.00000000    
   211.81597297515555        0.00000000    
   211.95918864315769        0.00000000    
   212.10240431115983        0.00000000    
   212.24561997916197        0.00000000    
   212.38883564716411        0.00000000    
   212.53205131516626        0.00000000    
   212.67526698316840        0.00000000    
   212.81848265117054        0.00000000    
   212.96169831917268        0.00000000    
   213.10491398717483        0.00000000    
   213.24812965517697        0.00000000    
   213.39134532317911        0.00000000    
   213.53456099118125        0.00000000    
   213.67777665918339        0.00000000    
   213.82099232718554        0.00000000    
   213.96420799518768        0.00000000    
   214.10742366318982        0.00000000    
   214.25063933119196        0.00000000    
   214.39385499919410        0.00000000    
   214.53707066719625        0.00000000    
   214.68028633519839        0.00000000    
   214.82350200320053        0.00000000    
   214.96671767120267        0.00000000    
   215.10993333920482        0.00000000    
   215.25314900720696        0.00000000    
   215.39636467520910        0.00000000    
   215.53958034321124        0.00000000    
   215.68279601121338        0.00000000    
   215.82601167921553        0.00000000    
   215.96922734721767        0.00000000    
   216.11244301521981        0.00000000    
   216.25565868322195        0.00000000    
   216.39887435122409        0.00000000    
   216.54209001922624        0.00000000    
   216.68530568722838        0.00000000    
   216.82852135523052        0.00000000    
   216.97173702323266        0.00000000    
   217.11495269123481        0.00000000    
   217.25816835923695        0.00000000    
   217.40138402723909        0.00000000    
   217.54459969524123        0.00000000    
   217.68781536324337        0.00000000    
   217.83103103124552        0.00000000    
   217.97424669924766        0.00000000    
   218.11746236724980        0.00000000    
   218.26067803525194        0.00000000    
   218.40389370325408        0.00000000    
   218.54710937125623        0.00000000    
   218.69032503925837        0.00000000    
   218.83354070726051        0.00000000    
   218.97675637526265        0.00000000    
   219.11997204326480        0.00000000    
   219.26318771126694        0.00000000    
   219.40640337926908        0.00000000    
   219.54961904727122        0.00000000    
   219.69283471527336        0.00000000    
   219.83605038327551        0.00000000    
   219.97926605127765        0.00000000    
   220.12248171927979        0.00000000    
   220.26569738728193        0.00000000    
   220.40891305528407        0.00000000    
   220.55212872328622        0.00000000    
   220.69534439128836        0.00000000    
   220.83856005929050        0.00000000    
   220.98177572729264        0.00000000    
   221.12499139529478        0.00000000    
   221.26820706329693        0.00000000    
   221.41142273129907        0.00000000    
   221.55463839930121        0.00000000    
   221.69785406730335        0.00000000    
   221.84106973530550        0.00000000    
   221.98428540330764        0.00000000    
   222.12750107130978        0.00000000    
   222.27071673931192        0.00000000    
   222.41393240731406        0.00000000    
   222.55714807531621        0.00000000    
   222.70036374331835        0.00000000    
   222.84357941132049        0.00000000    
   222.98679507932263        0.00000000    
   223.13001074732477        0.00000000    
   223.27322641532692        0.00000000    
   223.41644208332906        0.00000000    
   223.55965775133120        0.00000000    
   223.70287341933334        0.00000000    
   223.84608908733549        0.00000000    
   223.98930475533763        0.00000000    
   224.13252042333977        0.00000000    
   224.27573609134191        0.00000000    
   224.41895175934405        0.00000000    
   224.56216742734620        0.00000000    
   224.70538309534834        0.00000000    
   224.84859876335048        0.00000000    
   224.99181443135262        0.00000000    
   225.13503009935476        0.00000000    
   225.27824576735691        0.00000000    
   225.42146143535905        0.00000000    
   225.56467710336119        0.00000000    
   225.70789277136333        0.00000000    
   225.85110843936548        0.00000000    
   225.99432410736762        0.00000000    
   226.13753977536976        0.00000000    
   226.28075544337190        0.00000000    
   226.42397111137404        0.00000000    
   226.56718677937619        0.00000000    
   226.71040244737833        0.00000000    
   226.85361811538047        0.00000000    
   226.99683378338261        0.00000000    
   227.14004945138475        0.00000000    
   227.28326511938690        0.00000000    
   227.42648078738904        0.00000000    
   227.56969645539118        0.00000000    
   227.71291212339332        0.00000000    
   227.85612779139547        0.00000000    
   227.99934345939761        0.00000000    
   228.14255912739975        0.00000000    
   228.28577479540189        0.00000000    
   228.42899046340403        0.00000000    
   228.57220613140618        0.00000000    
   228.71542179940832        0.00000000    
   228.85863746741046        0.00000000    
   229.00185313541260        0.00000000    
   229.14506880341474        0.00000000    
   229.28828447141689        0.00000000    
   229.43150013941903        0.00000000    
   229.57471580742117        0.00000000    
   229.71793147542331        0.00000000    
   229.86114714342546        0.00000000    
   230.00436281142760        0.00000000    
   230.14757847942974        0.00000000    
   230.29079414743188        0.00000000    
   230.43400981543402        0.00000000    
   230.57722548343617        0.00000000    
   230.72044115143831        0.00000000    
   230.86365681944045        0.00000000    
   231.00687248744259        0.00000000    
   231.15008815544473        0.00000000    
   231.29330382344688        0.00000000    
   231.43651949144902        0.00000000    
   231.57973515945116        0.00000000    
   231.72295082745330        0.00000000    
   231.86616649545545        0.00000000    
   232.00938216345759        0.00000000    
   232.15259783145973        0.00000000    
   232.29581349946187        0.00000000    
   232.43902916746401        0.00000000    
   232.58224483546616        0.00000000    
   232.72546050346830        0.00000000    
   232.86867617147044        0.00000000    
   233.01189183947258        0.00000000    
   233.15510750747472        0.00000000    
   233.29832317547687        0.00000000    
   233.44153884347901        0.00000000    
   233.58475451148115        0.00000000    
   233.72797017948329        0.00000000    
   233.87118584748544        0.00000000    
   234.01440151548758        0.00000000    
   234.15761718348972        0.00000000    
   234.30083285149186        0.00000000    
   234.44404851949400        0.00000000    
   234.58726418749615        0.00000000    
   234.73047985549829        0.00000000    
   234.87369552350043        0.00000000    
   235.01691119150257        0.00000000    
   235.16012685950471        0.00000000    
   235.30334252750686        0.00000000    
   235.44655819550900        0.00000000    
   235.58977386351114        0.00000000    
   235.73298953151328        0.00000000    
   235.87620519951543        0.00000000    
   236.01942086751757        0.00000000    
   236.16263653551971        0.00000000    
   236.30585220352185        0.00000000    
   236.44906787152399        0.00000000    
   236.59228353952614        0.00000000    
   236.73549920752828        0.00000000    
   236.87871487553042        0.00000000    
   237.02193054353256        0.00000000    
   237.16514621153470        0.00000000    
   237.30836187953685        0.00000000    
   237.45157754753899        0.00000000    
   237.59479321554113        0.00000000    
   237.73800888354327        0.00000000    
   237.88122455154542        0.00000000    
   238.02444021954756        0.00000000    
   238.16765588754970        0.00000000    
   238.31087155555184        0.00000000    
   238.45408722355398        0.00000000    
   238.59730289155613        0.00000000    
   238.74051855955827        0.00000000    
   238.88373422756041        0.00000000    
   239.02694989556255        0.00000000    
   239.17016556356469        0.00000000    
   239.31338123156684        0.00000000    
   239.45659689956898        0.00000000    
   239.59981256757112        0.00000000    
   239.74302823557326        0.00000000    
   239.88624390357541        0.00000000    
   240.02945957157755        0.00000000    
   240.17267523957969        0.00000000    
   240.31589090758183        0.00000000    
   240.45910657558397        0.00000000    
   240.60232224358612        0.00000000    
   240.74553791158826        0.00000000    
   240.88875357959040        0.00000000    
   241.03196924759254        0.00000000    
   241.17518491559468        0.00000000    
   241.31840058359683        0.00000000    
   241.46161625159897        0.00000000    
   241.60483191960111        0.00000000    
   241.74804758760325        0.00000000    
   241.89126325560539        0.00000000    
   242.03447892360754        0.00000000    
   242.17769459160968        0.00000000    
   242.32091025961182        0.00000000    
   242.46412592761396        0.00000000    
   242.60734159561611        0.00000000    
   242.75055726361825        0.00000000    
   242.89377293162039        0.00000000    
   243.03698859962253        0.00000000    
   243.18020426762467        0.00000000    
   243.32341993562682        0.00000000    
   243.46663560362896        0.00000000    
   243.60985127163110        0.00000000    
   243.75306693963324        0.00000000    
   243.89628260763538        0.00000000    
   244.03949827563753        0.00000000    
   244.18271394363967        0.00000000    
   244.32592961164181        0.00000000    
   244.46914527964395        0.00000000    
   244.61236094764610        0.00000000    
   244.75557661564824        0.00000000    
   244.89879228365038        0.00000000    
   245.04200795165252        0.00000000    
   245.18522361965466        0.00000000    
   245.32843928765681        0.00000000    
   245.47165495565895        0.00000000    
   245.61487062366109        0.00000000    
   245.75808629166323        0.00000000    
   245.90130195966537        0.00000000    
   246.04451762766752        0.00000000    
   246.18773329566966        0.00000000    
   246.33094896367180        0.00000000    
   246.47416463167394        0.00000000    
   246.61738029967609        0.00000000    
   246.76059596767823        0.00000000    
   246.90381163568037        0.00000000    
   247.04702730368251        0.00000000    
   247.19024297168465        0.00000000    
   247.33345863968680        0.00000000    
   247.47667430768894        0.00000000    
   247.61988997569108        0.00000000    
   247.76310564369322        0.00000000    
   247.90632131169536        0.00000000    
   248.04953697969751        0.00000000    
   248.19275264769965        0.00000000    
   248.33596831570179        0.00000000    
   248.47918398370393        0.00000000    
   248.62239965170608        0.00000000    
   248.76561531970822        0.00000000    
   248.90883098771036        0.00000000    
   249.05204665571250        0.00000000    
   249.19526232371464        0.00000000    
   249.33847799171679        0.00000000    
   249.48169365971893        0.00000000    
   249.62490932772107        0.00000000    
   249.76812499572321        0.00000000    
   249.91134066372535        0.00000000    
   250.05455633172750        0.00000000    
   250.19777199972964        0.00000000    
   250.34098766773178        0.00000000    
   250.48420333573392        0.00000000    
   250.62741900373607        0.00000000    
   250.77063467173821        0.00000000    
   250.91385033974035        0.00000000    
   251.05706600774249        0.00000000    
   251.20028167574463        0.00000000    
   251.34349734374678        0.00000000    
   251.48671301174892        0.00000000    
   251.62992867975106        0.00000000    
   251.77314434775320        0.00000000    
   251.91636001575534        0.00000000    
   252.05957568375749        0.00000000    
   252.20279135175963        0.00000000    
   252.34600701976177        0.00000000    
   252.48922268776391        0.00000000    
   252.63243835576606        0.00000000    
   252.77565402376820        0.00000000    
   252.91886969177034        0.00000000    
   253.06208535977248        0.00000000    
   253.20530102777462        0.00000000    
   253.34851669577677        0.00000000    
   253.49173236377891        0.00000000    
   253.63494803178105        0.00000000    
   253.77816369978319        0.00000000    
   253.92137936778533        0.00000000    
   254.06459503578748        0.00000000    
   254.20781070378962        0.00000000    
   254.35102637179176        0.00000000    
   254.49424203979390        0.00000000    
   254.63745770779605        0.00000000    
   254.78067337579819        0.00000000    
   254.92388904380033        0.00000000    
   255.06710471180247        0.00000000    
   255.21032037980461        0.00000000    
   255.35353604780676        0.00000000    
   255.49675171580890        0.00000000    
   255.63996738381104        0.00000000    
   255.78318305181318        0.00000000    
   255.92639871981532        0.00000000    
   256.06961438781747        0.00000000    
   256.21283005581961        0.00000000    
   256.35604572382175        0.00000000    
   256.49926139182389        0.00000000    
   256.64247705982604        0.00000000    
   256.78569272782818        0.00000000    
   256.92890839583032        0.00000000    
   257.07212406383246        0.00000000    
   257.21533973183460        0.00000000    
   257.35855539983675        0.00000000    
   257.50177106783889        0.00000000    
   257.64498673584103        0.00000000    
   257.78820240384317        0.00000000    
   257.93141807184531        0.00000000    
   258.07463373984746        0.00000000    
   258.21784940784960        0.00000000    
   258.36106507585174        0.00000000    
   258.50428074385388        0.00000000    
   258.64749641185603        0.00000000    
   258.79071207985817        0.00000000    
   258.93392774786031        0.00000000    
   259.07714341586245        0.00000000    
   259.22035908386459        0.00000000    
   259.36357475186674        0.00000000    
   259.50679041986888        0.00000000    
   259.65000608787102        0.00000000    
   259.79322175587316        0.00000000    
   259.93643742387530        0.00000000    
   260.07965309187745        0.00000000    
   260.22286875987959        0.00000000    
   260.36608442788173        0.00000000    
   260.50930009588387        0.00000000    
   260.65251576388602        0.00000000    
   260.79573143188816        0.00000000    
   260.93894709989030        0.00000000    
   261.08216276789244        0.00000000    
   261.22537843589458        0.00000000    
   261.36859410389673        0.00000000    
   261.51180977189887        0.00000000    
   261.65502543990101        0.00000000    
   261.79824110790315        0.00000000    
   261.94145677590529        0.00000000    
   262.08467244390744        0.00000000    
   262.22788811190958        0.00000000    
   262.37110377991172        0.00000000    
   262.51431944791386        0.00000000    
   262.65753511591600        0.00000000    
   262.80075078391815        0.00000000    
   262.94396645192029        0.00000000    
   263.08718211992243        0.00000000    
   263.23039778792457        0.00000000    
   263.37361345592672        0.00000000    
   263.51682912392886        0.00000000    
   263.66004479193100        0.00000000    
   263.80326045993314        0.00000000    
   263.94647612793528        0.00000000    
   264.08969179593743        0.00000000    
   264.23290746393957        0.00000000    
   264.37612313194171        0.00000000    
   264.51933879994385        0.00000000    
   264.66255446794599        0.00000000    
   264.80577013594814        0.00000000    
   264.94898580395028        0.00000000    
   265.09220147195242        0.00000000    
   265.23541713995456        0.00000000    
   265.37863280795671        0.00000000    
   265.52184847595885        0.00000000    
   265.66506414396099        0.00000000    
   265.80827981196313        0.00000000    
   265.95149547996527        0.00000000    
   266.09471114796742        0.00000000    
   266.23792681596956        0.00000000    
   266.38114248397170        0.00000000    
   266.52435815197384        0.00000000    
   266.66757381997598        0.00000000    
   266.81078948797813        0.00000000    
   266.95400515598027        0.00000000    
   267.09722082398241        0.00000000    
   267.24043649198455        0.00000000    
   267.38365215998670        0.00000000    
   267.52686782798884        0.00000000    
   267.67008349599098        0.00000000    
   267.81329916399312        0.00000000    
   267.95651483199526        0.00000000    
   268.09973049999741        0.00000000    
   268.24294616799955        0.00000000    
   268.38616183600169        0.00000000    
   268.52937750400383        0.00000000    
   268.67259317200597        0.00000000    
   268.81580884000812        0.00000000    
   268.95902450801026        0.00000000    
   269.10224017601240        0.00000000    
   269.24545584401454        0.00000000    
   269.38867151201669        0.00000000    
   269.53188718001883        0.00000000    
   269.67510284802097        0.00000000    
   269.81831851602311        0.00000000    
   269.96153418402525        0.00000000    
   270.10474985202740        0.00000000    
   270.24796552002954        0.00000000    
   270.39118118803168        0.00000000    
   270.53439685603382        0.00000000    
   270.67761252403596        0.00000000    
   270.82082819203811        0.00000000    
   270.96404386004025        0.00000000    
   271.10725952804239        0.00000000    
   271.25047519604453        0.00000000    
   271.39369086404668        0.00000000    
   271.53690653204882        0.00000000    
   271.68012220005096        0.00000000    
   271.82333786805310        0.00000000    
   271.96655353605524        0.00000000    
   272.10976920405739        0.00000000    
   272.25298487205953        0.00000000    
   272.39620054006167        0.00000000    
   272.53941620806381        0.00000000    
   272.68263187606595        0.00000000    
   272.82584754406810        0.00000000    
   272.96906321207024        0.00000000    
   273.11227888007238        0.00000000    
   273.25549454807452        0.00000000    
   273.39871021607667        0.00000000    
   273.54192588407881        0.00000000    
   273.68514155208095        0.00000000    
   273.82835722008309        0.00000000    
   273.97157288808523        0.00000000    
   274.11478855608738        0.00000000    
   274.25800422408952        0.00000000    
   274.40121989209166        0.00000000    
   274.54443556009380        0.00000000    
   274.68765122809594        0.00000000    
   274.83086689609809        0.00000000    
   274.97408256410023        0.00000000    
   275.11729823210237        0.00000000    
   275.26051390010451        0.00000000    
   275.40372956810666        0.00000000    
   275.54694523610880        0.00000000    
   275.69016090411094        0.00000000    
   275.83337657211308        0.00000000    
   275.97659224011522        0.00000000    
   276.11980790811737        0.00000000    
   276.26302357611951        0.00000000    
   276.40623924412165        0.00000000    
   276.54945491212379        0.00000000    
   276.69267058012593        0.00000000    
   276.83588624812808        0.00000000    
   276.97910191613022        0.00000000    
   277.12231758413236        0.00000000    
   277.26553325213450        0.00000000    
   277.40874892013665        0.00000000    
   277.55196458813879        0.00000000    
   277.69518025614093        0.00000000    
   277.83839592414307        0.00000000    
   277.98161159214521        0.00000000    
   278.12482726014736        0.00000000    
   278.26804292814950        0.00000000    
   278.41125859615164        0.00000000    
   278.55447426415378        0.00000000    
   278.69768993215592        0.00000000    
   278.84090560015807        0.00000000    
   278.98412126816021        0.00000000    
   279.12733693616235        0.00000000    
   279.27055260416449        0.00000000    
   279.41376827216664        0.00000000    
   279.55698394016878        0.00000000    
   279.70019960817092        0.00000000    
   279.84341527617306        0.00000000    
   279.98663094417520        0.00000000    
   280.12984661217735        0.00000000    
   280.27306228017949        0.00000000    
   280.41627794818163        0.00000000    
   280.55949361618377        0.00000000    
   280.70270928418591        0.00000000    
   280.84592495218806        0.00000000    
   280.98914062019020        0.00000000    
   281.13235628819234        0.00000000    
   281.27557195619448        0.00000000    
   281.41878762419663        0.00000000    
   281.56200329219877        0.00000000    
   281.70521896020091        0.00000000    
   281.84843462820305        0.00000000    
   281.99165029620519        0.00000000    
   282.13486596420734        0.00000000    
   282.27808163220948        0.00000000    
   282.42129730021162        0.00000000    
   282.56451296821376        0.00000000    
   282.70772863621590        0.00000000    
   282.85094430421805        0.00000000    
   282.99415997222019        0.00000000    
   283.13737564022233        0.00000000    
   283.28059130822447        0.00000000    
   283.42380697622662        0.00000000    
   283.56702264422876        0.00000000    
   283.71023831223090        0.00000000    
   283.85345398023304        0.00000000    
   283.99666964823518        0.00000000    
   284.13988531623733        0.00000000    
   284.28310098423947        0.00000000    
   284.42631665224161        0.00000000    
   284.56953232024375        0.00000000    
   284.71274798824589        0.00000000    
   284.85596365624804        0.00000000    
   284.99917932425018        0.00000000    
   285.14239499225232        0.00000000    
   285.28561066025446        0.00000000    
   285.42882632825660        0.00000000    
   285.57204199625875        0.00000000    
   285.71525766426089        0.00000000    
   285.85847333226303        0.00000000    
   286.00168900026517        0.00000000    
   286.14490466826732        0.00000000    
   286.28812033626946        0.00000000    
   286.43133600427160        0.00000000    
   286.57455167227374        0.00000000    
   286.71776734027588        0.00000000    
   286.86098300827803        0.00000000    
   287.00419867628017        0.00000000    
   287.14741434428231        0.00000000    
   287.29063001228445        0.00000000    
   287.43384568028659        0.00000000    
   287.57706134828874        0.00000000    
   287.72027701629088        0.00000000    
   287.86349268429302        0.00000000    
   288.00670835229516        0.00000000    
   288.14992402029731        0.00000000    
   288.29313968829945        0.00000000    
   288.43635535630159        0.00000000    
   288.57957102430373        0.00000000    
   288.72278669230587        0.00000000    
   288.86600236030802        0.00000000    
   289.00921802831016        0.00000000    
   289.15243369631230        0.00000000    
   289.29564936431444        0.00000000    
   289.43886503231658        0.00000000    
   289.58208070031873        0.00000000    
   289.72529636832087        0.00000000    
   289.86851203632301        0.00000000    
   290.01172770432515        0.00000000    
   290.15494337232730        0.00000000    
   290.29815904032944        0.00000000    
   290.44137470833158        0.00000000    
   290.58459037633372        0.00000000    
   290.72780604433586        0.00000000    
   290.87102171233801        0.00000000    
   291.01423738034015        0.00000000    
   291.15745304834229        0.00000000    
   291.30066871634443        0.00000000    
   291.44388438434657        0.00000000    
   291.58710005234872        0.00000000    
   291.73031572035086        0.00000000    
   291.87353138835300        0.00000000    
   292.01674705635514        0.00000000    
   292.15996272435729        0.00000000    
   292.30317839235943        0.00000000    
   292.44639406036157        0.00000000    
   292.58960972836371        0.00000000    
   292.73282539636585        0.00000000    
   292.87604106436800        0.00000000    
   293.01925673237014        0.00000000    
   293.16247240037228        0.00000000    
   293.30568806837442        0.00000000    
   293.44890373637656        0.00000000    
   293.59211940437871        0.00000000    
   293.73533507238085        0.00000000    
   293.87855074038299        0.00000000    
   294.02176640838513        0.00000000    
   294.16498207638728        0.00000000    
   294.30819774438942        0.00000000    
   294.45141341239156        0.00000000    
   294.59462908039370        0.00000000    
   294.73784474839584        0.00000000    
   294.88106041639799        0.00000000    
   295.02427608440013        0.00000000    
   295.16749175240227        0.00000000    
   295.31070742040441        0.00000000    
   295.45392308840655        0.00000000    
   295.59713875640870        0.00000000    
   295.74035442441084        0.00000000    
   295.88357009241298        0.00000000    
   296.02678576041512        0.00000000    
   296.17000142841727        0.00000000    
   296.31321709641941        0.00000000    
   296.45643276442155        0.00000000    
   296.59964843242369        0.00000000    
   296.74286410042583        0.00000000    
   296.88607976842798        0.00000000    
   297.02929543643012        0.00000000    
   297.17251110443226        0.00000000    
   297.31572677243440        0.00000000    
   297.45894244043654        0.00000000    
   297.60215810843869        0.00000000    
   297.74537377644083        0.00000000    
   297.88858944444297        0.00000000    
   298.03180511244511        0.00000000    
   298.17502078044726        0.00000000    
   298.31823644844940        0.00000000    
   298.46145211645154        0.00000000    
   298.60466778445368        0.00000000    
   298.74788345245582        0.00000000    
   298.89109912045797        0.00000000    
   299.03431478846011        0.00000000    
   299.17753045646225        0.00000000    
   299.32074612446439        0.00000000    
   299.46396179246653        0.00000000    
   299.60717746046868        0.00000000    
   299.75039312847082        0.00000000    
   299.89360879647296        0.00000000    
   300.03682446447510        0.00000000    
   300.18004013247725        0.00000000    
   300.32325580047939        0.00000000    
   300.46647146848153        0.00000000    
   300.60968713648367        0.00000000    
   300.75290280448581        0.00000000    
   300.89611847248796        0.00000000    
   301.03933414049010        0.00000000    
   301.18254980849224        0.00000000    
   301.32576547649438        0.00000000    
   301.46898114449652        0.00000000    
   301.61219681249867        0.00000000    
   301.75541248050081        0.00000000    
   301.89862814850295        0.00000000    
   302.04184381650509        0.00000000    
   302.18505948450724        0.00000000    
   302.32827515250938        0.00000000    
   302.47149082051152        0.00000000    
   302.61470648851366        0.00000000    
   302.75792215651580        0.00000000    
   302.90113782451795        0.00000000    
   303.04435349252009        0.00000000    
   303.18756916052223        0.00000000    
   303.33078482852437        0.00000000    
   303.47400049652651        0.00000000    
   303.61721616452866        0.00000000    
   303.76043183253080        0.00000000    
   303.90364750053294        0.00000000    
   304.04686316853508        0.00000000    
   304.19007883653723        0.00000000    
   304.33329450453937        0.00000000    
   304.47651017254151        0.00000000    
   304.61972584054365        0.00000000    
   304.76294150854579        0.00000000    
   304.90615717654794        0.00000000    
   305.04937284455008        0.00000000    
   305.19258851255222        0.00000000    
   305.33580418055436        0.00000000    
   305.47901984855650        0.00000000    
   305.62223551655865        0.00000000    
   305.76545118456079        0.00000000    
   305.90866685256293        0.00000000    
   306.05188252056507        0.00000000    
   306.19509818856721        0.00000000    
   306.33831385656936        0.00000000    
   306.48152952457150        0.00000000    
   306.62474519257364        0.00000000    
   306.76796086057578        0.00000000    
   306.91117652857793        0.00000000    
   307.05439219658007        0.00000000    
   307.19760786458221        0.00000000    
   307.34082353258435        0.00000000    
   307.48403920058649        0.00000000    
   307.62725486858864        0.00000000    
   307.77047053659078        0.00000000    
   307.91368620459292        0.00000000    
   308.05690187259506        0.00000000    
   308.20011754059720        0.00000000    
   308.34333320859935        0.00000000    
   308.48654887660149        0.00000000    
   308.62976454460363        0.00000000    
   308.77298021260577        0.00000000    
   308.91619588060792        0.00000000    
   309.05941154861006        0.00000000    
   309.20262721661220        0.00000000    
   309.34584288461434        0.00000000    
   309.48905855261648        0.00000000    
   309.63227422061863        0.00000000    
   309.77548988862077        0.00000000    
   309.91870555662291        0.00000000    
   310.06192122462505        0.00000000    
   310.20513689262719        0.00000000    
   310.34835256062934        0.00000000    
   310.49156822863148        0.00000000    
   310.63478389663362        0.00000000    
   310.77799956463576        0.00000000    
   310.92121523263791        0.00000000    
   311.06443090064005        0.00000000    
   311.20764656864219        0.00000000    
   311.35086223664433        0.00000000    
   311.49407790464647        0.00000000    
   311.63729357264862        0.00000000    
   311.78050924065076        0.00000000    
   311.92372490865290        0.00000000    
   312.06694057665504        0.00000000    
   312.21015624465718        0.00000000    
   312.35337191265933        0.00000000    
   312.49658758066147        0.00000000    
   312.63980324866361        0.00000000    
   312.78301891666575        0.00000000    
   312.92623458466790        0.00000000    
   313.06945025267004        0.00000000    
   313.21266592067218        0.00000000    
   313.35588158867432        0.00000000    
   313.49909725667646        0.00000000    
   313.64231292467861        0.00000000    
   313.78552859268075        0.00000000    
   313.92874426068289        0.00000000    
   314.07195992868503        0.00000000    
   314.21517559668717        0.00000000    
   314.35839126468932        0.00000000    
   314.50160693269146        0.00000000    
   314.64482260069360        0.00000000    
   314.78803826869574        0.00000000    
   314.93125393669789        0.00000000    
   315.07446960470003        0.00000000    
   315.21768527270217        0.00000000    
   315.36090094070431        0.00000000    
   315.50411660870645        0.00000000    
   315.64733227670860        0.00000000    
   315.79054794471074        0.00000000    
   315.93376361271288        0.00000000    
   316.07697928071502        0.00000000    
   316.22019494871716        0.00000000    
   316.36341061671931        0.00000000    
   316.50662628472145        0.00000000    
   316.64984195272359        0.00000000    
   316.79305762072573        0.00000000    
   316.93627328872788        0.00000000    
   317.07948895673002        0.00000000    
   317.22270462473216        0.00000000    
   317.36592029273430        0.00000000    
   317.50913596073644        0.00000000    
   317.65235162873859        0.00000000    
   317.79556729674073        0.00000000    
   317.93878296474287        0.00000000    
   318.08199863274501        0.00000000    
   318.22521430074715        0.00000000    
   318.36842996874930        0.00000000    
   318.51164563675144        0.00000000    
   318.65486130475358        0.00000000    
   318.79807697275572        0.00000000    
   318.94129264075787        0.00000000    
   319.08450830876001        0.00000000    
   319.22772397676215        0.00000000    
   319.37093964476429        0.00000000    
   319.51415531276643        0.00000000    
   319.65737098076858        0.00000000    
   319.80058664877072        0.00000000    
   319.94380231677286        0.00000000    
   320.08701798477500        0.00000000    
   320.23023365277714        0.00000000    
   320.37344932077929        0.00000000    
   320.51666498878143        0.00000000    
   320.65988065678357        0.00000000    
   320.80309632478571        0.00000000    
   320.94631199278786        0.00000000    
   321.08952766079000        0.00000000    
   321.23274332879214        0.00000000    
   321.37595899679428        0.00000000    
   321.51917466479642        0.00000000    
   321.66239033279857        0.00000000    
   321.80560600080071        0.00000000    
   321.94882166880285        0.00000000    
   322.09203733680499        0.00000000    
   322.23525300480713        0.00000000    
   322.37846867280928        0.00000000    
   322.52168434081142        0.00000000    
   322.66490000881356        0.00000000    
   322.80811567681570        0.00000000    
   322.95133134481785        0.00000000    
   323.09454701281999        0.00000000    
   323.23776268082213        0.00000000    
   323.38097834882427        0.00000000    
   323.52419401682641        0.00000000    
   323.66740968482856        0.00000000    
   323.81062535283070        0.00000000    
   323.95384102083284        0.00000000    
   324.09705668883498        0.00000000    
   324.24027235683712        0.00000000    
   324.38348802483927        0.00000000    
   324.52670369284141        0.00000000    
   324.66991936084355        0.00000000    
   324.81313502884569        0.00000000    
   324.95635069684784        0.00000000    
   325.09956636484998        0.00000000    
   325.24278203285212        0.00000000    
   325.38599770085426        0.00000000    
   325.52921336885640        0.00000000    
   325.67242903685855        0.00000000    
   325.81564470486069        0.00000000    
   325.95886037286283        0.00000000    
   326.10207604086497        0.00000000    
   326.24529170886711        0.00000000    
   326.38850737686926        0.00000000    
   326.53172304487140        0.00000000    
   326.67493871287354        0.00000000    
   326.81815438087568        0.00000000    
   326.96137004887782        0.00000000    
   327.10458571687997        0.00000000    
   327.24780138488211        0.00000000    
   327.39101705288425        0.00000000    
   327.53423272088639        0.00000000    
   327.67744838888854        0.00000000    
   327.82066405689068        0.00000000    
   327.96387972489282        0.00000000    
   328.10709539289496        0.00000000    
   328.25031106089710        0.00000000    
   328.39352672889925        0.00000000    
   328.53674239690139        0.00000000    
   328.67995806490353        0.00000000    
   328.82317373290567        0.00000000    
   328.96638940090781        0.00000000    
   329.10960506890996        0.00000000    
   329.25282073691210        0.00000000    
   329.39603640491424        0.00000000    
   329.53925207291638        0.00000000    
   329.68246774091853        0.00000000    
   329.82568340892067        0.00000000    
   329.96889907692281        0.00000000    
   330.11211474492495        0.00000000    
   330.25533041292709        0.00000000    
   330.39854608092924        0.00000000    
   330.54176174893138        0.00000000    
   330.68497741693352        0.00000000    
   330.82819308493566        0.00000000    
   330.97140875293780        0.00000000    
   331.11462442093995        0.00000000    
   331.25784008894209        0.00000000    
   331.40105575694423        0.00000000    
   331.54427142494637        0.00000000    
   331.68748709294852        0.00000000    
   331.83070276095066        0.00000000    
   331.97391842895280        0.00000000    
   332.11713409695494        0.00000000    
   332.26034976495708        0.00000000    
   332.40356543295923        0.00000000    
   332.54678110096137        0.00000000    
   332.68999676896351        0.00000000    
   332.83321243696565        0.00000000    
   332.97642810496779        0.00000000    
   333.11964377296994        0.00000000    
   333.26285944097208        0.00000000    
   333.40607510897422        0.00000000    
   333.54929077697636        0.00000000    
   333.69250644497851        0.00000000    
   333.83572211298065        0.00000000    
   333.97893778098279        0.00000000    
   334.12215344898493        0.00000000    
   334.26536911698707        0.00000000    
   334.40858478498922        0.00000000    
   334.55180045299136        0.00000000    
   334.69501612099350        0.00000000    
   334.83823178899564        0.00000000    
   334.98144745699778        0.00000000    
   335.12466312499993        0.00000000    
   335.26787879300207        0.00000000    
   335.41109446100421        0.00000000    
   335.55431012900635        0.00000000    
   335.69752579700850        0.00000000    
   335.84074146501064        0.00000000    
   335.98395713301278        0.00000000    
   336.12717280101492        0.00000000    
   336.27038846901706        0.00000000    
   336.41360413701921        0.00000000    
   336.55681980502135        0.00000000    
   336.70003547302349        0.00000000    
   336.84325114102563        0.00000000    
   336.98646680902777        0.00000000    
   337.12968247702992        0.00000000    
   337.27289814503206        0.00000000    
   337.41611381303420        0.00000000    
   337.55932948103634        0.00000000    
   337.70254514903849        0.00000000    
   337.84576081704063        0.00000000    
   337.98897648504277        0.00000000    
   338.13219215304491        0.00000000    
   338.27540782104705        0.00000000    
   338.41862348904920        0.00000000    
   338.56183915705134        0.00000000    
   338.70505482505348        0.00000000    
   338.84827049305562        0.00000000    
   338.99148616105776        0.00000000    
   339.13470182905991        0.00000000    
   339.27791749706205        0.00000000    
   339.42113316506419        0.00000000    
   339.56434883306633        0.00000000    
   339.70756450106848        0.00000000    
   339.85078016907062        0.00000000    
   339.99399583707276        0.00000000    
   340.13721150507490        0.00000000    
   340.28042717307704        0.00000000    
   340.42364284107919        0.00000000    
   340.56685850908133        0.00000000    
   340.71007417708347        0.00000000    
   340.85328984508561        0.00000000    
   340.99650551308775        0.00000000    
   341.13972118108990        0.00000000    
   341.28293684909204        0.00000000    
   341.42615251709418        0.00000000    
   341.56936818509632        0.00000000    
   341.71258385309847        0.00000000    
   341.85579952110061        0.00000000    
   341.99901518910275        0.00000000    
   342.14223085710489        0.00000000    
   342.28544652510703        0.00000000    
   342.42866219310918        0.00000000    
   342.57187786111132        0.00000000    
   342.71509352911346        0.00000000    
   342.85830919711560        0.00000000    
   343.00152486511774        0.00000000    
   343.14474053311989        0.00000000    
   343.28795620112203        0.00000000    
   343.43117186912417        0.00000000    
   343.57438753712631        0.00000000    
   343.71760320512846        0.00000000    
   343.86081887313060        0.00000000    
   344.00403454113274        0.00000000    
   344.14725020913488        0.00000000    
   344.29046587713702        0.00000000    
   344.43368154513917        0.00000000    
   344.57689721314131        0.00000000    
   344.72011288114345        0.00000000    
   344.86332854914559        0.00000000    
   345.00654421714773        0.00000000    
   345.14975988514988        0.00000000    
   345.29297555315202        0.00000000    
   345.43619122115416        0.00000000    
   345.57940688915630        0.00000000    
   345.72262255715845        0.00000000    
   345.86583822516059        0.00000000    
   346.00905389316273        0.00000000    
   346.15226956116487        0.00000000    
   346.29548522916701        0.00000000    
   346.43870089716916        0.00000000    
   346.58191656517130        0.00000000    
   346.72513223317344        0.00000000    
   346.86834790117558        0.00000000    
   347.01156356917772        0.00000000    
   347.15477923717987        0.00000000    
   347.29799490518201        0.00000000    
   347.44121057318415        0.00000000    
   347.58442624118629        0.00000000    
   347.72764190918843        0.00000000    
   347.87085757719058        0.00000000    
   348.01407324519272        0.00000000    
   348.15728891319486        0.00000000    
   348.30050458119700        0.00000000    
   348.44372024919915        0.00000000    
   348.58693591720129        0.00000000    
   348.73015158520343        0.00000000    
   348.87336725320557        0.00000000    
   349.01658292120771        0.00000000    
   349.15979858920986        0.00000000    
   349.30301425721200        0.00000000    
   349.44622992521414        0.00000000    
   349.58944559321628        0.00000000    
   349.73266126121842        0.00000000    
   349.87587692922057        0.00000000    
   350.01909259722271        0.00000000    
   350.16230826522485        0.00000000    
   350.30552393322699        0.00000000    
   350.44873960122914        0.00000000    
   350.59195526923128        0.00000000    
   350.73517093723342        0.00000000    
   350.87838660523556        0.00000000    
   351.02160227323770        0.00000000    
   351.16481794123985        0.00000000    
   351.30803360924199        0.00000000    
   351.45124927724413        0.00000000    
   351.59446494524627        0.00000000    
   351.73768061324841        0.00000000    
   351.88089628125056        0.00000000    
   352.02411194925270        0.00000000    
   352.16732761725484        0.00000000    
   352.31054328525698        0.00000000    
   352.45375895325913        0.00000000    
   352.59697462126127        0.00000000    
   352.74019028926341        0.00000000    
   352.88340595726555        0.00000000    
   353.02662162526769        0.00000000    
   353.16983729326984        0.00000000    
   353.31305296127198        0.00000000    
   353.45626862927412        0.00000000    
   353.59948429727626        0.00000000    
   353.74269996527840        0.00000000    
   353.88591563328055        0.00000000    
   354.02913130128269        0.00000000    
   354.17234696928483        0.00000000    
   354.31556263728697        0.00000000    
   354.45877830528912        0.00000000    
   354.60199397329126        0.00000000    
   354.74520964129340        0.00000000    
   354.88842530929554        0.00000000    
   355.03164097729768        0.00000000    
   355.17485664529983        0.00000000    
   355.31807231330197        0.00000000    
   355.46128798130411        0.00000000    
   355.60450364930625        0.00000000    
   355.74771931730839        0.00000000    
   355.89093498531054        0.00000000    
   356.03415065331268        0.00000000    
   356.17736632131482        0.00000000    
   356.32058198931696        0.00000000    
   356.46379765731911        0.00000000    
   356.60701332532125        0.00000000    
   356.75022899332339        0.00000000    
   356.89344466132553        0.00000000    
   357.03666032932767        0.00000000    
   357.17987599732982        0.00000000    
   357.32309166533196        0.00000000    
   357.46630733333410        0.00000000    
   357.60952300133624        0.00000000    
   357.75273866933838        0.00000000    
   357.89595433734053        0.00000000    
   358.03917000534267        0.00000000    
   358.18238567334481        0.00000000    
   358.32560134134695        0.00000000    
   358.46881700934910        0.00000000    
   358.61203267735124        0.00000000    
   358.75524834535338        0.00000000    
   358.89846401335552        0.00000000    
   359.04167968135766        0.00000000    
   359.18489534935981        0.00000000    
   359.32811101736195        0.00000000    
   359.47132668536409        0.00000000    
   359.61454235336623        0.00000000    
   359.75775802136837        0.00000000    
   359.90097368937052        0.00000000    
   360.04418935737266        0.00000000    
   360.18740502537480        0.00000000    
   360.33062069337694        0.00000000    
   360.47383636137909        0.00000000    
   360.61705202938123        0.00000000    
   360.76026769738337        0.00000000    
   360.90348336538551        0.00000000    
   361.04669903338765        0.00000000    
   361.18991470138980        0.00000000    
   361.33313036939194        0.00000000    
   361.47634603739408        0.00000000    
   361.61956170539622        0.00000000    
   361.76277737339836        0.00000000    
   361.90599304140051        0.00000000    
   362.04920870940265        0.00000000    
   362.19242437740479        0.00000000    
   362.33564004540693        0.00000000    
   362.47885571340908        0.00000000    
   362.62207138141122        0.00000000    
   362.76528704941336        0.00000000    
   362.90850271741550        0.00000000    
   363.05171838541764        0.00000000    
   363.19493405341979        0.00000000    
   363.33814972142193        0.00000000    
   363.48136538942407        0.00000000    
   363.62458105742621        0.00000000    
   363.76779672542835        0.00000000    
   363.91101239343050        0.00000000    
   364.05422806143264        0.00000000    
   364.19744372943478        0.00000000    
   364.34065939743692        0.00000000    
   364.48387506543907        0.00000000    
   364.62709073344121        0.00000000    
   364.77030640144335        0.00000000    
   364.91352206944549        0.00000000    
   365.05673773744763        0.00000000    
   365.19995340544978        0.00000000    
   365.34316907345192        0.00000000    
   365.48638474145406        0.00000000    
   365.62960040945620        0.00000000    
   365.77281607745834        0.00000000    
   365.91603174546049        0.00000000    
   366.05924741346263        0.00000000    
   366.20246308146477        0.00000000    
   366.34567874946691        0.00000000    
   366.48889441746906        0.00000000    
   366.63211008547120        0.00000000    
   366.77532575347334        0.00000000    
   366.91854142147548        0.00000000    
   367.06175708947762        0.00000000    
   367.20497275747977        0.00000000    
   367.34818842548191        0.00000000    
   367.49140409348405        0.00000000    
   367.63461976148619        0.00000000    
   367.77783542948833        0.00000000    
   367.92105109749048        0.00000000    
   368.06426676549262        0.00000000    
   368.20748243349476        0.00000000    
   368.35069810149690        0.00000000    
   368.49391376949904        0.00000000    
   368.63712943750119        0.00000000    
   368.78034510550333        0.00000000    
   368.92356077350547        0.00000000    
   369.06677644150761        0.00000000    
   369.20999210950976        0.00000000    
   369.35320777751190        0.00000000    
   369.49642344551404        0.00000000    
   369.63963911351618        0.00000000    
   369.78285478151832        0.00000000    
   369.92607044952047        0.00000000    
   370.06928611752261        0.00000000    
   370.21250178552475        0.00000000    
   370.35571745352689        0.00000000    
   370.49893312152903        0.00000000    
   370.64214878953118        0.00000000    
   370.78536445753332        0.00000000    
   370.92858012553546        0.00000000    
   371.07179579353760        0.00000000    
   371.21501146153975        0.00000000    
   371.35822712954189        0.00000000    
   371.50144279754403        0.00000000    
   371.64465846554617        0.00000000    
   371.78787413354831        0.00000000    
   371.93108980155046        0.00000000    
   372.07430546955260        0.00000000    
   372.21752113755474        0.00000000    
   372.36073680555688        0.00000000    
   372.50395247355902        0.00000000    
   372.64716814156117        0.00000000    
   372.79038380956331        0.00000000    
   372.93359947756545        0.00000000    
   373.07681514556759        0.00000000    
   373.22003081356974        0.00000000    
   373.36324648157188        0.00000000    
   373.50646214957402        0.00000000    
   373.64967781757616        0.00000000    
   373.79289348557830        0.00000000    
   373.93610915358045        0.00000000    
   374.07932482158259        0.00000000    
   374.22254048958473        0.00000000    
   374.36575615758687        0.00000000    
   374.50897182558901        0.00000000    
   374.65218749359116        0.00000000    
   374.79540316159330        0.00000000    
   374.93861882959544        0.00000000    
   375.08183449759758        0.00000000    
   375.22505016559973        0.00000000    
   375.36826583360187        0.00000000    
   375.51148150160401        0.00000000    
   375.65469716960615        0.00000000    
   375.79791283760829        0.00000000    
   375.94112850561044        0.00000000    
   376.08434417361258        0.00000000    
   376.22755984161472        0.00000000    
   376.37077550961686        0.00000000    
   376.51399117761900        0.00000000    
   376.65720684562115        0.00000000    
   376.80042251362329        0.00000000    
   376.94363818162543        0.00000000    
   377.08685384962757        0.00000000    
   377.23006951762972        0.00000000    
   377.37328518563186        0.00000000    
   377.51650085363400        0.00000000    
   377.65971652163614        0.00000000    
   377.80293218963828        0.00000000    
   377.94614785764043        0.00000000    
   378.08936352564257        0.00000000    
   378.23257919364471        0.00000000    
   378.37579486164685        0.00000000    
   378.51901052964899        0.00000000    
   378.66222619765114        0.00000000    
   378.80544186565328        0.00000000    
   378.94865753365542        0.00000000    
   379.09187320165756        0.00000000    
   379.23508886965971        0.00000000    
   379.37830453766185        0.00000000    
   379.52152020566399        0.00000000    
   379.66473587366613        0.00000000    
   379.80795154166827        0.00000000    
   379.95116720967042        0.00000000    
   380.09438287767256        0.00000000    
   380.23759854567470        0.00000000    
   380.38081421367684        0.00000000    
   380.52402988167898        0.00000000    
   380.66724554968113        0.00000000    
   380.81046121768327        0.00000000    
   380.95367688568541        0.00000000    
   381.09689255368755        0.00000000    
   381.24010822168970        0.00000000    
   381.38332388969184        0.00000000    
   381.52653955769398        0.00000000    
   381.66975522569612        0.00000000    
   381.81297089369826        0.00000000    
   381.95618656170041        0.00000000    
   382.09940222970255        0.00000000    
   382.24261789770469        0.00000000    
   382.38583356570683        0.00000000    
   382.52904923370897        0.00000000    
   382.67226490171112        0.00000000    
   382.81548056971326        0.00000000    
   382.95869623771540        0.00000000    
   383.10191190571754        0.00000000    
   383.24512757371969        0.00000000    
   383.38834324172183        0.00000000    
   383.53155890972397        0.00000000    
   383.67477457772611        0.00000000    
   383.81799024572825        0.00000000    
   383.96120591373040        0.00000000    
   384.10442158173254        0.00000000    
   384.24763724973468        0.00000000    
   384.39085291773682        0.00000000    
   384.53406858573896        0.00000000    
   384.67728425374111        0.00000000    
   384.82049992174325        0.00000000    
   384.96371558974539        0.00000000    
   385.10693125774753        0.00000000    
   385.25014692574968        0.00000000    
   385.39336259375182        0.00000000    
   385.53657826175396        0.00000000    
   385.67979392975610        0.00000000    
   385.82300959775824        0.00000000    
   385.96622526576039        0.00000000    
   386.10944093376253        0.00000000    
   386.25265660176467        0.00000000    
   386.39587226976681        0.00000000    
   386.53908793776895        0.00000000    
   386.68230360577110        0.00000000    
   386.82551927377324        0.00000000    
   386.96873494177538        0.00000000    
   387.11195060977752        0.00000000    
   387.25516627777967        0.00000000    
   387.39838194578181        0.00000000    
   387.54159761378395        0.00000000    
   387.68481328178609        0.00000000    
   387.82802894978823        0.00000000    
   387.97124461779038        0.00000000    
   388.11446028579252        0.00000000    
   388.25767595379466        0.00000000    
   388.40089162179680        0.00000000    
   388.54410728979894        0.00000000    
   388.68732295780109        0.00000000    
   388.83053862580323        0.00000000    
   388.97375429380537        0.00000000    
   389.11696996180751        0.00000000    
   389.26018562980965        0.00000000    
   389.40340129781180        0.00000000    
   389.54661696581394        0.00000000    
   389.68983263381608        0.00000000    
   389.83304830181822        0.00000000    
   389.97626396982037        0.00000000    
   390.11947963782251        0.00000000    
   390.26269530582465        0.00000000    
   390.40591097382679        0.00000000    
   390.54912664182893        0.00000000    
   390.69234230983108        0.00000000    
   390.83555797783322        0.00000000    
   390.97877364583536        0.00000000    
   391.12198931383750        0.00000000    
   391.26520498183964        0.00000000    
   391.40842064984179        0.00000000    
   391.55163631784393        0.00000000    
   391.69485198584607        0.00000000    
   391.83806765384821        0.00000000    
   391.98128332185036        0.00000000    
   392.12449898985250        0.00000000    
   392.26771465785464        0.00000000    
   392.41093032585678        0.00000000    
   392.55414599385892        0.00000000    
   392.69736166186107        0.00000000    
   392.84057732986321        0.00000000    
   392.98379299786535        0.00000000    
   393.12700866586749        0.00000000    
   393.27022433386963        0.00000000    
   393.41344000187178        0.00000000    
   393.55665566987392        0.00000000    
   393.69987133787606        0.00000000    
   393.84308700587820        0.00000000    
   393.98630267388035        0.00000000    
   394.12951834188249        0.00000000    
   394.27273400988463        0.00000000    
   394.41594967788677        0.00000000    
   394.55916534588891        0.00000000    
   394.70238101389106        0.00000000    
   394.84559668189320        0.00000000    
   394.98881234989534        0.00000000    
   395.13202801789748        0.00000000    
   395.27524368589962        0.00000000    
   395.41845935390177        0.00000000    
   395.56167502190391        0.00000000    
   395.70489068990605        0.00000000    
   395.84810635790819        0.00000000    
   395.99132202591034        0.00000000    
   396.13453769391248        0.00000000    
   396.27775336191462        0.00000000    
   396.42096902991676        0.00000000    
   396.56418469791890        0.00000000    
   396.70740036592105        0.00000000    
   396.85061603392319        0.00000000    
   396.99383170192533        0.00000000    
   397.13704736992747        0.00000000    
   397.28026303792961        0.00000000    
   397.42347870593176        0.00000000    
   397.56669437393390        0.00000000    
   397.70991004193604        0.00000000    
   397.85312570993818        0.00000000    
   397.99634137794033        0.00000000    
   398.13955704594247        0.00000000    
   398.28277271394461        0.00000000    
   398.42598838194675        0.00000000    
   398.56920404994889        0.00000000    
   398.71241971795104        0.00000000    
   398.85563538595318        0.00000000    
   398.99885105395532        0.00000000    
   399.14206672195746        0.00000000    
   399.28528238995960        0.00000000    
   399.42849805796175        0.00000000    
   399.57171372596389        0.00000000    
   399.71492939396603        0.00000000    
   399.85814506196817        0.00000000    
   400.00136072997032        0.00000000    
   400.14457639797246        0.00000000    
   400.28779206597460        0.00000000    
   400.43100773397674        0.00000000    
   400.57422340197888        0.00000000    
   400.71743906998103        0.00000000    
   400.86065473798317        0.00000000    
   401.00387040598531        0.00000000    
   401.14708607398745        0.00000000    
   401.29030174198959        0.00000000    
   401.43351740999174        0.00000000    
   401.57673307799388        0.00000000    
   401.71994874599602        0.00000000    
   401.86316441399816        0.00000000    
   402.00638008200031        0.00000000    
   402.14959575000245        0.00000000    
   402.29281141800459        0.00000000    
   402.43602708600673        0.00000000    
   402.57924275400887        0.00000000    
   402.72245842201102        0.00000000    
   402.86567409001316        0.00000000    
   403.00888975801530        0.00000000    
   403.15210542601744        0.00000000    
   403.29532109401958        0.00000000    
   403.43853676202173        0.00000000    
   403.58175243002387        0.00000000    
   403.72496809802601        0.00000000    
   403.86818376602815        0.00000000    
   404.01139943403030        0.00000000    
   404.15461510203244        0.00000000    
   404.29783077003458        0.00000000    
   404.44104643803672        0.00000000    
   404.58426210603886        0.00000000    
   404.72747777404101        0.00000000    
   404.87069344204315        0.00000000    
   405.01390911004529        0.00000000    
   405.15712477804743        0.00000000    
   405.30034044604957        0.00000000    
   405.44355611405172        0.00000000    
   405.58677178205386        0.00000000    
   405.72998745005600        0.00000000    
   405.87320311805814        0.00000000    
   406.01641878606029        0.00000000    
   406.15963445406243        0.00000000    
   406.30285012206457        0.00000000    
   406.44606579006671        0.00000000    
   406.58928145806885        0.00000000    
   406.73249712607100        0.00000000    
   406.87571279407314        0.00000000    
   407.01892846207528        0.00000000    
   407.16214413007742        0.00000000    
   407.30535979807956        0.00000000    
   407.44857546608171        0.00000000    
   407.59179113408385        0.00000000    
   407.73500680208599        0.00000000    
   407.87822247008813        0.00000000    
   408.02143813809028        0.00000000    
   408.16465380609242        0.00000000    
   408.30786947409456        0.00000000    
   408.45108514209670        0.00000000    
   408.59430081009884        0.00000000    
   408.73751647810099        0.00000000    
   408.88073214610313        0.00000000    
   409.02394781410527        0.00000000    
   409.16716348210741        0.00000000    
   409.31037915010955        0.00000000    
   409.45359481811170        0.00000000    
   409.59681048611384        0.00000000    
   409.74002615411598        0.00000000    
   409.88324182211812        0.00000000    
   410.02645749012026        0.00000000    
   410.16967315812241        0.00000000    
   410.31288882612455        0.00000000    
   410.45610449412669        0.00000000    
   410.59932016212883        0.00000000    
   410.74253583013098        0.00000000    
   410.88575149813312        0.00000000    
   411.02896716613526        0.00000000    
   411.17218283413740        0.00000000    
   411.31539850213954        0.00000000    
   411.45861417014169        0.00000000    
   411.60182983814383        0.00000000    
   411.74504550614597        0.00000000    
   411.88826117414811        0.00000000    
   412.03147684215025        0.00000000    
   412.17469251015240        0.00000000    
   412.31790817815454        0.00000000    
   412.46112384615668        0.00000000    
   412.60433951415882        0.00000000    
   412.74755518216097        0.00000000    
   412.89077085016311        0.00000000    
   413.03398651816525        0.00000000    
   413.17720218616739        0.00000000    
   413.32041785416953        0.00000000    
   413.46363352217168        0.00000000    
   413.60684919017382        0.00000000    
   413.75006485817596        0.00000000    
   413.89328052617810        0.00000000    
   414.03649619418024        0.00000000    
   414.17971186218239        0.00000000    
   414.32292753018453        0.00000000    
   414.46614319818667        0.00000000    
   414.60935886618881        0.00000000    
   414.75257453419096        0.00000000    
   414.89579020219310        0.00000000    
   415.03900587019524        0.00000000    
   415.18222153819738        0.00000000    
   415.32543720619952        0.00000000    
   415.46865287420167        0.00000000    
   415.61186854220381        0.00000000    
   415.75508421020595        0.00000000    
   415.89829987820809        0.00000000    
   416.04151554621023        0.00000000    
   416.18473121421238        0.00000000    
   416.32794688221452        0.00000000    
   416.47116255021666        0.00000000    
   416.61437821821880        0.00000000    
   416.75759388622095        0.00000000    
   416.90080955422309        0.00000000    
   417.04402522222523        0.00000000    
   417.18724089022737        0.00000000    
   417.33045655822951        0.00000000    
   417.47367222623166        0.00000000    
   417.61688789423380        0.00000000    
   417.76010356223594        0.00000000    
   417.90331923023808        0.00000000    
   418.04653489824022        0.00000000    
   418.18975056624237        0.00000000    
   418.33296623424451        0.00000000    
   418.47618190224665        0.00000000    
   418.61939757024879        0.00000000    
   418.76261323825094        0.00000000    
   418.90582890625308        0.00000000    
   419.04904457425522        0.00000000    
   419.19226024225736        0.00000000    
   419.33547591025950        0.00000000    
   419.47869157826165        0.00000000    
   419.62190724626379        0.00000000    
   419.76512291426593        0.00000000    
   419.90833858226807        0.00000000    
   420.05155425027021        0.00000000    
   420.19476991827236        0.00000000    
   420.33798558627450        0.00000000    
   420.48120125427664        0.00000000    
   420.62441692227878        0.00000000    
   420.76763259028093        0.00000000    
   420.91084825828307        0.00000000    
   421.05406392628521        0.00000000    
   421.19727959428735        0.00000000    
   421.34049526228949        0.00000000    
   421.48371093029164        0.00000000    
   421.62692659829378        0.00000000    
   421.77014226629592        0.00000000    
   421.91335793429806        0.00000000    
   422.05657360230020        0.00000000    
   422.19978927030235        0.00000000    
   422.34300493830449        0.00000000    
   422.48622060630663        0.00000000    
   422.62943627430877        0.00000000    
   422.77265194231092        0.00000000    
   422.91586761031306        0.00000000    
   423.05908327831520        0.00000000    
   423.20229894631734        0.00000000    
   423.34551461431948        0.00000000    
   423.48873028232163        0.00000000    
   423.63194595032377        0.00000000    
   423.77516161832591        0.00000000    
   423.91837728632805        0.00000000    
   424.06159295433019        0.00000000    
   424.20480862233234        0.00000000    
   424.34802429033448        0.00000000    
   424.49123995833662        0.00000000    
   424.63445562633876        0.00000000    
   424.77767129434091        0.00000000    
   424.92088696234305        0.00000000    
   425.06410263034519        0.00000000    
   425.20731829834733        0.00000000    
   425.35053396634947        0.00000000    
   425.49374963435162        0.00000000    
   425.63696530235376        0.00000000    
   425.78018097035590        0.00000000    
   425.92339663835804        0.00000000    
   426.06661230636018        0.00000000    
   426.20982797436233        0.00000000    
   426.35304364236447        0.00000000    
   426.49625931036661        0.00000000    
   426.63947497836875        0.00000000    
   426.78269064637090        0.00000000    
   426.92590631437304        0.00000000    
   427.06912198237518        0.00000000    
   427.21233765037732        0.00000000    
   427.35555331837946        0.00000000    
   427.49876898638161        0.00000000    
   427.64198465438375        0.00000000    
   427.78520032238589        0.00000000    
   427.92841599038803        0.00000000    
   428.07163165839017        0.00000000    
   428.21484732639232        0.00000000    
   428.35806299439446        0.00000000    
   428.50127866239660        0.00000000    
   428.64449433039874        0.00000000    
   428.78770999840089        0.00000000    
   428.93092566640303        0.00000000    
   429.07414133440517        0.00000000    
   429.21735700240731        0.00000000    
   429.36057267040945        0.00000000    
   429.50378833841160        0.00000000    
   429.64700400641374        0.00000000    
   429.79021967441588        0.00000000    
   429.93343534241802        0.00000000    
   430.07665101042016        0.00000000    
   430.21986667842231        0.00000000    
   430.36308234642445        0.00000000    
   430.50629801442659        0.00000000    
   430.64951368242873        0.00000000    
   430.79272935043088        0.00000000    
   430.93594501843302        0.00000000    
   431.07916068643516        0.00000000    
   431.22237635443730        0.00000000    
   431.36559202243944        0.00000000    
   431.50880769044159        0.00000000    
   431.65202335844373        0.00000000    
   431.79523902644587        0.00000000    
   431.93845469444801        0.00000000    
   432.08167036245015        0.00000000    
   432.22488603045230        0.00000000    
   432.36810169845444        0.00000000    
   432.51131736645658        0.00000000    
   432.65453303445872        0.00000000    
   432.79774870246086        0.00000000    
   432.94096437046301        0.00000000    
   433.08418003846515        0.00000000    
   433.22739570646729        0.00000000    
   433.37061137446943        0.00000000    
   433.51382704247158        0.00000000    
   433.65704271047372        0.00000000    
   433.80025837847586        0.00000000    
   433.94347404647800        0.00000000    
   434.08668971448014        0.00000000    
   434.22990538248229        0.00000000    
   434.37312105048443        0.00000000    
   434.51633671848657        0.00000000    
   434.65955238648871        0.00000000    
   434.80276805449085        0.00000000    
   434.94598372249300        0.00000000    
   435.08919939049514        0.00000000    
   435.23241505849728        0.00000000    
   435.37563072649942        0.00000000    
   435.51884639450157        0.00000000    
   435.66206206250371        0.00000000    
   435.80527773050585        0.00000000    
   435.94849339850799        0.00000000    
   436.09170906651013        0.00000000    
   436.23492473451228        0.00000000    
   436.37814040251442        0.00000000    
   436.52135607051656        0.00000000    
   436.66457173851870        0.00000000    
   436.80778740652084        0.00000000    
   436.95100307452299        0.00000000    
   437.09421874252513        0.00000000    
   437.23743441052727        0.00000000    
   437.38065007852941        0.00000000    
   437.52386574653156        0.00000000    
   437.66708141453370        0.00000000    
   437.81029708253584        0.00000000    
   437.95351275053798        0.00000000    
   438.09672841854012        0.00000000    
   438.23994408654227        0.00000000    
   438.38315975454441        0.00000000    
   438.52637542254655        0.00000000    
   438.66959109054869        0.00000000    
   438.81280675855083        0.00000000    
   438.95602242655298        0.00000000    
   439.09923809455512        0.00000000    
   439.24245376255726        0.00000000    
   439.38566943055940        0.00000000    
   439.52888509856155        0.00000000    
   439.67210076656369        0.00000000    
   439.81531643456583        0.00000000    
   439.95853210256797        0.00000000    
   440.10174777057011        0.00000000    
   440.24496343857226        0.00000000    
   440.38817910657440        0.00000000    
   440.53139477457654        0.00000000    
   440.67461044257868        0.00000000    
   440.81782611058082        0.00000000    
   440.96104177858297        0.00000000    
   441.10425744658511        0.00000000    
   441.24747311458725        0.00000000    
   441.39068878258939        0.00000000    
   441.53390445059154        0.00000000    
   441.67712011859368        0.00000000    
   441.82033578659582        0.00000000    
   441.96355145459796        0.00000000    
   442.10676712260010        0.00000000    
   442.24998279060225        0.00000000    
   442.39319845860439        0.00000000    
   442.53641412660653        0.00000000    
   442.67962979460867        0.00000000    
   442.82284546261081        0.00000000    
   442.96606113061296        0.00000000    
   443.10927679861510        0.00000000    
   443.25249246661724        0.00000000    
   443.39570813461938        0.00000000    
   443.53892380262153        0.00000000    
   443.68213947062367        0.00000000    
   443.82535513862581        0.00000000    
   443.96857080662795        0.00000000    
   444.11178647463009        0.00000000    
   444.25500214263224        0.00000000    
   444.39821781063438        0.00000000    
   444.54143347863652        0.00000000    
   444.68464914663866        0.00000000    
   444.82786481464080        0.00000000    
   444.97108048264295        0.00000000    
   445.11429615064509        0.00000000    
   445.25751181864723        0.00000000    
   445.40072748664937        0.00000000    
   445.54394315465152        0.00000000    
   445.68715882265366        0.00000000    
   445.83037449065580        0.00000000    
   445.97359015865794        0.00000000    
   446.11680582666008        0.00000000    
   446.26002149466223        0.00000000    
   446.40323716266437        0.00000000    
   446.54645283066651        0.00000000    
   446.68966849866865        0.00000000    
   446.83288416667079        0.00000000    
   446.97609983467294        0.00000000    
   447.11931550267508        0.00000000    
   447.26253117067722        0.00000000    
   447.40574683867936        0.00000000    
   447.54896250668151        0.00000000    
   447.69217817468365        0.00000000    
   447.83539384268579        0.00000000    
   447.97860951068793        0.00000000    
   448.12182517869007        0.00000000    
   448.26504084669222        0.00000000    
   448.40825651469436        0.00000000    
   448.55147218269650        0.00000000    
   448.69468785069864        0.00000000    
   448.83790351870078        0.00000000    
   448.98111918670293        0.00000000    
   449.12433485470507        0.00000000    
   449.26755052270721        0.00000000    
   449.41076619070935        0.00000000    
   449.55398185871150        0.00000000    
   449.69719752671364        0.00000000    
   449.84041319471578        0.00000000    
   449.98362886271792        0.00000000    
   450.12684453072006        0.00000000    
   450.27006019872221        0.00000000    
   450.41327586672435        0.00000000    
   450.55649153472649        0.00000000    
   450.69970720272863        0.00000000    
   450.84292287073077        0.00000000    
   450.98613853873292        0.00000000    
   451.12935420673506        0.00000000    
   451.27256987473720        0.00000000    
   451.41578554273934        0.00000000    
   451.55900121074149        0.00000000    
   451.70221687874363        0.00000000    
   451.84543254674577        0.00000000    
   451.98864821474791        0.00000000    
   452.13186388275005        0.00000000    
   452.27507955075220        0.00000000    
   452.41829521875434        0.00000000    
   452.56151088675648        0.00000000    
   452.70472655475862        0.00000000    
   452.84794222276076        0.00000000    
   452.99115789076291        0.00000000    
   453.13437355876505        0.00000000    
   453.27758922676719        0.00000000    
   453.42080489476933        0.00000000    
   453.56402056277147        0.00000000    
   453.70723623077362        0.00000000    
   453.85045189877576        0.00000000    
   453.99366756677790        0.00000000    
   454.13688323478004        0.00000000    
   454.28009890278219        0.00000000    
   454.42331457078433        0.00000000    
   454.56653023878647        0.00000000    
   454.70974590678861        0.00000000    
   454.85296157479075        0.00000000    
   454.99617724279290        0.00000000    
   455.13939291079504        0.00000000    
   455.28260857879718        0.00000000    
   455.42582424679932        0.00000000    
   455.56903991480146        0.00000000    
   455.71225558280361        0.00000000    
   455.85547125080575        0.00000000    
   455.99868691880789        0.00000000    
   456.14190258681003        0.00000000    
   456.28511825481218        0.00000000    
   456.42833392281432        0.00000000    
   456.57154959081646        0.00000000    
   456.71476525881860        0.00000000    
   456.85798092682074        0.00000000    
   457.00119659482289        0.00000000    
   457.14441226282503        0.00000000    
   457.28762793082717        0.00000000    
   457.43084359882931        0.00000000    
   457.57405926683145        0.00000000    
   457.71727493483360        0.00000000    
   457.86049060283574        0.00000000    
   458.00370627083788        0.00000000    
   458.14692193884002        0.00000000    
   458.29013760684217        0.00000000    
   458.43335327484431        0.00000000    
   458.57656894284645        0.00000000    
   458.71978461084859        0.00000000    
   458.86300027885073        0.00000000    
   459.00621594685288        0.00000000    
   459.14943161485502        0.00000000    
   459.29264728285716        0.00000000    
   459.43586295085930        0.00000000    
   459.57907861886144        0.00000000    
   459.72229428686359        0.00000000    
   459.86550995486573        0.00000000    
   460.00872562286787        0.00000000    
   460.15194129087001        0.00000000    
   460.29515695887216        0.00000000    
   460.43837262687430        0.00000000    
   460.58158829487644        0.00000000    
   460.72480396287858        0.00000000    
   460.86801963088072        0.00000000    
   461.01123529888287        0.00000000    
   461.15445096688501        0.00000000    
   461.29766663488715        0.00000000    
   461.44088230288929        0.00000000    
   461.58409797089143        0.00000000    
   461.72731363889358        0.00000000    
   461.87052930689572        0.00000000    
   462.01374497489786        0.00000000    
   462.15696064290000        0.00000000    
   462.30017631090215        0.00000000    
   462.44339197890429        0.00000000    
   462.58660764690643        0.00000000    
   462.72982331490857        0.00000000    
   462.87303898291071        0.00000000    
   463.01625465091286        0.00000000    
   463.15947031891500        0.00000000    
   463.30268598691714        0.00000000    
   463.44590165491928        0.00000000    
   463.58911732292142        0.00000000    
   463.73233299092357        0.00000000    
   463.87554865892571        0.00000000    
   464.01876432692785        0.00000000    
   464.16197999492999        0.00000000    
   464.30519566293214        0.00000000    
   464.44841133093428        0.00000000    
   464.59162699893642        0.00000000    
   464.73484266693856        0.00000000    
   464.87805833494070        0.00000000    
   465.02127400294285        0.00000000    
   465.16448967094499        0.00000000    
   465.30770533894713        0.00000000    
   465.45092100694927        0.00000000    
   465.59413667495141        0.00000000    
   465.73735234295356        0.00000000    
   465.88056801095570        0.00000000    
   466.02378367895784        0.00000000    
   466.16699934695998        0.00000000    
   466.31021501496213        0.00000000    
   466.45343068296427        0.00000000    
   466.59664635096641        0.00000000    
   466.73986201896855        0.00000000    
   466.88307768697069        0.00000000    
   467.02629335497284        0.00000000    
   467.16950902297498        0.00000000    
   467.31272469097712        0.00000000    
   467.45594035897926        0.00000000    
   467.59915602698140        0.00000000    
   467.74237169498355        0.00000000    
   467.88558736298569        0.00000000    
   468.02880303098783        0.00000000    
   468.17201869898997        0.00000000    
   468.31523436699212        0.00000000    
   468.45845003499426        0.00000000    
   468.60166570299640        0.00000000    
   468.74488137099854        0.00000000    
   468.88809703900068        0.00000000    
   469.03131270700283        0.00000000    
   469.17452837500497        0.00000000    
   469.31774404300711        0.00000000    
   469.46095971100925        0.00000000    
   469.60417537901139        0.00000000    
   469.74739104701354        0.00000000    
   469.89060671501568        0.00000000    
   470.03382238301782        0.00000000    
   470.17703805101996        0.00000000    
   470.32025371902211        0.00000000    
   470.46346938702425        0.00000000    
   470.60668505502639        0.00000000    
   470.74990072302853        0.00000000    
   470.89311639103067        0.00000000    
   471.03633205903282        0.00000000    
   471.17954772703496        0.00000000    
   471.32276339503710        0.00000000    
   471.46597906303924        0.00000000    
   471.60919473104138        0.00000000    
   471.75241039904353        0.00000000    
   471.89562606704567        0.00000000    
   472.03884173504781        0.00000000    
   472.18205740304995        0.00000000    
   472.32527307105210        0.00000000    
   472.46848873905424        0.00000000    
   472.61170440705638        0.00000000    
   472.75492007505852        0.00000000    
   472.89813574306066        0.00000000    
   473.04135141106281        0.00000000    
   473.18456707906495        0.00000000    
   473.32778274706709        0.00000000    
   473.47099841506923        0.00000000    
   473.61421408307137        0.00000000    
   473.75742975107352        0.00000000    
   473.90064541907566        0.00000000    
   474.04386108707780        0.00000000    
   474.18707675507994        0.00000000    
   474.33029242308208        0.00000000    
   474.47350809108423        0.00000000    
   474.61672375908637        0.00000000    
   474.75993942708851        0.00000000    
   474.90315509509065        0.00000000    
   475.04637076309280        0.00000000    
   475.18958643109494        0.00000000    
   475.33280209909708        0.00000000    
   475.47601776709922        0.00000000    
   475.61923343510136        0.00000000    
   475.76244910310351        0.00000000    
   475.90566477110565        0.00000000    
   476.04888043910779        0.00000000    
   476.19209610710993        0.00000000    
   476.33531177511207        0.00000000    
   476.47852744311422        0.00000000    
   476.62174311111636        0.00000000    
   476.76495877911850        0.00000000    
   476.90817444712064        0.00000000    
   477.05139011512279        0.00000000    
   477.19460578312493        0.00000000    
   477.33782145112707        0.00000000    
   477.48103711912921        0.00000000    
   477.62425278713135        0.00000000    
   477.76746845513350        0.00000000    
   477.91068412313564        0.00000000    
   478.05389979113778        0.00000000    
   478.19711545913992        0.00000000    
   478.34033112714206        0.00000000    
   478.48354679514421        0.00000000    
   478.62676246314635        0.00000000    
   478.76997813114849        0.00000000    
   478.91319379915063        0.00000000    
   479.05640946715278        0.00000000    
   479.19962513515492        0.00000000    
   479.34284080315706        0.00000000    
   479.48605647115920        0.00000000    
   479.62927213916134        0.00000000    
   479.77248780716349        0.00000000    
   479.91570347516563        0.00000000    
   480.05891914316777        0.00000000    
   480.20213481116991        0.00000000    
   480.34535047917205        0.00000000    
   480.48856614717420        0.00000000    
   480.63178181517634        0.00000000    
   480.77499748317848        0.00000000    
   480.91821315118062        0.00000000    
   481.06142881918277        0.00000000    
   481.20464448718491        0.00000000    
   481.34786015518705        0.00000000    
   481.49107582318919        0.00000000    
   481.63429149119133        0.00000000    
   481.77750715919348        0.00000000    
   481.92072282719562        0.00000000    
   482.06393849519776        0.00000000    
   482.20715416319990        0.00000000    
   482.35036983120204        0.00000000    
   482.49358549920419        0.00000000    
   482.63680116720633        0.00000000    
   482.78001683520847        0.00000000    
   482.92323250321061        0.00000000    
   483.06644817121276        0.00000000    
   483.20966383921490        0.00000000    
   483.35287950721704        0.00000000    
   483.49609517521918        0.00000000    
   483.63931084322132        0.00000000    
   483.78252651122347        0.00000000    
   483.92574217922561        0.00000000    
   484.06895784722775        0.00000000    
   484.21217351522989        0.00000000    
   484.35538918323203        0.00000000    
   484.49860485123418        0.00000000    
   484.64182051923632        0.00000000    
   484.78503618723846        0.00000000    
   484.92825185524060        0.00000000    
   485.07146752324275        0.00000000    
   485.21468319124489        0.00000000    
   485.35789885924703        0.00000000    
   485.50111452724917        0.00000000    
   485.64433019525131        0.00000000    
   485.78754586325346        0.00000000    
   485.93076153125560        0.00000000    
   486.07397719925774        0.00000000    
   486.21719286725988        0.00000000    
   486.36040853526202        0.00000000    
   486.50362420326417        0.00000000    
   486.64683987126631        0.00000000    
   486.79005553926845        0.00000000    
   486.93327120727059        0.00000000    
   487.07648687527274        0.00000000    
   487.21970254327488        0.00000000    
   487.36291821127702        0.00000000    
   487.50613387927916        0.00000000    
   487.64934954728130        0.00000000    
   487.79256521528345        0.00000000    
   487.93578088328559        0.00000000    
   488.07899655128773        0.00000000    
   488.22221221928987        0.00000000    
   488.36542788729201        0.00000000    
   488.50864355529416        0.00000000    
   488.65185922329630        0.00000000    
   488.79507489129844        0.00000000    
   488.93829055930058        0.00000000    
   489.08150622730273        0.00000000    
   489.22472189530487        0.00000000    
   489.36793756330701        0.00000000    
   489.51115323130915        0.00000000    
   489.65436889931129        0.00000000    
   489.79758456731344        0.00000000    
   489.94080023531558        0.00000000    
   490.08401590331772        0.00000000    
   490.22723157131986        0.00000000    
   490.37044723932200        0.00000000    
   490.51366290732415        0.00000000    
   490.65687857532629        0.00000000    
   490.80009424332843        0.00000000    
   490.94330991133057        0.00000000    
   491.08652557933272        0.00000000    
   491.22974124733486        0.00000000    
   491.37295691533700        0.00000000    
   491.51617258333914        0.00000000    
   491.65938825134128        0.00000000    
   491.80260391934343        0.00000000    
   491.94581958734557        0.00000000    
   492.08903525534771        0.00000000    
   492.23225092334985        0.00000000    
   492.37546659135199        0.00000000    
   492.51868225935414        0.00000000    
   492.66189792735628        0.00000000    
   492.80511359535842        0.00000000    
   492.94832926336056        0.00000000    
   493.09154493136271        0.00000000    
   493.23476059936485        0.00000000    
   493.37797626736699        0.00000000    
   493.52119193536913        0.00000000    
   493.66440760337127        0.00000000    
   493.80762327137342        0.00000000    
   493.95083893937556        0.00000000    
   494.09405460737770        0.00000000    
   494.23727027537984        0.00000000    
   494.38048594338198        0.00000000    
   494.52370161138413        0.00000000    
   494.66691727938627        0.00000000    
   494.81013294738841        0.00000000    
   494.95334861539055        0.00000000    
   495.09656428339269        0.00000000    
   495.23977995139484        0.00000000    
   495.38299561939698        0.00000000    
   495.52621128739912        0.00000000    
   495.66942695540126        0.00000000    
   495.81264262340341        0.00000000    
   495.95585829140555        0.00000000    
   496.09907395940769        0.00000000    
   496.24228962740983        0.00000000    
   496.38550529541197        0.00000000    
   496.52872096341412        0.00000000    
   496.67193663141626        0.00000000    
   496.81515229941840        0.00000000    
   496.95836796742054        0.00000000    
   497.10158363542268        0.00000000    
   497.24479930342483        0.00000000    
   497.38801497142697        0.00000000    
   497.53123063942911        0.00000000    
   497.67444630743125        0.00000000    
   497.81766197543340        0.00000000    
   497.96087764343554        0.00000000    
   498.10409331143768        0.00000000    
   498.24730897943982        0.00000000    
   498.39052464744196        0.00000000    
   498.53374031544411        0.00000000    
   498.67695598344625        0.00000000    
   498.82017165144839        0.00000000    
   498.96338731945053        0.00000000    
   499.10660298745267        0.00000000    
   499.24981865545482        0.00000000    
   499.39303432345696        0.00000000    
   499.53624999145910        0.00000000    
   499.67946565946124        0.00000000    
   499.82268132746339        0.00000000    
   499.96589699546553        0.00000000    
   500.10911266346767        0.00000000    
   500.25232833146981        0.00000000    
   500.39554399947195        0.00000000    
   500.53875966747410        0.00000000    
   500.68197533547624        0.00000000    
   500.82519100347838        0.00000000    
   500.96840667148052        0.00000000    
   501.11162233948266        0.00000000    
   501.25483800748481        0.00000000    
   501.39805367548695        0.00000000    
   501.54126934348909        0.00000000    
   501.68448501149123        0.00000000    
   501.82770067949338        0.00000000    
   501.97091634749552        0.00000000    
   502.11413201549766        0.00000000    
   502.25734768349980        0.00000000    
   502.40056335150194        0.00000000    
   502.54377901950409        0.00000000    
   502.68699468750623        0.00000000    
   502.83021035550837        0.00000000    
   502.97342602351051        0.00000000    
   503.11664169151265        0.00000000    
   503.25985735951480        0.00000000    
   503.40307302751694        0.00000000    
   503.54628869551908        0.00000000    
   503.68950436352122        0.00000000    
   503.83272003152337        0.00000000    
   503.97593569952551        0.00000000    
   504.11915136752765        0.00000000    
   504.26236703552979        0.00000000    
   504.40558270353193        0.00000000    
   504.54879837153408        0.00000000    
   504.69201403953622        0.00000000    
   504.83522970753836        0.00000000    
   504.97844537554050        0.00000000    
   505.12166104354264        0.00000000    
   505.26487671154479        0.00000000    
   505.40809237954693        0.00000000    
   505.55130804754907        0.00000000    
   505.69452371555121        0.00000000    
   505.83773938355336        0.00000000    
   505.98095505155550        0.00000000    
   506.12417071955764        0.00000000    
   506.26738638755978        0.00000000    
   506.41060205556192        0.00000000    
   506.55381772356407        0.00000000    
   506.69703339156621        0.00000000    
   506.84024905956835        0.00000000    
   506.98346472757049        0.00000000    
   507.12668039557263        0.00000000    
   507.26989606357478        0.00000000    
   507.41311173157692        0.00000000    
   507.55632739957906        0.00000000    
   507.69954306758120        0.00000000    
   507.84275873558335        0.00000000    
   507.98597440358549        0.00000000    
   508.12919007158763        0.00000000    
   508.27240573958977        0.00000000    
   508.41562140759191        0.00000000    
   508.55883707559406        0.00000000    
   508.70205274359620        0.00000000    
   508.84526841159834        0.00000000    
   508.98848407960048        0.00000000    
   509.13169974760262        0.00000000    
   509.27491541560477        0.00000000    
   509.41813108360691        0.00000000    
   509.56134675160905        0.00000000    
   509.70456241961119        0.00000000    
   509.84777808761334        0.00000000    
   509.99099375561548        0.00000000    
   510.13420942361762        0.00000000    
   510.27742509161976        0.00000000    
   510.42064075962190        0.00000000    
   510.56385642762405        0.00000000    
   510.70707209562619        0.00000000    
   510.85028776362833        0.00000000    
   510.99350343163047        0.00000000    
   511.13671909963261        0.00000000    
   511.27993476763476        0.00000000    
   511.42315043563690        0.00000000    
   511.56636610363904        0.00000000    
   511.70958177164118        0.00000000    
   511.85279743964333        0.00000000    
   511.99601310764547        0.00000000    
   512.13922877564755        0.00000000    
   512.28244444364964        0.00000000    
   512.42566011165172        0.00000000    
   512.56887577965381        0.00000000    
   512.71209144765589        0.00000000    
   512.85530711565798        0.00000000    
   512.99852278366006        0.00000000    
   513.14173845166215        0.00000000    
   513.28495411966423        0.00000000    
   513.42816978766632        0.00000000    
   513.57138545566841        0.00000000    
   513.71460112367049        0.00000000    
   513.85781679167258        0.00000000    
   514.00103245967466        0.00000000    
   514.14424812767675        0.00000000    
   514.28746379567883        0.00000000    
   514.43067946368092        0.00000000    
   514.57389513168300        0.00000000    
   514.71711079968509        0.00000000    
   514.86032646768717        0.00000000    
   515.00354213568926        0.00000000    
   515.14675780369134        0.00000000    
   515.28997347169343        0.00000000    
   515.43318913969551        0.00000000    
   515.57640480769760        0.00000000    
   515.71962047569968        0.00000000    
   515.86283614370177        0.00000000    
   516.00605181170386        0.00000000    
   516.14926747970594        0.00000000    
   516.29248314770803        0.00000000    
   516.43569881571011        0.00000000    
   516.57891448371220        0.00000000    
   516.72213015171428        0.00000000    
   516.86534581971637        0.00000000    
   517.00856148771845        0.00000000    
   517.15177715572054        0.00000000    
   517.29499282372262        0.00000000    
   517.43820849172471        0.00000000    
   517.58142415972679        0.00000000    
   517.72463982772888        0.00000000    
   517.86785549573096        0.00000000    
   518.01107116373305        0.00000000    
   518.15428683173513        0.00000000    
   518.29750249973722        0.00000000    
   518.44071816773931        0.00000000    
   518.58393383574139        0.00000000    
   518.72714950374348        0.00000000    
   518.87036517174556        0.00000000    
   519.01358083974765        0.00000000    
   519.15679650774973        0.00000000    
   519.30001217575182        0.00000000    
   519.44322784375390        0.00000000    
   519.58644351175599        0.00000000    
   519.72965917975807        0.00000000    
   519.87287484776016        0.00000000    
   520.01609051576224        0.00000000    
   520.15930618376433        0.00000000    
   520.30252185176641        0.00000000    
   520.44573751976850        0.00000000    
   520.58895318777058        0.00000000    
   520.73216885577267        0.00000000    
   520.87538452377476        0.00000000    
   521.01860019177684        0.00000000    
   521.16181585977893        0.00000000    
   521.30503152778101        0.00000000    
   521.44824719578310        0.00000000    
   521.59146286378518        0.00000000    
   521.73467853178727        0.00000000    
   521.87789419978935        0.00000000    
   522.02110986779144        0.00000000    
   522.16432553579352        0.00000000    
   522.30754120379561        0.00000000    
   522.45075687179769        0.00000000    
   522.59397253979978        0.00000000    
   522.73718820780186        0.00000000    
   522.88040387580395        0.00000000    
   523.02361954380603        0.00000000    
   523.16683521180812        0.00000000    
   523.31005087981021        0.00000000    
   523.45326654781229        0.00000000    
   523.59648221581438        0.00000000    
   523.73969788381646        0.00000000    
   523.88291355181855        0.00000000    
   524.02612921982063        0.00000000    
   524.16934488782272        0.00000000    
   524.31256055582480        0.00000000    
   524.45577622382689        0.00000000    
   524.59899189182897        0.00000000    
   524.74220755983106        0.00000000    
   524.88542322783314        0.00000000    
   525.02863889583523        0.00000000    
   525.17185456383731        0.00000000    
   525.31507023183940        0.00000000    
   525.45828589984148        0.00000000    
   525.60150156784357        0.00000000    
   525.74471723584566        0.00000000    
   525.88793290384774        0.00000000    
   526.03114857184983        0.00000000    
   526.17436423985191        0.00000000    
   526.31757990785400        0.00000000    
   526.46079557585608        0.00000000    
   526.60401124385817        0.00000000    
   526.74722691186025        0.00000000    
   526.89044257986234        0.00000000    
   527.03365824786442        0.00000000    
   527.17687391586651        0.00000000    
   527.32008958386859        0.00000000    
   527.46330525187068        0.00000000    
   527.60652091987276        0.00000000    
   527.74973658787485        0.00000000    
   527.89295225587693        0.00000000    
   528.03616792387902        0.00000000    
   528.17938359188111        0.00000000    
   528.32259925988319        0.00000000    
   528.46581492788528        0.00000000    
   528.60903059588736        0.00000000    
   528.75224626388945        0.00000000    
   528.89546193189153        0.00000000    
   529.03867759989362        0.00000000    
   529.18189326789570        0.00000000    
   529.32510893589779        0.00000000    
   529.46832460389987        0.00000000    
   529.61154027190196        0.00000000    
   529.75475593990404        0.00000000    
   529.89797160790613        0.00000000    
   530.04118727590821        0.00000000    
   530.18440294391030        0.00000000    
   530.32761861191238        0.00000000    
   530.47083427991447        0.00000000    
   530.61404994791656        0.00000000    
   530.75726561591864        0.00000000    
   530.90048128392073        0.00000000    
   531.04369695192281        0.00000000    
   531.18691261992490        0.00000000    
   531.33012828792698        0.00000000    
   531.47334395592907        0.00000000    
   531.61655962393115        0.00000000    
   531.75977529193324        0.00000000    
   531.90299095993532        0.00000000    
   532.04620662793741        0.00000000    
   532.18942229593949        0.00000000    
   532.33263796394158        0.00000000    
   532.47585363194366        0.00000000    
   532.61906929994575        0.00000000    
   532.76228496794783        0.00000000    
   532.90550063594992        0.00000000    
   533.04871630395201        0.00000000    
   533.19193197195409        0.00000000    
   533.33514763995618        0.00000000    
   533.47836330795826        0.00000000    
   533.62157897596035        0.00000000    
   533.76479464396243        0.00000000    
   533.90801031196452        0.00000000    
   534.05122597996660        0.00000000    
   534.19444164796869        0.00000000    
   534.33765731597077        0.00000000    
   534.48087298397286        0.00000000    
   534.62408865197494        0.00000000    
   534.76730431997703        0.00000000    
   534.91051998797911        0.00000000    
   535.05373565598120        0.00000000    
   535.19695132398328        0.00000000    
   535.34016699198537        0.00000000    
   535.48338265998746        0.00000000    
   535.62659832798954        0.00000000    
   535.76981399599163        0.00000000    
   535.91302966399371        0.00000000    
   536.05624533199580        0.00000000    
   536.19946099999788        0.00000000    
   536.34267666799997        0.00000000    
   536.48589233600205        0.00000000    
   536.62910800400414        0.00000000    
   536.77232367200622        0.00000000    
   536.91553934000831        0.00000000    
   537.05875500801039        0.00000000    
   537.20197067601248        0.00000000    
   537.34518634401456        0.00000000    
   537.48840201201665        0.00000000    
   537.63161768001873        0.00000000    
   537.77483334802082        0.00000000    
   537.91804901602291        0.00000000    
   538.06126468402499        0.00000000    
   538.20448035202708        0.00000000    
   538.34769602002916        0.00000000    
   538.49091168803125        0.00000000    
   538.63412735603333        0.00000000    
   538.77734302403542        0.00000000    
   538.92055869203750        0.00000000    
   539.06377436003959        0.00000000    
   539.20699002804167        0.00000000    
   539.35020569604376        0.00000000    
   539.49342136404584        0.00000000    
   539.63663703204793        0.00000000    
   539.77985270005001        0.00000000    
   539.92306836805210        0.00000000    
   540.06628403605418        0.00000000    
   540.20949970405627        0.00000000    
   540.35271537205836        0.00000000    
   540.49593104006044        0.00000000    
   540.63914670806253        0.00000000    
   540.78236237606461        0.00000000    
   540.92557804406670        0.00000000    
   541.06879371206878        0.00000000    
   541.21200938007087        0.00000000    
   541.35522504807295        0.00000000    
   541.49844071607504        0.00000000    
   541.64165638407712        0.00000000    
   541.78487205207921        0.00000000    
   541.92808772008129        0.00000000    
   542.07130338808338        0.00000000    
   542.21451905608546        0.00000000    
   542.35773472408755        0.00000000    
   542.50095039208963        0.00000000    
   542.64416606009172        0.00000000    
   542.78738172809381        0.00000000    
   542.93059739609589        0.00000000    
   543.07381306409798        0.00000000    
   543.21702873210006        0.00000000    
   543.36024440010215        0.00000000    
   543.50346006810423        0.00000000    
   543.64667573610632        0.00000000    
   543.78989140410840        0.00000000    
   543.93310707211049        0.00000000    
   544.07632274011257        0.00000000    
   544.21953840811466        0.00000000    
   544.36275407611674        0.00000000    
   544.50596974411883        0.00000000    
   544.64918541212091        0.00000000    
   544.79240108012300        0.00000000    
   544.93561674812508        0.00000000    
   545.07883241612717        0.00000000    
   545.22204808412926        0.00000000    
   545.36526375213134        0.00000000    
   545.50847942013343        0.00000000    
   545.65169508813551        0.00000000    
   545.79491075613760        0.00000000    
   545.93812642413968        0.00000000    
   546.08134209214177        0.00000000    
   546.22455776014385        0.00000000    
   546.36777342814594        0.00000000    
   546.51098909614802        0.00000000    
   546.65420476415011        0.00000000    
   546.79742043215219        0.00000000    
   546.94063610015428        0.00000000    
   547.08385176815636        0.00000000    
   547.22706743615845        0.00000000    
   547.37028310416054        0.00000000    
   547.51349877216262        0.00000000    
   547.65671444016471        0.00000000    
   547.79993010816679        0.00000000    
   547.94314577616888        0.00000000    
   548.08636144417096        0.00000000    
   548.22957711217305        0.00000000    
   548.37279278017513        0.00000000    
   548.51600844817722        0.00000000    
   548.65922411617930        0.00000000    
   548.80243978418139        0.00000000    
   548.94565545218347        0.00000000    
   549.08887112018556        0.00000000    
   549.23208678818764        0.00000000    
   549.37530245618973        0.00000000    
   549.51851812419181        0.00000000    
   549.66173379219390        0.00000000    
   549.80494946019599        0.00000000    
   549.94816512819807        0.00000000    
   550.09138079620016        0.00000000    
   550.23459646420224        0.00000000    
   550.37781213220433        0.00000000    
   550.52102780020641        0.00000000    
   550.66424346820850        0.00000000    
   550.80745913621058        0.00000000    
   550.95067480421267        0.00000000    
   551.09389047221475        0.00000000    
   551.23710614021684        0.00000000    
   551.38032180821892        0.00000000    
   551.52353747622101        0.00000000    
   551.66675314422309        0.00000000    
   551.80996881222518        0.00000000    
   551.95318448022726        0.00000000    
   552.09640014822935        0.00000000    
   552.23961581623144        0.00000000    
   552.38283148423352        0.00000000    
   552.52604715223561        0.00000000    
   552.66926282023769        0.00000000    
   552.81247848823978        0.00000000    
   552.95569415624186        0.00000000    
   553.09890982424395        0.00000000    
   553.24212549224603        0.00000000    
   553.38534116024812        0.00000000    
   553.52855682825020        0.00000000    
   553.67177249625229        0.00000000    
   553.81498816425437        0.00000000    
   553.95820383225646        0.00000000    
   554.10141950025854        0.00000000    
   554.24463516826063        0.00000000    
   554.38785083626271        0.00000000    
   554.53106650426480        0.00000000    
   554.67428217226689        0.00000000    
   554.81749784026897        0.00000000    
   554.96071350827106        0.00000000    
   555.10392917627314        0.00000000    
   555.24714484427523        0.00000000    
   555.39036051227731        0.00000000    
   555.53357618027940        0.00000000    
   555.67679184828148        0.00000000    
   555.82000751628357        0.00000000    
   555.96322318428565        0.00000000    
   556.10643885228774        0.00000000    
   556.24965452028982        0.00000000    
   556.39287018829191        0.00000000    
   556.53608585629399        0.00000000    
   556.67930152429608        0.00000000    
   556.82251719229816        0.00000000    
   556.96573286030025        0.00000000    
   557.10894852830234        0.00000000    
   557.25216419630442        0.00000000    
   557.39537986430651        0.00000000    
   557.53859553230859        0.00000000    
   557.68181120031068        0.00000000    
   557.82502686831276        0.00000000    
   557.96824253631485        0.00000000    
   558.11145820431693        0.00000000    
   558.25467387231902        0.00000000    
   558.39788954032110        0.00000000    
   558.54110520832319        0.00000000    
   558.68432087632527        0.00000000    
   558.82753654432736        0.00000000    
   558.97075221232944        0.00000000    
   559.11396788033153        0.00000000    
   559.25718354833361        0.00000000    
   559.40039921633570        0.00000000    
   559.54361488433779        0.00000000    
   559.68683055233987        0.00000000    
   559.83004622034196        0.00000000    
   559.97326188834404        0.00000000    
   560.11647755634613        0.00000000    
   560.25969322434821        0.00000000    
   560.40290889235030        0.00000000    
   560.54612456035238        0.00000000    
   560.68934022835447        0.00000000    
   560.83255589635655        0.00000000    
   560.97577156435864        0.00000000    
   561.11898723236072        0.00000000    
   561.26220290036281        0.00000000    
   561.40541856836489        0.00000000    
   561.54863423636698        0.00000000    
   561.69184990436906        0.00000000    
   561.83506557237115        0.00000000    
   561.97828124037324        0.00000000    
   562.12149690837532        0.00000000    
   562.26471257637741        0.00000000    
   562.40792824437949        0.00000000    
   562.55114391238158        0.00000000    
   562.69435958038366        0.00000000    
   562.83757524838575        0.00000000    
   562.98079091638783        0.00000000    
   563.12400658438992        0.00000000    
   563.26722225239200        0.00000000    
   563.41043792039409        0.00000000    
   563.55365358839617        0.00000000    
   563.69686925639826        0.00000000    
   563.84008492440034        0.00000000    
   563.98330059240243        0.00000000    
   564.12651626040451        0.00000000    
   564.26973192840660        0.00000000    
   564.41294759640869        0.00000000    
   564.55616326441077        0.00000000    
   564.69937893241286        0.00000000    
   564.84259460041494        0.00000000    
   564.98581026841703        0.00000000    
   565.12902593641911        0.00000000    
   565.27224160442120        0.00000000    
   565.41545727242328        0.00000000    
   565.55867294042537        0.00000000    
   565.70188860842745        0.00000000    
   565.84510427642954        0.00000000    
   565.98831994443162        0.00000000    
   566.13153561243371        0.00000000    
   566.27475128043579        0.00000000    
   566.41796694843788        0.00000000    
   566.56118261643996        0.00000000    
   566.70439828444205        0.00000000    
   566.84761395244414        0.00000000    
   566.99082962044622        0.00000000    
   567.13404528844831        0.00000000    
   567.27726095645039        0.00000000    
   567.42047662445248        0.00000000    
   567.56369229245456        0.00000000    
   567.70690796045665        0.00000000    
   567.85012362845873        0.00000000    
   567.99333929646082        0.00000000    
   568.13655496446290        0.00000000    
   568.27977063246499        0.00000000    
   568.42298630046707        0.00000000    
   568.56620196846916        0.00000000    
   568.70941763647124        0.00000000    
   568.85263330447333        0.00000000    
   568.99584897247541        0.00000000    
   569.13906464047750        0.00000000    
   569.28228030847959        0.00000000    
   569.42549597648167        0.00000000    
   569.56871164448376        0.00000000    
   569.71192731248584        0.00000000    
   569.85514298048793        0.00000000    
   569.99835864849001        0.00000000    
   570.14157431649210        0.00000000    
   570.28478998449418        0.00000000    
   570.42800565249627        0.00000000    
   570.57122132049835        0.00000000    
   570.71443698850044        0.00000000    
   570.85765265650252        0.00000000    
   571.00086832450461        0.00000000    
   571.14408399250669        0.00000000    
   571.28729966050878        0.00000000    
   571.43051532851086        0.00000000    
   571.57373099651295        0.00000000    
   571.71694666451504        0.00000000    
   571.86016233251712        0.00000000    
   572.00337800051921        0.00000000    
   572.14659366852129        0.00000000    
   572.28980933652338        0.00000000    
   572.43302500452546        0.00000000    
   572.57624067252755        0.00000000    
   572.71945634052963        0.00000000    
   572.86267200853172        0.00000000    
   573.00588767653380        0.00000000    
   573.14910334453589        0.00000000    
   573.29231901253797        0.00000000    
   573.43553468054006        0.00000000    
   573.57875034854214        0.00000000    
   573.72196601654423        0.00000000    
   573.86518168454631        0.00000000    
   574.00839735254840        0.00000000    
   574.15161302055049        0.00000000    
   574.29482868855257        0.00000000    
   574.43804435655466        0.00000000    
   574.58126002455674        0.00000000    
   574.72447569255883        0.00000000    
   574.86769136056091        0.00000000    
   575.01090702856300        0.00000000    
   575.15412269656508        0.00000000    
   575.29733836456717        0.00000000    
   575.44055403256925        0.00000000    
   575.58376970057134        0.00000000    
   575.72698536857342        0.00000000    
   575.87020103657551        0.00000000    
   576.01341670457759        0.00000000    
   576.15663237257968        0.00000000    
   576.29984804058176        0.00000000    
   576.44306370858385        0.00000000    
   576.58627937658594        0.00000000    
   576.72949504458802        0.00000000    
   576.87271071259011        0.00000000    
   577.01592638059219        0.00000000    
   577.15914204859428        0.00000000    
   577.30235771659636        0.00000000    
   577.44557338459845        0.00000000    
   577.58878905260053        0.00000000    
   577.73200472060262        0.00000000    
   577.87522038860470        0.00000000    
   578.01843605660679        0.00000000    
   578.16165172460887        0.00000000    
   578.30486739261096        0.00000000    
   578.44808306061304        0.00000000    
   578.59129872861513        0.00000000    
   578.73451439661721        0.00000000    
   578.87773006461930        0.00000000    
   579.02094573262139        0.00000000    
   579.16416140062347        0.00000000    
   579.30737706862556        0.00000000    
   579.45059273662764        0.00000000    
   579.59380840462973        0.00000000    
   579.73702407263181        0.00000000    
   579.88023974063390        0.00000000    
   580.02345540863598        0.00000000    
   580.16667107663807        0.00000000    
   580.30988674464015        0.00000000    
   580.45310241264224        0.00000000    
   580.59631808064432        0.00000000    
   580.73953374864641        0.00000000    
   580.88274941664849        0.00000000    
   581.02596508465058        0.00000000    
   581.16918075265266        0.00000000    
   581.31239642065475        0.00000000    
   581.45561208865684        0.00000000    
   581.59882775665892        0.00000000    
   581.74204342466101        0.00000000    
   581.88525909266309        0.00000000    
   582.02847476066518        0.00000000    
   582.17169042866726        0.00000000    
   582.31490609666935        0.00000000    
   582.45812176467143        0.00000000    
   582.60133743267352        0.00000000    
   582.74455310067560        0.00000000    
   582.88776876867769        0.00000000    
   583.03098443667977        0.00000000    
   583.17420010468186        0.00000000    
   583.31741577268394        0.00000000    
   583.46063144068603        0.00000000    
   583.60384710868811        0.00000000    
   583.74706277669020        0.00000000    
   583.89027844469229        0.00000000    
   584.03349411269437        0.00000000    
   584.17670978069646        0.00000000    
   584.31992544869854        0.00000000    
   584.46314111670063        0.00000000    
   584.60635678470271        0.00000000    
   584.74957245270480        0.00000000    
   584.89278812070688        0.00000000    
   585.03600378870897        0.00000000    
   585.17921945671105        0.00000000    
   585.32243512471314        0.00000000    
   585.46565079271522        0.00000000    
   585.60886646071731        0.00000000    
   585.75208212871939        0.00000000    
   585.89529779672148        0.00000000    
   586.03851346472356        0.00000000    
   586.18172913272565        0.00000000    
   586.32494480072774        0.00000000    
   586.46816046872982        0.00000000    
   586.61137613673191        0.00000000    
   586.75459180473399        0.00000000    
   586.89780747273608        0.00000000    
   587.04102314073816        0.00000000    
   587.18423880874025        0.00000000    
   587.32745447674233        0.00000000    
   587.47067014474442        0.00000000    
   587.61388581274650        0.00000000    
   587.75710148074859        0.00000000    
   587.90031714875067        0.00000000    
   588.04353281675276        0.00000000    
   588.18674848475484        0.00000000    
   588.32996415275693        0.00000000    
   588.47317982075901        0.00000000    
   588.61639548876110        0.00000000    
   588.75961115676319        0.00000000    
   588.90282682476527        0.00000000    
   589.04604249276736        0.00000000    
   589.18925816076944        0.00000000    
   589.33247382877153        0.00000000    
   589.47568949677361        0.00000000    
   589.61890516477570        0.00000000    
   589.76212083277778        0.00000000    
   589.90533650077987        0.00000000    
   590.04855216878195        0.00000000    
   590.19176783678404        0.00000000    
   590.33498350478612        0.00000000    
   590.47819917278821        0.00000000    
   590.62141484079029        0.00000000    
   590.76463050879238        0.00000000    
   590.90784617679446        0.00000000    
   591.05106184479655        0.00000000    
   591.19427751279864        0.00000000    
   591.33749318080072        0.00000000    
   591.48070884880281        0.00000000    
   591.62392451680489        0.00000000    
   591.76714018480698        0.00000000    
   591.91035585280906        0.00000000    
   592.05357152081115        0.00000000    
   592.19678718881323        0.00000000    
   592.34000285681532        0.00000000    
   592.48321852481740        0.00000000    
   592.62643419281949        0.00000000    
   592.76964986082157        0.00000000    
   592.91286552882366        0.00000000    
   593.05608119682574        0.00000000    
   593.19929686482783        0.00000000    
   593.34251253282991        0.00000000    
   593.48572820083200        0.00000000    
   593.62894386883409        0.00000000    
   593.77215953683617        0.00000000    
   593.91537520483826        0.00000000    
   594.05859087284034        0.00000000    
   594.20180654084243        0.00000000    
   594.34502220884451        0.00000000    
   594.48823787684660        0.00000000    
   594.63145354484868        0.00000000    
   594.77466921285077        0.00000000    
   594.91788488085285        0.00000000    
   595.06110054885494        0.00000000    
   595.20431621685702        0.00000000    
   595.34753188485911        0.00000000    
   595.49074755286119        0.00000000    
   595.63396322086328        0.00000000    
   595.77717888886536        0.00000000    
   595.92039455686745        0.00000000    
   596.06361022486954        0.00000000    
   596.20682589287162        0.00000000    
   596.35004156087371        0.00000000    
   596.49325722887579        0.00000000    
   596.63647289687788        0.00000000    
   596.77968856487996        0.00000000    
   596.92290423288205        0.00000000    
   597.06611990088413        0.00000000    
   597.20933556888622        0.00000000    
   597.35255123688830        0.00000000    
   597.49576690489039        0.00000000    
   597.63898257289247        0.00000000    
   597.78219824089456        0.00000000    
   597.92541390889664        0.00000000    
   598.06862957689873        0.00000000    
   598.21184524490081        0.00000000    
   598.35506091290290        0.00000000    
   598.49827658090499        0.00000000    
   598.64149224890707        0.00000000    
   598.78470791690916        0.00000000    
   598.92792358491124        0.00000000    
   599.07113925291333        0.00000000    
   599.21435492091541        0.00000000    
   599.35757058891750        0.00000000    
   599.50078625691958        0.00000000    
   599.64400192492167        0.00000000    
   599.78721759292375        0.00000000    
   599.93043326092584        0.00000000    
   600.07364892892792        0.00000000    
   600.21686459693001        0.00000000    
   600.36008026493209        0.00000000    
   600.50329593293418        0.00000000    
   600.64651160093626        0.00000000    
   600.78972726893835        0.00000000    
   600.93294293694044        0.00000000    
   601.07615860494252        0.00000000    
   601.21937427294461        0.00000000    
   601.36258994094669        0.00000000    
   601.50580560894878        0.00000000    
   601.64902127695086        0.00000000    
   601.79223694495295        0.00000000    
   601.93545261295503        0.00000000    
   602.07866828095712        0.00000000    
   602.22188394895920        0.00000000    
   602.36509961696129        0.00000000    
   602.50831528496337        0.00000000    
   602.65153095296546        0.00000000    
   602.79474662096754        0.00000000    
   602.93796228896963        0.00000000    
   603.08117795697171        0.00000000    
   603.22439362497380        0.00000000    
   603.36760929297589        0.00000000    
   603.51082496097797        0.00000000    
   603.65404062898006        0.00000000    
   603.79725629698214        0.00000000    
   603.94047196498423        0.00000000    
   604.08368763298631        0.00000000    
   604.22690330098840        0.00000000    
   604.37011896899048        0.00000000    
   604.51333463699257        0.00000000    
   604.65655030499465        0.00000000    
   604.79976597299674        0.00000000    
   604.94298164099882        0.00000000    
   605.08619730900091        0.00000000    
   605.22941297700299        0.00000000    
   605.37262864500508        0.00000000    
   605.51584431300716        0.00000000    
   605.65905998100925        0.00000000    
   605.80227564901134        0.00000000    
   605.94549131701342        0.00000000    
   606.08870698501551        0.00000000    
   606.23192265301759        0.00000000    
   606.37513832101968        0.00000000    
   606.51835398902176        0.00000000    
   606.66156965702385        0.00000000    
   606.80478532502593        0.00000000    
   606.94800099302802        0.00000000    
   607.09121666103010        0.00000000    
   607.23443232903219        0.00000000    
   607.37764799703427        0.00000000    
   607.52086366503636        0.00000000    
   607.66407933303844        0.00000000    
   607.80729500104053        0.00000000    
   607.95051066904261        0.00000000    
   608.09372633704470        0.00000000    
   608.23694200504679        0.00000000    
   608.38015767304887        0.00000000    
   608.52337334105096        0.00000000    
   608.66658900905304        0.00000000    
   608.80980467705513        0.00000000    
   608.95302034505721        0.00000000    
   609.09623601305930        0.00000000    
   609.23945168106138        0.00000000    
   609.38266734906347        0.00000000    
   609.52588301706555        0.00000000    
   609.66909868506764        0.00000000    
   609.81231435306972        0.00000000    
   609.95553002107181        0.00000000    
   610.09874568907389        0.00000000    
   610.24196135707598        0.00000000    
   610.38517702507806        0.00000000    
   610.52839269308015        0.00000000    
   610.67160836108224        0.00000000    
   610.81482402908432        0.00000000    
   610.95803969708641        0.00000000    
   611.10125536508849        0.00000000    
   611.24447103309058        0.00000000    
   611.38768670109266        0.00000000    
   611.53090236909475        0.00000000    
   611.67411803709683        0.00000000    
   611.81733370509892        0.00000000    
   611.96054937310100        0.00000000    
   612.10376504110309        0.00000000    
   612.24698070910517        0.00000000    
   612.39019637710726        0.00000000    
   612.53341204510934        0.00000000    
   612.67662771311143        0.00000000    
   612.81984338111351        0.00000000    
   612.96305904911560        0.00000000    
   613.10627471711769        0.00000000    
   613.24949038511977        0.00000000    
   613.39270605312186        0.00000000    
   613.53592172112394        0.00000000    
   613.67913738912603        0.00000000    
   613.82235305712811        0.00000000    
   613.96556872513020        0.00000000    
   614.10878439313228        0.00000000    
   614.25200006113437        0.00000000    
   614.39521572913645        0.00000000    
   614.53843139713854        0.00000000    
   614.68164706514062        0.00000000    
   614.82486273314271        0.00000000    
   614.96807840114479        0.00000000    
   615.11129406914688        0.00000000    
   615.25450973714896        0.00000000    
   615.39772540515105        0.00000000    
   615.54094107315314        0.00000000    
   615.68415674115522        0.00000000    
   615.82737240915731        0.00000000    
   615.97058807715939        0.00000000    
   616.11380374516148        0.00000000    
   616.25701941316356        0.00000000    
   616.40023508116565        0.00000000    
   616.54345074916773        0.00000000    
   616.68666641716982        0.00000000    
   616.82988208517190        0.00000000    
   616.97309775317399        0.00000000    
   617.11631342117607        0.00000000    
   617.25952908917816        0.00000000    
   617.40274475718024        0.00000000    
   617.54596042518233        0.00000000    
   617.68917609318441        0.00000000    
   617.83239176118650        0.00000000    
   617.97560742918859        0.00000000    
   618.11882309719067        0.00000000    
   618.26203876519276        0.00000000    
   618.40525443319484        0.00000000    
   618.54847010119693        0.00000000    
   618.69168576919901        0.00000000    
   618.83490143720110        0.00000000    
   618.97811710520318        0.00000000    
   619.12133277320527        0.00000000    
   619.26454844120735        0.00000000    
   619.40776410920944        0.00000000    
   619.55097977721152        0.00000000    
   619.69419544521361        0.00000000    
   619.83741111321569        0.00000000    
   619.98062678121778        0.00000000    
   620.12384244921986        0.00000000    
   620.26705811722195        0.00000000    
   620.41027378522404        0.00000000    
   620.55348945322612        0.00000000    
   620.69670512122821        0.00000000    
   620.83992078923029        0.00000000    
   620.98313645723238        0.00000000    
   621.12635212523446        0.00000000    
   621.26956779323655        0.00000000    
   621.41278346123863        0.00000000    
   621.55599912924072        0.00000000    
   621.69921479724280        0.00000000    
   621.84243046524489        0.00000000    
   621.98564613324697        0.00000000    
   622.12886180124906        0.00000000    
   622.27207746925114        0.00000000    
   622.41529313725323        0.00000000    
   622.55850880525531        0.00000000    
   622.70172447325740        0.00000000    
   622.84494014125949        0.00000000    
   622.98815580926157        0.00000000    
   623.13137147726366        0.00000000    
   623.27458714526574        0.00000000    
   623.41780281326783        0.00000000    
   623.56101848126991        0.00000000    
   623.70423414927200        0.00000000    
   623.84744981727408        0.00000000    
   623.99066548527617        0.00000000    
   624.13388115327825        0.00000000    
   624.27709682128034        0.00000000    
   624.42031248928242        0.00000000    
   624.56352815728451        0.00000000    
   624.70674382528659        0.00000000    
   624.84995949328868        0.00000000    
   624.99317516129076        0.00000000    
   625.13639082929285        0.00000000    
   625.27960649729494        0.00000000    
   625.42282216529702        0.00000000    
   625.56603783329911        0.00000000    
   625.70925350130119        0.00000000    
   625.85246916930328        0.00000000    
   625.99568483730536        0.00000000    
   626.13890050530745        0.00000000    
   626.28211617330953        0.00000000    
   626.42533184131162        0.00000000    
   626.56854750931370        0.00000000    
   626.71176317731579        0.00000000    
   626.85497884531787        0.00000000    
   626.99819451331996        0.00000000    
   627.14141018132204        0.00000000    
   627.28462584932413        0.00000000    
   627.42784151732621        0.00000000    
   627.57105718532830        0.00000000    
   627.71427285333039        0.00000000    
   627.85748852133247        0.00000000    
   628.00070418933456        0.00000000    
   628.14391985733664        0.00000000    
   628.28713552533873        0.00000000    
   628.43035119334081        0.00000000    
   628.57356686134290        0.00000000    
   628.71678252934498        0.00000000    
   628.85999819734707        0.00000000    
   629.00321386534915        0.00000000    
   629.14642953335124        0.00000000    
   629.28964520135332        0.00000000    
   629.43286086935541        0.00000000    
   629.57607653735749        0.00000000    
   629.71929220535958        0.00000000    
   629.86250787336166        0.00000000    
   630.00572354136375        0.00000000    
   630.14893920936584        0.00000000    
   630.29215487736792        0.00000000    
   630.43537054537001        0.00000000    
   630.57858621337209        0.00000000    
   630.72180188137418        0.00000000    
   630.86501754937626        0.00000000    
   631.00823321737835        0.00000000    
   631.15144888538043        0.00000000    
   631.29466455338252        0.00000000    
   631.43788022138460        0.00000000    
   631.58109588938669        0.00000000    
   631.72431155738877        0.00000000    
   631.86752722539086        0.00000000    
   632.01074289339294        0.00000000    
   632.15395856139503        0.00000000    
   632.29717422939711        0.00000000    
   632.44038989739920        0.00000000    
   632.58360556540129        0.00000000    
   632.72682123340337        0.00000000    
   632.87003690140546        0.00000000    
   633.01325256940754        0.00000000    
   633.15646823740963        0.00000000    
   633.29968390541171        0.00000000    
   633.44289957341380        0.00000000    
   633.58611524141588        0.00000000    
   633.72933090941797        0.00000000    
   633.87254657742005        0.00000000    
   634.01576224542214        0.00000000    
   634.15897791342422        0.00000000    
   634.30219358142631        0.00000000    
   634.44540924942839        0.00000000    
   634.58862491743048        0.00000000    
   634.73184058543256        0.00000000    
   634.87505625343465        0.00000000    
   635.01827192143674        0.00000000    
   635.16148758943882        0.00000000    
   635.30470325744091        0.00000000    
   635.44791892544299        0.00000000    
   635.59113459344508        0.00000000    
   635.73435026144716        0.00000000    
   635.87756592944925        0.00000000    
   636.02078159745133        0.00000000    
   636.16399726545342        0.00000000    
   636.30721293345550        0.00000000    
   636.45042860145759        0.00000000    
   636.59364426945967        0.00000000    
   636.73685993746176        0.00000000    
   636.88007560546384        0.00000000    
   637.02329127346593        0.00000000    
   637.16650694146801        0.00000000    
   637.30972260947010        0.00000000    
   637.45293827747219        0.00000000    
   637.59615394547427        0.00000000    
   637.73936961347636        0.00000000    
   637.88258528147844        0.00000000    
   638.02580094948053        0.00000000    
   638.16901661748261        0.00000000    
   638.31223228548470        0.00000000    
   638.45544795348678        0.00000000    
   638.59866362148887        0.00000000    
   638.74187928949095        0.00000000    
   638.88509495749304        0.00000000    
   639.02831062549512        0.00000000    
   639.17152629349721        0.00000000    
   639.31474196149929        0.00000000    
   639.45795762950138        0.00000000    
   639.60117329750346        0.00000000    
   639.74438896550555        0.00000000    
   639.88760463350764        0.00000000    
   640.03082030150972        0.00000000    
   640.17403596951181        0.00000000    
   640.31725163751389        0.00000000    
   640.46046730551598        0.00000000    
   640.60368297351806        0.00000000    
   640.74689864152015        0.00000000    
   640.89011430952223        0.00000000    
   641.03332997752432        0.00000000    
   641.17654564552640        0.00000000    
   641.31976131352849        0.00000000    
   641.46297698153057        0.00000000    
   641.60619264953266        0.00000000    
   641.74940831753474        0.00000000    
   641.89262398553683        0.00000000    
   642.03583965353891        0.00000000    
   642.17905532154100        0.00000000    
   642.32227098954309        0.00000000    
   642.46548665754517        0.00000000    
   642.60870232554726        0.00000000    
   642.75191799354934        0.00000000    
   642.89513366155143        0.00000000    
   643.03834932955351        0.00000000    
   643.18156499755560        0.00000000    
   643.32478066555768        0.00000000    
   643.46799633355977        0.00000000    
   643.61121200156185        0.00000000    
   643.75442766956394        0.00000000    
   643.89764333756602        0.00000000    
   644.04085900556811        0.00000000    
   644.18407467357019        0.00000000    
   644.32729034157228        0.00000000    
   644.47050600957436        0.00000000    
   644.61372167757645        0.00000000    
   644.75693734557854        0.00000000    
   644.90015301358062        0.00000000    
   645.04336868158271        0.00000000    
   645.18658434958479        0.00000000    
   645.32980001758688        0.00000000    
   645.47301568558896        0.00000000    
   645.61623135359105        0.00000000    
   645.75944702159313        0.00000000    
   645.90266268959522        0.00000000    
   646.04587835759730        0.00000000    
   646.18909402559939        0.00000000    
   646.33230969360147        0.00000000    
   646.47552536160356        0.00000000    
   646.61874102960564        0.00000000    
   646.76195669760773        0.00000000    
   646.90517236560981        0.00000000    
   647.04838803361190        0.00000000    
   647.19160370161399        0.00000000    
   647.33481936961607        0.00000000    
   647.47803503761816        0.00000000    
   647.62125070562024        0.00000000    
   647.76446637362233        0.00000000    
   647.90768204162441        0.00000000    
   648.05089770962650        0.00000000    
   648.19411337762858        0.00000000    
   648.33732904563067        0.00000000    
   648.48054471363275        0.00000000    
   648.62376038163484        0.00000000    
   648.76697604963692        0.00000000    
   648.91019171763901        0.00000000    
   649.05340738564109        0.00000000    
   649.19662305364318        0.00000000    
   649.33983872164526        0.00000000    
   649.48305438964735        0.00000000    
   649.62627005764944        0.00000000    
   649.76948572565152        0.00000000    
   649.91270139365361        0.00000000    
   650.05591706165569        0.00000000    
   650.19913272965778        0.00000000    
   650.34234839765986        0.00000000    
   650.48556406566195        0.00000000    
   650.62877973366403        0.00000000    
   650.77199540166612        0.00000000    
   650.91521106966820        0.00000000    
   651.05842673767029        0.00000000    
   651.20164240567237        0.00000000    
   651.34485807367446        0.00000000    
   651.48807374167654        0.00000000    
   651.63128940967863        0.00000000    
   651.77450507768071        0.00000000    
   651.91772074568280        0.00000000    
   652.06093641368489        0.00000000    
   652.20415208168697        0.00000000    
   652.34736774968906        0.00000000    
   652.49058341769114        0.00000000    
   652.63379908569323        0.00000000    
   652.77701475369531        0.00000000    
   652.92023042169740        0.00000000    
   653.06344608969948        0.00000000    
   653.20666175770157        0.00000000    
   653.34987742570365        0.00000000    
   653.49309309370574        0.00000000    
   653.63630876170782        0.00000000    
   653.77952442970991        0.00000000    
   653.92274009771199        0.00000000    
   654.06595576571408        0.00000000    
   654.20917143371616        0.00000000    
   654.35238710171825        0.00000000    
   654.49560276972034        0.00000000    
   654.63881843772242        0.00000000    
   654.78203410572451        0.00000000    
   654.92524977372659        0.00000000    
   655.06846544172868        0.00000000    
   655.21168110973076        0.00000000    
   655.35489677773285        0.00000000    
   655.49811244573493        0.00000000    
   655.64132811373702        0.00000000    
   655.78454378173910        0.00000000    
   655.92775944974119        0.00000000    
   656.07097511774327        0.00000000    
   656.21419078574536        0.00000000    
   656.35740645374744        0.00000000    
   656.50062212174953        0.00000000    
   656.64383778975161        0.00000000    
   656.78705345775370        0.00000000    
   656.93026912575579        0.00000000    
   657.07348479375787        0.00000000    
   657.21670046175996        0.00000000    
   657.35991612976204        0.00000000    
   657.50313179776413        0.00000000    
   657.64634746576621        0.00000000    
   657.78956313376830        0.00000000    
   657.93277880177038        0.00000000    
   658.07599446977247        0.00000000    
   658.21921013777455        0.00000000    
   658.36242580577664        0.00000000    
   658.50564147377872        0.00000000    
   658.64885714178081        0.00000000    
   658.79207280978289        0.00000000    
   658.93528847778498        0.00000000    
   659.07850414578706        0.00000000    
   659.22171981378915        0.00000000    
   659.36493548179124        0.00000000    
   659.50815114979332        0.00000000    
   659.65136681779541        0.00000000    
   659.79458248579749        0.00000000    
   659.93779815379958        0.00000000    
   660.08101382180166        0.00000000    
   660.22422948980375        0.00000000    
   660.36744515780583        0.00000000    
   660.51066082580792        0.00000000    
   660.65387649381000        0.00000000    
   660.79709216181209        0.00000000    
   660.94030782981417        0.00000000    
   661.08352349781626        0.00000000    
   661.22673916581834        0.00000000    
   661.36995483382043        0.00000000    
   661.51317050182251        0.00000000    
   661.65638616982460        0.00000000    
   661.79960183782669        0.00000000    
   661.94281750582877        0.00000000    
   662.08603317383086        0.00000000    
   662.22924884183294        0.00000000    
   662.37246450983503        0.00000000    
   662.51568017783711        0.00000000    
   662.65889584583920        0.00000000    
   662.80211151384128        0.00000000    
   662.94532718184337        0.00000000    
   663.08854284984545        0.00000000    
   663.23175851784754        0.00000000    
   663.37497418584962        0.00000000    
   663.51818985385171        0.00000000    
   663.66140552185379        0.00000000    
   663.80462118985588        0.00000000    
   663.94783685785796        0.00000000    
   664.09105252586005        0.00000000    
   664.23426819386214        0.00000000    
   664.37748386186422        0.00000000    
   664.52069952986631        0.00000000    
   664.66391519786839        0.00000000    
   664.80713086587048        0.00000000    
   664.95034653387256        0.00000000    
   665.09356220187465        0.00000000    
   665.23677786987673        0.00000000    
   665.37999353787882        0.00000000    
   665.52320920588090        0.00000000    
   665.66642487388299        0.00000000    
   665.80964054188507        0.00000000    
   665.95285620988716        0.00000000    
   666.09607187788924        0.00000000    
   666.23928754589133        0.00000000    
   666.38250321389341        0.00000000    
   666.52571888189550        0.00000000    
   666.66893454989759        0.00000000    
   666.81215021789967        0.00000000    
   666.95536588590176        0.00000000    
   667.09858155390384        0.00000000    
   667.24179722190593        0.00000000    
   667.38501288990801        0.00000000    
   667.52822855791010        0.00000000    
   667.67144422591218        0.00000000    
   667.81465989391427        0.00000000    
   667.95787556191635        0.00000000    
   668.10109122991844        0.00000000    
   668.24430689792052        0.00000000    
   668.38752256592261        0.00000000    
   668.53073823392469        0.00000000    
   668.67395390192678        0.00000000    
   668.81716956992886        0.00000000    
   668.96038523793095        0.00000000    
   669.10360090593304        0.00000000    
   669.24681657393512        0.00000000    
   669.39003224193721        0.00000000    
   669.53324790993929        0.00000000    
   669.67646357794138        0.00000000    
   669.81967924594346        0.00000000    
   669.96289491394555        0.00000000    
   670.10611058194763        0.00000000    
   670.24932624994972        0.00000000    
   670.39254191795180        0.00000000    
   670.53575758595389        0.00000000    
   670.67897325395597        0.00000000    
   670.82218892195806        0.00000000    
   670.96540458996014        0.00000000    
   671.10862025796223        0.00000000    
   671.25183592596431        0.00000000    
   671.39505159396640        0.00000000    
   671.53826726196849        0.00000000    
   671.68148292997057        0.00000000    
   671.82469859797266        0.00000000    
   671.96791426597474        0.00000000    
   672.11112993397683        0.00000000    
   672.25434560197891        0.00000000    
   672.39756126998100        0.00000000    
   672.54077693798308        0.00000000    
   672.68399260598517        0.00000000    
   672.82720827398725        0.00000000    
   672.97042394198934        0.00000000    
   673.11363960999142        0.00000000    
   673.25685527799351        0.00000000    
   673.40007094599559        0.00000000    
   673.54328661399768        0.00000000    
   673.68650228199976        0.00000000    
   673.82971795000185        0.00000000    
   673.97293361800394        0.00000000    
   674.11614928600602        0.00000000    
   674.25936495400811        0.00000000    
   674.40258062201019        0.00000000    
   674.54579629001228        0.00000000    
   674.68901195801436        0.00000000    
   674.83222762601645        0.00000000    
   674.97544329401853        0.00000000    
   675.11865896202062        0.00000000    
   675.26187463002270        0.00000000    
   675.40509029802479        0.00000000    
   675.54830596602687        0.00000000    
   675.69152163402896        0.00000000    
   675.83473730203104        0.00000000    
   675.97795297003313        0.00000000    
   676.12116863803521        0.00000000    
   676.26438430603730        0.00000000    
   676.40759997403939        0.00000000    
   676.55081564204147        0.00000000    
   676.69403131004356        0.00000000    
   676.83724697804564        0.00000000    
   676.98046264604773        0.00000000    
   677.12367831404981        0.00000000    
   677.26689398205190        0.00000000    
   677.41010965005398        0.00000000    
   677.55332531805607        0.00000000    
   677.69654098605815        0.00000000    
   677.83975665406024        0.00000000    
   677.98297232206232        0.00000000    
   678.12618799006441        0.00000000    
   678.26940365806649        0.00000000    
   678.41261932606858        0.00000000    
   678.55583499407066        0.00000000    
   678.69905066207275        0.00000000    
   678.84226633007484        0.00000000    
   678.98548199807692        0.00000000    
   679.12869766607901        0.00000000    
   679.27191333408109        0.00000000    
   679.41512900208318        0.00000000    
   679.55834467008526        0.00000000    
   679.70156033808735        0.00000000    
   679.84477600608943        0.00000000    
   679.98799167409152        0.00000000    
   680.13120734209360        0.00000000    
   680.27442301009569        0.00000000    
   680.41763867809777        0.00000000    
   680.56085434609986        0.00000000    
   680.70407001410194        0.00000000    
   680.84728568210403        0.00000000    
   680.99050135010611        0.00000000    
   681.13371701810820        0.00000000    
   681.27693268611029        0.00000000    
   681.42014835411237        0.00000000    
   681.56336402211446        0.00000000    
   681.70657969011654        0.00000000    
   681.84979535811863        0.00000000    
   681.99301102612071        0.00000000    
   682.13622669412280        0.00000000    
   682.27944236212488        0.00000000    
   682.42265803012697        0.00000000    
   682.56587369812905        0.00000000    
   682.70908936613114        0.00000000    
   682.85230503413322        0.00000000    
   682.99552070213531        0.00000000    
   683.13873637013739        0.00000000    
   683.28195203813948        0.00000000    
   683.42516770614156        0.00000000    
   683.56838337414365        0.00000000    
   683.71159904214574        0.00000000    
   683.85481471014782        0.00000000    
   683.99803037814991        0.00000000    
   684.14124604615199        0.00000000    
   684.28446171415408        0.00000000    
   684.42767738215616        0.00000000    
   684.57089305015825        0.00000000    
   684.71410871816033        0.00000000    
   684.85732438616242        0.00000000    
   685.00054005416450        0.00000000    
   685.14375572216659        0.00000000    
   685.28697139016867        0.00000000    
   685.43018705817076        0.00000000    
   685.57340272617284        0.00000000    
   685.71661839417493        0.00000000    
   685.85983406217701        0.00000000    
   686.00304973017910        0.00000000    
   686.14626539818119        0.00000000    
   686.28948106618327        0.00000000    
   686.43269673418536        0.00000000    
   686.57591240218744        0.00000000    
   686.71912807018953        0.00000000    
   686.86234373819161        0.00000000    
   687.00555940619370        0.00000000    
   687.14877507419578        0.00000000    
   687.29199074219787        0.00000000    
   687.43520641019995        0.00000000    
   687.57842207820204        0.00000000    
   687.72163774620412        0.00000000    
   687.86485341420621        0.00000000    
   688.00806908220829        0.00000000    
   688.15128475021038        0.00000000    
   688.29450041821246        0.00000000    
   688.43771608621455        0.00000000    
   688.58093175421664        0.00000000    
   688.72414742221872        0.00000000    
   688.86736309022081        0.00000000    
   689.01057875822289        0.00000000    
   689.15379442622498        0.00000000    
   689.29701009422706        0.00000000    
   689.44022576222915        0.00000000    
   689.58344143023123        0.00000000    
   689.72665709823332        0.00000000    
   689.86987276623540        0.00000000    
   690.01308843423749        0.00000000    
   690.15630410223957        0.00000000    
   690.29951977024166        0.00000000    
   690.44273543824374        0.00000000    
   690.58595110624583        0.00000000    
   690.72916677424791        0.00000000    
   690.87238244225000        0.00000000    
   691.01559811025209        0.00000000    
   691.15881377825417        0.00000000    
   691.30202944625626        0.00000000    
   691.44524511425834        0.00000000    
   691.58846078226043        0.00000000    
   691.73167645026251        0.00000000    
   691.87489211826460        0.00000000    
   692.01810778626668        0.00000000    
   692.16132345426877        0.00000000    
   692.30453912227085        0.00000000    
   692.44775479027294        0.00000000    
   692.59097045827502        0.00000000    
   692.73418612627711        0.00000000    
   692.87740179427919        0.00000000    
   693.02061746228128        0.00000000    
   693.16383313028336        0.00000000    
   693.30704879828545        0.00000000    
   693.45026446628754        0.00000000    
   693.59348013428962        0.00000000    
   693.73669580229171        0.00000000    
   693.87991147029379        0.00000000    
   694.02312713829588        0.00000000    
   694.16634280629796        0.00000000    
   694.30955847430005        0.00000000    
   694.45277414230213        0.00000000    
   694.59598981030422        0.00000000    
   694.73920547830630        0.00000000    
   694.88242114630839        0.00000000    
   695.02563681431047        0.00000000    
   695.16885248231256        0.00000000    
   695.31206815031464        0.00000000    
   695.45528381831673        0.00000000    
   695.59849948631881        0.00000000    
   695.74171515432090        0.00000000    
   695.88493082232299        0.00000000    
   696.02814649032507        0.00000000    
   696.17136215832716        0.00000000    
   696.31457782632924        0.00000000    
   696.45779349433133        0.00000000    
   696.60100916233341        0.00000000    
   696.74422483033550        0.00000000    
   696.88744049833758        0.00000000    
   697.03065616633967        0.00000000    
   697.17387183434175        0.00000000    
   697.31708750234384        0.00000000    
   697.46030317034592        0.00000000    
   697.60351883834801        0.00000000    
   697.74673450635009        0.00000000    
   697.88995017435218        0.00000000    
   698.03316584235426        0.00000000    
   698.17638151035635        0.00000000    
   698.31959717835844        0.00000000    
   698.46281284636052        0.00000000    
   698.60602851436261        0.00000000    
   698.74924418236469        0.00000000    
   698.89245985036678        0.00000000    
   699.03567551836886        0.00000000    
   699.17889118637095        0.00000000    
   699.32210685437303        0.00000000    
   699.46532252237512        0.00000000    
   699.60853819037720        0.00000000    
   699.75175385837929        0.00000000    
   699.89496952638137        0.00000000    
   700.03818519438346        0.00000000    
   700.18140086238554        0.00000000    
   700.32461653038763        0.00000000    
   700.46783219838971        0.00000000    
   700.61104786639180        0.00000000    
   700.75426353439389        0.00000000    
   700.89747920239597        0.00000000    
   701.04069487039806        0.00000000    
   701.18391053840014        0.00000000    
   701.32712620640223        0.00000000    
   701.47034187440431        0.00000000    
   701.61355754240640        0.00000000    
   701.75677321040848        0.00000000    
   701.89998887841057        0.00000000    
   702.04320454641265        0.00000000    
   702.18642021441474        0.00000000    
   702.32963588241682        0.00000000    
   702.47285155041891        0.00000000    
   702.61606721842099        0.00000000    
   702.75928288642308        0.00000000    
   702.90249855442516        0.00000000    
   703.04571422242725        0.00000000    
   703.18892989042934        0.00000000    
   703.33214555843142        0.00000000    
   703.47536122643351        0.00000000    
   703.61857689443559        0.00000000    
   703.76179256243768        0.00000000    
   703.90500823043976        0.00000000    
   704.04822389844185        0.00000000    
   704.19143956644393        0.00000000    
   704.33465523444602        0.00000000    
   704.47787090244810        0.00000000    
   704.62108657045019        0.00000000    
   704.76430223845227        0.00000000    
   704.90751790645436        0.00000000    
   705.05073357445644        0.00000000    
   705.19394924245853        0.00000000    
   705.33716491046061        0.00000000    
   705.48038057846270        0.00000000    
   705.62359624646479        0.00000000    
   705.76681191446687        0.00000000    
   705.91002758246896        0.00000000    
   706.05324325047104        0.00000000    
   706.19645891847313        0.00000000    
   706.33967458647521        0.00000000    
   706.48289025447730        0.00000000    
   706.62610592247938        0.00000000    
   706.76932159048147        0.00000000    
   706.91253725848355        0.00000000    
   707.05575292648564        0.00000000    
   707.19896859448772        0.00000000    
   707.34218426248981        0.00000000    
   707.48539993049189        0.00000000    
   707.62861559849398        0.00000000    
   707.77183126649606        0.00000000    
   707.91504693449815        0.00000000    
   708.05826260250024        0.00000000    
   708.20147827050232        0.00000000    
   708.34469393850441        0.00000000    
   708.48790960650649        0.00000000    
   708.63112527450858        0.00000000    
   708.77434094251066        0.00000000    
   708.91755661051275        0.00000000    
   709.06077227851483        0.00000000    
   709.20398794651692        0.00000000    
   709.34720361451900        0.00000000    
   709.49041928252109        0.00000000    
   709.63363495052317        0.00000000    
   709.77685061852526        0.00000000    
   709.92006628652734        0.00000000    
   710.06328195452943        0.00000000    
   710.20649762253151        0.00000000    
   710.34971329053360        0.00000000    
   710.49292895853569        0.00000000    
   710.63614462653777        0.00000000    
   710.77936029453986        0.00000000    
   710.92257596254194        0.00000000    
   711.06579163054403        0.00000000    
   711.20900729854611        0.00000000    
   711.35222296654820        0.00000000    
   711.49543863455028        0.00000000    
   711.63865430255237        0.00000000    
   711.78186997055445        0.00000000    
   711.92508563855654        0.00000000    
   712.06830130655862        0.00000000    
   712.21151697456071        0.00000000    
   712.35473264256279        0.00000000    
   712.49794831056488        0.00000000    
   712.64116397856696        0.00000000    
   712.78437964656905        0.00000000    
   712.92759531457114        0.00000000    
   713.07081098257322        0.00000000    
   713.21402665057531        0.00000000    
   713.35724231857739        0.00000000    
   713.50045798657948        0.00000000    
   713.64367365458156        0.00000000    
   713.78688932258365        0.00000000    
   713.93010499058573        0.00000000    
   714.07332065858782        0.00000000    
   714.21653632658990        0.00000000    
   714.35975199459199        0.00000000    
   714.50296766259407        0.00000000    
   714.64618333059616        0.00000000    
   714.78939899859824        0.00000000    
   714.93261466660033        0.00000000    
   715.07583033460241        0.00000000    
   715.21904600260450        0.00000000    
   715.36226167060659        0.00000000    
   715.50547733860867        0.00000000    
   715.64869300661076        0.00000000    
   715.79190867461284        0.00000000    
   715.93512434261493        0.00000000    
   716.07834001061701        0.00000000    
   716.22155567861910        0.00000000    
   716.36477134662118        0.00000000    
   716.50798701462327        0.00000000    
   716.65120268262535        0.00000000    
   716.79441835062744        0.00000000    
   716.93763401862952        0.00000000    
   717.08084968663161        0.00000000    
   717.22406535463369        0.00000000    
   717.36728102263578        0.00000000    
   717.51049669063786        0.00000000    
   717.65371235863995        0.00000000    
   717.79692802664204        0.00000000    
   717.94014369464412        0.00000000    
   718.08335936264621        0.00000000    
   718.22657503064829        0.00000000    
   718.36979069865038        0.00000000    
   718.51300636665246        0.00000000    
   718.65622203465455        0.00000000    
   718.79943770265663        0.00000000    
   718.94265337065872        0.00000000    
   719.08586903866080        0.00000000    
   719.22908470666289        0.00000000    
   719.37230037466497        0.00000000    
   719.51551604266706        0.00000000    
   719.65873171066914        0.00000000    
   719.80194737867123        0.00000000    
   719.94516304667331        0.00000000    
   720.08837871467540        0.00000000    
   720.23159438267749        0.00000000    
   720.37481005067957        0.00000000    
   720.51802571868166        0.00000000    
   720.66124138668374        0.00000000    
   720.80445705468583        0.00000000    
   720.94767272268791        0.00000000    
   721.09088839069000        0.00000000    
   721.23410405869208        0.00000000    
   721.37731972669417        0.00000000    
   721.52053539469625        0.00000000    
   721.66375106269834        0.00000000    
   721.80696673070042        0.00000000    
   721.95018239870251        0.00000000    
   722.09339806670459        0.00000000    
   722.23661373470668        0.00000000    
   722.37982940270876        0.00000000    
   722.52304507071085        0.00000000    
   722.66626073871294        0.00000000    
   722.80947640671502        0.00000000    
   722.95269207471711        0.00000000    
   723.09590774271919        0.00000000    
   723.23912341072128        0.00000000    
   723.38233907872336        0.00000000    
   723.52555474672545        0.00000000    
   723.66877041472753        0.00000000    
   723.81198608272962        0.00000000    
   723.95520175073170        0.00000000    
   724.09841741873379        0.00000000    
   724.24163308673587        0.00000000    
   724.38484875473796        0.00000000    
   724.52806442274004        0.00000000    
   724.67128009074213        0.00000000    
   724.81449575874421        0.00000000    
   724.95771142674630        0.00000000    
   725.10092709474839        0.00000000    
   725.24414276275047        0.00000000    
   725.38735843075256        0.00000000    
   725.53057409875464        0.00000000    
   725.67378976675673        0.00000000    
   725.81700543475881        0.00000000    
   725.96022110276090        0.00000000    
   726.10343677076298        0.00000000    
   726.24665243876507        0.00000000    
   726.38986810676715        0.00000000    
   726.53308377476924        0.00000000    
   726.67629944277132        0.00000000    
   726.81951511077341        0.00000000    
   726.96273077877549        0.00000000    
   727.10594644677758        0.00000000    
   727.24916211477966        0.00000000    
   727.39237778278175        0.00000000    
   727.53559345078384        0.00000000    
   727.67880911878592        0.00000000    
   727.82202478678801        0.00000000    
   727.96524045479009        0.00000000    
   728.10845612279218        0.00000000    
   728.25167179079426        0.00000000    
   728.39488745879635        0.00000000    
   728.53810312679843        0.00000000    
   728.68131879480052        0.00000000    
   728.82453446280260        0.00000000    
   728.96775013080469        0.00000000    
   729.11096579880677        0.00000000    
   729.25418146680886        0.00000000    
   729.39739713481094        0.00000000    
   729.54061280281303        0.00000000    
   729.68382847081511        0.00000000    
   729.82704413881720        0.00000000    
   729.97025980681929        0.00000000    
   730.11347547482137        0.00000000    
   730.25669114282346        0.00000000    
   730.39990681082554        0.00000000    
   730.54312247882763        0.00000000    
   730.68633814682971        0.00000000    
   730.82955381483180        0.00000000    
   730.97276948283388        0.00000000    
   731.11598515083597        0.00000000    
   731.25920081883805        0.00000000    
   731.40241648684014        0.00000000    
   731.54563215484222        0.00000000    
   731.68884782284431        0.00000000    
   731.83206349084639        0.00000000    
   731.97527915884848        0.00000000    
   732.11849482685057        0.00000000    
   732.26171049485265        0.00000000    
   732.40492616285474        0.00000000    
   732.54814183085682        0.00000000    
   732.69135749885891        0.00000000    
   732.83457316686099        0.00000000    
   732.97778883486308        0.00000000    
   733.12100450286516        0.00000000    
   733.26422017086725        0.00000000    
   733.40743583886933        0.00000000    
   733.55065150687142        0.00000000    
   733.69386717487350        0.00000000    
   733.83708284287559        0.00000000    
   733.98029851087767        0.00000000    
   734.12351417887976        0.00000000    
   734.26672984688184        0.00000000    
   734.40994551488393        0.00000000    
   734.55316118288602        0.00000000    
   734.69637685088810        0.00000000    
   734.83959251889019        0.00000000    
   734.98280818689227        0.00000000    
   735.12602385489436        0.00000000    
   735.26923952289644        0.00000000    
   735.41245519089853        0.00000000    
   735.55567085890061        0.00000000    
   735.69888652690270        0.00000000    
   735.84210219490478        0.00000000    
   735.98531786290687        0.00000000    
   736.12853353090895        0.00000000    
   736.27174919891104        0.00000000    
   736.41496486691312        0.00000000    
   736.55818053491521        0.00000000    
   736.70139620291729        0.00000000    
   736.84461187091938        0.00000000    
   736.98782753892147        0.00000000    
   737.13104320692355        0.00000000    
   737.27425887492564        0.00000000    
   737.41747454292772        0.00000000    
   737.56069021092981        0.00000000    
   737.70390587893189        0.00000000    
   737.84712154693398        0.00000000    
   737.99033721493606        0.00000000    
   738.13355288293815        0.00000000    
   738.27676855094023        0.00000000    
   738.41998421894232        0.00000000    
   738.56319988694440        0.00000000    
   738.70641555494649        0.00000000    
   738.84963122294857        0.00000000    
   738.99284689095066        0.00000000    
   739.13606255895274        0.00000000    
   739.27927822695483        0.00000000    
   739.42249389495692        0.00000000    
   739.56570956295900        0.00000000    
   739.70892523096109        0.00000000    
   739.85214089896317        0.00000000    
   739.99535656696526        0.00000000    
   740.13857223496734        0.00000000    
   740.28178790296943        0.00000000    
   740.42500357097151        0.00000000    
   740.56821923897360        0.00000000    
   740.71143490697568        0.00000000    
   740.85465057497777        0.00000000    
   740.99786624297985        0.00000000    
   741.14108191098194        0.00000000    
   741.28429757898402        0.00000000    
   741.42751324698611        0.00000000    
   741.57072891498819        0.00000000    
   741.71394458299028        0.00000000    
   741.85716025099237        0.00000000    
   742.00037591899445        0.00000000    
   742.14359158699654        0.00000000    
   742.28680725499862        0.00000000    
   742.43002292300071        0.00000000    
   742.57323859100279        0.00000000    
   742.71645425900488        0.00000000    
   742.85966992700696        0.00000000    
   743.00288559500905        0.00000000    
   743.14610126301113        0.00000000    
   743.28931693101322        0.00000000    
   743.43253259901530        0.00000000    
   743.57574826701739        0.00000000    
   743.71896393501947        0.00000000    
   743.86217960302156        0.00000000    
   744.00539527102364        0.00000000    
   744.14861093902573        0.00000000    
   744.29182660702782        0.00000000    
   744.43504227502990        0.00000000    
   744.57825794303199        0.00000000    
   744.72147361103407        0.00000000    
   744.86468927903616        0.00000000    
   745.00790494703824        0.00000000    
   745.15112061504033        0.00000000    
   745.29433628304241        0.00000000    
   745.43755195104450        0.00000000    
   745.58076761904658        0.00000000    
   745.72398328704867        0.00000000    
   745.86719895505075        0.00000000    
   746.01041462305284        0.00000000    
   746.15363029105492        0.00000000    
   746.29684595905701        0.00000000    
   746.44006162705909        0.00000000    
   746.58327729506118        0.00000000    
   746.72649296306327        0.00000000    
   746.86970863106535        0.00000000    
   747.01292429906744        0.00000000    
   747.15613996706952        0.00000000    
   747.29935563507161        0.00000000    
   747.44257130307369        0.00000000    
   747.58578697107578        0.00000000    
   747.72900263907786        0.00000000    
   747.87221830707995        0.00000000    
   748.01543397508203        0.00000000    
   748.15864964308412        0.00000000    
   748.30186531108620        0.00000000    
   748.44508097908829        0.00000000    
   748.58829664709037        0.00000000    
   748.73151231509246        0.00000000    
   748.87472798309454        0.00000000    
   749.01794365109663        0.00000000    
   749.16115931909872        0.00000000    
   749.30437498710080        0.00000000    
   749.44759065510289        0.00000000    
   749.59080632310497        0.00000000    
   749.73402199110706        0.00000000    
   749.87723765910914        0.00000000    
   750.02045332711123        0.00000000    
   750.16366899511331        0.00000000    
   750.30688466311540        0.00000000    
   750.45010033111748        0.00000000    
   750.59331599911957        0.00000000    
   750.73653166712165        0.00000000    
   750.87974733512374        0.00000000    
   751.02296300312582        0.00000000    
   751.16617867112791        0.00000000    
   751.30939433912999        0.00000000    
   751.45261000713208        0.00000000    
   751.59582567513417        0.00000000    
   751.73904134313625        0.00000000    
   751.88225701113834        0.00000000    
   752.02547267914042        0.00000000    
   752.16868834714251        0.00000000    
   752.31190401514459        0.00000000    
   752.45511968314668        0.00000000    
   752.59833535114876        0.00000000    
   752.74155101915085        0.00000000    
   752.88476668715293        0.00000000    
   753.02798235515502        0.00000000    
   753.17119802315710        0.00000000    
   753.31441369115919        0.00000000    
   753.45762935916127        0.00000000    
   753.60084502716336        0.00000000    
   753.74406069516544        0.00000000    
   753.88727636316753        0.00000000    
   754.03049203116962        0.00000000    
   754.17370769917170        0.00000000    
   754.31692336717379        0.00000000    
   754.46013903517587        0.00000000    
   754.60335470317796        0.00000000    
   754.74657037118004        0.00000000    
   754.88978603918213        0.00000000    
   755.03300170718421        0.00000000    
   755.17621737518630        0.00000000    
   755.31943304318838        0.00000000    
   755.46264871119047        0.00000000    
   755.60586437919255        0.00000000    
   755.74908004719464        0.00000000    
   755.89229571519672        0.00000000    
   756.03551138319881        0.00000000    
   756.17872705120089        0.00000000    
   756.32194271920298        0.00000000    
   756.46515838720507        0.00000000    
   756.60837405520715        0.00000000    
   756.75158972320924        0.00000000    
   756.89480539121132        0.00000000    
   757.03802105921341        0.00000000    
   757.18123672721549        0.00000000    
   757.32445239521758        0.00000000    
   757.46766806321966        0.00000000    
   757.61088373122175        0.00000000    
   757.75409939922383        0.00000000    
   757.89731506722592        0.00000000    
   758.04053073522800        0.00000000    
   758.18374640323009        0.00000000    
   758.32696207123217        0.00000000    
   758.47017773923426        0.00000000    
   758.61339340723634        0.00000000    
   758.75660907523843        0.00000000    
   758.89982474324052        0.00000000    
   759.04304041124260        0.00000000    
   759.18625607924469        0.00000000    
   759.32947174724677        0.00000000    
   759.47268741524886        0.00000000    
   759.61590308325094        0.00000000    
   759.75911875125303        0.00000000    
   759.90233441925511        0.00000000    
   760.04555008725720        0.00000000    
   760.18876575525928        0.00000000    
   760.33198142326137        0.00000000    
   760.47519709126345        0.00000000    
   760.61841275926554        0.00000000    
   760.76162842726762        0.00000000    
   760.90484409526971        0.00000000    
   761.04805976327179        0.00000000    
   761.19127543127388        0.00000000    
   761.33449109927597        0.00000000    
   761.47770676727805        0.00000000    
   761.62092243528014        0.00000000    
   761.76413810328222        0.00000000    
   761.90735377128431        0.00000000    
   762.05056943928639        0.00000000    
   762.19378510728848        0.00000000    
   762.33700077529056        0.00000000    
   762.48021644329265        0.00000000    
   762.62343211129473        0.00000000    
   762.76664777929682        0.00000000    
   762.90986344729890        0.00000000    
   763.05307911530099        0.00000000    
   763.19629478330307        0.00000000    
   763.33951045130516        0.00000000    
   763.48272611930724        0.00000000    
   763.62594178730933        0.00000000    
   763.76915745531142        0.00000000    
   763.91237312331350        0.00000000    
   764.05558879131559        0.00000000    
   764.19880445931767        0.00000000    
   764.34202012731976        0.00000000    
   764.48523579532184        0.00000000    
   764.62845146332393        0.00000000    
   764.77166713132601        0.00000000    
   764.91488279932810        0.00000000    
   765.05809846733018        0.00000000    
   765.20131413533227        0.00000000    
   765.34452980333435        0.00000000    
   765.48774547133644        0.00000000    
   765.63096113933852        0.00000000    
   765.77417680734061        0.00000000    
   765.91739247534269        0.00000000    
   766.06060814334478        0.00000000    
   766.20382381134687        0.00000000    
   766.34703947934895        0.00000000    
   766.49025514735104        0.00000000    
   766.63347081535312        0.00000000    
   766.77668648335521        0.00000000    
   766.91990215135729        0.00000000    
   767.06311781935938        0.00000000    
   767.20633348736146        0.00000000    
   767.34954915536355        0.00000000    
   767.49276482336563        0.00000000    
   767.63598049136772        0.00000000    
   767.77919615936980        0.00000000    
   767.92241182737189        0.00000000    
   768.06562749537397        0.00000000    
   768.20884316337606        0.00000000    
   768.35205883137814        0.00000000    
   768.49527449938023        0.00000000    
   768.63849016738232        0.00000000    
   768.78170583538440        0.00000000    
   768.92492150338649        0.00000000    
   769.06813717138857        0.00000000    
   769.21135283939066        0.00000000    
   769.35456850739274        0.00000000    
   769.49778417539483        0.00000000    
   769.64099984339691        0.00000000    
   769.78421551139900        0.00000000    
   769.92743117940108        0.00000000    
   770.07064684740317        0.00000000    
   770.21386251540525        0.00000000    
   770.35707818340734        0.00000000    
   770.50029385140942        0.00000000    
   770.64350951941151        0.00000000    
   770.78672518741359        0.00000000    
   770.92994085541568        0.00000000    
   771.07315652341777        0.00000000    
   771.21637219141985        0.00000000    
   771.35958785942194        0.00000000    
   771.50280352742402        0.00000000    
   771.64601919542611        0.00000000    
   771.78923486342819        0.00000000    
   771.93245053143028        0.00000000    
   772.07566619943236        0.00000000    
   772.21888186743445        0.00000000    
   772.36209753543653        0.00000000    
   772.50531320343862        0.00000000    
   772.64852887144070        0.00000000    
   772.79174453944279        0.00000000    
   772.93496020744487        0.00000000    
   773.07817587544696        0.00000000    
   773.22139154344904        0.00000000    
   773.36460721145113        0.00000000    
   773.50782287945322        0.00000000    
   773.65103854745530        0.00000000    
   773.79425421545739        0.00000000    
   773.93746988345947        0.00000000    
   774.08068555146156        0.00000000    
   774.22390121946364        0.00000000    
   774.36711688746573        0.00000000    
   774.51033255546781        0.00000000    
   774.65354822346990        0.00000000    
   774.79676389147198        0.00000000    
   774.93997955947407        0.00000000    
   775.08319522747615        0.00000000    
   775.22641089547824        0.00000000    
   775.36962656348032        0.00000000    
   775.51284223148241        0.00000000    
   775.65605789948449        0.00000000    
   775.79927356748658        0.00000000    
   775.94248923548867        0.00000000    
   776.08570490349075        0.00000000    
   776.22892057149284        0.00000000    
   776.37213623949492        0.00000000    
   776.51535190749701        0.00000000    
   776.65856757549909        0.00000000    
   776.80178324350118        0.00000000    
   776.94499891150326        0.00000000    
   777.08821457950535        0.00000000    
   777.23143024750743        0.00000000    
   777.37464591550952        0.00000000    
   777.51786158351160        0.00000000    
   777.66107725151369        0.00000000    
   777.80429291951577        0.00000000    
   777.94750858751786        0.00000000    
   778.09072425551994        0.00000000    
   778.23393992352203        0.00000000    
   778.37715559152412        0.00000000    
   778.52037125952620        0.00000000    
   778.66358692752829        0.00000000    
   778.80680259553037        0.00000000    
   778.95001826353246        0.00000000    
   779.09323393153454        0.00000000    
   779.23644959953663        0.00000000    
   779.37966526753871        0.00000000    
   779.52288093554080        0.00000000    
   779.66609660354288        0.00000000    
   779.80931227154497        0.00000000    
   779.95252793954705        0.00000000    
   780.09574360754914        0.00000000    
   780.23895927555122        0.00000000    
   780.38217494355331        0.00000000    
   780.52539061155539        0.00000000    
   780.66860627955748        0.00000000    
   780.81182194755957        0.00000000    
   780.95503761556165        0.00000000    
   781.09825328356374        0.00000000    
   781.24146895156582        0.00000000    
   781.38468461956791        0.00000000    
   781.52790028756999        0.00000000    
   781.67111595557208        0.00000000    
   781.81433162357416        0.00000000    
   781.95754729157625        0.00000000    
   782.10076295957833        0.00000000    
   782.24397862758042        0.00000000    
   782.38719429558250        0.00000000    
   782.53040996358459        0.00000000    
   782.67362563158667        0.00000000    
   782.81684129958876        0.00000000    
   782.96005696759084        0.00000000    
   783.10327263559293        0.00000000    
   783.24648830359502        0.00000000    
   783.38970397159710        0.00000000    
   783.53291963959919        0.00000000    
   783.67613530760127        0.00000000    
   783.81935097560336        0.00000000    
   783.96256664360544        0.00000000    
   784.10578231160753        0.00000000    
   784.24899797960961        0.00000000    
   784.39221364761170        0.00000000    
   784.53542931561378        0.00000000    
   784.67864498361587        0.00000000    
   784.82186065161795        0.00000000    
   784.96507631962004        0.00000000    
   785.10829198762212        0.00000000    
   785.25150765562421        0.00000000    
   785.39472332362629        0.00000000    
   785.53793899162838        0.00000000    
   785.68115465963047        0.00000000    
   785.82437032763255        0.00000000    
   785.96758599563464        0.00000000    
   786.11080166363672        0.00000000    
   786.25401733163881        0.00000000    
   786.39723299964089        0.00000000    
   786.54044866764298        0.00000000    
   786.68366433564506        0.00000000    
   786.82688000364715        0.00000000    
   786.97009567164923        0.00000000    
   787.11331133965132        0.00000000    
   787.25652700765340        0.00000000    
   787.39974267565549        0.00000000    
   787.54295834365757        0.00000000    
   787.68617401165966        0.00000000    
   787.82938967966174        0.00000000    
   787.97260534766383        0.00000000    
   788.11582101566592        0.00000000    
   788.25903668366800        0.00000000    
   788.40225235167009        0.00000000    
   788.54546801967217        0.00000000    
   788.68868368767426        0.00000000    
   788.83189935567634        0.00000000    
   788.97511502367843        0.00000000    
   789.11833069168051        0.00000000    
   789.26154635968260        0.00000000    
   789.40476202768468        0.00000000    
   789.54797769568677        0.00000000    
   789.69119336368885        0.00000000    
   789.83440903169094        0.00000000    
   789.97762469969302        0.00000000    
   790.12084036769511        0.00000000    
   790.26405603569719        0.00000000    
   790.40727170369928        0.00000000    
   790.55048737170137        0.00000000    
   790.69370303970345        0.00000000    
   790.83691870770554        0.00000000    
   790.98013437570762        0.00000000    
   791.12335004370971        0.00000000    
   791.26656571171179        0.00000000    
   791.40978137971388        0.00000000    
   791.55299704771596        0.00000000    
   791.69621271571805        0.00000000    
   791.83942838372013        0.00000000    
   791.98264405172222        0.00000000    
   792.12585971972430        0.00000000    
   792.26907538772639        0.00000000    
   792.41229105572847        0.00000000    
   792.55550672373056        0.00000000    
   792.69872239173264        0.00000000    
   792.84193805973473        0.00000000    
   792.98515372773682        0.00000000    
   793.12836939573890        0.00000000    
   793.27158506374099        0.00000000    
   793.41480073174307        0.00000000    
   793.55801639974516        0.00000000    
   793.70123206774724        0.00000000    
   793.84444773574933        0.00000000    
   793.98766340375141        0.00000000    
   794.13087907175350        0.00000000    
   794.27409473975558        0.00000000    
   794.41731040775767        0.00000000    
   794.56052607575975        0.00000000    
   794.70374174376184        0.00000000    
   794.84695741176392        0.00000000    
   794.99017307976601        0.00000000    
   795.13338874776809        0.00000000    
   795.27660441577018        0.00000000    
   795.41982008377227        0.00000000    
   795.56303575177435        0.00000000    
   795.70625141977644        0.00000000    
   795.84946708777852        0.00000000    
   795.99268275578061        0.00000000    
   796.13589842378269        0.00000000    
   796.27911409178478        0.00000000    
   796.42232975978686        0.00000000    
   796.56554542778895        0.00000000    
   796.70876109579103        0.00000000    
   796.85197676379312        0.00000000    
   796.99519243179520        0.00000000    
   797.13840809979729        0.00000000    
   797.28162376779937        0.00000000    
   797.42483943580146        0.00000000    
   797.56805510380354        0.00000000    
   797.71127077180563        0.00000000    
   797.85448643980772        0.00000000    
   797.99770210780980        0.00000000    
   798.14091777581189        0.00000000    
   798.28413344381397        0.00000000    
   798.42734911181606        0.00000000    
   798.57056477981814        0.00000000    
   798.71378044782023        0.00000000    
   798.85699611582231        0.00000000    
   799.00021178382440        0.00000000    
   799.14342745182648        0.00000000    
   799.28664311982857        0.00000000    
   799.42985878783065        0.00000000    
   799.57307445583274        0.00000000    
   799.71629012383482        0.00000000    
   799.85950579183691        0.00000000    
   800.00272145983899        0.00000000    
   800.14593712784108        0.00000000    
   800.28915279584317        0.00000000    
   800.43236846384525        0.00000000    
   800.57558413184734        0.00000000    
   800.71879979984942        0.00000000    
   800.86201546785151        0.00000000    
   801.00523113585359        0.00000000    
   801.14844680385568        0.00000000    
   801.29166247185776        0.00000000    
   801.43487813985985        0.00000000    
   801.57809380786193        0.00000000    
   801.72130947586402        0.00000000    
   801.86452514386610        0.00000000    
   802.00774081186819        0.00000000    
   802.15095647987027        0.00000000    
   802.29417214787236        0.00000000    
   802.43738781587444        0.00000000    
   802.58060348387653        0.00000000    
   802.72381915187862        0.00000000    
   802.86703481988070        0.00000000    
   803.01025048788279        0.00000000    
   803.15346615588487        0.00000000    
   803.29668182388696        0.00000000    
   803.43989749188904        0.00000000    
   803.58311315989113        0.00000000    
   803.72632882789321        0.00000000    
   803.86954449589530        0.00000000    
   804.01276016389738        0.00000000    
   804.15597583189947        0.00000000    
   804.29919149990155        0.00000000    
   804.44240716790364        0.00000000    
   804.58562283590572        0.00000000    
   804.72883850390781        0.00000000    
   804.87205417190989        0.00000000    
   805.01526983991198        0.00000000    
   805.15848550791407        0.00000000    
   805.30170117591615        0.00000000    
   805.44491684391824        0.00000000    
   805.58813251192032        0.00000000    
   805.73134817992241        0.00000000    
   805.87456384792449        0.00000000    
   806.01777951592658        0.00000000    
   806.16099518392866        0.00000000    
   806.30421085193075        0.00000000    
   806.44742651993283        0.00000000    
   806.59064218793492        0.00000000    
   806.73385785593700        0.00000000    
   806.87707352393909        0.00000000    
   807.02028919194117        0.00000000    
   807.16350485994326        0.00000000    
   807.30672052794534        0.00000000    
   807.44993619594743        0.00000000    
   807.59315186394952        0.00000000    
   807.73636753195160        0.00000000    
   807.87958319995369        0.00000000    
   808.02279886795577        0.00000000    
   808.16601453595786        0.00000000    
   808.30923020395994        0.00000000    
   808.45244587196203        0.00000000    
   808.59566153996411        0.00000000    
   808.73887720796620        0.00000000    
   808.88209287596828        0.00000000    
   809.02530854397037        0.00000000    
   809.16852421197245        0.00000000    
   809.31173987997454        0.00000000    
   809.45495554797662        0.00000000    
   809.59817121597871        0.00000000    
   809.74138688398079        0.00000000    
   809.88460255198288        0.00000000    
   810.02781821998497        0.00000000    
   810.17103388798705        0.00000000    
   810.31424955598914        0.00000000    
   810.45746522399122        0.00000000    
   810.60068089199331        0.00000000    
   810.74389655999539        0.00000000    
   810.88711222799748        0.00000000    
   811.03032789599956        0.00000000    
   811.17354356400165        0.00000000    
   811.31675923200373        0.00000000    
   811.45997490000582        0.00000000    
   811.60319056800790        0.00000000    
   811.74640623600999        0.00000000    
   811.88962190401207        0.00000000    
   812.03283757201416        0.00000000    
   812.17605324001624        0.00000000    
   812.31926890801833        0.00000000    
   812.46248457602042        0.00000000    
   812.60570024402250        0.00000000    
   812.74891591202459        0.00000000    
   812.89213158002667        0.00000000    
   813.03534724802876        0.00000000    
   813.17856291603084        0.00000000    
   813.32177858403293        0.00000000    
   813.46499425203501        0.00000000    
   813.60820992003710        0.00000000    
   813.75142558803918        0.00000000    
   813.89464125604127        0.00000000    
   814.03785692404335        0.00000000    
   814.18107259204544        0.00000000    
   814.32428826004752        0.00000000    
   814.46750392804961        0.00000000    
   814.61071959605169        0.00000000    
   814.75393526405378        0.00000000    
   814.89715093205587        0.00000000    
   815.04036660005795        0.00000000    
   815.18358226806004        0.00000000    
   815.32679793606212        0.00000000    
   815.47001360406421        0.00000000    
   815.61322927206629        0.00000000    
   815.75644494006838        0.00000000    
   815.89966060807046        0.00000000    
   816.04287627607255        0.00000000    
   816.18609194407463        0.00000000    
   816.32930761207672        0.00000000    
   816.47252328007880        0.00000000    
   816.61573894808089        0.00000000    
   816.75895461608297        0.00000000    
   816.90217028408506        0.00000000    
   817.04538595208714        0.00000000    
   817.18860162008923        0.00000000    
   817.33181728809132        0.00000000    
   817.47503295609340        0.00000000    
   817.61824862409549        0.00000000    
   817.76146429209757        0.00000000    
   817.90467996009966        0.00000000    
   818.04789562810174        0.00000000    
   818.19111129610383        0.00000000    
   818.33432696410591        0.00000000    
   818.47754263210800        0.00000000    
   818.62075830011008        0.00000000    
   818.76397396811217        0.00000000    
   818.90718963611425        0.00000000    
   819.05040530411634        0.00000000    
   819.19362097211842        0.00000000    
   819.33683664012051        0.00000000    
   819.48005230812259        0.00000000    
   819.62326797612468        0.00000000    
   819.76648364412677        0.00000000    
   819.90969931212885        0.00000000    
   820.05291498013094        0.00000000    
   820.19613064813302        0.00000000    
   820.33934631613511        0.00000000    
   820.48256198413719        0.00000000    
   820.62577765213928        0.00000000    
   820.76899332014136        0.00000000    
   820.91220898814345        0.00000000    
   821.05542465614553        0.00000000    
   821.19864032414762        0.00000000    
   821.34185599214970        0.00000000    
   821.48507166015179        0.00000000    
   821.62828732815387        0.00000000    
   821.77150299615596        0.00000000    
   821.91471866415804        0.00000000    
   822.05793433216013        0.00000000    
   822.20115000016222        0.00000000    
   822.34436566816430        0.00000000    
   822.48758133616639        0.00000000    
   822.63079700416847        0.00000000    
   822.77401267217056        0.00000000    
   822.91722834017264        0.00000000    
   823.06044400817473        0.00000000    
   823.20365967617681        0.00000000    
   823.34687534417890        0.00000000    
   823.49009101218098        0.00000000    
   823.63330668018307        0.00000000    
   823.77652234818515        0.00000000    
   823.91973801618724        0.00000000    
   824.06295368418932        0.00000000    
   824.20616935219141        0.00000000    
   824.34938502019349        0.00000000    
   824.49260068819558        0.00000000    
   824.63581635619767        0.00000000    
   824.77903202419975        0.00000000    
   824.92224769220184        0.00000000    
   825.06546336020392        0.00000000    
   825.20867902820601        0.00000000    
   825.35189469620809        0.00000000    
   825.49511036421018        0.00000000    
   825.63832603221226        0.00000000    
   825.78154170021435        0.00000000    
   825.92475736821643        0.00000000    
   826.06797303621852        0.00000000    
   826.21118870422060        0.00000000    
   826.35440437222269        0.00000000    
   826.49762004022477        0.00000000    
   826.64083570822686        0.00000000    
   826.78405137622894        0.00000000    
   826.92726704423103        0.00000000    
   827.07048271223312        0.00000000    
   827.21369838023520        0.00000000    
   827.35691404823729        0.00000000    
   827.50012971623937        0.00000000    
   827.64334538424146        0.00000000    
   827.78656105224354        0.00000000    
   827.92977672024563        0.00000000    
   828.07299238824771        0.00000000    
   828.21620805624980        0.00000000    
   828.35942372425188        0.00000000    
   828.50263939225397        0.00000000    
   828.64585506025605        0.00000000    
   828.78907072825814        0.00000000    
   828.93228639626022        0.00000000    
   829.07550206426231        0.00000000    
   829.21871773226439        0.00000000    
   829.36193340026648        0.00000000    
   829.50514906826857        0.00000000    
   829.64836473627065        0.00000000    
   829.79158040427274        0.00000000    
   829.93479607227482        0.00000000    
   830.07801174027691        0.00000000    
   830.22122740827899        0.00000000    
   830.36444307628108        0.00000000    
   830.50765874428316        0.00000000    
   830.65087441228525        0.00000000    
   830.79409008028733        0.00000000    
   830.93730574828942        0.00000000    
   831.08052141629150        0.00000000    
   831.22373708429359        0.00000000    
   831.36695275229567        0.00000000    
   831.51016842029776        0.00000000    
   831.65338408829984        0.00000000    
   831.79659975630193        0.00000000    
   831.93981542430402        0.00000000    
   832.08303109230610        0.00000000    
   832.22624676030819        0.00000000    
   832.36946242831027        0.00000000    
   832.51267809631236        0.00000000    
   832.65589376431444        0.00000000    
   832.79910943231653        0.00000000    
   832.94232510031861        0.00000000    
   833.08554076832070        0.00000000    
   833.22875643632278        0.00000000    
   833.37197210432487        0.00000000    
   833.51518777232695        0.00000000    
   833.65840344032904        0.00000000    
   833.80161910833112        0.00000000    
   833.94483477633321        0.00000000    
   834.08805044433529        0.00000000    
   834.23126611233738        0.00000000    
   834.37448178033947        0.00000000    
   834.51769744834155        0.00000000    
   834.66091311634364        0.00000000    
   834.80412878434572        0.00000000    
   834.94734445234781        0.00000000    
   835.09056012034989        0.00000000    
   835.23377578835198        0.00000000    
   835.37699145635406        0.00000000    
   835.52020712435615        0.00000000    
   835.66342279235823        0.00000000    
   835.80663846036032        0.00000000    
   835.94985412836240        0.00000000    
   836.09306979636449        0.00000000    
   836.23628546436657        0.00000000    
   836.37950113236866        0.00000000    
   836.52271680037074        0.00000000    
   836.66593246837283        0.00000000    
   836.80914813637492        0.00000000    
   836.95236380437700        0.00000000    
   837.09557947237909        0.00000000    
   837.23879514038117        0.00000000    
   837.38201080838326        0.00000000    
   837.52522647638534        0.00000000    
   837.66844214438743        0.00000000    
   837.81165781238951        0.00000000    
   837.95487348039160        0.00000000    
   838.09808914839368        0.00000000    
   838.24130481639577        0.00000000    
   838.38452048439785        0.00000000    
   838.52773615239994        0.00000000    
   838.67095182040202        0.00000000    
   838.81416748840411        0.00000000    
   838.95738315640619        0.00000000    
   839.10059882440828        0.00000000    
   839.24381449241037        0.00000000    
   839.38703016041245        0.00000000    
   839.53024582841454        0.00000000    
   839.67346149641662        0.00000000    
   839.81667716441871        0.00000000    
   839.95989283242079        0.00000000    
   840.10310850042288        0.00000000    
   840.24632416842496        0.00000000    
   840.38953983642705        0.00000000    
   840.53275550442913        0.00000000    
   840.67597117243122        0.00000000    
   840.81918684043330        0.00000000    
   840.96240250843539        0.00000000    
   841.10561817643747        0.00000000    
   841.24883384443956        0.00000000    
   841.39204951244164        0.00000000    
   841.53526518044373        0.00000000    
   841.67848084844582        0.00000000    
   841.82169651644790        0.00000000    
   841.96491218444999        0.00000000    
   842.10812785245207        0.00000000    
   842.25134352045416        0.00000000    
   842.39455918845624        0.00000000    
   842.53777485645833        0.00000000    
   842.68099052446041        0.00000000    
   842.82420619246250        0.00000000    
   842.96742186046458        0.00000000    
   843.11063752846667        0.00000000    
   843.25385319646875        0.00000000    
   843.39706886447084        0.00000000    
   843.54028453247292        0.00000000    
   843.68350020047501        0.00000000    
   843.82671586847709        0.00000000    
   843.96993153647918        0.00000000    
   844.11314720448127        0.00000000    
   844.25636287248335        0.00000000    
   844.39957854048544        0.00000000    
   844.54279420848752        0.00000000    
   844.68600987648961        0.00000000    
   844.82922554449169        0.00000000    
   844.97244121249378        0.00000000    
   845.11565688049586        0.00000000    
   845.25887254849795        0.00000000    
   845.40208821650003        0.00000000    
   845.54530388450212        0.00000000    
   845.68851955250420        0.00000000    
   845.83173522050629        0.00000000    
   845.97495088850837        0.00000000    
   846.11816655651046        0.00000000    
   846.26138222451254        0.00000000    
   846.40459789251463        0.00000000    
   846.54781356051672        0.00000000    
   846.69102922851880        0.00000000    
   846.83424489652089        0.00000000    
   846.97746056452297        0.00000000    
   847.12067623252506        0.00000000    
   847.26389190052714        0.00000000    
   847.40710756852923        0.00000000    
   847.55032323653131        0.00000000    
   847.69353890453340        0.00000000    
   847.83675457253548        0.00000000    
   847.97997024053757        0.00000000    
   848.12318590853965        0.00000000    
   848.26640157654174        0.00000000    
   848.40961724454382        0.00000000    
   848.55283291254591        0.00000000    
   848.69604858054799        0.00000000    
   848.83926424855008        0.00000000    
   848.98247991655217        0.00000000    
   849.12569558455425        0.00000000    
   849.26891125255634        0.00000000    
   849.41212692055842        0.00000000    
   849.55534258856051        0.00000000    
   849.69855825656259        0.00000000    
   849.84177392456468        0.00000000    
   849.98498959256676        0.00000000    
   850.12820526056885        0.00000000    
   850.27142092857093        0.00000000    
   850.41463659657302        0.00000000    
   850.55785226457510        0.00000000    
   850.70106793257719        0.00000000    
   850.84428360057927        0.00000000    
   850.98749926858136        0.00000000    
   851.13071493658344        0.00000000    
   851.27393060458553        0.00000000    
   851.41714627258762        0.00000000    
   851.56036194058970        0.00000000    
   851.70357760859179        0.00000000    
   851.84679327659387        0.00000000    
   851.99000894459596        0.00000000    
   852.13322461259804        0.00000000    
   852.27644028060013        0.00000000    
   852.41965594860221        0.00000000    
   852.56287161660430        0.00000000    
   852.70608728460638        0.00000000    
   852.84930295260847        0.00000000    
   852.99251862061055        0.00000000    
   853.13573428861264        0.00000000    
   853.27894995661472        0.00000000    
   853.42216562461681        0.00000000    
   853.56538129261889        0.00000000    
   853.70859696062098        0.00000000    
   853.85181262862307        0.00000000    
   853.99502829662515        0.00000000    
   854.13824396462724        0.00000000    
   854.28145963262932        0.00000000    
   854.42467530063141        0.00000000    
   854.56789096863349        0.00000000    
   854.71110663663558        0.00000000    
   854.85432230463766        0.00000000    
   854.99753797263975        0.00000000    
   855.14075364064183        0.00000000    
   855.28396930864392        0.00000000    
   855.42718497664600        0.00000000    
   855.57040064464809        0.00000000    
   855.71361631265017        0.00000000    
   855.85683198065226        0.00000000    
   856.00004764865434        0.00000000    
   856.14326331665643        0.00000000    
   856.28647898465852        0.00000000    
   856.42969465266060        0.00000000    
   856.57291032066269        0.00000000    
   856.71612598866477        0.00000000    
   856.85934165666686        0.00000000    
   857.00255732466894        0.00000000    
   857.14577299267103        0.00000000    
   857.28898866067311        0.00000000    
   857.43220432867520        0.00000000    
   857.57541999667728        0.00000000    
   857.71863566467937        0.00000000    
   857.86185133268145        0.00000000    
   858.00506700068354        0.00000000    
   858.14828266868562        0.00000000    
   858.29149833668771        0.00000000    
   858.43471400468979        0.00000000    
   858.57792967269188        0.00000000    
   858.72114534069397        0.00000000    
   858.86436100869605        0.00000000    
   859.00757667669814        0.00000000    
   859.15079234470022        0.00000000    
   859.29400801270231        0.00000000    
   859.43722368070439        0.00000000    
   859.58043934870648        0.00000000    
   859.72365501670856        0.00000000    
   859.86687068471065        0.00000000    
   860.01008635271273        0.00000000    
   860.15330202071482        0.00000000    
   860.29651768871690        0.00000000    
   860.43973335671899        0.00000000    
   860.58294902472107        0.00000000    
   860.72616469272316        0.00000000    
   860.86938036072524        0.00000000    
   861.01259602872733        0.00000000    
   861.15581169672942        0.00000000    
   861.29902736473150        0.00000000    
   861.44224303273359        0.00000000    
   861.58545870073567        0.00000000    
   861.72867436873776        0.00000000    
   861.87189003673984        0.00000000    
   862.01510570474193        0.00000000    
   862.15832137274401        0.00000000    
   862.30153704074610        0.00000000    
   862.44475270874818        0.00000000    
   862.58796837675027        0.00000000    
   862.73118404475235        0.00000000    
   862.87439971275444        0.00000000    
   863.01761538075652        0.00000000    
   863.16083104875861        0.00000000    
   863.30404671676069        0.00000000    
   863.44726238476278        0.00000000    
   863.59047805276487        0.00000000    
   863.73369372076695        0.00000000    
   863.87690938876904        0.00000000    
   864.02012505677112        0.00000000    
   864.16334072477321        0.00000000    
   864.30655639277529        0.00000000    
   864.44977206077738        0.00000000    
   864.59298772877946        0.00000000    
   864.73620339678155        0.00000000    
   864.87941906478363        0.00000000    
   865.02263473278572        0.00000000    
   865.16585040078780        0.00000000    
   865.30906606878989        0.00000000    
   865.45228173679197        0.00000000    
   865.59549740479406        0.00000000    
   865.73871307279614        0.00000000    
   865.88192874079823        0.00000000    
   866.02514440880032        0.00000000    
   866.16836007680240        0.00000000    
   866.31157574480449        0.00000000    
   866.45479141280657        0.00000000    
   866.59800708080866        0.00000000    
   866.74122274881074        0.00000000    
   866.88443841681283        0.00000000    
   867.02765408481491        0.00000000    
   867.17086975281700        0.00000000    
   867.31408542081908        0.00000000    
   867.45730108882117        0.00000000    
   867.60051675682325        0.00000000    
   867.74373242482534        0.00000000    
   867.88694809282742        0.00000000    
   868.03016376082951        0.00000000    
   868.17337942883159        0.00000000    
   868.31659509683368        0.00000000    
   868.45981076483577        0.00000000    
   868.60302643283785        0.00000000    
   868.74624210083994        0.00000000    
   868.88945776884202        0.00000000    
   869.03267343684411        0.00000000    
   869.17588910484619        0.00000000    
   869.31910477284828        0.00000000    
   869.46232044085036        0.00000000    
   869.60553610885245        0.00000000    
   869.74875177685453        0.00000000    
   869.89196744485662        0.00000000    
   870.03518311285870        0.00000000    
   870.17839878086079        0.00000000    
   870.32161444886287        0.00000000    
   870.46483011686496        0.00000000    
   870.60804578486704        0.00000000    
   870.75126145286913        0.00000000    
   870.89447712087122        0.00000000    
   871.03769278887330        0.00000000    
   871.18090845687539        0.00000000    
   871.32412412487747        0.00000000    
   871.46733979287956        0.00000000    
   871.61055546088164        0.00000000    
   871.75377112888373        0.00000000    
   871.89698679688581        0.00000000    
   872.04020246488790        0.00000000    
   872.18341813288998        0.00000000    
   872.32663380089207        0.00000000    
   872.46984946889415        0.00000000    
   872.61306513689624        0.00000000    
   872.75628080489832        0.00000000    
   872.89949647290041        0.00000000    
   873.04271214090249        0.00000000    
   873.18592780890458        0.00000000    
   873.32914347690667        0.00000000    
   873.47235914490875        0.00000000    
   873.61557481291084        0.00000000    
   873.75879048091292        0.00000000    
   873.90200614891501        0.00000000    
   874.04522181691709        0.00000000    
   874.18843748491918        0.00000000    
   874.33165315292126        0.00000000    
   874.47486882092335        0.00000000    
   874.61808448892543        0.00000000    
   874.76130015692752        0.00000000    
   874.90451582492960        0.00000000    
   875.04773149293169        0.00000000    
   875.19094716093377        0.00000000    
   875.33416282893586        0.00000000    
   875.47737849693794        0.00000000    
   875.62059416494003        0.00000000    
   875.76380983294212        0.00000000    
   875.90702550094420        0.00000000    
   876.05024116894629        0.00000000    
   876.19345683694837        0.00000000    
   876.33667250495046        0.00000000    
   876.47988817295254        0.00000000    
   876.62310384095463        0.00000000    
   876.76631950895671        0.00000000    
   876.90953517695880        0.00000000    
   877.05275084496088        0.00000000    
   877.19596651296297        0.00000000    
   877.33918218096505        0.00000000    
   877.48239784896714        0.00000000    
   877.62561351696922        0.00000000    
   877.76882918497131        0.00000000    
   877.91204485297339        0.00000000    
   878.05526052097548        0.00000000    
   878.19847618897757        0.00000000    
   878.34169185697965        0.00000000    
   878.48490752498174        0.00000000    
   878.62812319298382        0.00000000    
   878.77133886098591        0.00000000    
   878.91455452898799        0.00000000    
   879.05777019699008        0.00000000    
   879.20098586499216        0.00000000    
   879.34420153299425        0.00000000    
   879.48741720099633        0.00000000    
   879.63063286899842        0.00000000    
   879.77384853700050        0.00000000    
   879.91706420500259        0.00000000    
   880.06027987300467        0.00000000    
   880.20349554100676        0.00000000    
   880.34671120900884        0.00000000    
   880.48992687701093        0.00000000    
   880.63314254501302        0.00000000    
   880.77635821301510        0.00000000    
   880.91957388101719        0.00000000    
   881.06278954901927        0.00000000    
   881.20600521702136        0.00000000    
   881.34922088502344        0.00000000    
   881.49243655302553        0.00000000    
   881.63565222102761        0.00000000    
   881.77886788902970        0.00000000    
   881.92208355703178        0.00000000    
   882.06529922503387        0.00000000    
   882.20851489303595        0.00000000    
   882.35173056103804        0.00000000    
   882.49494622904012        0.00000000    
   882.63816189704221        0.00000000    
   882.78137756504429        0.00000000    
   882.92459323304638        0.00000000    
   883.06780890104847        0.00000000    
   883.21102456905055        0.00000000    
   883.35424023705264        0.00000000    
   883.49745590505472        0.00000000    
   883.64067157305681        0.00000000    
   883.78388724105889        0.00000000    
   883.92710290906098        0.00000000    
   884.07031857706306        0.00000000    
   884.21353424506515        0.00000000    
   884.35674991306723        0.00000000    
   884.49996558106932        0.00000000    
   884.64318124907140        0.00000000    
   884.78639691707349        0.00000000    
   884.92961258507557        0.00000000    
   885.07282825307766        0.00000000    
   885.21604392107974        0.00000000    
   885.35925958908183        0.00000000    
   885.50247525708392        0.00000000    
   885.64569092508600        0.00000000    
   885.78890659308809        0.00000000    
   885.93212226109017        0.00000000    
   886.07533792909226        0.00000000    
   886.21855359709434        0.00000000    
   886.36176926509643        0.00000000    
   886.50498493309851        0.00000000    
   886.64820060110060        0.00000000    
   886.79141626910268        0.00000000    
   886.93463193710477        0.00000000    
   887.07784760510685        0.00000000    
   887.22106327310894        0.00000000    
   887.36427894111102        0.00000000    
   887.50749460911311        0.00000000    
   887.65071027711519        0.00000000    
   887.79392594511728        0.00000000    
   887.93714161311937        0.00000000    
   888.08035728112145        0.00000000    
   888.22357294912354        0.00000000    
   888.36678861712562        0.00000000    
   888.51000428512771        0.00000000    
   888.65321995312979        0.00000000    
   888.79643562113188        0.00000000    
   888.93965128913396        0.00000000    
   889.08286695713605        0.00000000    
   889.22608262513813        0.00000000    
   889.36929829314022        0.00000000    
   889.51251396114230        0.00000000    
   889.65572962914439        0.00000000    
   889.79894529714647        0.00000000    
   889.94216096514856        0.00000000    
   890.08537663315064        0.00000000    
   890.22859230115273        0.00000000    
   890.37180796915482        0.00000000    
   890.51502363715690        0.00000000    
   890.65823930515899        0.00000000    
   890.80145497316107        0.00000000    
   890.94467064116316        0.00000000    
   891.08788630916524        0.00000000    
   891.23110197716733        0.00000000    
   891.37431764516941        0.00000000    
   891.51753331317150        0.00000000    
   891.66074898117358        0.00000000    
   891.80396464917567        0.00000000    
   891.94718031717775        0.00000000    
   892.09039598517984        0.00000000    
   892.23361165318192        0.00000000    
   892.37682732118401        0.00000000    
   892.52004298918609        0.00000000    
   892.66325865718818        0.00000000    
   892.80647432519027        0.00000000    
   892.94968999319235        0.00000000    
   893.09290566119444        0.00000000    
   893.23612132919652        0.00000000    
   893.37933699719861        0.00000000    
   893.52255266520069        0.00000000    
   893.66576833320278        0.00000000    
   893.80898400120486        0.00000000    
   893.95219966920695        0.00000000    
   894.09541533720903        0.00000000    
   894.23863100521112        0.00000000    
   894.38184667321320        0.00000000    
   894.52506234121529        0.00000000    
   894.66827800921737        0.00000000    
   894.81149367721946        0.00000000    
   894.95470934522154        0.00000000    
   895.09792501322363        0.00000000    
   895.24114068122572        0.00000000    
   895.38435634922780        0.00000000    
   895.52757201722989        0.00000000    
   895.67078768523197        0.00000000    
   895.81400335323406        0.00000000    
   895.95721902123614        0.00000000    
   896.10043468923823        0.00000000    
   896.24365035724031        0.00000000    
   896.38686602524240        0.00000000    
   896.53008169324448        0.00000000    
   896.67329736124657        0.00000000    
   896.81651302924865        0.00000000    
   896.95972869725074        0.00000000    
   897.10294436525282        0.00000000    
   897.24616003325491        0.00000000    
   897.38937570125699        0.00000000    
   897.53259136925908        0.00000000    
   897.67580703726117        0.00000000    
   897.81902270526325        0.00000000    
   897.96223837326534        0.00000000    
   898.10545404126742        0.00000000    
   898.24866970926951        0.00000000    
   898.39188537727159        0.00000000    
   898.53510104527368        0.00000000    
   898.67831671327576        0.00000000    
   898.82153238127785        0.00000000    
   898.96474804927993        0.00000000    
   899.10796371728202        0.00000000    
   899.25117938528410        0.00000000    
   899.39439505328619        0.00000000    
   899.53761072128827        0.00000000    
   899.68082638929036        0.00000000    
   899.82404205729244        0.00000000    
   899.96725772529453        0.00000000    
   900.11047339329662        0.00000000    
   900.25368906129870        0.00000000    
   900.39690472930079        0.00000000    
   900.54012039730287        0.00000000    
   900.68333606530496        0.00000000    
   900.82655173330704        0.00000000    
   900.96976740130913        0.00000000    
   901.11298306931121        0.00000000    
   901.25619873731330        0.00000000    
   901.39941440531538        0.00000000    
   901.54263007331747        0.00000000    
   901.68584574131955        0.00000000    
   901.82906140932164        0.00000000    
   901.97227707732372        0.00000000    
   902.11549274532581        0.00000000    
   902.25870841332789        0.00000000    
   902.40192408132998        0.00000000    
   902.54513974933207        0.00000000    
   902.68835541733415        0.00000000    
   902.83157108533624        0.00000000    
   902.97478675333832        0.00000000    
   903.11800242134041        0.00000000    
   903.26121808934249        0.00000000    
   903.40443375734458        0.00000000    
   903.54764942534666        0.00000000    
   903.69086509334875        0.00000000    
   903.83408076135083        0.00000000    
   903.97729642935292        0.00000000    
   904.12051209735500        0.00000000    
   904.26372776535709        0.00000000    
   904.40694343335917        0.00000000    
   904.55015910136126        0.00000000    
   904.69337476936334        0.00000000    
   904.83659043736543        0.00000000    
   904.97980610536752        0.00000000    
   905.12302177336960        0.00000000    
   905.26623744137169        0.00000000    
   905.40945310937377        0.00000000    
   905.55266877737586        0.00000000    
   905.69588444537794        0.00000000    
   905.83910011338003        0.00000000    
   905.98231578138211        0.00000000    
   906.12553144938420        0.00000000    
   906.26874711738628        0.00000000    
   906.41196278538837        0.00000000    
   906.55517845339045        0.00000000    
   906.69839412139254        0.00000000    
   906.84160978939462        0.00000000    
   906.98482545739671        0.00000000    
   907.12804112539879        0.00000000    
   907.27125679340088        0.00000000    
   907.41447246140297        0.00000000    
   907.55768812940505        0.00000000    
   907.70090379740714        0.00000000    
   907.84411946540922        0.00000000    
   907.98733513341131        0.00000000    
   908.13055080141339        0.00000000    
   908.27376646941548        0.00000000    
   908.41698213741756        0.00000000    
   908.56019780541965        0.00000000    
   908.70341347342173        0.00000000    
   908.84662914142382        0.00000000    
   908.98984480942590        0.00000000    
   909.13306047742799        0.00000000    
   909.27627614543007        0.00000000    
   909.41949181343216        0.00000000    
   909.56270748143424        0.00000000    
   909.70592314943633        0.00000000    
   909.84913881743842        0.00000000    
   909.99235448544050        0.00000000    
   910.13557015344259        0.00000000    
   910.27878582144467        0.00000000    
   910.42200148944676        0.00000000    
   910.56521715744884        0.00000000    
   910.70843282545093        0.00000000    
   910.85164849345301        0.00000000    
   910.99486416145510        0.00000000    
   911.13807982945718        0.00000000    
   911.28129549745927        0.00000000    
   911.42451116546135        0.00000000    
   911.56772683346344        0.00000000    
   911.71094250146552        0.00000000    
   911.85415816946761        0.00000000    
   911.99737383746969        0.00000000    
   912.14058950547178        0.00000000    
   912.28380517347387        0.00000000    
   912.42702084147595        0.00000000    
   912.57023650947804        0.00000000    
   912.71345217748012        0.00000000    
   912.85666784548221        0.00000000    
   912.99988351348429        0.00000000    
   913.14309918148638        0.00000000    
   913.28631484948846        0.00000000    
   913.42953051749055        0.00000000    
   913.57274618549263        0.00000000    
   913.71596185349472        0.00000000    
   913.85917752149680        0.00000000    
   914.00239318949889        0.00000000    
   914.14560885750097        0.00000000    
   914.28882452550306        0.00000000    
   914.43204019350514        0.00000000    
   914.57525586150723        0.00000000    
   914.71847152950932        0.00000000    
   914.86168719751140        0.00000000    
   915.00490286551349        0.00000000    
   915.14811853351557        0.00000000    
   915.29133420151766        0.00000000    
   915.43454986951974        0.00000000    
   915.57776553752183        0.00000000    
   915.72098120552391        0.00000000    
   915.86419687352600        0.00000000    
   916.00741254152808        0.00000000    
   916.15062820953017        0.00000000    
   916.29384387753225        0.00000000    
   916.43705954553434        0.00000000    
   916.58027521353642        0.00000000    
   916.72349088153851        0.00000000    
   916.86670654954060        0.00000000    
   917.00992221754268        0.00000000    
   917.15313788554477        0.00000000    
   917.29635355354685        0.00000000    
   917.43956922154894        0.00000000    
   917.58278488955102        0.00000000    
   917.72600055755311        0.00000000    
   917.86921622555519        0.00000000    
   918.01243189355728        0.00000000    
   918.15564756155936        0.00000000    
   918.29886322956145        0.00000000    
   918.44207889756353        0.00000000    
   918.58529456556562        0.00000000    
   918.72851023356770        0.00000000    
   918.87172590156979        0.00000000    
   919.01494156957187        0.00000000    
   919.15815723757396        0.00000000    
   919.30137290557605        0.00000000    
   919.44458857357813        0.00000000    
   919.58780424158022        0.00000000    
   919.73101990958230        0.00000000    
   919.87423557758439        0.00000000    
   920.01745124558647        0.00000000    
   920.16066691358856        0.00000000    
   920.30388258159064        0.00000000    
   920.44709824959273        0.00000000    
   920.59031391759481        0.00000000    
   920.73352958559690        0.00000000    
   920.87674525359898        0.00000000    
   921.01996092160107        0.00000000    
   921.16317658960315        0.00000000    
   921.30639225760524        0.00000000    
   921.44960792560732        0.00000000    
   921.59282359360941        0.00000000    
   921.73603926161150        0.00000000    
   921.87925492961358        0.00000000    
   922.02247059761567        0.00000000    
   922.16568626561775        0.00000000    
   922.30890193361984        0.00000000    
   922.45211760162192        0.00000000    
   922.59533326962401        0.00000000    
   922.73854893762609        0.00000000    
   922.88176460562818        0.00000000    
   923.02498027363026        0.00000000    
   923.16819594163235        0.00000000    
   923.31141160963443        0.00000000    
   923.45462727763652        0.00000000    
   923.59784294563860        0.00000000    
   923.74105861364069        0.00000000    
   923.88427428164277        0.00000000    
   924.02748994964486        0.00000000    
   924.17070561764695        0.00000000    
   924.31392128564903        0.00000000    
   924.45713695365112        0.00000000    
   924.60035262165320        0.00000000    
   924.74356828965529        0.00000000    
   924.88678395765737        0.00000000    
   925.02999962565946        0.00000000    
   925.17321529366154        0.00000000    
   925.31643096166363        0.00000000    
   925.45964662966571        0.00000000    
   925.60286229766780        0.00000000    
   925.74607796566988        0.00000000    
   925.88929363367197        0.00000000    
   926.03250930167405        0.00000000    
   926.17572496967614        0.00000000    
   926.31894063767822        0.00000000    
   926.46215630568031        0.00000000    
   926.60537197368240        0.00000000    
   926.74858764168448        0.00000000    
   926.89180330968657        0.00000000    
   927.03501897768865        0.00000000    
   927.17823464569074        0.00000000    
   927.32145031369282        0.00000000    
   927.46466598169491        0.00000000    
   927.60788164969699        0.00000000    
   927.75109731769908        0.00000000    
   927.89431298570116        0.00000000    
   928.03752865370325        0.00000000    
   928.18074432170533        0.00000000    
   928.32395998970742        0.00000000    
   928.46717565770950        0.00000000    
   928.61039132571159        0.00000000    
   928.75360699371367        0.00000000    
   928.89682266171576        0.00000000    
   929.04003832971785        0.00000000    
   929.18325399771993        0.00000000    
   929.32646966572202        0.00000000    
   929.46968533372410        0.00000000    
   929.61290100172619        0.00000000    
   929.75611666972827        0.00000000    
   929.89933233773036        0.00000000    
   930.04254800573244        0.00000000    
   930.18576367373453        0.00000000    
   930.32897934173661        0.00000000    
   930.47219500973870        0.00000000    
   930.61541067774078        0.00000000    
   930.75862634574287        0.00000000    
   930.90184201374495        0.00000000    
   931.04505768174704        0.00000000    
   931.18827334974912        0.00000000    
   931.33148901775121        0.00000000    
   931.47470468575330        0.00000000    
   931.61792035375538        0.00000000    
   931.76113602175747        0.00000000    
   931.90435168975955        0.00000000    
   932.04756735776164        0.00000000    
   932.19078302576372        0.00000000    
   932.33399869376581        0.00000000    
   932.47721436176789        0.00000000    
   932.62043002976998        0.00000000    
   932.76364569777206        0.00000000    
   932.90686136577415        0.00000000    
   933.05007703377623        0.00000000    
   933.19329270177832        0.00000000    
   933.33650836978040        0.00000000    
   933.47972403778249        0.00000000    
   933.62293970578457        0.00000000    
   933.76615537378666        0.00000000    
   933.90937104178875        0.00000000    
   934.05258670979083        0.00000000    
   934.19580237779292        0.00000000    
   934.33901804579500        0.00000000    
   934.48223371379709        0.00000000    
   934.62544938179917        0.00000000    
   934.76866504980126        0.00000000    
   934.91188071780334        0.00000000    
   935.05509638580543        0.00000000    
   935.19831205380751        0.00000000    
   935.34152772180960        0.00000000    
   935.48474338981168        0.00000000    
   935.62795905781377        0.00000000    
   935.77117472581585        0.00000000    
   935.91439039381794        0.00000000    
   936.05760606182002        0.00000000    
   936.20082172982211        0.00000000    
   936.34403739782420        0.00000000    
   936.48725306582628        0.00000000    
   936.63046873382837        0.00000000    
   936.77368440183045        0.00000000    
   936.91690006983254        0.00000000    
   937.06011573783462        0.00000000    
   937.20333140583671        0.00000000    
   937.34654707383879        0.00000000    
   937.48976274184088        0.00000000    
   937.63297840984296        0.00000000    
   937.77619407784505        0.00000000    
   937.91940974584713        0.00000000    
   938.06262541384922        0.00000000    
   938.20584108185130        0.00000000    
   938.34905674985339        0.00000000    
   938.49227241785547        0.00000000    
   938.63548808585756        0.00000000    
   938.77870375385965        0.00000000    
   938.92191942186173        0.00000000    
   939.06513508986382        0.00000000    
   939.20835075786590        0.00000000    
   939.35156642586799        0.00000000    
   939.49478209387007        0.00000000    
   939.63799776187216        0.00000000    
   939.78121342987424        0.00000000    
   939.92442909787633        0.00000000    
   940.06764476587841        0.00000000    
   940.21086043388050        0.00000000    
   940.35407610188258        0.00000000    
   940.49729176988467        0.00000000    
   940.64050743788675        0.00000000    
   940.78372310588884        0.00000000    
   940.92693877389092        0.00000000    
   941.07015444189301        0.00000000    
   941.21337010989510        0.00000000    
   941.35658577789718        0.00000000    
   941.49980144589927        0.00000000    
   941.64301711390135        0.00000000    
   941.78623278190344        0.00000000    
   941.92944844990552        0.00000000    
   942.07266411790761        0.00000000    
   942.21587978590969        0.00000000    
   942.35909545391178        0.00000000    
   942.50231112191386        0.00000000    
   942.64552678991595        0.00000000    
   942.78874245791803        0.00000000    
   942.93195812592012        0.00000000    
   943.07517379392220        0.00000000    
   943.21838946192429        0.00000000    
   943.36160512992637        0.00000000    
   943.50482079792846        0.00000000    
   943.64803646593055        0.00000000    
   943.79125213393263        0.00000000    
   943.93446780193472        0.00000000    
   944.07768346993680        0.00000000    
   944.22089913793889        0.00000000    
   944.36411480594097        0.00000000    
   944.50733047394306        0.00000000    
   944.65054614194514        0.00000000    
   944.79376180994723        0.00000000    
   944.93697747794931        0.00000000    
   945.08019314595140        0.00000000    
   945.22340881395348        0.00000000    
   945.36662448195557        0.00000000    
   945.50984014995765        0.00000000    
   945.65305581795974        0.00000000    
   945.79627148596182        0.00000000    
   945.93948715396391        0.00000000    
   946.08270282196600        0.00000000    
   946.22591848996808        0.00000000    
   946.36913415797017        0.00000000    
   946.51234982597225        0.00000000    
   946.65556549397434        0.00000000    
   946.79878116197642        0.00000000    
   946.94199682997851        0.00000000    
   947.08521249798059        0.00000000    
   947.22842816598268        0.00000000    
   947.37164383398476        0.00000000    
   947.51485950198685        0.00000000    
   947.65807516998893        0.00000000    
   947.80129083799102        0.00000000    
   947.94450650599310        0.00000000    
   948.08772217399519        0.00000000    
   948.23093784199727        0.00000000    
   948.37415350999936        0.00000000    
   948.51736917800145        0.00000000    
   948.66058484600353        0.00000000    
   948.80380051400562        0.00000000    
   948.94701618200770        0.00000000    
   949.09023185000979        0.00000000    
   949.23344751801187        0.00000000    
   949.37666318601396        0.00000000    
   949.51987885401604        0.00000000    
   949.66309452201813        0.00000000    
   949.80631019002021        0.00000000    
   949.94952585802230        0.00000000    
   950.09274152602438        0.00000000    
   950.23595719402647        0.00000000    
   950.37917286202855        0.00000000    
   950.52238853003064        0.00000000    
   950.66560419803272        0.00000000    
   950.80881986603481        0.00000000    
   950.95203553403690        0.00000000    
   951.09525120203898        0.00000000    
   951.23846687004107        0.00000000    
   951.38168253804315        0.00000000    
   951.52489820604524        0.00000000    
   951.66811387404732        0.00000000    
   951.81132954204941        0.00000000    
   951.95454521005149        0.00000000    
   952.09776087805358        0.00000000    
   952.24097654605566        0.00000000    
   952.38419221405775        0.00000000    
   952.52740788205983        0.00000000    
   952.67062355006192        0.00000000    
   952.81383921806400        0.00000000    
   952.95705488606609        0.00000000    
   953.10027055406817        0.00000000    
   953.24348622207026        0.00000000    
   953.38670189007235        0.00000000    
   953.52991755807443        0.00000000    
   953.67313322607652        0.00000000    
   953.81634889407860        0.00000000    
   953.95956456208069        0.00000000    
   954.10278023008277        0.00000000    
   954.24599589808486        0.00000000    
   954.38921156608694        0.00000000    
   954.53242723408903        0.00000000    
   954.67564290209111        0.00000000    
   954.81885857009320        0.00000000    
   954.96207423809528        0.00000000    
   955.10528990609737        0.00000000    
   955.24850557409945        0.00000000    
   955.39172124210154        0.00000000    
   955.53493691010362        0.00000000    
   955.67815257810571        0.00000000    
   955.82136824610780        0.00000000    
   955.96458391410988        0.00000000    
   956.10779958211197        0.00000000    
   956.25101525011405        0.00000000    
   956.39423091811614        0.00000000    
   956.53744658611822        0.00000000    
   956.68066225412031        0.00000000    
   956.82387792212239        0.00000000    
   956.96709359012448        0.00000000    
   957.11030925812656        0.00000000    
   957.25352492612865        0.00000000    
   957.39674059413073        0.00000000    
   957.53995626213282        0.00000000    
   957.68317193013490        0.00000000    
   957.82638759813699        0.00000000    
   957.96960326613907        0.00000000    
   958.11281893414116        0.00000000    
   958.25603460214325        0.00000000    
   958.39925027014533        0.00000000    
   958.54246593814742        0.00000000    
   958.68568160614950        0.00000000    
   958.82889727415159        0.00000000    
   958.97211294215367        0.00000000    
   959.11532861015576        0.00000000    
   959.25854427815784        0.00000000    
   959.40175994615993        0.00000000    
   959.54497561416201        0.00000000    
   959.68819128216410        0.00000000    
   959.83140695016618        0.00000000    
   959.97462261816827        0.00000000    
   960.11783828617035        0.00000000    
   960.26105395417244        0.00000000    
   960.40426962217452        0.00000000    
   960.54748529017661        0.00000000    
   960.69070095817870        0.00000000    
   960.83391662618078        0.00000000    
   960.97713229418287        0.00000000    
   961.12034796218495        0.00000000    
   961.26356363018704        0.00000000    
   961.40677929818912        0.00000000    
   961.54999496619121        0.00000000    
   961.69321063419329        0.00000000    
   961.83642630219538        0.00000000    
   961.97964197019746        0.00000000    
   962.12285763819955        0.00000000    
   962.26607330620163        0.00000000    
   962.40928897420372        0.00000000    
   962.55250464220580        0.00000000    
   962.69572031020789        0.00000000    
   962.83893597820997        0.00000000    
   962.98215164621206        0.00000000    
   963.12536731421415        0.00000000    
   963.26858298221623        0.00000000    
   963.41179865021832        0.00000000    
   963.55501431822040        0.00000000    
   963.69822998622249        0.00000000    
   963.84144565422457        0.00000000    
   963.98466132222666        0.00000000    
   964.12787699022874        0.00000000    
   964.27109265823083        0.00000000    
   964.41430832623291        0.00000000    
   964.55752399423500        0.00000000    
   964.70073966223708        0.00000000    
   964.84395533023917        0.00000000    
   964.98717099824125        0.00000000    
   965.13038666624334        0.00000000    
   965.27360233424542        0.00000000    
   965.41681800224751        0.00000000    
   965.56003367024960        0.00000000    
   965.70324933825168        0.00000000    
   965.84646500625377        0.00000000    
   965.98968067425585        0.00000000    
   966.13289634225794        0.00000000    
   966.27611201026002        0.00000000    
   966.41932767826211        0.00000000    
   966.56254334626419        0.00000000    
   966.70575901426628        0.00000000    
   966.84897468226836        0.00000000    
   966.99219035027045        0.00000000    
   967.13540601827253        0.00000000    
   967.27862168627462        0.00000000    
   967.42183735427670        0.00000000    
   967.56505302227879        0.00000000    
   967.70826869028087        0.00000000    
   967.85148435828296        0.00000000    
   967.99470002628505        0.00000000    
   968.13791569428713        0.00000000    
   968.28113136228922        0.00000000    
   968.42434703029130        0.00000000    
   968.56756269829339        0.00000000    
   968.71077836629547        0.00000000    
   968.85399403429756        0.00000000    
   968.99720970229964        0.00000000    
   969.14042537030173        0.00000000    
   969.28364103830381        0.00000000    
   969.42685670630590        0.00000000    
   969.57007237430798        0.00000000    
   969.71328804231007        0.00000000    
   969.85650371031215        0.00000000    
   969.99971937831424        0.00000000    
   970.14293504631632        0.00000000    
   970.28615071431841        0.00000000    
   970.42936638232050        0.00000000    
   970.57258205032258        0.00000000    
   970.71579771832467        0.00000000    
   970.85901338632675        0.00000000    
   971.00222905432884        0.00000000    
   971.14544472233092        0.00000000    
   971.28866039033301        0.00000000    
   971.43187605833509        0.00000000    
   971.57509172633718        0.00000000    
   971.71830739433926        0.00000000    
   971.86152306234135        0.00000000    
   972.00473873034343        0.00000000    
   972.14795439834552        0.00000000    
   972.29117006634760        0.00000000    
   972.43438573434969        0.00000000    
   972.57760140235177        0.00000000    
   972.72081707035386        0.00000000    
   972.86403273835595        0.00000000    
   973.00724840635803        0.00000000    
   973.15046407436012        0.00000000    
   973.29367974236220        0.00000000    
   973.43689541036429        0.00000000    
   973.58011107836637        0.00000000    
   973.72332674636846        0.00000000    
   973.86654241437054        0.00000000    
   974.00975808237263        0.00000000    
   974.15297375037471        0.00000000    
   974.29618941837680        0.00000000    
   974.43940508637888        0.00000000    
   974.58262075438097        0.00000000    
   974.72583642238305        0.00000000    
   974.86905209038514        0.00000000    
   975.01226775838722        0.00000000    
   975.15548342638931        0.00000000    
   975.29869909439140        0.00000000    
   975.44191476239348        0.00000000    
   975.58513043039557        0.00000000    
   975.72834609839765        0.00000000    
   975.87156176639974        0.00000000    
   976.01477743440182        0.00000000    
   976.15799310240391        0.00000000    
   976.30120877040599        0.00000000    
   976.44442443840808        0.00000000    
   976.58764010641016        0.00000000    
   976.73085577441225        0.00000000    
   976.87407144241433        0.00000000    
   977.01728711041642        0.00000000    
   977.16050277841850        0.00000000    
   977.30371844642059        0.00000000    
   977.44693411442267        0.00000000    
   977.59014978242476        0.00000000    
   977.73336545042685        0.00000000    
   977.87658111842893        0.00000000    
   978.01979678643102        0.00000000    
   978.16301245443310        0.00000000    
   978.30622812243519        0.00000000    
   978.44944379043727        0.00000000    
   978.59265945843936        0.00000000    
   978.73587512644144        0.00000000    
   978.87909079444353        0.00000000    
   979.02230646244561        0.00000000    
   979.16552213044770        0.00000000    
   979.30873779844978        0.00000000    
   979.45195346645187        0.00000000    
   979.59516913445395        0.00000000    
   979.73838480245604        0.00000000    
   979.88160047045812        0.00000000    
   980.02481613846021        0.00000000    
   980.16803180646230        0.00000000    
   980.31124747446438        0.00000000    
   980.45446314246647        0.00000000    
   980.59767881046855        0.00000000    
   980.74089447847064        0.00000000    
   980.88411014647272        0.00000000    
   981.02732581447481        0.00000000    
   981.17054148247689        0.00000000    
   981.31375715047898        0.00000000    
   981.45697281848106        0.00000000    
   981.60018848648315        0.00000000    
   981.74340415448523        0.00000000    
   981.88661982248732        0.00000000    
   982.02983549048940        0.00000000    
   982.17305115849149        0.00000000    
   982.31626682649357        0.00000000    
   982.45948249449566        0.00000000    
   982.60269816249775        0.00000000    
   982.74591383049983        0.00000000    
   982.88912949850192        0.00000000    
   983.03234516650400        0.00000000    
   983.17556083450609        0.00000000    
   983.31877650250817        0.00000000    
   983.46199217051026        0.00000000    
   983.60520783851234        0.00000000    
   983.74842350651443        0.00000000    
   983.89163917451651        0.00000000    
   984.03485484251860        0.00000000    
   984.17807051052068        0.00000000    
   984.32128617852277        0.00000000    
   984.46450184652485        0.00000000    
   984.60771751452694        0.00000000    
   984.75093318252902        0.00000000    
   984.89414885053111        0.00000000    
   985.03736451853320        0.00000000    
   985.18058018653528        0.00000000    
   985.32379585453737        0.00000000    
   985.46701152253945        0.00000000    
   985.61022719054154        0.00000000    
   985.75344285854362        0.00000000    
   985.89665852654571        0.00000000    
   986.03987419454779        0.00000000    
   986.18308986254988        0.00000000    
   986.32630553055196        0.00000000    
   986.46952119855405        0.00000000    
   986.61273686655613        0.00000000    
   986.75595253455822        0.00000000    
   986.89916820256030        0.00000000    
   987.04238387056239        0.00000000    
   987.18559953856447        0.00000000    
   987.32881520656656        0.00000000    
   987.47203087456865        0.00000000    
   987.61524654257073        0.00000000    
   987.75846221057282        0.00000000    
   987.90167787857490        0.00000000    
   988.04489354657699        0.00000000    
   988.18810921457907        0.00000000    
   988.33132488258116        0.00000000    
   988.47454055058324        0.00000000    
   988.61775621858533        0.00000000    
   988.76097188658741        0.00000000    
   988.90418755458950        0.00000000    
   989.04740322259158        0.00000000    
   989.19061889059367        0.00000000    
   989.33383455859575        0.00000000    
   989.47705022659784        0.00000000    
   989.62026589459992        0.00000000    
   989.76348156260201        0.00000000    
   989.90669723060410        0.00000000    
   990.04991289860618        0.00000000    
   990.19312856660827        0.00000000    
   990.33634423461035        0.00000000    
   990.47955990261244        0.00000000    
   990.62277557061452        0.00000000    
   990.76599123861661        0.00000000    
   990.90920690661869        0.00000000    
   991.05242257462078        0.00000000    
   991.19563824262286        0.00000000    
   991.33885391062495        0.00000000    
   991.48206957862703        0.00000000    
   991.62528524662912        0.00000000    
   991.76850091463120        0.00000000    
   991.91171658263329        0.00000000    
   992.05493225063537        0.00000000    
   992.19814791863746        0.00000000    
   992.34136358663955        0.00000000    
   992.48457925464163        0.00000000    
   992.62779492264372        0.00000000    
   992.77101059064580        0.00000000    
   992.91422625864789        0.00000000    
   993.05744192664997        0.00000000    
   993.20065759465206        0.00000000    
   993.34387326265414        0.00000000    
   993.48708893065623        0.00000000    
   993.63030459865831        0.00000000    
   993.77352026666040        0.00000000    
   993.91673593466248        0.00000000    
   994.05995160266457        0.00000000    
   994.20316727066665        0.00000000    
   994.34638293866874        0.00000000    
   994.48959860667082        0.00000000    
   994.63281427467291        0.00000000    
   994.77602994267500        0.00000000    
   994.91924561067708        0.00000000    
   995.06246127867917        0.00000000    
   995.20567694668125        0.00000000    
   995.34889261468334        0.00000000    
   995.49210828268542        0.00000000    
   995.63532395068751        0.00000000    
   995.77853961868959        0.00000000    
   995.92175528669168        0.00000000    
   996.06497095469376        0.00000000    
   996.20818662269585        0.00000000    
   996.35140229069793        0.00000000    
   996.49461795870002        0.00000000    
   996.63783362670210        0.00000000    
   996.78104929470419        0.00000000    
   996.92426496270627        0.00000000    
   997.06748063070836        0.00000000    
   997.21069629871045        0.00000000    
   997.35391196671253        0.00000000    
   997.49712763471462        0.00000000    
   997.64034330271670        0.00000000    
   997.78355897071879        0.00000000    
   997.92677463872087        0.00000000    
   998.06999030672296        0.00000000    
   998.21320597472504        0.00000000    
   998.35642164272713        0.00000000    
   998.49963731072921        0.00000000    
   998.64285297873130        0.00000000    
   998.78606864673338        0.00000000    
   998.92928431473547        0.00000000    
   999.07249998273755        0.00000000    
   999.21571565073964        0.00000000    
   999.35893131874172        0.00000000    
   999.50214698674381        0.00000000    
   999.64536265474590        0.00000000    
   999.78857832274798        0.00000000    
   999.93179399075007        0.00000000    
   1000.0750096587522        0.00000000    
   1000.2182253267542        0.00000000    
   1000.3614409947563        0.00000000    
   1000.5046566627584        0.00000000    
   1000.6478723307605        0.00000000    
   1000.7910879987626        0.00000000    
   1000.9343036667647        0.00000000    
   1001.0775193347667        0.00000000    
   1001.2207350027688        0.00000000    
   1001.3639506707709        0.00000000    
   1001.5071663387730        0.00000000    
   1001.6503820067751        0.00000000    
   1001.7935976747772        0.00000000    
   1001.9368133427793        0.00000000    
   1002.0800290107813        0.00000000    
   1002.2232446787834        0.00000000    
   1002.3664603467855        0.00000000    
   1002.5096760147876        0.00000000    
   1002.6528916827897        0.00000000    
   1002.7961073507918        0.00000000    
   1002.9393230187939        0.00000000    
   1003.0825386867959        0.00000000    
   1003.2257543547980        0.00000000    
   1003.3689700228001        0.00000000    
   1003.5121856908022        0.00000000    
   1003.6554013588043        0.00000000    
   1003.7986170268064        0.00000000    
   1003.9418326948085        0.00000000    
   1004.0850483628105        0.00000000    
   1004.2282640308126        0.00000000    
   1004.3714796988147        0.00000000    
   1004.5146953668168        0.00000000    
   1004.6579110348189        0.00000000    
   1004.8011267028210        0.00000000    
   1004.9443423708231        0.00000000    
   1005.0875580388251        0.00000000    
   1005.2307737068272        0.00000000    
   1005.3739893748293        0.00000000    
   1005.5172050428314        0.00000000    
   1005.6604207108335        0.00000000    
   1005.8036363788356        0.00000000    
   1005.9468520468376        0.00000000    
   1006.0900677148397        0.00000000    
   1006.2332833828418        0.00000000    
   1006.3764990508439        0.00000000    
   1006.5197147188460        0.00000000    
   1006.6629303868481        0.00000000    
   1006.8061460548502        0.00000000    
   1006.9493617228522        0.00000000    
   1007.0925773908543        0.00000000    
   1007.2357930588564        0.00000000    
   1007.3790087268585        0.00000000    
   1007.5222243948606        0.00000000    
   1007.6654400628627        0.00000000    
   1007.8086557308648        0.00000000    
   1007.9518713988668        0.00000000    
   1008.0950870668689        0.00000000    
   1008.2383027348710        0.00000000    
   1008.3815184028731        0.00000000    
   1008.5247340708752        0.00000000    
   1008.6679497388773        0.00000000    
   1008.8111654068794        0.00000000    
   1008.9543810748814        0.00000000    
   1009.0975967428835        0.00000000    
   1009.2408124108856        0.00000000    
   1009.3840280788877        0.00000000    
   1009.5272437468898        0.00000000    
   1009.6704594148919        0.00000000    
   1009.8136750828940        0.00000000    
   1009.9568907508960        0.00000000    
   1010.1001064188981        0.00000000    
   1010.2433220869002        0.00000000    
   1010.3865377549023        0.00000000    
   1010.5297534229044        0.00000000    
   1010.6729690909065        0.00000000    
   1010.8161847589085        0.00000000    
   1010.9594004269106        0.00000000    
   1011.1026160949127        0.00000000    
   1011.2458317629148        0.00000000    
   1011.3890474309169        0.00000000    
   1011.5322630989190        0.00000000    
   1011.6754787669211        0.00000000    
   1011.8186944349231        0.00000000    
   1011.9619101029252        0.00000000    
   1012.1051257709273        0.00000000    
   1012.2483414389294        0.00000000    
   1012.3915571069315        0.00000000    
   1012.5347727749336        0.00000000    
   1012.6779884429357        0.00000000    
   1012.8212041109377        0.00000000    
   1012.9644197789398        0.00000000    
   1013.1076354469419        0.00000000    
   1013.2508511149440        0.00000000    
   1013.3940667829461        0.00000000    
   1013.5372824509482        0.00000000    
   1013.6804981189503        0.00000000    
   1013.8237137869523        0.00000000    
   1013.9669294549544        0.00000000    
   1014.1101451229565        0.00000000    
   1014.2533607909586        0.00000000    
   1014.3965764589607        0.00000000    
   1014.5397921269628        0.00000000    
   1014.6830077949649        0.00000000    
   1014.8262234629669        0.00000000    
   1014.9694391309690        0.00000000    
   1015.1126547989711        0.00000000    
   1015.2558704669732        0.00000000    
   1015.3990861349753        0.00000000    
   1015.5423018029774        0.00000000    
   1015.6855174709794        0.00000000    
   1015.8287331389815        0.00000000    
   1015.9719488069836        0.00000000    
   1016.1151644749857        0.00000000    
   1016.2583801429878        0.00000000    
   1016.4015958109899        0.00000000    
   1016.5448114789920        0.00000000    
   1016.6880271469940        0.00000000    
   1016.8312428149961        0.00000000    
   1016.9744584829982        0.00000000    
   1017.1176741510003        0.00000000    
   1017.2608898190024        0.00000000    
   1017.4041054870045        0.00000000    
   1017.5473211550066        0.00000000    
   1017.6905368230086        0.00000000    
   1017.8337524910107        0.00000000    
   1017.9769681590128        0.00000000    
   1018.1201838270149        0.00000000    
   1018.2633994950170        0.00000000    
   1018.4066151630191        0.00000000    
   1018.5498308310212        0.00000000    
   1018.6930464990232        0.00000000    
   1018.8362621670253        0.00000000    
   1018.9794778350274        0.00000000    
   1019.1226935030295        0.00000000    
   1019.2659091710316        0.00000000    
   1019.4091248390337        0.00000000    
   1019.5523405070358        0.00000000    
   1019.6955561750378        0.00000000    
   1019.8387718430399        0.00000000    
   1019.9819875110420        0.00000000    
   1020.1252031790441        0.00000000    
   1020.2684188470462        0.00000000    
   1020.4116345150483        0.00000000    
   1020.5548501830503        0.00000000    
   1020.6980658510524        0.00000000    
   1020.8412815190545        0.00000000    
   1020.9844971870566        0.00000000    
   1021.1277128550587        0.00000000    
   1021.2709285230608        0.00000000    
   1021.4141441910629        0.00000000    
   1021.5573598590649        0.00000000    
   1021.7005755270670        0.00000000    
   1021.8437911950691        0.00000000    
   1021.9870068630712        0.00000000    
   1022.1302225310733        0.00000000    
   1022.2734381990754        0.00000000    
   1022.4166538670775        0.00000000    
   1022.5598695350795        0.00000000    
   1022.7030852030816        0.00000000    
   1022.8463008710837        0.00000000    
   1022.9895165390858        0.00000000    
   1023.1327322070879        0.00000000    
   1023.2759478750900        0.00000000    
   1023.4191635430921        0.00000000    
   1023.5623792110941        0.00000000    
   1023.7055948790962        0.00000000    
   1023.8488105470983        0.00000000    
   1023.9920262151004        0.00000000    
   1024.1352418831025        0.00000000    
   1024.2784575511046        0.00000000    
   1024.4216732191067        0.00000000    
   1024.5648888871087        0.00000000    
   1024.7081045551108        0.00000000    
   1024.8513202231129        0.00000000    
   1024.9945358911150        0.00000000    
   1025.1377515591171        0.00000000    
   1025.2809672271192        0.00000000    
   1025.4241828951212        0.00000000    
   1025.5673985631233        0.00000000    
   1025.7106142311254        0.00000000    
   1025.8538298991275        0.00000000    
   1025.9970455671296        0.00000000    
   1026.1402612351317        0.00000000    
   1026.2834769031338        0.00000000    
   1026.4266925711358        0.00000000    
   1026.5699082391379        0.00000000    
   1026.7131239071400        0.00000000    
   1026.8563395751421        0.00000000    
   1026.9995552431442        0.00000000    
   1027.1427709111463        0.00000000    
   1027.2859865791484        0.00000000    
   1027.4292022471504        0.00000000    
   1027.5724179151525        0.00000000    
   1027.7156335831546        0.00000000    
   1027.8588492511567        0.00000000    
   1028.0020649191588        0.00000000    
   1028.1452805871609        0.00000000    
   1028.2884962551630        0.00000000    
   1028.4317119231650        0.00000000    
   1028.5749275911671        0.00000000    
   1028.7181432591692        0.00000000    
   1028.8613589271713        0.00000000    
   1029.0045745951734        0.00000000    
   1029.1477902631755        0.00000000    
   1029.2910059311776        0.00000000    
   1029.4342215991796        0.00000000    
   1029.5774372671817        0.00000000    
   1029.7206529351838        0.00000000    
   1029.8638686031859        0.00000000    
   1030.0070842711880        0.00000000    
   1030.1502999391901        0.00000000    
   1030.2935156071921        0.00000000    
   1030.4367312751942        0.00000000    
   1030.5799469431963        0.00000000    
   1030.7231626111984        0.00000000    
   1030.8663782792005        0.00000000    
   1031.0095939472026        0.00000000    
   1031.1528096152047        0.00000000    
   1031.2960252832067        0.00000000    
   1031.4392409512088        0.00000000    
   1031.5824566192109        0.00000000    
   1031.7256722872130        0.00000000    
   1031.8688879552151        0.00000000    
   1032.0121036232172        0.00000000    
   1032.1553192912193        0.00000000    
   1032.2985349592213        0.00000000    
   1032.4417506272234        0.00000000    
   1032.5849662952255        0.00000000    
   1032.7281819632276        0.00000000    
   1032.8713976312297        0.00000000    
   1033.0146132992318        0.00000000    
   1033.1578289672339        0.00000000    
   1033.3010446352359        0.00000000    
   1033.4442603032380        0.00000000    
   1033.5874759712401        0.00000000    
   1033.7306916392422        0.00000000    
   1033.8739073072443        0.00000000    
   1034.0171229752464        0.00000000    
   1034.1603386432485        0.00000000    
   1034.3035543112505        0.00000000    
   1034.4467699792526        0.00000000    
   1034.5899856472547        0.00000000    
   1034.7332013152568        0.00000000    
   1034.8764169832589        0.00000000    
   1035.0196326512610        0.00000000    
   1035.1628483192630        0.00000000    
   1035.3060639872651        0.00000000    
   1035.4492796552672        0.00000000    
   1035.5924953232693        0.00000000    
   1035.7357109912714        0.00000000    
   1035.8789266592735        0.00000000    
   1036.0221423272756        0.00000000    
   1036.1653579952776        0.00000000    
   1036.3085736632797        0.00000000    
   1036.4517893312818        0.00000000    
   1036.5950049992839        0.00000000    
   1036.7382206672860        0.00000000    
   1036.8814363352881        0.00000000    
   1037.0246520032902        0.00000000    
   1037.1678676712922        0.00000000    
   1037.3110833392943        0.00000000    
   1037.4542990072964        0.00000000    
   1037.5975146752985        0.00000000    
   1037.7407303433006        0.00000000    
   1037.8839460113027        0.00000000    
   1038.0271616793048        0.00000000    
   1038.1703773473068        0.00000000    
   1038.3135930153089        0.00000000    
   1038.4568086833110        0.00000000    
   1038.6000243513131        0.00000000    
   1038.7432400193152        0.00000000    
   1038.8864556873173        0.00000000    
   1039.0296713553194        0.00000000    
   1039.1728870233214        0.00000000    
   1039.3161026913235        0.00000000    
   1039.4593183593256        0.00000000    
   1039.6025340273277        0.00000000    
   1039.7457496953298        0.00000000    
   1039.8889653633319        0.00000000    
   1040.0321810313339        0.00000000    
   1040.1753966993360        0.00000000    
   1040.3186123673381        0.00000000    
   1040.4618280353402        0.00000000    
   1040.6050437033423        0.00000000    
   1040.7482593713444        0.00000000    
   1040.8914750393465        0.00000000    
   1041.0346907073485        0.00000000    
   1041.1779063753506        0.00000000    
   1041.3211220433527        0.00000000    
   1041.4643377113548        0.00000000    
   1041.6075533793569        0.00000000    
   1041.7507690473590        0.00000000    
   1041.8939847153611        0.00000000    
   1042.0372003833631        0.00000000    
   1042.1804160513652        0.00000000    
   1042.3236317193673        0.00000000    
   1042.4668473873694        0.00000000    
   1042.6100630553715        0.00000000    
   1042.7532787233736        0.00000000    
   1042.8964943913757        0.00000000    
   1043.0397100593777        0.00000000    
   1043.1829257273798        0.00000000    
   1043.3261413953819        0.00000000    
   1043.4693570633840        0.00000000    
   1043.6125727313861        0.00000000    
   1043.7557883993882        0.00000000    
   1043.8990040673903        0.00000000    
   1044.0422197353923        0.00000000    
   1044.1854354033944        0.00000000    
   1044.3286510713965        0.00000000    
   1044.4718667393986        0.00000000    
   1044.6150824074007        0.00000000    
   1044.7582980754028        0.00000000    
   1044.9015137434048        0.00000000    
   1045.0447294114069        0.00000000    
   1045.1879450794090        0.00000000    
   1045.3311607474111        0.00000000    
   1045.4743764154132        0.00000000    
   1045.6175920834153        0.00000000    
   1045.7608077514174        0.00000000    
   1045.9040234194194        0.00000000    
   1046.0472390874215        0.00000000    
   1046.1904547554236        0.00000000    
   1046.3336704234257        0.00000000    
   1046.4768860914278        0.00000000    
   1046.6201017594299        0.00000000    
   1046.7633174274320        0.00000000    
   1046.9065330954340        0.00000000    
   1047.0497487634361        0.00000000    
   1047.1929644314382        0.00000000    
   1047.3361800994403        0.00000000    
   1047.4793957674424        0.00000000    
   1047.6226114354445        0.00000000    
   1047.7658271034466        0.00000000    
   1047.9090427714486        0.00000000    
   1048.0522584394507        0.00000000    
   1048.1954741074528        0.00000000    
   1048.3386897754549        0.00000000    
   1048.4819054434570        0.00000000    
   1048.6251211114591        0.00000000    
   1048.7683367794612        0.00000000    
   1048.9115524474632        0.00000000    
   1049.0547681154653        0.00000000    
   1049.1979837834674        0.00000000    
   1049.3411994514695        0.00000000    
   1049.4844151194716        0.00000000    
   1049.6276307874737        0.00000000    
   1049.7708464554757        0.00000000    
   1049.9140621234778        0.00000000    
   1050.0572777914799        0.00000000    
   1050.2004934594820        0.00000000    
   1050.3437091274841        0.00000000    
   1050.4869247954862        0.00000000    
   1050.6301404634883        0.00000000    
   1050.7733561314903        0.00000000    
   1050.9165717994924        0.00000000    
   1051.0597874674945        0.00000000    
   1051.2030031354966        0.00000000    
   1051.3462188034987        0.00000000    
   1051.4894344715008        0.00000000    
   1051.6326501395029        0.00000000    
   1051.7758658075049        0.00000000    
   1051.9190814755070        0.00000000    
   1052.0622971435091        0.00000000    
   1052.2055128115112        0.00000000    
   1052.3487284795133        0.00000000    
   1052.4919441475154        0.00000000    
   1052.6351598155175        0.00000000    
   1052.7783754835195        0.00000000    
   1052.9215911515216        0.00000000    
   1053.0648068195237        0.00000000    
   1053.2080224875258        0.00000000    
   1053.3512381555279        0.00000000    
   1053.4944538235300        0.00000000    
   1053.6376694915321        0.00000000    
   1053.7808851595341        0.00000000    
   1053.9241008275362        0.00000000    
   1054.0673164955383        0.00000000    
   1054.2105321635404        0.00000000    
   1054.3537478315425        0.00000000    
   1054.4969634995446        0.00000000    
   1054.6401791675466        0.00000000    
   1054.7833948355487        0.00000000    
   1054.9266105035508        0.00000000    
   1055.0698261715529        0.00000000    
   1055.2130418395550        0.00000000    
   1055.3562575075571        0.00000000    
   1055.4994731755592        0.00000000    
   1055.6426888435612        0.00000000    
   1055.7859045115633        0.00000000    
   1055.9291201795654        0.00000000    
   1056.0723358475675        0.00000000    
   1056.2155515155696        0.00000000    
   1056.3587671835717        0.00000000    
   1056.5019828515738        0.00000000    
   1056.6451985195758        0.00000000    
   1056.7884141875779        0.00000000    
   1056.9316298555800        0.00000000    
   1057.0748455235821        0.00000000    
   1057.2180611915842        0.00000000    
   1057.3612768595863        0.00000000    
   1057.5044925275884        0.00000000    
   1057.6477081955904        0.00000000    
   1057.7909238635925        0.00000000    
   1057.9341395315946        0.00000000    
   1058.0773551995967        0.00000000    
   1058.2205708675988        0.00000000    
   1058.3637865356009        0.00000000    
   1058.5070022036030        0.00000000    
   1058.6502178716050        0.00000000    
   1058.7934335396071        0.00000000    
   1058.9366492076092        0.00000000    
   1059.0798648756113        0.00000000    
   1059.2230805436134        0.00000000    
   1059.3662962116155        0.00000000    
   1059.5095118796175        0.00000000    
   1059.6527275476196        0.00000000    
   1059.7959432156217        0.00000000    
   1059.9391588836238        0.00000000    
   1060.0823745516259        0.00000000    
   1060.2255902196280        0.00000000    
   1060.3688058876301        0.00000000    
   1060.5120215556321        0.00000000    
   1060.6552372236342        0.00000000    
   1060.7984528916363        0.00000000    
   1060.9416685596384        0.00000000    
   1061.0848842276405        0.00000000    
   1061.2280998956426        0.00000000    
   1061.3713155636447        0.00000000    
   1061.5145312316467        0.00000000    
   1061.6577468996488        0.00000000    
   1061.8009625676509        0.00000000    
   1061.9441782356530        0.00000000    
   1062.0873939036551        0.00000000    
   1062.2306095716572        0.00000000    
   1062.3738252396593        0.00000000    
   1062.5170409076613        0.00000000    
   1062.6602565756634        0.00000000    
   1062.8034722436655        0.00000000    
   1062.9466879116676        0.00000000    
   1063.0899035796697        0.00000000    
   1063.2331192476718        0.00000000    
   1063.3763349156739        0.00000000    
   1063.5195505836759        0.00000000    
   1063.6627662516780        0.00000000    
   1063.8059819196801        0.00000000    
   1063.9491975876822        0.00000000    
   1064.0924132556843        0.00000000    
   1064.2356289236864        0.00000000    
   1064.3788445916884        0.00000000    
   1064.5220602596905        0.00000000    
   1064.6652759276926        0.00000000    
   1064.8084915956947        0.00000000    
   1064.9517072636968        0.00000000    
   1065.0949229316989        0.00000000    
   1065.2381385997010        0.00000000    
   1065.3813542677030        0.00000000    
   1065.5245699357051        0.00000000    
   1065.6677856037072        0.00000000    
   1065.8110012717093        0.00000000    
   1065.9542169397114        0.00000000    
   1066.0974326077135        0.00000000    
   1066.2406482757156        0.00000000    
   1066.3838639437176        0.00000000    
   1066.5270796117197        0.00000000    
   1066.6702952797218        0.00000000    
   1066.8135109477239        0.00000000    
   1066.9567266157260        0.00000000    
   1067.0999422837281        0.00000000    
   1067.2431579517302        0.00000000    
   1067.3863736197322        0.00000000    
   1067.5295892877343        0.00000000    
   1067.6728049557364        0.00000000    
   1067.8160206237385        0.00000000    
   1067.9592362917406        0.00000000    
   1068.1024519597427        0.00000000    
   1068.2456676277448        0.00000000    
   1068.3888832957468        0.00000000    
   1068.5320989637489        0.00000000    
   1068.6753146317510        0.00000000    
   1068.8185302997531        0.00000000    
   1068.9617459677552        0.00000000    
   1069.1049616357573        0.00000000    
   1069.2481773037593        0.00000000    
   1069.3913929717614        0.00000000    
   1069.5346086397635        0.00000000    
   1069.6778243077656        0.00000000    
   1069.8210399757677        0.00000000    
   1069.9642556437698        0.00000000    
   1070.1074713117719        0.00000000    
   1070.2506869797739        0.00000000    
   1070.3939026477760        0.00000000    
   1070.5371183157781        0.00000000    
   1070.6803339837802        0.00000000    
   1070.8235496517823        0.00000000    
   1070.9667653197844        0.00000000    
   1071.1099809877865        0.00000000    
   1071.2531966557885        0.00000000    
   1071.3964123237906        0.00000000    
   1071.5396279917927        0.00000000    
   1071.6828436597948        0.00000000    
   1071.8260593277969        0.00000000    
   1071.9692749957990        0.00000000    
   1072.1124906638011        0.00000000    
   1072.2557063318031        0.00000000    
   1072.3989219998052        0.00000000    
   1072.5421376678073        0.00000000    
   1072.6853533358094        0.00000000    
   1072.8285690038115        0.00000000    
   1072.9717846718136        0.00000000    
   1073.1150003398157        0.00000000    
   1073.2582160078177        0.00000000    
   1073.4014316758198        0.00000000    
   1073.5446473438219        0.00000000    
   1073.6878630118240        0.00000000    
   1073.8310786798261        0.00000000    
   1073.9742943478282        0.00000000    
   1074.1175100158302        0.00000000    
   1074.2607256838323        0.00000000    
   1074.4039413518344        0.00000000    
   1074.5471570198365        0.00000000    
   1074.6903726878386        0.00000000    
   1074.8335883558407        0.00000000    
   1074.9768040238428        0.00000000    
   1075.1200196918448        0.00000000    
   1075.2632353598469        0.00000000    
   1075.4064510278490        0.00000000    
   1075.5496666958511        0.00000000    
   1075.6928823638532        0.00000000    
   1075.8360980318553        0.00000000    
   1075.9793136998574        0.00000000    
   1076.1225293678594        0.00000000    
   1076.2657450358615        0.00000000    
   1076.4089607038636        0.00000000    
   1076.5521763718657        0.00000000    
   1076.6953920398678        0.00000000    
   1076.8386077078699        0.00000000    
   1076.9818233758720        0.00000000    
   1077.1250390438740        0.00000000    
   1077.2682547118761        0.00000000    
   1077.4114703798782        0.00000000    
   1077.5546860478803        0.00000000    
   1077.6979017158824        0.00000000    
   1077.8411173838845        0.00000000    
   1077.9843330518866        0.00000000    
   1078.1275487198886        0.00000000    
   1078.2707643878907        0.00000000    
   1078.4139800558928        0.00000000    
   1078.5571957238949        0.00000000    
   1078.7004113918970        0.00000000    
   1078.8436270598991        0.00000000    
   1078.9868427279011        0.00000000    
   1079.1300583959032        0.00000000    
   1079.2732740639053        0.00000000    
   1079.4164897319074        0.00000000    
   1079.5597053999095        0.00000000    
   1079.7029210679116        0.00000000    
   1079.8461367359137        0.00000000    
   1079.9893524039157        0.00000000    
   1080.1325680719178        0.00000000    
   1080.2757837399199        0.00000000    
   1080.4189994079220        0.00000000    
   1080.5622150759241        0.00000000    
   1080.7054307439262        0.00000000    
   1080.8486464119283        0.00000000    
   1080.9918620799303        0.00000000    
   1081.1350777479324        0.00000000    
   1081.2782934159345        0.00000000    
   1081.4215090839366        0.00000000    
   1081.5647247519387        0.00000000    
   1081.7079404199408        0.00000000    
   1081.8511560879429        0.00000000    
   1081.9943717559449        0.00000000    
   1082.1375874239470        0.00000000    
   1082.2808030919491        0.00000000    
   1082.4240187599512        0.00000000    
   1082.5672344279533        0.00000000    
   1082.7104500959554        0.00000000    
   1082.8536657639575        0.00000000    
   1082.9968814319595        0.00000000    
   1083.1400970999616        0.00000000    
   1083.2833127679637        0.00000000    
   1083.4265284359658        0.00000000    
   1083.5697441039679        0.00000000    
   1083.7129597719700        0.00000000    
   1083.8561754399720        0.00000000    
   1083.9993911079741        0.00000000    
   1084.1426067759762        0.00000000    
   1084.2858224439783        0.00000000    
   1084.4290381119804        0.00000000    
   1084.5722537799825        0.00000000    
   1084.7154694479846        0.00000000    
   1084.8586851159866        0.00000000    
   1085.0019007839887        0.00000000    
   1085.1451164519908        0.00000000    
   1085.2883321199929        0.00000000    
   1085.4315477879950        0.00000000    
   1085.5747634559971        0.00000000    
   1085.7179791239992        0.00000000    
   1085.8611947920012        0.00000000    
   1086.0044104600033        0.00000000    
   1086.1476261280054        0.00000000    
   1086.2908417960075        0.00000000    
   1086.4340574640096        0.00000000    
   1086.5772731320117        0.00000000    
   1086.7204888000138        0.00000000    
   1086.8637044680158        0.00000000    
   1087.0069201360179        0.00000000    
   1087.1501358040200        0.00000000    
   1087.2933514720221        0.00000000    
   1087.4365671400242        0.00000000    
   1087.5797828080263        0.00000000    
   1087.7229984760284        0.00000000    
   1087.8662141440304        0.00000000    
   1088.0094298120325        0.00000000    
   1088.1526454800346        0.00000000    
   1088.2958611480367        0.00000000    
   1088.4390768160388        0.00000000    
   1088.5822924840409        0.00000000    
   1088.7255081520429        0.00000000    
   1088.8687238200450        0.00000000    
   1089.0119394880471        0.00000000    
   1089.1551551560492        0.00000000    
   1089.2983708240513        0.00000000    
   1089.4415864920534        0.00000000    
   1089.5848021600555        0.00000000    
   1089.7280178280575        0.00000000    
   1089.8712334960596        0.00000000    
   1090.0144491640617        0.00000000    
   1090.1576648320638        0.00000000    
   1090.3008805000659        0.00000000    
   1090.4440961680680        0.00000000    
   1090.5873118360701        0.00000000    
   1090.7305275040721        0.00000000    
   1090.8737431720742        0.00000000    
   1091.0169588400763        0.00000000    
   1091.1601745080784        0.00000000    
   1091.3033901760805        0.00000000    
   1091.4466058440826        0.00000000    
   1091.5898215120847        0.00000000    
   1091.7330371800867        0.00000000    
   1091.8762528480888        0.00000000    
   1092.0194685160909        0.00000000    
   1092.1626841840930        0.00000000    
   1092.3058998520951        0.00000000    
   1092.4491155200972        0.00000000    
   1092.5923311880993        0.00000000    
   1092.7355468561013        0.00000000    
   1092.8787625241034        0.00000000    
   1093.0219781921055        0.00000000    
   1093.1651938601076        0.00000000    
   1093.3084095281097        0.00000000    
   1093.4516251961118        0.00000000    
   1093.5948408641138        0.00000000    
   1093.7380565321159        0.00000000    
   1093.8812722001180        0.00000000    
   1094.0244878681201        0.00000000    
   1094.1677035361222        0.00000000    
   1094.3109192041243        0.00000000    
   1094.4541348721264        0.00000000    
   1094.5973505401284        0.00000000    
   1094.7405662081305        0.00000000    
   1094.8837818761326        0.00000000    
   1095.0269975441347        0.00000000    
   1095.1702132121368        0.00000000    
   1095.3134288801389        0.00000000    
   1095.4566445481410        0.00000000    
   1095.5998602161430        0.00000000    
   1095.7430758841451        0.00000000    
   1095.8862915521472        0.00000000    
   1096.0295072201493        0.00000000    
   1096.1727228881514        0.00000000    
   1096.3159385561535        0.00000000    
   1096.4591542241556        0.00000000    
   1096.6023698921576        0.00000000    
   1096.7455855601597        0.00000000    
   1096.8888012281618        0.00000000    
   1097.0320168961639        0.00000000    
   1097.1752325641660        0.00000000    
   1097.3184482321681        0.00000000    
   1097.4616639001702        0.00000000    
   1097.6048795681722        0.00000000    
   1097.7480952361743        0.00000000    
   1097.8913109041764        0.00000000    
   1098.0345265721785        0.00000000    
   1098.1777422401806        0.00000000    
   1098.3209579081827        0.00000000    
   1098.4641735761847        0.00000000    
   1098.6073892441868        0.00000000    
   1098.7506049121889        0.00000000    
   1098.8938205801910        0.00000000    
   1099.0370362481931        0.00000000    
   1099.1802519161952        0.00000000    
   1099.3234675841973        0.00000000    
   1099.4666832521993        0.00000000    
   1099.6098989202014        0.00000000    
   1099.7531145882035        0.00000000    
   1099.8963302562056        0.00000000    
   1100.0395459242077        0.00000000    
   1100.1827615922098        0.00000000    
   1100.3259772602119        0.00000000    
   1100.4691929282139        0.00000000    
   1100.6124085962160        0.00000000    
   1100.7556242642181        0.00000000    
   1100.8988399322202        0.00000000    
   1101.0420556002223        0.00000000    
   1101.1852712682244        0.00000000    
   1101.3284869362265        0.00000000    
   1101.4717026042285        0.00000000    
   1101.6149182722306        0.00000000    
   1101.7581339402327        0.00000000    
   1101.9013496082348        0.00000000    
   1102.0445652762369        0.00000000    
   1102.1877809442390        0.00000000    
   1102.3309966122411        0.00000000    
   1102.4742122802431        0.00000000    
   1102.6174279482452        0.00000000    
   1102.7606436162473        0.00000000    
   1102.9038592842494        0.00000000    
   1103.0470749522515        0.00000000    
   1103.1902906202536        0.00000000    
   1103.3335062882556        0.00000000    
   1103.4767219562577        0.00000000    
   1103.6199376242598        0.00000000    
   1103.7631532922619        0.00000000    
   1103.9063689602640        0.00000000    
   1104.0495846282661        0.00000000    
   1104.1928002962682        0.00000000    
   1104.3360159642702        0.00000000    
   1104.4792316322723        0.00000000    
   1104.6224473002744        0.00000000    
   1104.7656629682765        0.00000000    
   1104.9088786362786        0.00000000    
   1105.0520943042807        0.00000000    
   1105.1953099722828        0.00000000    
   1105.3385256402848        0.00000000    
   1105.4817413082869        0.00000000    
   1105.6249569762890        0.00000000    
   1105.7681726442911        0.00000000    
   1105.9113883122932        0.00000000    
   1106.0546039802953        0.00000000    
   1106.1978196482974        0.00000000    
   1106.3410353162994        0.00000000    
   1106.4842509843015        0.00000000    
   1106.6274666523036        0.00000000    
   1106.7706823203057        0.00000000    
   1106.9138979883078        0.00000000    
   1107.0571136563099        0.00000000    
   1107.2003293243120        0.00000000    
   1107.3435449923140        0.00000000    
   1107.4867606603161        0.00000000    
   1107.6299763283182        0.00000000    
   1107.7731919963203        0.00000000    
   1107.9164076643224        0.00000000    
   1108.0596233323245        0.00000000    
   1108.2028390003265        0.00000000    
   1108.3460546683286        0.00000000    
   1108.4892703363307        0.00000000    
   1108.6324860043328        0.00000000    
   1108.7757016723349        0.00000000    
   1108.9189173403370        0.00000000    
   1109.0621330083391        0.00000000    
   1109.2053486763411        0.00000000    
   1109.3485643443432        0.00000000    
   1109.4917800123453        0.00000000    
   1109.6349956803474        0.00000000    
   1109.7782113483495        0.00000000    
   1109.9214270163516        0.00000000    
   1110.0646426843537        0.00000000    
   1110.2078583523557        0.00000000    
   1110.3510740203578        0.00000000    
   1110.4942896883599        0.00000000    
   1110.6375053563620        0.00000000    
   1110.7807210243641        0.00000000    
   1110.9239366923662        0.00000000    
   1111.0671523603683        0.00000000    
   1111.2103680283703        0.00000000    
   1111.3535836963724        0.00000000    
   1111.4967993643745        0.00000000    
   1111.6400150323766        0.00000000    
   1111.7832307003787        0.00000000    
   1111.9264463683808        0.00000000    
   1112.0696620363829        0.00000000    
   1112.2128777043849        0.00000000    
   1112.3560933723870        0.00000000    
   1112.4993090403891        0.00000000    
   1112.6425247083912        0.00000000    
   1112.7857403763933        0.00000000    
   1112.9289560443954        0.00000000    
   1113.0721717123974        0.00000000    
   1113.2153873803995        0.00000000    
   1113.3586030484016        0.00000000    
   1113.5018187164037        0.00000000    
   1113.6450343844058        0.00000000    
   1113.7882500524079        0.00000000    
   1113.9314657204100        0.00000000    
   1114.0746813884120        0.00000000    
   1114.2178970564141        0.00000000    
   1114.3611127244162        0.00000000    
   1114.5043283924183        0.00000000    
   1114.6475440604204        0.00000000    
   1114.7907597284225        0.00000000    
   1114.9339753964246        0.00000000    
   1115.0771910644266        0.00000000    
   1115.2204067324287        0.00000000    
   1115.3636224004308        0.00000000    
   1115.5068380684329        0.00000000    
   1115.6500537364350        0.00000000    
   1115.7932694044371        0.00000000    
   1115.9364850724392        0.00000000    
   1116.0797007404412        0.00000000    
   1116.2229164084433        0.00000000    
   1116.3661320764454        0.00000000    
   1116.5093477444475        0.00000000    
   1116.6525634124496        0.00000000    
   1116.7957790804517        0.00000000    
   1116.9389947484538        0.00000000    
   1117.0822104164558        0.00000000    
   1117.2254260844579        0.00000000    
   1117.3686417524600        0.00000000    
   1117.5118574204621        0.00000000    
   1117.6550730884642        0.00000000    
   1117.7982887564663        0.00000000    
   1117.9415044244683        0.00000000    
   1118.0847200924704        0.00000000    
   1118.2279357604725        0.00000000    
   1118.3711514284746        0.00000000    
   1118.5143670964767        0.00000000    
   1118.6575827644788        0.00000000    
   1118.8007984324809        0.00000000    
   1118.9440141004829        0.00000000    
   1119.0872297684850        0.00000000    
   1119.2304454364871        0.00000000    
   1119.3736611044892        0.00000000    
   1119.5168767724913        0.00000000    
   1119.6600924404934        0.00000000    
   1119.8033081084955        0.00000000    
   1119.9465237764975        0.00000000    
   1120.0897394444996        0.00000000    
   1120.2329551125017        0.00000000    
   1120.3761707805038        0.00000000    
   1120.5193864485059        0.00000000    
   1120.6626021165080        0.00000000    
   1120.8058177845101        0.00000000    
   1120.9490334525121        0.00000000    
   1121.0922491205142        0.00000000    
   1121.2354647885163        0.00000000    
   1121.3786804565184        0.00000000    
   1121.5218961245205        0.00000000    
   1121.6651117925226        0.00000000    
   1121.8083274605247        0.00000000    
   1121.9515431285267        0.00000000    
   1122.0947587965288        0.00000000    
   1122.2379744645309        0.00000000    
   1122.3811901325330        0.00000000    
   1122.5244058005351        0.00000000    
   1122.6676214685372        0.00000000    
   1122.8108371365392        0.00000000    
   1122.9540528045413        0.00000000    
   1123.0972684725434        0.00000000    
   1123.2404841405455        0.00000000    
   1123.3836998085476        0.00000000    
   1123.5269154765497        0.00000000    
   1123.6701311445518        0.00000000    
   1123.8133468125538        0.00000000    
   1123.9565624805559        0.00000000    
   1124.0997781485580        0.00000000    
   1124.2429938165601        0.00000000    
   1124.3862094845622        0.00000000    
   1124.5294251525643        0.00000000    
   1124.6726408205664        0.00000000    
   1124.8158564885684        0.00000000    
   1124.9590721565705        0.00000000    
   1125.1022878245726        0.00000000    
   1125.2455034925747        0.00000000    
   1125.3887191605768        0.00000000    
   1125.5319348285789        0.00000000    
   1125.6751504965810        0.00000000    
   1125.8183661645830        0.00000000    
   1125.9615818325851        0.00000000    
   1126.1047975005872        0.00000000    
   1126.2480131685893        0.00000000    
   1126.3912288365914        0.00000000    
   1126.5344445045935        0.00000000    
   1126.6776601725956        0.00000000    
   1126.8208758405976        0.00000000    
   1126.9640915085997        0.00000000    
   1127.1073071766018        0.00000000    
   1127.2505228446039        0.00000000    
   1127.3937385126060        0.00000000    
   1127.5369541806081        0.00000000    
   1127.6801698486101        0.00000000    
   1127.8233855166122        0.00000000    
   1127.9666011846143        0.00000000    
   1128.1098168526164        0.00000000    
   1128.2530325206185        0.00000000    
   1128.3962481886206        0.00000000    
   1128.5394638566227        0.00000000    
   1128.6826795246247        0.00000000    
   1128.8258951926268        0.00000000    
   1128.9691108606289        0.00000000    
   1129.1123265286310        0.00000000    
   1129.2555421966331        0.00000000    
   1129.3987578646352        0.00000000    
   1129.5419735326373        0.00000000    
   1129.6851892006393        0.00000000    
   1129.8284048686414        0.00000000    
   1129.9716205366435        0.00000000    
   1130.1148362046456        0.00000000    
   1130.2580518726477        0.00000000    
   1130.4012675406498        0.00000000    
   1130.5444832086519        0.00000000    
   1130.6876988766539        0.00000000    
   1130.8309145446560        0.00000000    
   1130.9741302126581        0.00000000    
   1131.1173458806602        0.00000000    
   1131.2605615486623        0.00000000    
   1131.4037772166644        0.00000000    
   1131.5469928846665        0.00000000    
   1131.6902085526685        0.00000000    
   1131.8334242206706        0.00000000    
   1131.9766398886727        0.00000000    
   1132.1198555566748        0.00000000    
   1132.2630712246769        0.00000000    
   1132.4062868926790        0.00000000    
   1132.5495025606810        0.00000000    
   1132.6927182286831        0.00000000    
   1132.8359338966852        0.00000000    
   1132.9791495646873        0.00000000    
   1133.1223652326894        0.00000000    
   1133.2655809006915        0.00000000    
   1133.4087965686936        0.00000000    
   1133.5520122366956        0.00000000    
   1133.6952279046977        0.00000000    
   1133.8384435726998        0.00000000    
   1133.9816592407019        0.00000000    
   1134.1248749087040        0.00000000    
   1134.2680905767061        0.00000000    
   1134.4113062447082        0.00000000    
   1134.5545219127102        0.00000000    
   1134.6977375807123        0.00000000    
   1134.8409532487144        0.00000000    
   1134.9841689167165        0.00000000    
   1135.1273845847186        0.00000000    
   1135.2706002527207        0.00000000    
   1135.4138159207228        0.00000000    
   1135.5570315887248        0.00000000    
   1135.7002472567269        0.00000000    
   1135.8434629247290        0.00000000    
   1135.9866785927311        0.00000000    
   1136.1298942607332        0.00000000    
   1136.2731099287353        0.00000000    
   1136.4163255967374        0.00000000    
   1136.5595412647394        0.00000000    
   1136.7027569327415        0.00000000    
   1136.8459726007436        0.00000000    
   1136.9891882687457        0.00000000    
   1137.1324039367478        0.00000000    
   1137.2756196047499        0.00000000    
   1137.4188352727519        0.00000000    
   1137.5620509407540        0.00000000    
   1137.7052666087561        0.00000000    
   1137.8484822767582        0.00000000    
   1137.9916979447603        0.00000000    
   1138.1349136127624        0.00000000    
   1138.2781292807645        0.00000000    
   1138.4213449487665        0.00000000    
   1138.5645606167686        0.00000000    
   1138.7077762847707        0.00000000    
   1138.8509919527728        0.00000000    
   1138.9942076207749        0.00000000    
   1139.1374232887770        0.00000000    
   1139.2806389567791        0.00000000    
   1139.4238546247811        0.00000000    
   1139.5670702927832        0.00000000    
   1139.7102859607853        0.00000000    
   1139.8535016287874        0.00000000    
   1139.9967172967895        0.00000000    
   1140.1399329647916        0.00000000    
   1140.2831486327937        0.00000000    
   1140.4263643007957        0.00000000    
   1140.5695799687978        0.00000000    
   1140.7127956367999        0.00000000    
   1140.8560113048020        0.00000000    
   1140.9992269728041        0.00000000    
   1141.1424426408062        0.00000000    
   1141.2856583088083        0.00000000    
   1141.4288739768103        0.00000000    
   1141.5720896448124        0.00000000    
   1141.7153053128145        0.00000000    
   1141.8585209808166        0.00000000    
   1142.0017366488187        0.00000000    
   1142.1449523168208        0.00000000    
   1142.2881679848228        0.00000000    
   1142.4313836528249        0.00000000    
   1142.5745993208270        0.00000000    
   1142.7178149888291        0.00000000    
   1142.8610306568312        0.00000000    
   1143.0042463248333        0.00000000    
   1143.1474619928354        0.00000000    
   1143.2906776608374        0.00000000    
   1143.4338933288395        0.00000000    
   1143.5771089968416        0.00000000    
   1143.7203246648437        0.00000000    
   1143.8635403328458        0.00000000    
   1144.0067560008479        0.00000000    
   1144.1499716688500        0.00000000    
   1144.2931873368520        0.00000000    
   1144.4364030048541        0.00000000    
   1144.5796186728562        0.00000000    
   1144.7228343408583        0.00000000    
   1144.8660500088604        0.00000000    
   1145.0092656768625        0.00000000    
   1145.1524813448646        0.00000000    
   1145.2956970128666        0.00000000    
   1145.4389126808687        0.00000000    
   1145.5821283488708        0.00000000    
   1145.7253440168729        0.00000000    
   1145.8685596848750        0.00000000    
   1146.0117753528771        0.00000000    
   1146.1549910208792        0.00000000    
   1146.2982066888812        0.00000000    
   1146.4414223568833        0.00000000    
   1146.5846380248854        0.00000000    
   1146.7278536928875        0.00000000    
   1146.8710693608896        0.00000000    
   1147.0142850288917        0.00000000    
   1147.1575006968937        0.00000000    
   1147.3007163648958        0.00000000    
   1147.4439320328979        0.00000000    
   1147.5871477009000        0.00000000    
   1147.7303633689021        0.00000000    
   1147.8735790369042        0.00000000    
   1148.0167947049063        0.00000000    
   1148.1600103729083        0.00000000    
   1148.3032260409104        0.00000000    
   1148.4464417089125        0.00000000    
   1148.5896573769146        0.00000000    
   1148.7328730449167        0.00000000    
   1148.8760887129188        0.00000000    
   1149.0193043809209        0.00000000    
   1149.1625200489229        0.00000000    
   1149.3057357169250        0.00000000    
   1149.4489513849271        0.00000000    
   1149.5921670529292        0.00000000    
   1149.7353827209313        0.00000000    
   1149.8785983889334        0.00000000    
   1150.0218140569355        0.00000000    
   1150.1650297249375        0.00000000    
   1150.3082453929396        0.00000000    
   1150.4514610609417        0.00000000    
   1150.5946767289438        0.00000000    
   1150.7378923969459        0.00000000    
   1150.8811080649480        0.00000000    
   1151.0243237329501        0.00000000    
   1151.1675394009521        0.00000000    
   1151.3107550689542        0.00000000    
   1151.4539707369563        0.00000000    
   1151.5971864049584        0.00000000    
   1151.7404020729605        0.00000000    
   1151.8836177409626        0.00000000    
   1152.0268334089646        0.00000000    
   1152.1700490769667        0.00000000    
   1152.3132647449688        0.00000000    
   1152.4564804129709        0.00000000    
   1152.5996960809730        0.00000000    
   1152.7429117489751        0.00000000    
   1152.8861274169772        0.00000000    
   1153.0293430849792        0.00000000    
   1153.1725587529813        0.00000000    
   1153.3157744209834        0.00000000    
   1153.4589900889855        0.00000000    
   1153.6022057569876        0.00000000    
   1153.7454214249897        0.00000000    
   1153.8886370929918        0.00000000    
   1154.0318527609938        0.00000000    
   1154.1750684289959        0.00000000    
   1154.3182840969980        0.00000000    
   1154.4614997650001        0.00000000    
   1154.6047154330022        0.00000000    
   1154.7479311010043        0.00000000    
   1154.8911467690064        0.00000000    
   1155.0343624370084        0.00000000    
   1155.1775781050105        0.00000000    
   1155.3207937730126        0.00000000    
   1155.4640094410147        0.00000000    
   1155.6072251090168        0.00000000    
   1155.7504407770189        0.00000000    
   1155.8936564450210        0.00000000    
   1156.0368721130230        0.00000000    
   1156.1800877810251        0.00000000    
   1156.3233034490272        0.00000000    
   1156.4665191170293        0.00000000    
   1156.6097347850314        0.00000000    
   1156.7529504530335        0.00000000    
   1156.8961661210355        0.00000000    
   1157.0393817890376        0.00000000    
   1157.1825974570397        0.00000000    
   1157.3258131250418        0.00000000    
   1157.4690287930439        0.00000000    
   1157.6122444610460        0.00000000    
   1157.7554601290481        0.00000000    
   1157.8986757970501        0.00000000    
   1158.0418914650522        0.00000000    
   1158.1851071330543        0.00000000    
   1158.3283228010564        0.00000000    
   1158.4715384690585        0.00000000    
   1158.6147541370606        0.00000000    
   1158.7579698050627        0.00000000    
   1158.9011854730647        0.00000000    
   1159.0444011410668        0.00000000    
   1159.1876168090689        0.00000000    
   1159.3308324770710        0.00000000    
   1159.4740481450731        0.00000000    
   1159.6172638130752        0.00000000    
   1159.7604794810773        0.00000000    
   1159.9036951490793        0.00000000    
   1160.0469108170814        0.00000000    
   1160.1901264850835        0.00000000    
   1160.3333421530856        0.00000000    
   1160.4765578210877        0.00000000    
   1160.6197734890898        0.00000000    
   1160.7629891570919        0.00000000    
   1160.9062048250939        0.00000000    
   1161.0494204930960        0.00000000    
   1161.1926361610981        0.00000000    
   1161.3358518291002        0.00000000    
   1161.4790674971023        0.00000000    
   1161.6222831651044        0.00000000    
   1161.7654988331064        0.00000000    
   1161.9087145011085        0.00000000    
   1162.0519301691106        0.00000000    
   1162.1951458371127        0.00000000    
   1162.3383615051148        0.00000000    
   1162.4815771731169        0.00000000    
   1162.6247928411190        0.00000000    
   1162.7680085091210        0.00000000    
   1162.9112241771231        0.00000000    
   1163.0544398451252        0.00000000    
   1163.1976555131273        0.00000000    
   1163.3408711811294        0.00000000    
   1163.4840868491315        0.00000000    
   1163.6273025171336        0.00000000    
   1163.7705181851356        0.00000000    
   1163.9137338531377        0.00000000    
   1164.0569495211398        0.00000000    
   1164.2001651891419        0.00000000    
   1164.3433808571440        0.00000000    
   1164.4865965251461        0.00000000    
   1164.6298121931482        0.00000000    
   1164.7730278611502        0.00000000    
   1164.9162435291523        0.00000000    
   1165.0594591971544        0.00000000    
   1165.2026748651565        0.00000000    
   1165.3458905331586        0.00000000    
   1165.4891062011607        0.00000000    
   1165.6323218691628        0.00000000    
   1165.7755375371648        0.00000000    
   1165.9187532051669        0.00000000    
   1166.0619688731690        0.00000000    
   1166.2051845411711        0.00000000    
   1166.3484002091732        0.00000000    
   1166.4916158771753        0.00000000    
   1166.6348315451773        0.00000000    
   1166.7780472131794        0.00000000    
   1166.9212628811815        0.00000000    
   1167.0644785491836        0.00000000    
   1167.2076942171857        0.00000000    
   1167.3509098851878        0.00000000    
   1167.4941255531899        0.00000000    
   1167.6373412211919        0.00000000    
   1167.7805568891940        0.00000000    
   1167.9237725571961        0.00000000    
   1168.0669882251982        0.00000000    
   1168.2102038932003        0.00000000    
   1168.3534195612024        0.00000000    
   1168.4966352292045        0.00000000    
   1168.6398508972065        0.00000000    
   1168.7830665652086        0.00000000    
   1168.9262822332107        0.00000000    
   1169.0694979012128        0.00000000    
   1169.2127135692149        0.00000000    
   1169.3559292372170        0.00000000    
   1169.4991449052191        0.00000000    
   1169.6423605732211        0.00000000    
   1169.7855762412232        0.00000000    
   1169.9287919092253        0.00000000    
   1170.0720075772274        0.00000000    
   1170.2152232452295        0.00000000    
   1170.3584389132316        0.00000000    
   1170.5016545812337        0.00000000    
   1170.6448702492357        0.00000000    
   1170.7880859172378        0.00000000    
   1170.9313015852399        0.00000000    
   1171.0745172532420        0.00000000    
   1171.2177329212441        0.00000000    
   1171.3609485892462        0.00000000    
   1171.5041642572482        0.00000000    
   1171.6473799252503        0.00000000    
   1171.7905955932524        0.00000000    
   1171.9338112612545        0.00000000    
   1172.0770269292566        0.00000000    
   1172.2202425972587        0.00000000    
   1172.3634582652608        0.00000000    
   1172.5066739332628        0.00000000    
   1172.6498896012649        0.00000000    
   1172.7931052692670        0.00000000    
   1172.9363209372691        0.00000000    
   1173.0795366052712        0.00000000    
   1173.2227522732733        0.00000000    
   1173.3659679412754        0.00000000    
   1173.5091836092774        0.00000000    
   1173.6523992772795        0.00000000    
   1173.7956149452816        0.00000000    
   1173.9388306132837        0.00000000    
   1174.0820462812858        0.00000000    
   1174.2252619492879        0.00000000    
   1174.3684776172900        0.00000000    
   1174.5116932852920        0.00000000    
   1174.6549089532941        0.00000000    
   1174.7981246212962        0.00000000    
   1174.9413402892983        0.00000000    
   1175.0845559573004        0.00000000    
   1175.2277716253025        0.00000000    
   1175.3709872933046        0.00000000    
   1175.5142029613066        0.00000000    
   1175.6574186293087        0.00000000    
   1175.8006342973108        0.00000000    
   1175.9438499653129        0.00000000    
   1176.0870656333150        0.00000000    
   1176.2302813013171        0.00000000    
   1176.3734969693191        0.00000000    
   1176.5167126373212        0.00000000    
   1176.6599283053233        0.00000000    
   1176.8031439733254        0.00000000    
   1176.9463596413275        0.00000000    
   1177.0895753093296        0.00000000    
   1177.2327909773317        0.00000000    
   1177.3760066453337        0.00000000    
   1177.5192223133358        0.00000000    
   1177.6624379813379        0.00000000    
   1177.8056536493400        0.00000000    
   1177.9488693173421        0.00000000    
   1178.0920849853442        0.00000000    
   1178.2353006533463        0.00000000    
   1178.3785163213483        0.00000000    
   1178.5217319893504        0.00000000    
   1178.6649476573525        0.00000000    
   1178.8081633253546        0.00000000    
   1178.9513789933567        0.00000000    
   1179.0945946613588        0.00000000    
   1179.2378103293609        0.00000000    
   1179.3810259973629        0.00000000    
   1179.5242416653650        0.00000000    
   1179.6674573333671        0.00000000    
   1179.8106730013692        0.00000000    
   1179.9538886693713        0.00000000    
   1180.0971043373734        0.00000000    
   1180.2403200053755        0.00000000    
   1180.3835356733775        0.00000000    
   1180.5267513413796        0.00000000    
   1180.6699670093817        0.00000000    
   1180.8131826773838        0.00000000    
   1180.9563983453859        0.00000000    
   1181.0996140133880        0.00000000    
   1181.2428296813900        0.00000000    
   1181.3860453493921        0.00000000    
   1181.5292610173942        0.00000000    
   1181.6724766853963        0.00000000    
   1181.8156923533984        0.00000000    
   1181.9589080214005        0.00000000    
   1182.1021236894026        0.00000000    
   1182.2453393574046        0.00000000    
   1182.3885550254067        0.00000000    
   1182.5317706934088        0.00000000    
   1182.6749863614109        0.00000000    
   1182.8182020294130        0.00000000    
   1182.9614176974151        0.00000000    
   1183.1046333654172        0.00000000    
   1183.2478490334192        0.00000000    
   1183.3910647014213        0.00000000    
   1183.5342803694234        0.00000000    
   1183.6774960374255        0.00000000    
   1183.8207117054276        0.00000000    
   1183.9639273734297        0.00000000    
   1184.1071430414318        0.00000000    
   1184.2503587094338        0.00000000    
   1184.3935743774359        0.00000000    
   1184.5367900454380        0.00000000    
   1184.6800057134401        0.00000000    
   1184.8232213814422        0.00000000    
   1184.9664370494443        0.00000000    
   1185.1096527174464        0.00000000    
   1185.2528683854484        0.00000000    
   1185.3960840534505        0.00000000    
   1185.5392997214526        0.00000000    
   1185.6825153894547        0.00000000    
   1185.8257310574568        0.00000000    
   1185.9689467254589        0.00000000    
   1186.1121623934609        0.00000000    
   1186.2553780614630        0.00000000    
   1186.3985937294651        0.00000000    
   1186.5418093974672        0.00000000    
   1186.6850250654693        0.00000000    
   1186.8282407334714        0.00000000    
   1186.9714564014735        0.00000000    
   1187.1146720694755        0.00000000    
   1187.2578877374776        0.00000000    
   1187.4011034054797        0.00000000    
   1187.5443190734818        0.00000000    
   1187.6875347414839        0.00000000    
   1187.8307504094860        0.00000000    
   1187.9739660774881        0.00000000    
   1188.1171817454901        0.00000000    
   1188.2603974134922        0.00000000    
   1188.4036130814943        0.00000000    
   1188.5468287494964        0.00000000    
   1188.6900444174985        0.00000000    
   1188.8332600855006        0.00000000    
   1188.9764757535027        0.00000000    
   1189.1196914215047        0.00000000    
   1189.2629070895068        0.00000000    
   1189.4061227575089        0.00000000    
   1189.5493384255110        0.00000000    
   1189.6925540935131        0.00000000    
   1189.8357697615152        0.00000000    
   1189.9789854295173        0.00000000    
   1190.1222010975193        0.00000000    
   1190.2654167655214        0.00000000    
   1190.4086324335235        0.00000000    
   1190.5518481015256        0.00000000    
   1190.6950637695277        0.00000000    
   1190.8382794375298        0.00000000    
   1190.9814951055318        0.00000000    
   1191.1247107735339        0.00000000    
   1191.2679264415360        0.00000000    
   1191.4111421095381        0.00000000    
   1191.5543577775402        0.00000000    
   1191.6975734455423        0.00000000    
   1191.8407891135444        0.00000000    
   1191.9840047815464        0.00000000    
   1192.1272204495485        0.00000000    
   1192.2704361175506        0.00000000    
   1192.4136517855527        0.00000000    
   1192.5568674535548        0.00000000    
   1192.7000831215569        0.00000000    
   1192.8432987895590        0.00000000    
   1192.9865144575610        0.00000000    
   1193.1297301255631        0.00000000    
   1193.2729457935652        0.00000000    
   1193.4161614615673        0.00000000    
   1193.5593771295694        0.00000000    
   1193.7025927975715        0.00000000    
   1193.8458084655736        0.00000000    
   1193.9890241335756        0.00000000    
   1194.1322398015777        0.00000000    
   1194.2754554695798        0.00000000    
   1194.4186711375819        0.00000000    
   1194.5618868055840        0.00000000    
   1194.7051024735861        0.00000000    
   1194.8483181415882        0.00000000    
   1194.9915338095902        0.00000000    
   1195.1347494775923        0.00000000    
   1195.2779651455944        0.00000000    
   1195.4211808135965        0.00000000    
   1195.5643964815986        0.00000000    
   1195.7076121496007        0.00000000    
   1195.8508278176027        0.00000000    
   1195.9940434856048        0.00000000    
   1196.1372591536069        0.00000000    
   1196.2804748216090        0.00000000    
   1196.4236904896111        0.00000000    
   1196.5669061576132        0.00000000    
   1196.7101218256153        0.00000000    
   1196.8533374936173        0.00000000    
   1196.9965531616194        0.00000000    
   1197.1397688296215        0.00000000    
   1197.2829844976236        0.00000000    
   1197.4262001656257        0.00000000    
   1197.5694158336278        0.00000000    
   1197.7126315016299        0.00000000    
   1197.8558471696319        0.00000000    
   1197.9990628376340        0.00000000    
   1198.1422785056361        0.00000000    
   1198.2854941736382        0.00000000    
   1198.4287098416403        0.00000000    
   1198.5719255096424        0.00000000    
   1198.7151411776445        0.00000000    
   1198.8583568456465        0.00000000    
   1199.0015725136486        0.00000000    
   1199.1447881816507        0.00000000    
   1199.2880038496528        0.00000000    
   1199.4312195176549        0.00000000    
   1199.5744351856570        0.00000000    
   1199.7176508536591        0.00000000    
   1199.8608665216611        0.00000000    
   1200.0040821896632        0.00000000    
   1200.1472978576653        0.00000000    
   1200.2905135256674        0.00000000    
   1200.4337291936695        0.00000000    
   1200.5769448616716        0.00000000    
   1200.7201605296736        0.00000000    
   1200.8633761976757        0.00000000    
   1201.0065918656778        0.00000000    
   1201.1498075336799        0.00000000    
   1201.2930232016820        0.00000000    
   1201.4362388696841        0.00000000    
   1201.5794545376862        0.00000000    
   1201.7226702056882        0.00000000    
   1201.8658858736903        0.00000000    
   1202.0091015416924        0.00000000    
   1202.1523172096945        0.00000000    
   1202.2955328776966        0.00000000    
   1202.4387485456987        0.00000000    
   1202.5819642137008        0.00000000    
   1202.7251798817028        0.00000000    
   1202.8683955497049        0.00000000    
   1203.0116112177070        0.00000000    
   1203.1548268857091        0.00000000    
   1203.2980425537112        0.00000000    
   1203.4412582217133        0.00000000    
   1203.5844738897154        0.00000000    
   1203.7276895577174        0.00000000    
   1203.8709052257195        0.00000000    
   1204.0141208937216        0.00000000    
   1204.1573365617237        0.00000000    
   1204.3005522297258        0.00000000    
   1204.4437678977279        0.00000000    
   1204.5869835657300        0.00000000    
   1204.7301992337320        0.00000000    
   1204.8734149017341        0.00000000    
   1205.0166305697362        0.00000000    
   1205.1598462377383        0.00000000    
   1205.3030619057404        0.00000000    
   1205.4462775737425        0.00000000    
   1205.5894932417445        0.00000000    
   1205.7327089097466        0.00000000    
   1205.8759245777487        0.00000000    
   1206.0191402457508        0.00000000    
   1206.1623559137529        0.00000000    
   1206.3055715817550        0.00000000    
   1206.4487872497571        0.00000000    
   1206.5920029177591        0.00000000    
   1206.7352185857612        0.00000000    
   1206.8784342537633        0.00000000    
   1207.0216499217654        0.00000000    
   1207.1648655897675        0.00000000    
   1207.3080812577696        0.00000000    
   1207.4512969257717        0.00000000    
   1207.5945125937737        0.00000000    
   1207.7377282617758        0.00000000    
   1207.8809439297779        0.00000000    
   1208.0241595977800        0.00000000    
   1208.1673752657821        0.00000000    
   1208.3105909337842        0.00000000    
   1208.4538066017863        0.00000000    
   1208.5970222697883        0.00000000    
   1208.7402379377904        0.00000000    
   1208.8834536057925        0.00000000    
   1209.0266692737946        0.00000000    
   1209.1698849417967        0.00000000    
   1209.3131006097988        0.00000000    
   1209.4563162778009        0.00000000    
   1209.5995319458029        0.00000000    
   1209.7427476138050        0.00000000    
   1209.8859632818071        0.00000000    
   1210.0291789498092        0.00000000    
   1210.1723946178113        0.00000000    
   1210.3156102858134        0.00000000    
   1210.4588259538154        0.00000000    
   1210.6020416218175        0.00000000    
   1210.7452572898196        0.00000000    
   1210.8884729578217        0.00000000    
   1211.0316886258238        0.00000000    
   1211.1749042938259        0.00000000    
   1211.3181199618280        0.00000000    
   1211.4613356298300        0.00000000    
   1211.6045512978321        0.00000000    
   1211.7477669658342        0.00000000    
   1211.8909826338363        0.00000000    
   1212.0341983018384        0.00000000    
   1212.1774139698405        0.00000000    
   1212.3206296378426        0.00000000    
   1212.4638453058446        0.00000000    
   1212.6070609738467        0.00000000    
   1212.7502766418488        0.00000000    
   1212.8934923098509        0.00000000    
   1213.0367079778530        0.00000000    
   1213.1799236458551        0.00000000    
   1213.3231393138572        0.00000000    
   1213.4663549818592        0.00000000    
   1213.6095706498613        0.00000000    
   1213.7527863178634        0.00000000    
   1213.8960019858655        0.00000000    
   1214.0392176538676        0.00000000    
   1214.1824333218697        0.00000000    
   1214.3256489898718        0.00000000    
   1214.4688646578738        0.00000000    
   1214.6120803258759        0.00000000    
   1214.7552959938780        0.00000000    
   1214.8985116618801        0.00000000    
   1215.0417273298822        0.00000000    
   1215.1849429978843        0.00000000    
   1215.3281586658863        0.00000000    
   1215.4713743338884        0.00000000    
   1215.6145900018905        0.00000000    
   1215.7578056698926        0.00000000    
   1215.9010213378947        0.00000000    
   1216.0442370058968        0.00000000    
   1216.1874526738989        0.00000000    
   1216.3306683419009        0.00000000    
   1216.4738840099030        0.00000000    
   1216.6170996779051        0.00000000    
   1216.7603153459072        0.00000000    
   1216.9035310139093        0.00000000    
   1217.0467466819114        0.00000000    
   1217.1899623499135        0.00000000    
   1217.3331780179155        0.00000000    
   1217.4763936859176        0.00000000    
   1217.6196093539197        0.00000000    
   1217.7628250219218        0.00000000    
   1217.9060406899239        0.00000000    
   1218.0492563579260        0.00000000    
   1218.1924720259281        0.00000000    
   1218.3356876939301        0.00000000    
   1218.4789033619322        0.00000000    
   1218.6221190299343        0.00000000    
   1218.7653346979364        0.00000000    
   1218.9085503659385        0.00000000    
   1219.0517660339406        0.00000000    
   1219.1949817019427        0.00000000    
   1219.3381973699447        0.00000000    
   1219.4814130379468        0.00000000    
   1219.6246287059489        0.00000000    
   1219.7678443739510        0.00000000    
   1219.9110600419531        0.00000000    
   1220.0542757099552        0.00000000    
   1220.1974913779572        0.00000000    
   1220.3407070459593        0.00000000    
   1220.4839227139614        0.00000000    
   1220.6271383819635        0.00000000    
   1220.7703540499656        0.00000000    
   1220.9135697179677        0.00000000    
   1221.0567853859698        0.00000000    
   1221.2000010539718        0.00000000    
   1221.3432167219739        0.00000000    
   1221.4864323899760        0.00000000    
   1221.6296480579781        0.00000000    
   1221.7728637259802        0.00000000    
   1221.9160793939823        0.00000000    
   1222.0592950619844        0.00000000    
   1222.2025107299864        0.00000000    
   1222.3457263979885        0.00000000    
   1222.4889420659906        0.00000000    
   1222.6321577339927        0.00000000    
   1222.7753734019948        0.00000000    
   1222.9185890699969        0.00000000    
   1223.0618047379990        0.00000000    
   1223.2050204060010        0.00000000    
   1223.3482360740031        0.00000000    
   1223.4914517420052        0.00000000    
   1223.6346674100073        0.00000000    
   1223.7778830780094        0.00000000    
   1223.9210987460115        0.00000000    
   1224.0643144140136        0.00000000    
   1224.2075300820156        0.00000000    
   1224.3507457500177        0.00000000    
   1224.4939614180198        0.00000000    
   1224.6371770860219        0.00000000    
   1224.7803927540240        0.00000000    
   1224.9236084220261        0.00000000    
   1225.0668240900281        0.00000000    
   1225.2100397580302        0.00000000    
   1225.3532554260323        0.00000000    
   1225.4964710940344        0.00000000    
   1225.6396867620365        0.00000000    
   1225.7829024300386        0.00000000    
   1225.9261180980407        0.00000000    
   1226.0693337660427        0.00000000    
   1226.2125494340448        0.00000000    
   1226.3557651020469        0.00000000    
   1226.4989807700490        0.00000000    
   1226.6421964380511        0.00000000    
   1226.7854121060532        0.00000000    
   1226.9286277740553        0.00000000    
   1227.0718434420573        0.00000000    
   1227.2150591100594        0.00000000    
   1227.3582747780615        0.00000000    
   1227.5014904460636        0.00000000    
   1227.6447061140657        0.00000000    
   1227.7879217820678        0.00000000    
   1227.9311374500699        0.00000000    
   1228.0743531180719        0.00000000    
   1228.2175687860740        0.00000000    
   1228.3607844540761        0.00000000    
   1228.5040001220782        0.00000000    
   1228.6472157900803        0.00000000    
   1228.7904314580824        0.00000000    
   1228.9336471260845        0.00000000    
   1229.0768627940865        0.00000000    
   1229.2200784620886        0.00000000    
   1229.3632941300907        0.00000000    
   1229.5065097980928        0.00000000    
   1229.6497254660949        0.00000000    
   1229.7929411340970        0.00000000    
   1229.9361568020990        0.00000000    
   1230.0793724701011        0.00000000    
   1230.2225881381032        0.00000000    
   1230.3658038061053        0.00000000    
   1230.5090194741074        0.00000000    
   1230.6522351421095        0.00000000    
   1230.7954508101116        0.00000000    
   1230.9386664781136        0.00000000    
   1231.0818821461157        0.00000000    
   1231.2250978141178        0.00000000    
   1231.3683134821199        0.00000000    
   1231.5115291501220        0.00000000    
   1231.6547448181241        0.00000000    
   1231.7979604861262        0.00000000    
   1231.9411761541282        0.00000000    
   1232.0843918221303        0.00000000    
   1232.2276074901324        0.00000000    
   1232.3708231581345        0.00000000    
   1232.5140388261366        0.00000000    
   1232.6572544941387        0.00000000    
   1232.8004701621408        0.00000000    
   1232.9436858301428        0.00000000    
   1233.0869014981449        0.00000000    
   1233.2301171661470        0.00000000    
   1233.3733328341491        0.00000000    
   1233.5165485021512        0.00000000    
   1233.6597641701533        0.00000000    
   1233.8029798381554        0.00000000    
   1233.9461955061574        0.00000000    
   1234.0894111741595        0.00000000    
   1234.2326268421616        0.00000000    
   1234.3758425101637        0.00000000    
   1234.5190581781658        0.00000000    
   1234.6622738461679        0.00000000    
   1234.8054895141699        0.00000000    
   1234.9487051821720        0.00000000    
   1235.0919208501741        0.00000000    
   1235.2351365181762        0.00000000    
   1235.3783521861783        0.00000000    
   1235.5215678541804        0.00000000    
   1235.6647835221825        0.00000000    
   1235.8079991901845        0.00000000    
   1235.9512148581866        0.00000000    
   1236.0944305261887        0.00000000    
   1236.2376461941908        0.00000000    
   1236.3808618621929        0.00000000    
   1236.5240775301950        0.00000000    
   1236.6672931981971        0.00000000    
   1236.8105088661991        0.00000000    
   1236.9537245342012        0.00000000    
   1237.0969402022033        0.00000000    
   1237.2401558702054        0.00000000    
   1237.3833715382075        0.00000000    
   1237.5265872062096        0.00000000    
   1237.6698028742117        0.00000000    
   1237.8130185422137        0.00000000    
   1237.9562342102158        0.00000000    
   1238.0994498782179        0.00000000    
   1238.2426655462200        0.00000000    
   1238.3858812142221        0.00000000    
   1238.5290968822242        0.00000000    
   1238.6723125502263        0.00000000    
   1238.8155282182283        0.00000000    
   1238.9587438862304        0.00000000    
   1239.1019595542325        0.00000000    
   1239.2451752222346        0.00000000    
   1239.3883908902367        0.00000000    
   1239.5316065582388        0.00000000    
   1239.6748222262408        0.00000000    
   1239.8180378942429        0.00000000    
   1239.9612535622450        0.00000000    
   1240.1044692302471        0.00000000    
   1240.2476848982492        0.00000000    
   1240.3909005662513        0.00000000    
   1240.5341162342534        0.00000000    
   1240.6773319022554        0.00000000    
   1240.8205475702575        0.00000000    
   1240.9637632382596        0.00000000    
   1241.1069789062617        0.00000000    
   1241.2501945742638        0.00000000    
   1241.3934102422659        0.00000000    
   1241.5366259102680        0.00000000    
   1241.6798415782700        0.00000000    
   1241.8230572462721        0.00000000    
   1241.9662729142742        0.00000000    
   1242.1094885822763        0.00000000    
   1242.2527042502784        0.00000000    
   1242.3959199182805        0.00000000    
   1242.5391355862826        0.00000000    
   1242.6823512542846        0.00000000    
   1242.8255669222867        0.00000000    
   1242.9687825902888        0.00000000    
   1243.1119982582909        0.00000000    
   1243.2552139262930        0.00000000    
   1243.3984295942951        0.00000000    
   1243.5416452622972        0.00000000    
   1243.6848609302992        0.00000000    
   1243.8280765983013        0.00000000    
   1243.9712922663034        0.00000000    
   1244.1145079343055        0.00000000    
   1244.2577236023076        0.00000000    
   1244.4009392703097        0.00000000    
   1244.5441549383117        0.00000000    
   1244.6873706063138        0.00000000    
   1244.8305862743159        0.00000000    
   1244.9738019423180        0.00000000    
   1245.1170176103201        0.00000000    
   1245.2602332783222        0.00000000    
   1245.4034489463243        0.00000000    
   1245.5466646143263        0.00000000    
   1245.6898802823284        0.00000000    
   1245.8330959503305        0.00000000    
   1245.9763116183326        0.00000000    
   1246.1195272863347        0.00000000    
   1246.2627429543368        0.00000000    
   1246.4059586223389        0.00000000    
   1246.5491742903409        0.00000000    
   1246.6923899583430        0.00000000    
   1246.8356056263451        0.00000000    
   1246.9788212943472        0.00000000    
   1247.1220369623493        0.00000000    
   1247.2652526303514        0.00000000    
   1247.4084682983535        0.00000000    
   1247.5516839663555        0.00000000    
   1247.6948996343576        0.00000000    
   1247.8381153023597        0.00000000    
   1247.9813309703618        0.00000000    
   1248.1245466383639        0.00000000    
   1248.2677623063660        0.00000000    
   1248.4109779743681        0.00000000    
   1248.5541936423701        0.00000000    
   1248.6974093103722        0.00000000    
   1248.8406249783743        0.00000000    
   1248.9838406463764        0.00000000    
   1249.1270563143785        0.00000000    
   1249.2702719823806        0.00000000    
   1249.4134876503826        0.00000000    
   1249.5567033183847        0.00000000    
   1249.6999189863868        0.00000000    
   1249.8431346543889        0.00000000    
   1249.9863503223910        0.00000000    
   1250.1295659903931        0.00000000    
   1250.2727816583952        0.00000000    
   1250.4159973263972        0.00000000    
   1250.5592129943993        0.00000000    
   1250.7024286624014        0.00000000    
   1250.8456443304035        0.00000000    
   1250.9888599984056        0.00000000    
   1251.1320756664077        0.00000000    
   1251.2752913344098        0.00000000    
   1251.4185070024118        0.00000000    
   1251.5617226704139        0.00000000    
   1251.7049383384160        0.00000000    
   1251.8481540064181        0.00000000    
   1251.9913696744202        0.00000000    
   1252.1345853424223        0.00000000    
   1252.2778010104244        0.00000000    
   1252.4210166784264        0.00000000    
   1252.5642323464285        0.00000000    
   1252.7074480144306        0.00000000    
   1252.8506636824327        0.00000000    
   1252.9938793504348        0.00000000    
   1253.1370950184369        0.00000000    
   1253.2803106864390        0.00000000    
   1253.4235263544410        0.00000000    
   1253.5667420224431        0.00000000    
   1253.7099576904452        0.00000000    
   1253.8531733584473        0.00000000    
   1253.9963890264494        0.00000000    
   1254.1396046944515        0.00000000    
   1254.2828203624535        0.00000000    
   1254.4260360304556        0.00000000    
   1254.5692516984577        0.00000000    
   1254.7124673664598        0.00000000    
   1254.8556830344619        0.00000000    
   1254.9988987024640        0.00000000    
   1255.1421143704661        0.00000000    
   1255.2853300384681        0.00000000    
   1255.4285457064702        0.00000000    
   1255.5717613744723        0.00000000    
   1255.7149770424744        0.00000000    
   1255.8581927104765        0.00000000    
   1256.0014083784786        0.00000000    
   1256.1446240464807        0.00000000    
   1256.2878397144827        0.00000000    
   1256.4310553824848        0.00000000    
   1256.5742710504869        0.00000000    
   1256.7174867184890        0.00000000    
   1256.8607023864911        0.00000000    
   1257.0039180544932        0.00000000    
   1257.1471337224953        0.00000000    
   1257.2903493904973        0.00000000    
   1257.4335650584994        0.00000000    
   1257.5767807265015        0.00000000    
   1257.7199963945036        0.00000000    
   1257.8632120625057        0.00000000    
   1258.0064277305078        0.00000000    
   1258.1496433985099        0.00000000    
   1258.2928590665119        0.00000000    
   1258.4360747345140        0.00000000    
   1258.5792904025161        0.00000000    
   1258.7225060705182        0.00000000    
   1258.8657217385203        0.00000000    
   1259.0089374065224        0.00000000    
   1259.1521530745244        0.00000000    
   1259.2953687425265        0.00000000    
   1259.4385844105286        0.00000000    
   1259.5818000785307        0.00000000    
   1259.7250157465328        0.00000000    
   1259.8682314145349        0.00000000    
   1260.0114470825370        0.00000000    
   1260.1546627505390        0.00000000    
   1260.2978784185411        0.00000000    
   1260.4410940865432        0.00000000    
   1260.5843097545453        0.00000000    
   1260.7275254225474        0.00000000    
   1260.8707410905495        0.00000000    
   1261.0139567585516        0.00000000    
   1261.1571724265536        0.00000000    
   1261.3003880945557        0.00000000    
   1261.4436037625578        0.00000000    
   1261.5868194305599        0.00000000    
   1261.7300350985620        0.00000000    
   1261.8732507665641        0.00000000    
   1262.0164664345662        0.00000000    
   1262.1596821025682        0.00000000    
   1262.3028977705703        0.00000000    
   1262.4461134385724        0.00000000    
   1262.5893291065745        0.00000000    
   1262.7325447745766        0.00000000    
   1262.8757604425787        0.00000000    
   1263.0189761105808        0.00000000    
   1263.1621917785828        0.00000000    
   1263.3054074465849        0.00000000    
   1263.4486231145870        0.00000000    
   1263.5918387825891        0.00000000    
   1263.7350544505912        0.00000000    
   1263.8782701185933        0.00000000    
   1264.0214857865953        0.00000000    
   1264.1647014545974        0.00000000    
   1264.3079171225995        0.00000000    
   1264.4511327906016        0.00000000    
   1264.5943484586037        0.00000000    
   1264.7375641266058        0.00000000    
   1264.8807797946079        0.00000000    
   1265.0239954626099        0.00000000    
   1265.1672111306120        0.00000000    
   1265.3104267986141        0.00000000    
   1265.4536424666162        0.00000000    
   1265.5968581346183        0.00000000    
   1265.7400738026204        0.00000000    
   1265.8832894706225        0.00000000    
   1266.0265051386245        0.00000000    
   1266.1697208066266        0.00000000    
   1266.3129364746287        0.00000000    
   1266.4561521426308        0.00000000    
   1266.5993678106329        0.00000000    
   1266.7425834786350        0.00000000    
   1266.8857991466371        0.00000000    
   1267.0290148146391        0.00000000    
   1267.1722304826412        0.00000000    
   1267.3154461506433        0.00000000    
   1267.4586618186454        0.00000000    
   1267.6018774866475        0.00000000    
   1267.7450931546496        0.00000000    
   1267.8883088226517        0.00000000    
   1268.0315244906537        0.00000000    
   1268.1747401586558        0.00000000    
   1268.3179558266579        0.00000000    
   1268.4611714946600        0.00000000    
   1268.6043871626621        0.00000000    
   1268.7476028306642        0.00000000    
   1268.8908184986662        0.00000000    
   1269.0340341666683        0.00000000    
   1269.1772498346704        0.00000000    
   1269.3204655026725        0.00000000    
   1269.4636811706746        0.00000000    
   1269.6068968386767        0.00000000    
   1269.7501125066788        0.00000000    
   1269.8933281746808        0.00000000    
   1270.0365438426829        0.00000000    
   1270.1797595106850        0.00000000    
   1270.3229751786871        0.00000000    
   1270.4661908466892        0.00000000    
   1270.6094065146913        0.00000000    
   1270.7526221826934        0.00000000    
   1270.8958378506954        0.00000000    
   1271.0390535186975        0.00000000    
   1271.1822691866996        0.00000000    
   1271.3254848547017        0.00000000    
   1271.4687005227038        0.00000000    
   1271.6119161907059        0.00000000    
   1271.7551318587080        0.00000000    
   1271.8983475267100        0.00000000    
   1272.0415631947121        0.00000000    
   1272.1847788627142        0.00000000    
   1272.3279945307163        0.00000000    
   1272.4712101987184        0.00000000    
   1272.6144258667205        0.00000000    
   1272.7576415347226        0.00000000    
   1272.9008572027246        0.00000000    
   1273.0440728707267        0.00000000    
   1273.1872885387288        0.00000000    
   1273.3305042067309        0.00000000    
   1273.4737198747330        0.00000000    
   1273.6169355427351        0.00000000    
   1273.7601512107371        0.00000000    
   1273.9033668787392        0.00000000    
   1274.0465825467413        0.00000000    
   1274.1897982147434        0.00000000    
   1274.3330138827455        0.00000000    
   1274.4762295507476        0.00000000    
   1274.6194452187497        0.00000000    
   1274.7626608867517        0.00000000    
   1274.9058765547538        0.00000000    
   1275.0490922227559        0.00000000    
   1275.1923078907580        0.00000000    
   1275.3355235587601        0.00000000    
   1275.4787392267622        0.00000000    
   1275.6219548947643        0.00000000    
   1275.7651705627663        0.00000000    
   1275.9083862307684        0.00000000    
   1276.0516018987705        0.00000000    
   1276.1948175667726        0.00000000    
   1276.3380332347747        0.00000000    
   1276.4812489027768        0.00000000    
   1276.6244645707789        0.00000000    
   1276.7676802387809        0.00000000    
   1276.9108959067830        0.00000000    
   1277.0541115747851        0.00000000    
   1277.1973272427872        0.00000000    
   1277.3405429107893        0.00000000    
   1277.4837585787914        0.00000000    
   1277.6269742467935        0.00000000    
   1277.7701899147955        0.00000000    
   1277.9134055827976        0.00000000    
   1278.0566212507997        0.00000000    
   1278.1998369188018        0.00000000    
   1278.3430525868039        0.00000000    
   1278.4862682548060        0.00000000    
   1278.6294839228080        0.00000000    
   1278.7726995908101        0.00000000    
   1278.9159152588122        0.00000000    
   1279.0591309268143        0.00000000    
   1279.2023465948164        0.00000000    
   1279.3455622628185        0.00000000    
   1279.4887779308206        0.00000000    
   1279.6319935988226        0.00000000    
   1279.7752092668247        0.00000000    
   1279.9184249348268        0.00000000    
   1280.0616406028289        0.00000000    
   1280.2048562708310        0.00000000    
   1280.3480719388331        0.00000000    
   1280.4912876068352        0.00000000    
   1280.6345032748372        0.00000000    
   1280.7777189428393        0.00000000    
   1280.9209346108414        0.00000000    
   1281.0641502788435        0.00000000    
   1281.2073659468456        0.00000000    
   1281.3505816148477        0.00000000    
   1281.4937972828498        0.00000000    
   1281.6370129508518        0.00000000    
   1281.7802286188539        0.00000000    
   1281.9234442868560        0.00000000    
   1282.0666599548581        0.00000000    
   1282.2098756228602        0.00000000    
   1282.3530912908623        0.00000000    
   1282.4963069588644        0.00000000    
   1282.6395226268664        0.00000000    
   1282.7827382948685        0.00000000    
   1282.9259539628706        0.00000000    
   1283.0691696308727        0.00000000    
   1283.2123852988748        0.00000000    
   1283.3556009668769        0.00000000    
   1283.4988166348789        0.00000000    
   1283.6420323028810        0.00000000    
   1283.7852479708831        0.00000000    
   1283.9284636388852        0.00000000    
   1284.0716793068873        0.00000000    
   1284.2148949748894        0.00000000    
   1284.3581106428915        0.00000000    
   1284.5013263108935        0.00000000    
   1284.6445419788956        0.00000000    
   1284.7877576468977        0.00000000    
   1284.9309733148998        0.00000000    
   1285.0741889829019        0.00000000    
   1285.2174046509040        0.00000000    
   1285.3606203189061        0.00000000    
   1285.5038359869081        0.00000000    
   1285.6470516549102        0.00000000    
   1285.7902673229123        0.00000000    
   1285.9334829909144        0.00000000    
   1286.0766986589165        0.00000000    
   1286.2199143269186        0.00000000    
   1286.3631299949207        0.00000000    
   1286.5063456629227        0.00000000    
   1286.6495613309248        0.00000000    
   1286.7927769989269        0.00000000    
   1286.9359926669290        0.00000000    
   1287.0792083349311        0.00000000    
   1287.2224240029332        0.00000000    
   1287.3656396709353        0.00000000    
   1287.5088553389373        0.00000000    
   1287.6520710069394        0.00000000    
   1287.7952866749415        0.00000000    
   1287.9385023429436        0.00000000    
   1288.0817180109457        0.00000000    
   1288.2249336789478        0.00000000    
   1288.3681493469498        0.00000000    
   1288.5113650149519        0.00000000    
   1288.6545806829540        0.00000000    
   1288.7977963509561        0.00000000    
   1288.9410120189582        0.00000000    
   1289.0842276869603        0.00000000    
   1289.2274433549624        0.00000000    
   1289.3706590229644        0.00000000    
   1289.5138746909665        0.00000000    
   1289.6570903589686        0.00000000    
   1289.8003060269707        0.00000000    
   1289.9435216949728        0.00000000    
   1290.0867373629749        0.00000000    
   1290.2299530309770        0.00000000    
   1290.3731686989790        0.00000000    
   1290.5163843669811        0.00000000    
   1290.6596000349832        0.00000000    
   1290.8028157029853        0.00000000    
   1290.9460313709874        0.00000000    
   1291.0892470389895        0.00000000    
   1291.2324627069916        0.00000000    
   1291.3756783749936        0.00000000    
   1291.5188940429957        0.00000000    
   1291.6621097109978        0.00000000    
   1291.8053253789999        0.00000000    
   1291.9485410470020        0.00000000    
   1292.0917567150041        0.00000000    
   1292.2349723830062        0.00000000    
   1292.3781880510082        0.00000000    
   1292.5214037190103        0.00000000    
   1292.6646193870124        0.00000000    
   1292.8078350550145        0.00000000    
   1292.9510507230166        0.00000000    
   1293.0942663910187        0.00000000    
   1293.2374820590207        0.00000000    
   1293.3806977270228        0.00000000    
   1293.5239133950249        0.00000000    
   1293.6671290630270        0.00000000    
   1293.8103447310291        0.00000000    
   1293.9535603990312        0.00000000    
   1294.0967760670333        0.00000000    
   1294.2399917350353        0.00000000    
   1294.3832074030374        0.00000000    
   1294.5264230710395        0.00000000    
   1294.6696387390416        0.00000000    
   1294.8128544070437        0.00000000    
   1294.9560700750458        0.00000000    
   1295.0992857430479        0.00000000    
   1295.2425014110499        0.00000000    
   1295.3857170790520        0.00000000    
   1295.5289327470541        0.00000000    
   1295.6721484150562        0.00000000    
   1295.8153640830583        0.00000000    
   1295.9585797510604        0.00000000    
   1296.1017954190625        0.00000000    
   1296.2450110870645        0.00000000    
   1296.3882267550666        0.00000000    
   1296.5314424230687        0.00000000    
   1296.6746580910708        0.00000000    
   1296.8178737590729        0.00000000    
   1296.9610894270750        0.00000000    
   1297.1043050950771        0.00000000    
   1297.2475207630791        0.00000000    
   1297.3907364310812        0.00000000    
   1297.5339520990833        0.00000000    
   1297.6771677670854        0.00000000    
   1297.8203834350875        0.00000000    
   1297.9635991030896        0.00000000    
   1298.1068147710916        0.00000000    
   1298.2500304390937        0.00000000    
   1298.3932461070958        0.00000000    
   1298.5364617750979        0.00000000    
   1298.6796774431000        0.00000000    
   1298.8228931111021        0.00000000    
   1298.9661087791042        0.00000000    
   1299.1093244471062        0.00000000    
   1299.2525401151083        0.00000000    
   1299.3957557831104        0.00000000    
   1299.5389714511125        0.00000000    
   1299.6821871191146        0.00000000    
   1299.8254027871167        0.00000000    
   1299.9686184551188        0.00000000    
   1300.1118341231208        0.00000000    
   1300.2550497911229        0.00000000    
   1300.3982654591250        0.00000000    
   1300.5414811271271        0.00000000    
   1300.6846967951292        0.00000000    
   1300.8279124631313        0.00000000    
   1300.9711281311334        0.00000000    
   1301.1143437991354        0.00000000    
   1301.2575594671375        0.00000000    
   1301.4007751351396        0.00000000    
   1301.5439908031417        0.00000000    
   1301.6872064711438        0.00000000    
   1301.8304221391459        0.00000000    
   1301.9736378071480        0.00000000    
   1302.1168534751500        0.00000000    
   1302.2600691431521        0.00000000    
   1302.4032848111542        0.00000000    
   1302.5465004791563        0.00000000    
   1302.6897161471584        0.00000000    
   1302.8329318151605        0.00000000    
   1302.9761474831625        0.00000000    
   1303.1193631511646        0.00000000    
   1303.2625788191667        0.00000000    
   1303.4057944871688        0.00000000    
   1303.5490101551709        0.00000000    
   1303.6922258231730        0.00000000    
   1303.8354414911751        0.00000000    
   1303.9786571591771        0.00000000    
   1304.1218728271792        0.00000000    
   1304.2650884951813        0.00000000    
   1304.4083041631834        0.00000000    
   1304.5515198311855        0.00000000    
   1304.6947354991876        0.00000000    
   1304.8379511671897        0.00000000    
   1304.9811668351917        0.00000000    
   1305.1243825031938        0.00000000    
   1305.2675981711959        0.00000000    
   1305.4108138391980        0.00000000    
   1305.5540295072001        0.00000000    
   1305.6972451752022        0.00000000    
   1305.8404608432043        0.00000000    
   1305.9836765112063        0.00000000    
   1306.1268921792084        0.00000000    
   1306.2701078472105        0.00000000    
   1306.4133235152126        0.00000000    
   1306.5565391832147        0.00000000    
   1306.6997548512168        0.00000000    
   1306.8429705192189        0.00000000    
   1306.9861861872209        0.00000000    
   1307.1294018552230        0.00000000    
   1307.2726175232251        0.00000000    
   1307.4158331912272        0.00000000    
   1307.5590488592293        0.00000000    
   1307.7022645272314        0.00000000    
   1307.8454801952334        0.00000000    
   1307.9886958632355        0.00000000    
   1308.1319115312376        0.00000000    
   1308.2751271992397        0.00000000    
   1308.4183428672418        0.00000000    
   1308.5615585352439        0.00000000    
   1308.7047742032460        0.00000000    
   1308.8479898712480        0.00000000    
   1308.9912055392501        0.00000000    
   1309.1344212072522        0.00000000    
   1309.2776368752543        0.00000000    
   1309.4208525432564        0.00000000    
   1309.5640682112585        0.00000000    
   1309.7072838792606        0.00000000    
   1309.8504995472626        0.00000000    
   1309.9937152152647        0.00000000    
   1310.1369308832668        0.00000000    
   1310.2801465512689        0.00000000    
   1310.4233622192710        0.00000000    
   1310.5665778872731        0.00000000    
   1310.7097935552752        0.00000000    
   1310.8530092232772        0.00000000    
   1310.9962248912793        0.00000000    
   1311.1394405592814        0.00000000    
   1311.2826562272835        0.00000000    
   1311.4258718952856        0.00000000    
   1311.5690875632877        0.00000000    
   1311.7123032312898        0.00000000    
   1311.8555188992918        0.00000000    
   1311.9987345672939        0.00000000    
   1312.1419502352960        0.00000000    
   1312.2851659032981        0.00000000    
   1312.4283815713002        0.00000000    
   1312.5715972393023        0.00000000    
   1312.7148129073043        0.00000000    
   1312.8580285753064        0.00000000    
   1313.0012442433085        0.00000000    
   1313.1444599113106        0.00000000    
   1313.2876755793127        0.00000000    
   1313.4308912473148        0.00000000    
   1313.5741069153169        0.00000000    
   1313.7173225833189        0.00000000    
   1313.8605382513210        0.00000000    
   1314.0037539193231        0.00000000    
   1314.1469695873252        0.00000000    
   1314.2901852553273        0.00000000    
   1314.4334009233294        0.00000000    
   1314.5766165913315        0.00000000    
   1314.7198322593335        0.00000000    
   1314.8630479273356        0.00000000    
   1315.0062635953377        0.00000000    
   1315.1494792633398        0.00000000    
   1315.2926949313419        0.00000000    
   1315.4359105993440        0.00000000    
   1315.5791262673461        0.00000000    
   1315.7223419353481        0.00000000    
   1315.8655576033502        0.00000000    
   1316.0087732713523        0.00000000    
   1316.1519889393544        0.00000000    
   1316.2952046073565        0.00000000    
   1316.4384202753586        0.00000000    
   1316.5816359433607        0.00000000    
   1316.7248516113627        0.00000000    
   1316.8680672793648        0.00000000    
   1317.0112829473669        0.00000000    
   1317.1544986153690        0.00000000    
   1317.2977142833711        0.00000000    
   1317.4409299513732        0.00000000    
   1317.5841456193752        0.00000000    
   1317.7273612873773        0.00000000    
   1317.8705769553794        0.00000000    
   1318.0137926233815        0.00000000    
   1318.1570082913836        0.00000000    
   1318.3002239593857        0.00000000    
   1318.4434396273878        0.00000000    
   1318.5866552953898        0.00000000    
   1318.7298709633919        0.00000000    
   1318.8730866313940        0.00000000    
   1319.0163022993961        0.00000000    
   1319.1595179673982        0.00000000    
   1319.3027336354003        0.00000000    
   1319.4459493034024        0.00000000    
   1319.5891649714044        0.00000000    
   1319.7323806394065        0.00000000    
   1319.8755963074086        0.00000000    
   1320.0188119754107        0.00000000    
   1320.1620276434128        0.00000000    
   1320.3052433114149        0.00000000    
   1320.4484589794170        0.00000000    
   1320.5916746474190        0.00000000    
   1320.7348903154211        0.00000000    
   1320.8781059834232        0.00000000    
   1321.0213216514253        0.00000000    
   1321.1645373194274        0.00000000    
   1321.3077529874295        0.00000000    
   1321.4509686554316        0.00000000    
   1321.5941843234336        0.00000000    
   1321.7373999914357        0.00000000    
   1321.8806156594378        0.00000000    
   1322.0238313274399        0.00000000    
   1322.1670469954420        0.00000000    
   1322.3102626634441        0.00000000    
   1322.4534783314461        0.00000000    
   1322.5966939994482        0.00000000    
   1322.7399096674503        0.00000000    
   1322.8831253354524        0.00000000    
   1323.0263410034545        0.00000000    
   1323.1695566714566        0.00000000    
   1323.3127723394587        0.00000000    
   1323.4559880074607        0.00000000    
   1323.5992036754628        0.00000000    
   1323.7424193434649        0.00000000    
   1323.8856350114670        0.00000000    
   1324.0288506794691        0.00000000    
   1324.1720663474712        0.00000000    
   1324.3152820154733        0.00000000    
   1324.4584976834753        0.00000000    
   1324.6017133514774        0.00000000    
   1324.7449290194795        0.00000000    
   1324.8881446874816        0.00000000    
   1325.0313603554837        0.00000000    
   1325.1745760234858        0.00000000    
   1325.3177916914879        0.00000000    
   1325.4610073594899        0.00000000    
   1325.6042230274920        0.00000000    
   1325.7474386954941        0.00000000    
   1325.8906543634962        0.00000000    
   1326.0338700314983        0.00000000    
   1326.1770856995004        0.00000000    
   1326.3203013675025        0.00000000    
   1326.4635170355045        0.00000000    
   1326.6067327035066        0.00000000    
   1326.7499483715087        0.00000000    
   1326.8931640395108        0.00000000    
   1327.0363797075129        0.00000000    
   1327.1795953755150        0.00000000    
   1327.3228110435170        0.00000000    
   1327.4660267115191        0.00000000    
   1327.6092423795212        0.00000000    
   1327.7524580475233        0.00000000    
   1327.8956737155254        0.00000000    
   1328.0388893835275        0.00000000    
   1328.1821050515296        0.00000000    
   1328.3253207195316        0.00000000    
   1328.4685363875337        0.00000000    
   1328.6117520555358        0.00000000    
   1328.7549677235379        0.00000000    
   1328.8981833915400        0.00000000    
   1329.0413990595421        0.00000000    
   1329.1846147275442        0.00000000    
   1329.3278303955462        0.00000000    
   1329.4710460635483        0.00000000    
   1329.6142617315504        0.00000000    
   1329.7574773995525        0.00000000    
   1329.9006930675546        0.00000000    
   1330.0439087355567        0.00000000    
   1330.1871244035588        0.00000000    
   1330.3303400715608        0.00000000    
   1330.4735557395629        0.00000000    
   1330.6167714075650        0.00000000    
   1330.7599870755671        0.00000000    
   1330.9032027435692        0.00000000    
   1331.0464184115713        0.00000000    
   1331.1896340795734        0.00000000    
   1331.3328497475754        0.00000000    
   1331.4760654155775        0.00000000    
   1331.6192810835796        0.00000000    
   1331.7624967515817        0.00000000    
   1331.9057124195838        0.00000000    
   1332.0489280875859        0.00000000    
   1332.1921437555879        0.00000000    
   1332.3353594235900        0.00000000    
   1332.4785750915921        0.00000000    
   1332.6217907595942        0.00000000    
   1332.7650064275963        0.00000000    
   1332.9082220955984        0.00000000    
   1333.0514377636005        0.00000000    
   1333.1946534316025        0.00000000    
   1333.3378690996046        0.00000000    
   1333.4810847676067        0.00000000    
   1333.6243004356088        0.00000000    
   1333.7675161036109        0.00000000    
   1333.9107317716130        0.00000000    
   1334.0539474396151        0.00000000    
   1334.1971631076171        0.00000000    
   1334.3403787756192        0.00000000    
   1334.4835944436213        0.00000000    
   1334.6268101116234        0.00000000    
   1334.7700257796255        0.00000000    
   1334.9132414476276        0.00000000    
   1335.0564571156297        0.00000000    
   1335.1996727836317        0.00000000    
   1335.3428884516338        0.00000000    
   1335.4861041196359        0.00000000    
   1335.6293197876380        0.00000000    
   1335.7725354556401        0.00000000    
   1335.9157511236422        0.00000000    
   1336.0589667916443        0.00000000    
   1336.2021824596463        0.00000000    
   1336.3453981276484        0.00000000    
   1336.4886137956505        0.00000000    
   1336.6318294636526        0.00000000    
   1336.7750451316547        0.00000000    
   1336.9182607996568        0.00000000    
   1337.0614764676588        0.00000000    
   1337.2046921356609        0.00000000    
   1337.3479078036630        0.00000000    
   1337.4911234716651        0.00000000    
   1337.6343391396672        0.00000000    
   1337.7775548076693        0.00000000    
   1337.9207704756714        0.00000000    
   1338.0639861436734        0.00000000    
   1338.2072018116755        0.00000000    
   1338.3504174796776        0.00000000    
   1338.4936331476797        0.00000000    
   1338.6368488156818        0.00000000    
   1338.7800644836839        0.00000000    
   1338.9232801516860        0.00000000    
   1339.0664958196880        0.00000000    
   1339.2097114876901        0.00000000    
   1339.3529271556922        0.00000000    
   1339.4961428236943        0.00000000    
   1339.6393584916964        0.00000000    
   1339.7825741596985        0.00000000    
   1339.9257898277006        0.00000000    
   1340.0690054957026        0.00000000    
   1340.2122211637047        0.00000000    
   1340.3554368317068        0.00000000    
   1340.4986524997089        0.00000000    
   1340.6418681677110        0.00000000    
   1340.7850838357131        0.00000000    
   1340.9282995037152        0.00000000    
   1341.0715151717172        0.00000000    
   1341.2147308397193        0.00000000    
   1341.3579465077214        0.00000000    
   1341.5011621757235        0.00000000    
   1341.6443778437256        0.00000000    
   1341.7875935117277        0.00000000    
   1341.9308091797297        0.00000000    
   1342.0740248477318        0.00000000    
   1342.2172405157339        0.00000000    
   1342.3604561837360        0.00000000    
   1342.5036718517381        0.00000000    
   1342.6468875197402        0.00000000    
   1342.7901031877423        0.00000000    
   1342.9333188557443        0.00000000    
   1343.0765345237464        0.00000000    
   1343.2197501917485        0.00000000    
   1343.3629658597506        0.00000000    
   1343.5061815277527        0.00000000    
   1343.6493971957548        0.00000000    
   1343.7926128637569        0.00000000    
   1343.9358285317589        0.00000000    
   1344.0790441997610        0.00000000    
   1344.2222598677631        0.00000000    
   1344.3654755357652        0.00000000    
   1344.5086912037673        0.00000000    
   1344.6519068717694        0.00000000    
   1344.7951225397715        0.00000000    
   1344.9383382077735        0.00000000    
   1345.0815538757756        0.00000000    
   1345.2247695437777        0.00000000    
   1345.3679852117798        0.00000000    
   1345.5112008797819        0.00000000    
   1345.6544165477840        0.00000000    
   1345.7976322157861        0.00000000    
   1345.9408478837881        0.00000000    
   1346.0840635517902        0.00000000    
   1346.2272792197923        0.00000000    
   1346.3704948877944        0.00000000    
   1346.5137105557965        0.00000000    
   1346.6569262237986        0.00000000    
   1346.8001418918006        0.00000000    
   1346.9433575598027        0.00000000    
   1347.0865732278048        0.00000000    
   1347.2297888958069        0.00000000    
   1347.3730045638090        0.00000000    
   1347.5162202318111        0.00000000    
   1347.6594358998132        0.00000000    
   1347.8026515678152        0.00000000    
   1347.9458672358173        0.00000000    
   1348.0890829038194        0.00000000    
   1348.2322985718215        0.00000000    
   1348.3755142398236        0.00000000    
   1348.5187299078257        0.00000000    
   1348.6619455758278        0.00000000    
   1348.8051612438298        0.00000000    
   1348.9483769118319        0.00000000    
   1349.0915925798340        0.00000000    
   1349.2348082478361        0.00000000    
   1349.3780239158382        0.00000000    
   1349.5212395838403        0.00000000    
   1349.6644552518424        0.00000000    
   1349.8076709198444        0.00000000    
   1349.9508865878465        0.00000000    
   1350.0941022558486        0.00000000    
   1350.2373179238507        0.00000000    
   1350.3805335918528        0.00000000    
   1350.5237492598549        0.00000000    
   1350.6669649278570        0.00000000    
   1350.8101805958590        0.00000000    
   1350.9533962638611        0.00000000    
   1351.0966119318632        0.00000000    
   1351.2398275998653        0.00000000    
   1351.3830432678674        0.00000000    
   1351.5262589358695        0.00000000    
   1351.6694746038715        0.00000000    
   1351.8126902718736        0.00000000    
   1351.9559059398757        0.00000000    
   1352.0991216078778        0.00000000    
   1352.2423372758799        0.00000000    
   1352.3855529438820        0.00000000    
   1352.5287686118841        0.00000000    
   1352.6719842798861        0.00000000    
   1352.8151999478882        0.00000000    
   1352.9584156158903        0.00000000    
   1353.1016312838924        0.00000000    
   1353.2448469518945        0.00000000    
   1353.3880626198966        0.00000000    
   1353.5312782878987        0.00000000    
   1353.6744939559007        0.00000000    
   1353.8177096239028        0.00000000    
   1353.9609252919049        0.00000000    
   1354.1041409599070        0.00000000    
   1354.2473566279091        0.00000000    
   1354.3905722959112        0.00000000    
   1354.5337879639133        0.00000000    
   1354.6770036319153        0.00000000    
   1354.8202192999174        0.00000000    
   1354.9634349679195        0.00000000    
   1355.1066506359216        0.00000000    
   1355.2498663039237        0.00000000    
   1355.3930819719258        0.00000000    
   1355.5362976399279        0.00000000    
   1355.6795133079299        0.00000000    
   1355.8227289759320        0.00000000    
   1355.9659446439341        0.00000000    
   1356.1091603119362        0.00000000    
   1356.2523759799383        0.00000000    
   1356.3955916479404        0.00000000    
   1356.5388073159424        0.00000000    
   1356.6820229839445        0.00000000    
   1356.8252386519466        0.00000000    
   1356.9684543199487        0.00000000    
   1357.1116699879508        0.00000000    
   1357.2548856559529        0.00000000    
   1357.3981013239550        0.00000000    
   1357.5413169919570        0.00000000    
   1357.6845326599591        0.00000000    
   1357.8277483279612        0.00000000    
   1357.9709639959633        0.00000000    
   1358.1141796639654        0.00000000    
   1358.2573953319675        0.00000000    
   1358.4006109999696        0.00000000    
   1358.5438266679716        0.00000000    
   1358.6870423359737        0.00000000    
   1358.8302580039758        0.00000000    
   1358.9734736719779        0.00000000    
   1359.1166893399800        0.00000000    
   1359.2599050079821        0.00000000    
   1359.4031206759842        0.00000000    
   1359.5463363439862        0.00000000    
   1359.6895520119883        0.00000000    
   1359.8327676799904        0.00000000    
   1359.9759833479925        0.00000000    
   1360.1191990159946        0.00000000    
   1360.2624146839967        0.00000000    
   1360.4056303519988        0.00000000    
   1360.5488460200008        0.00000000    
   1360.6920616880029        0.00000000    
   1360.8352773560050        0.00000000    
   1360.9784930240071        0.00000000    
   1361.1217086920092        0.00000000    
   1361.2649243600113        0.00000000    
   1361.4081400280133        0.00000000    
   1361.5513556960154        0.00000000    
   1361.6945713640175        0.00000000    
   1361.8377870320196        0.00000000    
   1361.9810027000217        0.00000000    
   1362.1242183680238        0.00000000    
   1362.2674340360259        0.00000000    
   1362.4106497040279        0.00000000    
   1362.5538653720300        0.00000000    
   1362.6970810400321        0.00000000    
   1362.8402967080342        0.00000000    
   1362.9835123760363        0.00000000    
   1363.1267280440384        0.00000000    
   1363.2699437120405        0.00000000    
   1363.4131593800425        0.00000000    
   1363.5563750480446        0.00000000    
   1363.6995907160467        0.00000000    
   1363.8428063840488        0.00000000    
   1363.9860220520509        0.00000000    
   1364.1292377200530        0.00000000    
   1364.2724533880551        0.00000000    
   1364.4156690560571        0.00000000    
   1364.5588847240592        0.00000000    
   1364.7021003920613        0.00000000    
   1364.8453160600634        0.00000000    
   1364.9885317280655        0.00000000    
   1365.1317473960676        0.00000000    
   1365.2749630640697        0.00000000    
   1365.4181787320717        0.00000000    
   1365.5613944000738        0.00000000    
   1365.7046100680759        0.00000000    
   1365.8478257360780        0.00000000    
   1365.9910414040801        0.00000000    
   1366.1342570720822        0.00000000    
   1366.2774727400842        0.00000000    
   1366.4206884080863        0.00000000    
   1366.5639040760884        0.00000000    
   1366.7071197440905        0.00000000    
   1366.8503354120926        0.00000000    
   1366.9935510800947        0.00000000    
   1367.1367667480968        0.00000000    
   1367.2799824160988        0.00000000    
   1367.4231980841009        0.00000000    
   1367.5664137521030        0.00000000    
   1367.7096294201051        0.00000000    
   1367.8528450881072        0.00000000    
   1367.9960607561093        0.00000000    
   1368.1392764241114        0.00000000    
   1368.2824920921134        0.00000000    
   1368.4257077601155        0.00000000    
   1368.5689234281176        0.00000000    
   1368.7121390961197        0.00000000    
   1368.8553547641218        0.00000000    
   1368.9985704321239        0.00000000    
   1369.1417861001260        0.00000000    
   1369.2850017681280        0.00000000    
   1369.4282174361301        0.00000000    
   1369.5714331041322        0.00000000    
   1369.7146487721343        0.00000000    
   1369.8578644401364        0.00000000    
   1370.0010801081385        0.00000000    
   1370.1442957761406        0.00000000    
   1370.2875114441426        0.00000000    
   1370.4307271121447        0.00000000    
   1370.5739427801468        0.00000000    
   1370.7171584481489        0.00000000    
   1370.8603741161510        0.00000000    
   1371.0035897841531        0.00000000    
   1371.1468054521551        0.00000000    
   1371.2900211201572        0.00000000    
   1371.4332367881593        0.00000000    
   1371.5764524561614        0.00000000    
   1371.7196681241635        0.00000000    
   1371.8628837921656        0.00000000    
   1372.0060994601677        0.00000000    
   1372.1493151281697        0.00000000    
   1372.2925307961718        0.00000000    
   1372.4357464641739        0.00000000    
   1372.5789621321760        0.00000000    
   1372.7221778001781        0.00000000    
   1372.8653934681802        0.00000000    
   1373.0086091361823        0.00000000    
   1373.1518248041843        0.00000000    
   1373.2950404721864        0.00000000    
   1373.4382561401885        0.00000000    
   1373.5814718081906        0.00000000    
   1373.7246874761927        0.00000000    
   1373.8679031441948        0.00000000    
   1374.0111188121969        0.00000000    
   1374.1543344801989        0.00000000    
   1374.2975501482010        0.00000000    
   1374.4407658162031        0.00000000    
   1374.5839814842052        0.00000000    
   1374.7271971522073        0.00000000    
   1374.8704128202094        0.00000000    
   1375.0136284882115        0.00000000    
   1375.1568441562135        0.00000000    
   1375.3000598242156        0.00000000    
   1375.4432754922177        0.00000000    
   1375.5864911602198        0.00000000    
   1375.7297068282219        0.00000000    
   1375.8729224962240        0.00000000    
   1376.0161381642260        0.00000000    
   1376.1593538322281        0.00000000    
   1376.3025695002302        0.00000000    
   1376.4457851682323        0.00000000    
   1376.5890008362344        0.00000000    
   1376.7322165042365        0.00000000    
   1376.8754321722386        0.00000000    
   1377.0186478402406        0.00000000    
   1377.1618635082427        0.00000000    
   1377.3050791762448        0.00000000    
   1377.4482948442469        0.00000000    
   1377.5915105122490        0.00000000    
   1377.7347261802511        0.00000000    
   1377.8779418482532        0.00000000    
   1378.0211575162552        0.00000000    
   1378.1643731842573        0.00000000    
   1378.3075888522594        0.00000000    
   1378.4508045202615        0.00000000    
   1378.5940201882636        0.00000000    
   1378.7372358562657        0.00000000    
   1378.8804515242678        0.00000000    
   1379.0236671922698        0.00000000    
   1379.1668828602719        0.00000000    
   1379.3100985282740        0.00000000    
   1379.4533141962761        0.00000000    
   1379.5965298642782        0.00000000    
   1379.7397455322803        0.00000000    
   1379.8829612002824        0.00000000    
   1380.0261768682844        0.00000000    
   1380.1693925362865        0.00000000    
   1380.3126082042886        0.00000000    
   1380.4558238722907        0.00000000    
   1380.5990395402928        0.00000000    
   1380.7422552082949        0.00000000    
   1380.8854708762969        0.00000000    
   1381.0286865442990        0.00000000    
   1381.1719022123011        0.00000000    
   1381.3151178803032        0.00000000    
   1381.4583335483053        0.00000000    
   1381.6015492163074        0.00000000    
   1381.7447648843095        0.00000000    
   1381.8879805523115        0.00000000    
   1382.0311962203136        0.00000000    
   1382.1744118883157        0.00000000    
   1382.3176275563178        0.00000000    
   1382.4608432243199        0.00000000    
   1382.6040588923220        0.00000000    
   1382.7472745603241        0.00000000    
   1382.8904902283261        0.00000000    
   1383.0337058963282        0.00000000    
   1383.1769215643303        0.00000000    
   1383.3201372323324        0.00000000    
   1383.4633529003345        0.00000000    
   1383.6065685683366        0.00000000    
   1383.7497842363387        0.00000000    
   1383.8929999043407        0.00000000    
   1384.0362155723428        0.00000000    
   1384.1794312403449        0.00000000    
   1384.3226469083470        0.00000000    
   1384.4658625763491        0.00000000    
   1384.6090782443512        0.00000000    
   1384.7522939123533        0.00000000    
   1384.8955095803553        0.00000000    
   1385.0387252483574        0.00000000    
   1385.1819409163595        0.00000000    
   1385.3251565843616        0.00000000    
   1385.4683722523637        0.00000000    
   1385.6115879203658        0.00000000    
   1385.7548035883678        0.00000000    
   1385.8980192563699        0.00000000    
   1386.0412349243720        0.00000000    
   1386.1844505923741        0.00000000    
   1386.3276662603762        0.00000000    
   1386.4708819283783        0.00000000    
   1386.6140975963804        0.00000000    
   1386.7573132643824        0.00000000    
   1386.9005289323845        0.00000000    
   1387.0437446003866        0.00000000    
   1387.1869602683887        0.00000000    
   1387.3301759363908        0.00000000    
   1387.4733916043929        0.00000000    
   1387.6166072723950        0.00000000    
   1387.7598229403970        0.00000000    
   1387.9030386083991        0.00000000    
   1388.0462542764012        0.00000000    
   1388.1894699444033        0.00000000    
   1388.3326856124054        0.00000000    
   1388.4759012804075        0.00000000    
   1388.6191169484096        0.00000000    
   1388.7623326164116        0.00000000    
   1388.9055482844137        0.00000000    
   1389.0487639524158        0.00000000    
   1389.1919796204179        0.00000000    
   1389.3351952884200        0.00000000    
   1389.4784109564221        0.00000000    
   1389.6216266244242        0.00000000    
   1389.7648422924262        0.00000000    
   1389.9080579604283        0.00000000    
   1390.0512736284304        0.00000000    
   1390.1944892964325        0.00000000    
   1390.3377049644346        0.00000000    
   1390.4809206324367        0.00000000    
   1390.6241363004387        0.00000000    
   1390.7673519684408        0.00000000    
   1390.9105676364429        0.00000000    
   1391.0537833044450        0.00000000    
   1391.1969989724471        0.00000000    
   1391.3402146404492        0.00000000    
   1391.4834303084513        0.00000000    
   1391.6266459764533        0.00000000    
   1391.7698616444554        0.00000000    
   1391.9130773124575        0.00000000    
   1392.0562929804596        0.00000000    
   1392.1995086484617        0.00000000    
   1392.3427243164638        0.00000000    
   1392.4859399844659        0.00000000    
   1392.6291556524679        0.00000000    
   1392.7723713204700        0.00000000    
   1392.9155869884721        0.00000000    
   1393.0588026564742        0.00000000    
   1393.2020183244763        0.00000000    
   1393.3452339924784        0.00000000    
   1393.4884496604805        0.00000000    
   1393.6316653284825        0.00000000    
   1393.7748809964846        0.00000000    
   1393.9180966644867        0.00000000    
   1394.0613123324888        0.00000000    
   1394.2045280004909        0.00000000    
   1394.3477436684930        0.00000000    
   1394.4909593364951        0.00000000    
   1394.6341750044971        0.00000000    
   1394.7773906724992        0.00000000    
   1394.9206063405013        0.00000000    
   1395.0638220085034        0.00000000    
   1395.2070376765055        0.00000000    
   1395.3502533445076        0.00000000    
   1395.4934690125096        0.00000000    
   1395.6366846805117        0.00000000    
   1395.7799003485138        0.00000000    
   1395.9231160165159        0.00000000    
   1396.0663316845180        0.00000000    
   1396.2095473525201        0.00000000    
   1396.3527630205222        0.00000000    
   1396.4959786885242        0.00000000    
   1396.6391943565263        0.00000000    
   1396.7824100245284        0.00000000    
   1396.9256256925305        0.00000000    
   1397.0688413605326        0.00000000    
   1397.2120570285347        0.00000000    
   1397.3552726965368        0.00000000    
   1397.4984883645388        0.00000000    
   1397.6417040325409        0.00000000    
   1397.7849197005430        0.00000000    
   1397.9281353685451        0.00000000    
   1398.0713510365472        0.00000000    
   1398.2145667045493        0.00000000    
   1398.3577823725514        0.00000000    
   1398.5009980405534        0.00000000    
   1398.6442137085555        0.00000000    
   1398.7874293765576        0.00000000    
   1398.9306450445597        0.00000000    
   1399.0738607125618        0.00000000    
   1399.2170763805639        0.00000000    
   1399.3602920485660        0.00000000    
   1399.5035077165680        0.00000000    
   1399.6467233845701        0.00000000    
   1399.7899390525722        0.00000000    
   1399.9331547205743        0.00000000    
   1400.0763703885764        0.00000000    
   1400.2195860565785        0.00000000    
   1400.3628017245805        0.00000000    
   1400.5060173925826        0.00000000    
   1400.6492330605847        0.00000000    
   1400.7924487285868        0.00000000    
   1400.9356643965889        0.00000000    
   1401.0788800645910        0.00000000    
   1401.2220957325931        0.00000000    
   1401.3653114005951        0.00000000    
   1401.5085270685972        0.00000000    
   1401.6517427365993        0.00000000    
   1401.7949584046014        0.00000000    
   1401.9381740726035        0.00000000    
   1402.0813897406056        0.00000000    
   1402.2246054086077        0.00000000    
   1402.3678210766097        0.00000000    
   1402.5110367446118        0.00000000    
   1402.6542524126139        0.00000000    
   1402.7974680806160        0.00000000    
   1402.9406837486181        0.00000000    
   1403.0838994166202        0.00000000    
   1403.2271150846223        0.00000000    
   1403.3703307526243        0.00000000    
   1403.5135464206264        0.00000000    
   1403.6567620886285        0.00000000    
   1403.7999777566306        0.00000000    
   1403.9431934246327        0.00000000    
   1404.0864090926348        0.00000000    
   1404.2296247606369        0.00000000    
   1404.3728404286389        0.00000000    
   1404.5160560966410        0.00000000    
   1404.6592717646431        0.00000000    
   1404.8024874326452        0.00000000    
   1404.9457031006473        0.00000000    
   1405.0889187686494        0.00000000    
   1405.2321344366514        0.00000000    
   1405.3753501046535        0.00000000    
   1405.5185657726556        0.00000000    
   1405.6617814406577        0.00000000    
   1405.8049971086598        0.00000000    
   1405.9482127766619        0.00000000    
   1406.0914284446640        0.00000000    
   1406.2346441126660        0.00000000    
   1406.3778597806681        0.00000000    
   1406.5210754486702        0.00000000    
   1406.6642911166723        0.00000000    
   1406.8075067846744        0.00000000    
   1406.9507224526765        0.00000000    
   1407.0939381206786        0.00000000    
   1407.2371537886806        0.00000000    
   1407.3803694566827        0.00000000    
   1407.5235851246848        0.00000000    
   1407.6668007926869        0.00000000    
   1407.8100164606890        0.00000000    
   1407.9532321286911        0.00000000    
   1408.0964477966932        0.00000000    
   1408.2396634646952        0.00000000    
   1408.3828791326973        0.00000000    
   1408.5260948006994        0.00000000    
   1408.6693104687015        0.00000000    
   1408.8125261367036        0.00000000    
   1408.9557418047057        0.00000000    
   1409.0989574727078        0.00000000    
   1409.2421731407098        0.00000000    
   1409.3853888087119        0.00000000    
   1409.5286044767140        0.00000000    
   1409.6718201447161        0.00000000    
   1409.8150358127182        0.00000000    
   1409.9582514807203        0.00000000    
   1410.1014671487223        0.00000000    
   1410.2446828167244        0.00000000    
   1410.3878984847265        0.00000000    
   1410.5311141527286        0.00000000    
   1410.6743298207307        0.00000000    
   1410.8175454887328        0.00000000    
   1410.9607611567349        0.00000000    
   1411.1039768247369        0.00000000    
   1411.2471924927390        0.00000000    
   1411.3904081607411        0.00000000    
   1411.5336238287432        0.00000000    
   1411.6768394967453        0.00000000    
   1411.8200551647474        0.00000000    
   1411.9632708327495        0.00000000    
   1412.1064865007515        0.00000000    
   1412.2497021687536        0.00000000    
   1412.3929178367557        0.00000000    
   1412.5361335047578        0.00000000    
   1412.6793491727599        0.00000000    
   1412.8225648407620        0.00000000    
   1412.9657805087641        0.00000000    
   1413.1089961767661        0.00000000    
   1413.2522118447682        0.00000000    
   1413.3954275127703        0.00000000    
   1413.5386431807724        0.00000000    
   1413.6818588487745        0.00000000    
   1413.8250745167766        0.00000000    
   1413.9682901847787        0.00000000    
   1414.1115058527807        0.00000000    
   1414.2547215207828        0.00000000    
   1414.3979371887849        0.00000000    
   1414.5411528567870        0.00000000    
   1414.6843685247891        0.00000000    
   1414.8275841927912        0.00000000    
   1414.9707998607932        0.00000000    
   1415.1140155287953        0.00000000    
   1415.2572311967974        0.00000000    
   1415.4004468647995        0.00000000    
   1415.5436625328016        0.00000000    
   1415.6868782008037        0.00000000    
   1415.8300938688058        0.00000000    
   1415.9733095368078        0.00000000    
   1416.1165252048099        0.00000000    
   1416.2597408728120        0.00000000    
   1416.4029565408141        0.00000000    
   1416.5461722088162        0.00000000    
   1416.6893878768183        0.00000000    
   1416.8326035448204        0.00000000    
   1416.9758192128224        0.00000000    
   1417.1190348808245        0.00000000    
   1417.2622505488266        0.00000000    
   1417.4054662168287        0.00000000    
   1417.5486818848308        0.00000000    
   1417.6918975528329        0.00000000    
   1417.8351132208350        0.00000000    
   1417.9783288888370        0.00000000    
   1418.1215445568391        0.00000000    
   1418.2647602248412        0.00000000    
   1418.4079758928433        0.00000000    
   1418.5511915608454        0.00000000    
   1418.6944072288475        0.00000000    
   1418.8376228968496        0.00000000    
   1418.9808385648516        0.00000000    
   1419.1240542328537        0.00000000    
   1419.2672699008558        0.00000000    
   1419.4104855688579        0.00000000    
   1419.5537012368600        0.00000000    
   1419.6969169048621        0.00000000    
   1419.8401325728641        0.00000000    
   1419.9833482408662        0.00000000    
   1420.1265639088683        0.00000000    
   1420.2697795768704        0.00000000    
   1420.4129952448725        0.00000000    
   1420.5562109128746        0.00000000    
   1420.6994265808767        0.00000000    
   1420.8426422488787        0.00000000    
   1420.9858579168808        0.00000000    
   1421.1290735848829        0.00000000    
   1421.2722892528850        0.00000000    
   1421.4155049208871        0.00000000    
   1421.5587205888892        0.00000000    
   1421.7019362568913        0.00000000    
   1421.8451519248933        0.00000000    
   1421.9883675928954        0.00000000    
   1422.1315832608975        0.00000000    
   1422.2747989288996        0.00000000    
   1422.4180145969017        0.00000000    
   1422.5612302649038        0.00000000    
   1422.7044459329059        0.00000000    
   1422.8476616009079        0.00000000    
   1422.9908772689100        0.00000000    
   1423.1340929369121        0.00000000    
   1423.2773086049142        0.00000000    
   1423.4205242729163        0.00000000    
   1423.5637399409184        0.00000000    
   1423.7069556089205        0.00000000    
   1423.8501712769225        0.00000000    
   1423.9933869449246        0.00000000    
   1424.1366026129267        0.00000000    
   1424.2798182809288        0.00000000    
   1424.4230339489309        0.00000000    
   1424.5662496169330        0.00000000    
   1424.7094652849350        0.00000000    
   1424.8526809529371        0.00000000    
   1424.9958966209392        0.00000000    
   1425.1391122889413        0.00000000    
   1425.2823279569434        0.00000000    
   1425.4255436249455        0.00000000    
   1425.5687592929476        0.00000000    
   1425.7119749609496        0.00000000    
   1425.8551906289517        0.00000000    
   1425.9984062969538        0.00000000    
   1426.1416219649559        0.00000000    
   1426.2848376329580        0.00000000    
   1426.4280533009601        0.00000000    
   1426.5712689689622        0.00000000    
   1426.7144846369642        0.00000000    
   1426.8577003049663        0.00000000    
   1427.0009159729684        0.00000000    
   1427.1441316409705        0.00000000    
   1427.2873473089726        0.00000000    
   1427.4305629769747        0.00000000    
   1427.5737786449768        0.00000000    
   1427.7169943129788        0.00000000    
   1427.8602099809809        0.00000000    
   1428.0034256489830        0.00000000    
   1428.1466413169851        0.00000000    
   1428.2898569849872        0.00000000    
   1428.4330726529893        0.00000000    
   1428.5762883209914        0.00000000    
   1428.7195039889934        0.00000000    
   1428.8627196569955        0.00000000    
   1429.0059353249976        0.00000000    
   1429.1491509929997        0.00000000    
   1429.2923666610018        0.00000000    
   1429.4355823290039        0.00000000    
   1429.5787979970059        0.00000000    
   1429.7220136650080        0.00000000    
   1429.8652293330101        0.00000000    
   1430.0084450010122        0.00000000    
   1430.1516606690143        0.00000000    
   1430.2948763370164        0.00000000    
   1430.4380920050185        0.00000000    
   1430.5813076730205        0.00000000    
   1430.7245233410226        0.00000000    
   1430.8677390090247        0.00000000    
   1431.0109546770268        0.00000000    
   1431.1541703450289        0.00000000    
   1431.2973860130310        0.00000000    
   1431.4406016810331        0.00000000    
   1431.5838173490351        0.00000000    
   1431.7270330170372        0.00000000    
   1431.8702486850393        0.00000000    
   1432.0134643530414        0.00000000    
   1432.1566800210435        0.00000000    
   1432.2998956890456        0.00000000    
   1432.4431113570477        0.00000000    
   1432.5863270250497        0.00000000    
   1432.7295426930518        0.00000000    
   1432.8727583610539        0.00000000    
   1433.0159740290560        0.00000000    
   1433.1591896970581        0.00000000    
   1433.3024053650602        0.00000000    
   1433.4456210330623        0.00000000    
   1433.5888367010643        0.00000000    
   1433.7320523690664        0.00000000    
   1433.8752680370685        0.00000000    
   1434.0184837050706        0.00000000    
   1434.1616993730727        0.00000000    
   1434.3049150410748        0.00000000    
   1434.4481307090768        0.00000000    
   1434.5913463770789        0.00000000    
   1434.7345620450810        0.00000000    
   1434.8777777130831        0.00000000    
   1435.0209933810852        0.00000000    
   1435.1642090490873        0.00000000    
   1435.3074247170894        0.00000000    
   1435.4506403850914        0.00000000    
   1435.5938560530935        0.00000000    
   1435.7370717210956        0.00000000    
   1435.8802873890977        0.00000000    
   1436.0235030570998        0.00000000    
   1436.1667187251019        0.00000000    
   1436.3099343931040        0.00000000    
   1436.4531500611060        0.00000000    
   1436.5963657291081        0.00000000    
   1436.7395813971102        0.00000000    
   1436.8827970651123        0.00000000    
   1437.0260127331144        0.00000000    
   1437.1692284011165        0.00000000    
   1437.3124440691186        0.00000000    
   1437.4556597371206        0.00000000    
   1437.5988754051227        0.00000000    
   1437.7420910731248        0.00000000    
   1437.8853067411269        0.00000000    
   1438.0285224091290        0.00000000    
   1438.1717380771311        0.00000000    
   1438.3149537451332        0.00000000    
   1438.4581694131352        0.00000000    
   1438.6013850811373        0.00000000    
   1438.7446007491394        0.00000000    
   1438.8878164171415        0.00000000    
   1439.0310320851436        0.00000000    
   1439.1742477531457        0.00000000    
   1439.3174634211477        0.00000000    
   1439.4606790891498        0.00000000    
   1439.6038947571519        0.00000000    
   1439.7471104251540        0.00000000    
   1439.8903260931561        0.00000000    
   1440.0335417611582        0.00000000    
   1440.1767574291603        0.00000000    
   1440.3199730971623        0.00000000    
   1440.4631887651644        0.00000000    
   1440.6064044331665        0.00000000    
   1440.7496201011686        0.00000000    
   1440.8928357691707        0.00000000    
   1441.0360514371728        0.00000000    
   1441.1792671051749        0.00000000    
   1441.3224827731769        0.00000000    
   1441.4656984411790        0.00000000    
   1441.6089141091811        0.00000000    
   1441.7521297771832        0.00000000    
   1441.8953454451853        0.00000000    
   1442.0385611131874        0.00000000    
   1442.1817767811895        0.00000000    
   1442.3249924491915        0.00000000    
   1442.4682081171936        0.00000000    
   1442.6114237851957        0.00000000    
   1442.7546394531978        0.00000000    
   1442.8978551211999        0.00000000    
   1443.0410707892020        0.00000000    
   1443.1842864572041        0.00000000    
   1443.3275021252061        0.00000000    
   1443.4707177932082        0.00000000    
   1443.6139334612103        0.00000000    
   1443.7571491292124        0.00000000    
   1443.9003647972145        0.00000000    
   1444.0435804652166        0.00000000    
   1444.1867961332186        0.00000000    
   1444.3300118012207        0.00000000    
   1444.4732274692228        0.00000000    
   1444.6164431372249        0.00000000    
   1444.7596588052270        0.00000000    
   1444.9028744732291        0.00000000    
   1445.0460901412312        0.00000000    
   1445.1893058092332        0.00000000    
   1445.3325214772353        0.00000000    
   1445.4757371452374        0.00000000    
   1445.6189528132395        0.00000000    
   1445.7621684812416        0.00000000    
   1445.9053841492437        0.00000000    
   1446.0485998172458        0.00000000    
   1446.1918154852478        0.00000000    
   1446.3350311532499        0.00000000    
   1446.4782468212520        0.00000000    
   1446.6214624892541        0.00000000    
   1446.7646781572562        0.00000000    
   1446.9078938252583        0.00000000    
   1447.0511094932604        0.00000000    
   1447.1943251612624        0.00000000    
   1447.3375408292645        0.00000000    
   1447.4807564972666        0.00000000    
   1447.6239721652687        0.00000000    
   1447.7671878332708        0.00000000    
   1447.9104035012729        0.00000000    
   1448.0536191692750        0.00000000    
   1448.1968348372770        0.00000000    
   1448.3400505052791        0.00000000    
   1448.4832661732812        0.00000000    
   1448.6264818412833        0.00000000    
   1448.7696975092854        0.00000000    
   1448.9129131772875        0.00000000    
   1449.0561288452895        0.00000000    
   1449.1993445132916        0.00000000    
   1449.3425601812937        0.00000000    
   1449.4857758492958        0.00000000    
   1449.6289915172979        0.00000000    
   1449.7722071853000        0.00000000    
   1449.9154228533021        0.00000000    
   1450.0586385213041        0.00000000    
   1450.2018541893062        0.00000000    
   1450.3450698573083        0.00000000    
   1450.4882855253104        0.00000000    
   1450.6315011933125        0.00000000    
   1450.7747168613146        0.00000000    
   1450.9179325293167        0.00000000    
   1451.0611481973187        0.00000000    
   1451.2043638653208        0.00000000    
   1451.3475795333229        0.00000000    
   1451.4907952013250        0.00000000    
   1451.6340108693271        0.00000000    
   1451.7772265373292        0.00000000    
   1451.9204422053313        0.00000000    
   1452.0636578733333        0.00000000    
   1452.2068735413354        0.00000000    
   1452.3500892093375        0.00000000    
   1452.4933048773396        0.00000000    
   1452.6365205453417        0.00000000    
   1452.7797362133438        0.00000000    
   1452.9229518813459        0.00000000    
   1453.0661675493479        0.00000000    
   1453.2093832173500        0.00000000    
   1453.3525988853521        0.00000000    
   1453.4958145533542        0.00000000    
   1453.6390302213563        0.00000000    
   1453.7822458893584        0.00000000    
   1453.9254615573604        0.00000000    
   1454.0686772253625        0.00000000    
   1454.2118928933646        0.00000000    
   1454.3551085613667        0.00000000    
   1454.4983242293688        0.00000000    
   1454.6415398973709        0.00000000    
   1454.7847555653730        0.00000000    
   1454.9279712333750        0.00000000    
   1455.0711869013771        0.00000000    
   1455.2144025693792        0.00000000    
   1455.3576182373813        0.00000000    
   1455.5008339053834        0.00000000    
   1455.6440495733855        0.00000000    
   1455.7872652413876        0.00000000    
   1455.9304809093896        0.00000000    
   1456.0736965773917        0.00000000    
   1456.2169122453938        0.00000000    
   1456.3601279133959        0.00000000    
   1456.5033435813980        0.00000000    
   1456.6465592494001        0.00000000    
   1456.7897749174022        0.00000000    
   1456.9329905854042        0.00000000    
   1457.0762062534063        0.00000000    
   1457.2194219214084        0.00000000    
   1457.3626375894105        0.00000000    
   1457.5058532574126        0.00000000    
   1457.6490689254147        0.00000000    
   1457.7922845934168        0.00000000    
   1457.9355002614188        0.00000000    
   1458.0787159294209        0.00000000    
   1458.2219315974230        0.00000000    
   1458.3651472654251        0.00000000    
   1458.5083629334272        0.00000000    
   1458.6515786014293        0.00000000    
   1458.7947942694313        0.00000000    
   1458.9380099374334        0.00000000    
   1459.0812256054355        0.00000000    
   1459.2244412734376        0.00000000    
   1459.3676569414397        0.00000000    
   1459.5108726094418        0.00000000    
   1459.6540882774439        0.00000000    
   1459.7973039454459        0.00000000    
   1459.9405196134480        0.00000000    
   1460.0837352814501        0.00000000    
   1460.2269509494522        0.00000000    
   1460.3701666174543        0.00000000    
   1460.5133822854564        0.00000000    
   1460.6565979534585        0.00000000    
   1460.7998136214605        0.00000000    
   1460.9430292894626        0.00000000    
   1461.0862449574647        0.00000000    
   1461.2294606254668        0.00000000    
   1461.3726762934689        0.00000000    
   1461.5158919614710        0.00000000    
   1461.6591076294731        0.00000000    
   1461.8023232974751        0.00000000    
   1461.9455389654772        0.00000000    
   1462.0887546334793        0.00000000    
   1462.2319703014814        0.00000000    
   1462.3751859694835        0.00000000    
   1462.5184016374856        0.00000000    
   1462.6616173054877        0.00000000    
   1462.8048329734897        0.00000000    
   1462.9480486414918        0.00000000    
   1463.0912643094939        0.00000000    
   1463.2344799774960        0.00000000    
   1463.3776956454981        0.00000000    
   1463.5209113135002        0.00000000    
   1463.6641269815022        0.00000000    
   1463.8073426495043        0.00000000    
   1463.9505583175064        0.00000000    
   1464.0937739855085        0.00000000    
   1464.2369896535106        0.00000000    
   1464.3802053215127        0.00000000    
   1464.5234209895148        0.00000000    
   1464.6666366575168        0.00000000    
   1464.8098523255189        0.00000000    
   1464.9530679935210        0.00000000    
   1465.0962836615231        0.00000000    
   1465.2394993295252        0.00000000    
   1465.3827149975273        0.00000000    
   1465.5259306655294        0.00000000    
   1465.6691463335314        0.00000000    
   1465.8123620015335        0.00000000    
   1465.9555776695356        0.00000000    
   1466.0987933375377        0.00000000    
   1466.2420090055398        0.00000000    
   1466.3852246735419        0.00000000    
   1466.5284403415440        0.00000000    
   1466.6716560095460        0.00000000    
   1466.8148716775481        0.00000000    
   1466.9580873455502        0.00000000    
   1467.1013030135523        0.00000000    
   1467.2445186815544        0.00000000    
   1467.3877343495565        0.00000000    
   1467.5309500175586        0.00000000    
   1467.6741656855606        0.00000000    
   1467.8173813535627        0.00000000    
   1467.9605970215648        0.00000000    
   1468.1038126895669        0.00000000    
   1468.2470283575690        0.00000000    
   1468.3902440255711        0.00000000    
   1468.5334596935731        0.00000000    
   1468.6766753615752        0.00000000    
   1468.8198910295773        0.00000000    
   1468.9631066975794        0.00000000    
   1469.1063223655815        0.00000000    
   1469.2495380335836        0.00000000    
   1469.3927537015857        0.00000000    
   1469.5359693695877        0.00000000    
   1469.6791850375898        0.00000000    
   1469.8224007055919        0.00000000    
   1469.9656163735940        0.00000000    
   1470.1088320415961        0.00000000    
   1470.2520477095982        0.00000000    
   1470.3952633776003        0.00000000    
   1470.5384790456023        0.00000000    
   1470.6816947136044        0.00000000    
   1470.8249103816065        0.00000000    
   1470.9681260496086        0.00000000    
   1471.1113417176107        0.00000000    
   1471.2545573856128        0.00000000    
   1471.3977730536149        0.00000000    
   1471.5409887216169        0.00000000    
   1471.6842043896190        0.00000000    
   1471.8274200576211        0.00000000    
   1471.9706357256232        0.00000000    
   1472.1138513936253        0.00000000    
   1472.2570670616274        0.00000000    
   1472.4002827296295        0.00000000    
   1472.5434983976315        0.00000000    
   1472.6867140656336        0.00000000    
   1472.8299297336357        0.00000000    
   1472.9731454016378        0.00000000    
   1473.1163610696399        0.00000000    
   1473.2595767376420        0.00000000    
   1473.4027924056440        0.00000000    
   1473.5460080736461        0.00000000    
   1473.6892237416482        0.00000000    
   1473.8324394096503        0.00000000    
   1473.9756550776524        0.00000000    
   1474.1188707456545        0.00000000    
   1474.2620864136566        0.00000000    
   1474.4053020816586        0.00000000    
   1474.5485177496607        0.00000000    
   1474.6917334176628        0.00000000    
   1474.8349490856649        0.00000000    
   1474.9781647536670        0.00000000    
   1475.1213804216691        0.00000000    
   1475.2645960896712        0.00000000    
   1475.4078117576732        0.00000000    
   1475.5510274256753        0.00000000    
   1475.6942430936774        0.00000000    
   1475.8374587616795        0.00000000    
   1475.9806744296816        0.00000000    
   1476.1238900976837        0.00000000    
   1476.2671057656858        0.00000000    
   1476.4103214336878        0.00000000    
   1476.5535371016899        0.00000000    
   1476.6967527696920        0.00000000    
   1476.8399684376941        0.00000000    
   1476.9831841056962        0.00000000    
   1477.1263997736983        0.00000000    
   1477.2696154417004        0.00000000    
   1477.4128311097024        0.00000000    
   1477.5560467777045        0.00000000    
   1477.6992624457066        0.00000000    
   1477.8424781137087        0.00000000    
   1477.9856937817108        0.00000000    
   1478.1289094497129        0.00000000    
   1478.2721251177149        0.00000000    
   1478.4153407857170        0.00000000    
   1478.5585564537191        0.00000000    
   1478.7017721217212        0.00000000    
   1478.8449877897233        0.00000000    
   1478.9882034577254        0.00000000    
   1479.1314191257275        0.00000000    
   1479.2746347937295        0.00000000    
   1479.4178504617316        0.00000000    
   1479.5610661297337        0.00000000    
   1479.7042817977358        0.00000000    
   1479.8474974657379        0.00000000    
   1479.9907131337400        0.00000000    
   1480.1339288017421        0.00000000    
   1480.2771444697441        0.00000000    
   1480.4203601377462        0.00000000    
   1480.5635758057483        0.00000000    
   1480.7067914737504        0.00000000    
   1480.8500071417525        0.00000000    
   1480.9932228097546        0.00000000    
   1481.1364384777567        0.00000000    
   1481.2796541457587        0.00000000    
   1481.4228698137608        0.00000000    
   1481.5660854817629        0.00000000    
   1481.7093011497650        0.00000000    
   1481.8525168177671        0.00000000    
   1481.9957324857692        0.00000000    
   1482.1389481537713        0.00000000    
   1482.2821638217733        0.00000000    
   1482.4253794897754        0.00000000    
   1482.5685951577775        0.00000000    
   1482.7118108257796        0.00000000    
   1482.8550264937817        0.00000000    
   1482.9982421617838        0.00000000    
   1483.1414578297858        0.00000000    
   1483.2846734977879        0.00000000    
   1483.4278891657900        0.00000000    
   1483.5711048337921        0.00000000    
   1483.7143205017942        0.00000000    
   1483.8575361697963        0.00000000    
   1484.0007518377984        0.00000000    
   1484.1439675058004        0.00000000    
   1484.2871831738025        0.00000000    
   1484.4303988418046        0.00000000    
   1484.5736145098067        0.00000000    
   1484.7168301778088        0.00000000    
   1484.8600458458109        0.00000000    
   1485.0032615138130        0.00000000    
   1485.1464771818150        0.00000000    
   1485.2896928498171        0.00000000    
   1485.4329085178192        0.00000000    
   1485.5761241858213        0.00000000    
   1485.7193398538234        0.00000000    
   1485.8625555218255        0.00000000    
   1486.0057711898276        0.00000000    
   1486.1489868578296        0.00000000    
   1486.2922025258317        0.00000000    
   1486.4354181938338        0.00000000    
   1486.5786338618359        0.00000000    
   1486.7218495298380        0.00000000    
   1486.8650651978401        0.00000000    
   1487.0082808658422        0.00000000    
   1487.1514965338442        0.00000000    
   1487.2947122018463        0.00000000    
   1487.4379278698484        0.00000000    
   1487.5811435378505        0.00000000    
   1487.7243592058526        0.00000000    
   1487.8675748738547        0.00000000    
   1488.0107905418567        0.00000000    
   1488.1540062098588        0.00000000    
   1488.2972218778609        0.00000000    
   1488.4404375458630        0.00000000    
   1488.5836532138651        0.00000000    
   1488.7268688818672        0.00000000    
   1488.8700845498693        0.00000000    
   1489.0133002178713        0.00000000    
   1489.1565158858734        0.00000000    
   1489.2997315538755        0.00000000    
   1489.4429472218776        0.00000000    
   1489.5861628898797        0.00000000    
   1489.7293785578818        0.00000000    
   1489.8725942258839        0.00000000    
   1490.0158098938859        0.00000000    
   1490.1590255618880        0.00000000    
   1490.3022412298901        0.00000000    
   1490.4454568978922        0.00000000    
   1490.5886725658943        0.00000000    
   1490.7318882338964        0.00000000    
   1490.8751039018985        0.00000000    
   1491.0183195699005        0.00000000    
   1491.1615352379026        0.00000000    
   1491.3047509059047        0.00000000    
   1491.4479665739068        0.00000000    
   1491.5911822419089        0.00000000    
   1491.7343979099110        0.00000000    
   1491.8776135779131        0.00000000    
   1492.0208292459151        0.00000000    
   1492.1640449139172        0.00000000    
   1492.3072605819193        0.00000000    
   1492.4504762499214        0.00000000    
   1492.5936919179235        0.00000000    
   1492.7369075859256        0.00000000    
   1492.8801232539276        0.00000000    
   1493.0233389219297        0.00000000    
   1493.1665545899318        0.00000000    
   1493.3097702579339        0.00000000    
   1493.4529859259360        0.00000000    
   1493.5962015939381        0.00000000    
   1493.7394172619402        0.00000000    
   1493.8826329299422        0.00000000    
   1494.0258485979443        0.00000000    
   1494.1690642659464        0.00000000    
   1494.3122799339485        0.00000000    
   1494.4554956019506        0.00000000    
   1494.5987112699527        0.00000000    
   1494.7419269379548        0.00000000    
   1494.8851426059568        0.00000000    
   1495.0283582739589        0.00000000    
   1495.1715739419610        0.00000000    
   1495.3147896099631        0.00000000    
   1495.4580052779652        0.00000000    
   1495.6012209459673        0.00000000    
   1495.7444366139694        0.00000000    
   1495.8876522819714        0.00000000    
   1496.0308679499735        0.00000000    
   1496.1740836179756        0.00000000    
   1496.3172992859777        0.00000000    
   1496.4605149539798        0.00000000    
   1496.6037306219819        0.00000000    
   1496.7469462899840        0.00000000    
   1496.8901619579860        0.00000000    
   1497.0333776259881        0.00000000    
   1497.1765932939902        0.00000000    
   1497.3198089619923        0.00000000    
   1497.4630246299944        0.00000000    
   1497.6062402979965        0.00000000    
   1497.7494559659985        0.00000000    
   1497.8926716340006        0.00000000    
   1498.0358873020027        0.00000000    
   1498.1791029700048        0.00000000    
   1498.3223186380069        0.00000000    
   1498.4655343060090        0.00000000    
   1498.6087499740111        0.00000000    
   1498.7519656420131        0.00000000    
   1498.8951813100152        0.00000000    
   1499.0383969780173        0.00000000    
   1499.1816126460194        0.00000000    
   1499.3248283140215        0.00000000    
   1499.4680439820236        0.00000000    
   1499.6112596500257        0.00000000    
   1499.7544753180277        0.00000000    
   1499.8976909860298        0.00000000    
   1500.0409066540319        0.00000000    
   1500.1841223220340        0.00000000    
   1500.3273379900361        0.00000000    
   1500.4705536580382        0.00000000    
   1500.6137693260403        0.00000000    
   1500.7569849940423        0.00000000    
   1500.9002006620444        0.00000000    
   1501.0434163300465        0.00000000    
   1501.1866319980486        0.00000000    
   1501.3298476660507        0.00000000    
   1501.4730633340528        0.00000000    
   1501.6162790020549        0.00000000    
   1501.7594946700569        0.00000000    
   1501.9027103380590        0.00000000    
   1502.0459260060611        0.00000000    
   1502.1891416740632        0.00000000    
   1502.3323573420653        0.00000000    
   1502.4755730100674        0.00000000    
   1502.6187886780694        0.00000000    
   1502.7620043460715        0.00000000    
   1502.9052200140736        0.00000000    
   1503.0484356820757        0.00000000    
   1503.1916513500778        0.00000000    
   1503.3348670180799        0.00000000    
   1503.4780826860820        0.00000000    
   1503.6212983540840        0.00000000    
   1503.7645140220861        0.00000000    
   1503.9077296900882        0.00000000    
   1504.0509453580903        0.00000000    
   1504.1941610260924        0.00000000    
   1504.3373766940945        0.00000000    
   1504.4805923620966        0.00000000    
   1504.6238080300986        0.00000000    
   1504.7670236981007        0.00000000    
   1504.9102393661028        0.00000000    
   1505.0534550341049        0.00000000    
   1505.1966707021070        0.00000000    
   1505.3398863701091        0.00000000    
   1505.4831020381112        0.00000000    
   1505.6263177061132        0.00000000    
   1505.7695333741153        0.00000000    
   1505.9127490421174        0.00000000    
   1506.0559647101195        0.00000000    
   1506.1991803781216        0.00000000    
   1506.3423960461237        0.00000000    
   1506.4856117141258        0.00000000    
   1506.6288273821278        0.00000000    
   1506.7720430501299        0.00000000    
   1506.9152587181320        0.00000000    
   1507.0584743861341        0.00000000    
   1507.2016900541362        0.00000000    
   1507.3449057221383        0.00000000    
   1507.4881213901403        0.00000000    
   1507.6313370581424        0.00000000    
   1507.7745527261445        0.00000000    
   1507.9177683941466        0.00000000    
   1508.0609840621487        0.00000000    
   1508.2041997301508        0.00000000    
   1508.3474153981529        0.00000000    
   1508.4906310661549        0.00000000    
   1508.6338467341570        0.00000000    
   1508.7770624021591        0.00000000    
   1508.9202780701612        0.00000000    
   1509.0634937381633        0.00000000    
   1509.2067094061654        0.00000000    
   1509.3499250741675        0.00000000    
   1509.4931407421695        0.00000000    
   1509.6363564101716        0.00000000    
   1509.7795720781737        0.00000000    
   1509.9227877461758        0.00000000    
   1510.0660034141779        0.00000000    
   1510.2092190821800        0.00000000    
   1510.3524347501821        0.00000000    
   1510.4956504181841        0.00000000    
   1510.6388660861862        0.00000000    
   1510.7820817541883        0.00000000    
   1510.9252974221904        0.00000000    
   1511.0685130901925        0.00000000    
   1511.2117287581946        0.00000000    
   1511.3549444261967        0.00000000    
   1511.4981600941987        0.00000000    
   1511.6413757622008        0.00000000    
   1511.7845914302029        0.00000000    
   1511.9278070982050        0.00000000    
   1512.0710227662071        0.00000000    
   1512.2142384342092        0.00000000    
   1512.3574541022112        0.00000000    
   1512.5006697702133        0.00000000    
   1512.6438854382154        0.00000000    
   1512.7871011062175        0.00000000    
   1512.9303167742196        0.00000000    
   1513.0735324422217        0.00000000    
   1513.2167481102238        0.00000000    
   1513.3599637782258        0.00000000    
   1513.5031794462279        0.00000000    
   1513.6463951142300        0.00000000    
   1513.7896107822321        0.00000000    
   1513.9328264502342        0.00000000    
   1514.0760421182363        0.00000000    
   1514.2192577862384        0.00000000    
   1514.3624734542404        0.00000000    
   1514.5056891222425        0.00000000    
   1514.6489047902446        0.00000000    
   1514.7921204582467        0.00000000    
   1514.9353361262488        0.00000000    
   1515.0785517942509        0.00000000    
   1515.2217674622530        0.00000000    
   1515.3649831302550        0.00000000    
   1515.5081987982571        0.00000000    
   1515.6514144662592        0.00000000    
   1515.7946301342613        0.00000000    
   1515.9378458022634        0.00000000    
   1516.0810614702655        0.00000000    
   1516.2242771382676        0.00000000    
   1516.3674928062696        0.00000000    
   1516.5107084742717        0.00000000    
   1516.6539241422738        0.00000000    
   1516.7971398102759        0.00000000    
   1516.9403554782780        0.00000000    
   1517.0835711462801        0.00000000    
   1517.2267868142821        0.00000000    
   1517.3700024822842        0.00000000    
   1517.5132181502863        0.00000000    
   1517.6564338182884        0.00000000    
   1517.7996494862905        0.00000000    
   1517.9428651542926        0.00000000    
   1518.0860808222947        0.00000000    
   1518.2292964902967        0.00000000    
   1518.3725121582988        0.00000000    
   1518.5157278263009        0.00000000    
   1518.6589434943030        0.00000000    
   1518.8021591623051        0.00000000    
   1518.9453748303072        0.00000000    
   1519.0885904983093        0.00000000    
   1519.2318061663113        0.00000000    
   1519.3750218343134        0.00000000    
   1519.5182375023155        0.00000000    
   1519.6614531703176        0.00000000    
   1519.8046688383197        0.00000000    
   1519.9478845063218        0.00000000    
   1520.0911001743239        0.00000000    
   1520.2343158423259        0.00000000    
   1520.3775315103280        0.00000000    
   1520.5207471783301        0.00000000    
   1520.6639628463322        0.00000000    
   1520.8071785143343        0.00000000    
   1520.9503941823364        0.00000000    
   1521.0936098503385        0.00000000    
   1521.2368255183405        0.00000000    
   1521.3800411863426        0.00000000    
   1521.5232568543447        0.00000000    
   1521.6664725223468        0.00000000    
   1521.8096881903489        0.00000000    
   1521.9529038583510        0.00000000    
   1522.0961195263530        0.00000000    
   1522.2393351943551        0.00000000    
   1522.3825508623572        0.00000000    
   1522.5257665303593        0.00000000    
   1522.6689821983614        0.00000000    
   1522.8121978663635        0.00000000    
   1522.9554135343656        0.00000000    
   1523.0986292023676        0.00000000    
   1523.2418448703697        0.00000000    
   1523.3850605383718        0.00000000    
   1523.5282762063739        0.00000000    
   1523.6714918743760        0.00000000    
   1523.8147075423781        0.00000000    
   1523.9579232103802        0.00000000    
   1524.1011388783822        0.00000000    
   1524.2443545463843        0.00000000    
   1524.3875702143864        0.00000000    
   1524.5307858823885        0.00000000    
   1524.6740015503906        0.00000000    
   1524.8172172183927        0.00000000    
   1524.9604328863948        0.00000000    
   1525.1036485543968        0.00000000    
   1525.2468642223989        0.00000000    
   1525.3900798904010        0.00000000    
   1525.5332955584031        0.00000000    
   1525.6765112264052        0.00000000    
   1525.8197268944073        0.00000000    
   1525.9629425624094        0.00000000    
   1526.1061582304114        0.00000000    
   1526.2493738984135        0.00000000    
   1526.3925895664156        0.00000000    
   1526.5358052344177        0.00000000    
   1526.6790209024198        0.00000000    
   1526.8222365704219        0.00000000    
   1526.9654522384239        0.00000000    
   1527.1086679064260        0.00000000    
   1527.2518835744281        0.00000000    
   1527.3950992424302        0.00000000    
   1527.5383149104323        0.00000000    
   1527.6815305784344        0.00000000    
   1527.8247462464365        0.00000000    
   1527.9679619144385        0.00000000    
   1528.1111775824406        0.00000000    
   1528.2543932504427        0.00000000    
   1528.3976089184448        0.00000000    
   1528.5408245864469        0.00000000    
   1528.6840402544490        0.00000000    
   1528.8272559224511        0.00000000    
   1528.9704715904531        0.00000000    
   1529.1136872584552        0.00000000    
   1529.2569029264573        0.00000000    
   1529.4001185944594        0.00000000    
   1529.5433342624615        0.00000000    
   1529.6865499304636        0.00000000    
   1529.8297655984657        0.00000000    
   1529.9729812664677        0.00000000    
   1530.1161969344698        0.00000000    
   1530.2594126024719        0.00000000    
   1530.4026282704740        0.00000000    
   1530.5458439384761        0.00000000    
   1530.6890596064782        0.00000000    
   1530.8322752744803        0.00000000    
   1530.9754909424823        0.00000000    
   1531.1187066104844        0.00000000    
   1531.2619222784865        0.00000000    
   1531.4051379464886        0.00000000    
   1531.5483536144907        0.00000000    
   1531.6915692824928        0.00000000    
   1531.8347849504948        0.00000000    
   1531.9780006184969        0.00000000    
   1532.1212162864990        0.00000000    
   1532.2644319545011        0.00000000    
   1532.4076476225032        0.00000000    
   1532.5508632905053        0.00000000    
   1532.6940789585074        0.00000000    
   1532.8372946265094        0.00000000    
   1532.9805102945115        0.00000000    
   1533.1237259625136        0.00000000    
   1533.2669416305157        0.00000000    
   1533.4101572985178        0.00000000    
   1533.5533729665199        0.00000000    
   1533.6965886345220        0.00000000    
   1533.8398043025240        0.00000000    
   1533.9830199705261        0.00000000    
   1534.1262356385282        0.00000000    
   1534.2694513065303        0.00000000    
   1534.4126669745324        0.00000000    
   1534.5558826425345        0.00000000    
   1534.6990983105366        0.00000000    
   1534.8423139785386        0.00000000    
   1534.9855296465407        0.00000000    
   1535.1287453145428        0.00000000    
   1535.2719609825449        0.00000000    
   1535.4151766505470        0.00000000    
   1535.5583923185491        0.00000000    
   1535.7016079865512        0.00000000    
   1535.8448236545532        0.00000000    
   1535.9880393225553        0.00000000    
   1536.1312549905574        0.00000000    
   1536.2744706585595        0.00000000    
   1536.4176863265616        0.00000000    
   1536.5609019945637        0.00000000    
   1536.7041176625657        0.00000000    
   1536.8473333305678        0.00000000    
   1536.9905489985699        0.00000000    
   1537.1337646665720        0.00000000    
   1537.2769803345741        0.00000000    
   1537.4201960025762        0.00000000    
   1537.5634116705783        0.00000000    
   1537.7066273385803        0.00000000    
   1537.8498430065824        0.00000000    
   1537.9930586745845        0.00000000    
   1538.1362743425866        0.00000000    
   1538.2794900105887        0.00000000    
   1538.4227056785908        0.00000000    
   1538.5659213465929        0.00000000    
   1538.7091370145949        0.00000000    
   1538.8523526825970        0.00000000    
   1538.9955683505991        0.00000000    
   1539.1387840186012        0.00000000    
   1539.2819996866033        0.00000000    
   1539.4252153546054        0.00000000    
   1539.5684310226075        0.00000000    
   1539.7116466906095        0.00000000    
   1539.8548623586116        0.00000000    
   1539.9980780266137        0.00000000    
   1540.1412936946158        0.00000000    
   1540.2845093626179        0.00000000    
   1540.4277250306200        0.00000000    
   1540.5709406986221        0.00000000    
   1540.7141563666241        0.00000000    
   1540.8573720346262        0.00000000    
   1541.0005877026283        0.00000000    
   1541.1438033706304        0.00000000    
   1541.2870190386325        0.00000000    
   1541.4302347066346        0.00000000    
   1541.5734503746366        0.00000000    
   1541.7166660426387        0.00000000    
   1541.8598817106408        0.00000000    
   1542.0030973786429        0.00000000    
   1542.1463130466450        0.00000000    
   1542.2895287146471        0.00000000    
   1542.4327443826492        0.00000000    
   1542.5759600506512        0.00000000    
   1542.7191757186533        0.00000000    
   1542.8623913866554        0.00000000    
   1543.0056070546575        0.00000000    
   1543.1488227226596        0.00000000    
   1543.2920383906617        0.00000000    
   1543.4352540586638        0.00000000    
   1543.5784697266658        0.00000000    
   1543.7216853946679        0.00000000    
   1543.8649010626700        0.00000000    
   1544.0081167306721        0.00000000    
   1544.1513323986742        0.00000000    
   1544.2945480666763        0.00000000    
   1544.4377637346784        0.00000000    
   1544.5809794026804        0.00000000    
   1544.7241950706825        0.00000000    
   1544.8674107386846        0.00000000    
   1545.0106264066867        0.00000000    
   1545.1538420746888        0.00000000    
   1545.2970577426909        0.00000000    
   1545.4402734106930        0.00000000    
   1545.5834890786950        0.00000000    
   1545.7267047466971        0.00000000    
   1545.8699204146992        0.00000000    
   1546.0131360827013        0.00000000    
   1546.1563517507034        0.00000000    
   1546.2995674187055        0.00000000    
   1546.4427830867075        0.00000000    
   1546.5859987547096        0.00000000    
   1546.7292144227117        0.00000000    
   1546.8724300907138        0.00000000    
   1547.0156457587159        0.00000000    
   1547.1588614267180        0.00000000    
   1547.3020770947201        0.00000000    
   1547.4452927627221        0.00000000    
   1547.5885084307242        0.00000000    
   1547.7317240987263        0.00000000    
   1547.8749397667284        0.00000000    
   1548.0181554347305        0.00000000    
   1548.1613711027326        0.00000000    
   1548.3045867707347        0.00000000    
   1548.4478024387367        0.00000000    
   1548.5910181067388        0.00000000    
   1548.7342337747409        0.00000000    
   1548.8774494427430        0.00000000    
   1549.0206651107451        0.00000000    
   1549.1638807787472        0.00000000    
   1549.3070964467493        0.00000000    
   1549.4503121147513        0.00000000    
   1549.5935277827534        0.00000000    
   1549.7367434507555        0.00000000    
   1549.8799591187576        0.00000000    
   1550.0231747867597        0.00000000    
   1550.1663904547618        0.00000000    
   1550.3096061227639        0.00000000    
   1550.4528217907659        0.00000000    
   1550.5960374587680        0.00000000    
   1550.7392531267701        0.00000000    
   1550.8824687947722        0.00000000    
   1551.0256844627743        0.00000000    
   1551.1689001307764        0.00000000    
   1551.3121157987784        0.00000000    
   1551.4553314667805        0.00000000    
   1551.5985471347826        0.00000000    
   1551.7417628027847        0.00000000    
   1551.8849784707868        0.00000000    
   1552.0281941387889        0.00000000    
   1552.1714098067910        0.00000000    
   1552.3146254747930        0.00000000    
   1552.4578411427951        0.00000000    
   1552.6010568107972        0.00000000    
   1552.7442724787993        0.00000000    
   1552.8874881468014        0.00000000    
   1553.0307038148035        0.00000000    
   1553.1739194828056        0.00000000    
   1553.3171351508076        0.00000000    
   1553.4603508188097        0.00000000    
   1553.6035664868118        0.00000000    
   1553.7467821548139        0.00000000    
   1553.8899978228160        0.00000000    
   1554.0332134908181        0.00000000    
   1554.1764291588202        0.00000000    
   1554.3196448268222        0.00000000    
   1554.4628604948243        0.00000000    
   1554.6060761628264        0.00000000    
   1554.7492918308285        0.00000000    
   1554.8925074988306        0.00000000    
   1555.0357231668327        0.00000000    
   1555.1789388348348        0.00000000    
   1555.3221545028368        0.00000000    
   1555.4653701708389        0.00000000    
   1555.6085858388410        0.00000000    
   1555.7518015068431        0.00000000    
   1555.8950171748452        0.00000000    
   1556.0382328428473        0.00000000    
   1556.1814485108493        0.00000000    
   1556.3246641788514        0.00000000    
   1556.4678798468535        0.00000000    
   1556.6110955148556        0.00000000    
   1556.7543111828577        0.00000000    
   1556.8975268508598        0.00000000    
   1557.0407425188619        0.00000000    
   1557.1839581868639        0.00000000    
   1557.3271738548660        0.00000000    
   1557.4703895228681        0.00000000    
   1557.6136051908702        0.00000000    
   1557.7568208588723        0.00000000    
   1557.9000365268744        0.00000000    
   1558.0432521948765        0.00000000    
   1558.1864678628785        0.00000000    
   1558.3296835308806        0.00000000    
   1558.4728991988827        0.00000000    
   1558.6161148668848        0.00000000    
   1558.7593305348869        0.00000000    
   1558.9025462028890        0.00000000    
   1559.0457618708911        0.00000000    
   1559.1889775388931        0.00000000    
   1559.3321932068952        0.00000000    
   1559.4754088748973        0.00000000    
   1559.6186245428994        0.00000000    
   1559.7618402109015        0.00000000    
   1559.9050558789036        0.00000000    
   1560.0482715469057        0.00000000    
   1560.1914872149077        0.00000000    
   1560.3347028829098        0.00000000    
   1560.4779185509119        0.00000000    
   1560.6211342189140        0.00000000    
   1560.7643498869161        0.00000000    
   1560.9075655549182        0.00000000    
   1561.0507812229203        0.00000000    
   1561.1939968909223        0.00000000    
   1561.3372125589244        0.00000000    
   1561.4804282269265        0.00000000    
   1561.6236438949286        0.00000000    
   1561.7668595629307        0.00000000    
   1561.9100752309328        0.00000000    
   1562.0532908989348        0.00000000    
   1562.1965065669369        0.00000000    
   1562.3397222349390        0.00000000    
   1562.4829379029411        0.00000000    
   1562.6261535709432        0.00000000    
   1562.7693692389453        0.00000000    
   1562.9125849069474        0.00000000    
   1563.0558005749494        0.00000000    
   1563.1990162429515        0.00000000    
   1563.3422319109536        0.00000000    
   1563.4854475789557        0.00000000    
   1563.6286632469578        0.00000000    
   1563.7718789149599        0.00000000    
   1563.9150945829620        0.00000000    
   1564.0583102509640        0.00000000    
   1564.2015259189661        0.00000000    
   1564.3447415869682        0.00000000    
   1564.4879572549703        0.00000000    
   1564.6311729229724        0.00000000    
   1564.7743885909745        0.00000000    
   1564.9176042589766        0.00000000    
   1565.0608199269786        0.00000000    
   1565.2040355949807        0.00000000    
   1565.3472512629828        0.00000000    
   1565.4904669309849        0.00000000    
   1565.6336825989870        0.00000000    
   1565.7768982669891        0.00000000    
   1565.9201139349912        0.00000000    
   1566.0633296029932        0.00000000    
   1566.2065452709953        0.00000000    
   1566.3497609389974        0.00000000    
   1566.4929766069995        0.00000000    
   1566.6361922750016        0.00000000    
   1566.7794079430037        0.00000000    
   1566.9226236110057        0.00000000    
   1567.0658392790078        0.00000000    
   1567.2090549470099        0.00000000    
   1567.3522706150120        0.00000000    
   1567.4954862830141        0.00000000    
   1567.6387019510162        0.00000000    
   1567.7819176190183        0.00000000    
   1567.9251332870203        0.00000000    
   1568.0683489550224        0.00000000    
   1568.2115646230245        0.00000000    
   1568.3547802910266        0.00000000    
   1568.4979959590287        0.00000000    
   1568.6412116270308        0.00000000    
   1568.7844272950329        0.00000000    
   1568.9276429630349        0.00000000    
   1569.0708586310370        0.00000000    
   1569.2140742990391        0.00000000    
   1569.3572899670412        0.00000000    
   1569.5005056350433        0.00000000    
   1569.6437213030454        0.00000000    
   1569.7869369710475        0.00000000    
   1569.9301526390495        0.00000000    
   1570.0733683070516        0.00000000    
   1570.2165839750537        0.00000000    
   1570.3597996430558        0.00000000    
   1570.5030153110579        0.00000000    
   1570.6462309790600        0.00000000    
   1570.7894466470621        0.00000000    
   1570.9326623150641        0.00000000    
   1571.0758779830662        0.00000000    
   1571.2190936510683        0.00000000    
   1571.3623093190704        0.00000000    
   1571.5055249870725        0.00000000    
   1571.6487406550746        0.00000000    
   1571.7919563230766        0.00000000    
   1571.9351719910787        0.00000000    
   1572.0783876590808        0.00000000    
   1572.2216033270829        0.00000000    
   1572.3648189950850        0.00000000    
   1572.5080346630871        0.00000000    
   1572.6512503310892        0.00000000    
   1572.7944659990912        0.00000000    
   1572.9376816670933        0.00000000    
   1573.0808973350954        0.00000000    
   1573.2241130030975        0.00000000    
   1573.3673286710996        0.00000000    
   1573.5105443391017        0.00000000    
   1573.6537600071038        0.00000000    
   1573.7969756751058        0.00000000    
   1573.9401913431079        0.00000000    
   1574.0834070111100        0.00000000    
   1574.2266226791121        0.00000000    
   1574.3698383471142        0.00000000    
   1574.5130540151163        0.00000000    
   1574.6562696831184        0.00000000    
   1574.7994853511204        0.00000000    
   1574.9427010191225        0.00000000    
   1575.0859166871246        0.00000000    
   1575.2291323551267        0.00000000    
   1575.3723480231288        0.00000000    
   1575.5155636911309        0.00000000    
   1575.6587793591330        0.00000000    
   1575.8019950271350        0.00000000    
   1575.9452106951371        0.00000000    
   1576.0884263631392        0.00000000    
   1576.2316420311413        0.00000000    
   1576.3748576991434        0.00000000    
   1576.5180733671455        0.00000000    
   1576.6612890351475        0.00000000    
   1576.8045047031496        0.00000000    
   1576.9477203711517        0.00000000    
   1577.0909360391538        0.00000000    
   1577.2341517071559        0.00000000    
   1577.3773673751580        0.00000000    
   1577.5205830431601        0.00000000    
   1577.6637987111621        0.00000000    
   1577.8070143791642        0.00000000    
   1577.9502300471663        0.00000000    
   1578.0934457151684        0.00000000    
   1578.2366613831705        0.00000000    
   1578.3798770511726        0.00000000    
   1578.5230927191747        0.00000000    
   1578.6663083871767        0.00000000    
   1578.8095240551788        0.00000000    
   1578.9527397231809        0.00000000    
   1579.0959553911830        0.00000000    
   1579.2391710591851        0.00000000    
   1579.3823867271872        0.00000000    
   1579.5256023951893        0.00000000    
   1579.6688180631913        0.00000000    
   1579.8120337311934        0.00000000    
   1579.9552493991955        0.00000000    
   1580.0984650671976        0.00000000    
   1580.2416807351997        0.00000000    
   1580.3848964032018        0.00000000    
   1580.5281120712039        0.00000000    
   1580.6713277392059        0.00000000    
   1580.8145434072080        0.00000000    
   1580.9577590752101        0.00000000    
   1581.1009747432122        0.00000000    
   1581.2441904112143        0.00000000    
   1581.3874060792164        0.00000000    
   1581.5306217472184        0.00000000    
   1581.6738374152205        0.00000000    
   1581.8170530832226        0.00000000    
   1581.9602687512247        0.00000000    
   1582.1034844192268        0.00000000    
   1582.2467000872289        0.00000000    
   1582.3899157552310        0.00000000    
   1582.5331314232330        0.00000000    
   1582.6763470912351        0.00000000    
   1582.8195627592372        0.00000000    
   1582.9627784272393        0.00000000    
   1583.1059940952414        0.00000000    
   1583.2492097632435        0.00000000    
   1583.3924254312456        0.00000000    
   1583.5356410992476        0.00000000    
   1583.6788567672497        0.00000000    
   1583.8220724352518        0.00000000    
   1583.9652881032539        0.00000000    
   1584.1085037712560        0.00000000    
   1584.2517194392581        0.00000000    
   1584.3949351072602        0.00000000    
   1584.5381507752622        0.00000000    
   1584.6813664432643        0.00000000    
   1584.8245821112664        0.00000000    
   1584.9677977792685        0.00000000    
   1585.1110134472706        0.00000000    
   1585.2542291152727        0.00000000    
   1585.3974447832748        0.00000000    
   1585.5406604512768        0.00000000    
   1585.6838761192789        0.00000000    
   1585.8270917872810        0.00000000    
   1585.9703074552831        0.00000000    
   1586.1135231232852        0.00000000    
   1586.2567387912873        0.00000000    
   1586.3999544592893        0.00000000    
   1586.5431701272914        0.00000000    
   1586.6863857952935        0.00000000    
   1586.8296014632956        0.00000000    
   1586.9728171312977        0.00000000    
   1587.1160327992998        0.00000000    
   1587.2592484673019        0.00000000    
   1587.4024641353039        0.00000000    
   1587.5456798033060        0.00000000    
   1587.6888954713081        0.00000000    
   1587.8321111393102        0.00000000    
   1587.9753268073123        0.00000000    
   1588.1185424753144        0.00000000    
   1588.2617581433165        0.00000000    
   1588.4049738113185        0.00000000    
   1588.5481894793206        0.00000000    
   1588.6914051473227        0.00000000    
   1588.8346208153248        0.00000000    
   1588.9778364833269        0.00000000    
   1589.1210521513290        0.00000000    
   1589.2642678193311        0.00000000    
   1589.4074834873331        0.00000000    
   1589.5506991553352        0.00000000    
   1589.6939148233373        0.00000000    
   1589.8371304913394        0.00000000    
   1589.9803461593415        0.00000000    
   1590.1235618273436        0.00000000    
   1590.2667774953457        0.00000000    
   1590.4099931633477        0.00000000    
   1590.5532088313498        0.00000000    
   1590.6964244993519        0.00000000    
   1590.8396401673540        0.00000000    
   1590.9828558353561        0.00000000    
   1591.1260715033582        0.00000000    
   1591.2692871713602        0.00000000    
   1591.4125028393623        0.00000000    
   1591.5557185073644        0.00000000    
   1591.6989341753665        0.00000000    
   1591.8421498433686        0.00000000    
   1591.9853655113707        0.00000000    
   1592.1285811793728        0.00000000    
   1592.2717968473748        0.00000000    
   1592.4150125153769        0.00000000    
   1592.5582281833790        0.00000000    
   1592.7014438513811        0.00000000    
   1592.8446595193832        0.00000000    
   1592.9878751873853        0.00000000    
   1593.1310908553874        0.00000000    
   1593.2743065233894        0.00000000    
   1593.4175221913915        0.00000000    
   1593.5607378593936        0.00000000    
   1593.7039535273957        0.00000000    
   1593.8471691953978        0.00000000    
   1593.9903848633999        0.00000000    
   1594.1336005314020        0.00000000    
   1594.2768161994040        0.00000000    
   1594.4200318674061        0.00000000    
   1594.5632475354082        0.00000000    
   1594.7064632034103        0.00000000    
   1594.8496788714124        0.00000000    
   1594.9928945394145        0.00000000    
   1595.1361102074166        0.00000000    
   1595.2793258754186        0.00000000    
   1595.4225415434207        0.00000000    
   1595.5657572114228        0.00000000    
   1595.7089728794249        0.00000000    
   1595.8521885474270        0.00000000    
   1595.9954042154291        0.00000000    
   1596.1386198834311        0.00000000    
   1596.2818355514332        0.00000000    
   1596.4250512194353        0.00000000    
   1596.5682668874374        0.00000000    
   1596.7114825554395        0.00000000    
   1596.8546982234416        0.00000000    
   1596.9979138914437        0.00000000    
   1597.1411295594457        0.00000000    
   1597.2843452274478        0.00000000    
   1597.4275608954499        0.00000000    
   1597.5707765634520        0.00000000    
   1597.7139922314541        0.00000000    
   1597.8572078994562        0.00000000    
   1598.0004235674583        0.00000000    
   1598.1436392354603        0.00000000    
   1598.2868549034624        0.00000000    
   1598.4300705714645        0.00000000    
   1598.5732862394666        0.00000000    
   1598.7165019074687        0.00000000    
   1598.8597175754708        0.00000000    
   1599.0029332434729        0.00000000    
   1599.1461489114749        0.00000000    
   1599.2893645794770        0.00000000    
   1599.4325802474791        0.00000000    
   1599.5757959154812        0.00000000    
   1599.7190115834833        0.00000000    
   1599.8622272514854        0.00000000    
   1600.0054429194875        0.00000000    
   1600.1486585874895        0.00000000    
   1600.2918742554916        0.00000000    
   1600.4350899234937        0.00000000    
   1600.5783055914958        0.00000000    
   1600.7215212594979        0.00000000    
   1600.8647369275000        0.00000000    
   1601.0079525955020        0.00000000    
   1601.1511682635041        0.00000000    
   1601.2943839315062        0.00000000    
   1601.4375995995083        0.00000000    
   1601.5808152675104        0.00000000    
   1601.7240309355125        0.00000000    
   1601.8672466035146        0.00000000    
   1602.0104622715166        0.00000000    
   1602.1536779395187        0.00000000    
   1602.2968936075208        0.00000000    
   1602.4401092755229        0.00000000    
   1602.5833249435250        0.00000000    
   1602.7265406115271        0.00000000    
   1602.8697562795292        0.00000000    
   1603.0129719475312        0.00000000    
   1603.1561876155333        0.00000000    
   1603.2994032835354        0.00000000    
   1603.4426189515375        0.00000000    
   1603.5858346195396        0.00000000    
   1603.7290502875417        0.00000000    
   1603.8722659555438        0.00000000    
   1604.0154816235458        0.00000000    
   1604.1586972915479        0.00000000    
   1604.3019129595500        0.00000000    
   1604.4451286275521        0.00000000    
   1604.5883442955542        0.00000000    
   1604.7315599635563        0.00000000    
   1604.8747756315584        0.00000000    
   1605.0179912995604        0.00000000    
   1605.1612069675625        0.00000000    
   1605.3044226355646        0.00000000    
   1605.4476383035667        0.00000000    
   1605.5908539715688        0.00000000    
   1605.7340696395709        0.00000000    
   1605.8772853075729        0.00000000    
   1606.0205009755750        0.00000000    
   1606.1637166435771        0.00000000    
   1606.3069323115792        0.00000000    
   1606.4501479795813        0.00000000    
   1606.5933636475834        0.00000000    
   1606.7365793155855        0.00000000    
   1606.8797949835875        0.00000000    
   1607.0230106515896        0.00000000    
   1607.1662263195917        0.00000000    
   1607.3094419875938        0.00000000    
   1607.4526576555959        0.00000000    
   1607.5958733235980        0.00000000    
   1607.7390889916001        0.00000000    
   1607.8823046596021        0.00000000    
   1608.0255203276042        0.00000000    
   1608.1687359956063        0.00000000    
   1608.3119516636084        0.00000000    
   1608.4551673316105        0.00000000    
   1608.5983829996126        0.00000000    
   1608.7415986676147        0.00000000    
   1608.8848143356167        0.00000000    
   1609.0280300036188        0.00000000    
   1609.1712456716209        0.00000000    
   1609.3144613396230        0.00000000    
   1609.4576770076251        0.00000000    
   1609.6008926756272        0.00000000    
   1609.7441083436293        0.00000000    
   1609.8873240116313        0.00000000    
   1610.0305396796334        0.00000000    
   1610.1737553476355        0.00000000    
   1610.3169710156376        0.00000000    
   1610.4601866836397        0.00000000    
   1610.6034023516418        0.00000000    
   1610.7466180196438        0.00000000    
   1610.8898336876459        0.00000000    
   1611.0330493556480        0.00000000    
   1611.1762650236501        0.00000000    
   1611.3194806916522        0.00000000    
   1611.4626963596543        0.00000000    
   1611.6059120276564        0.00000000    
   1611.7491276956584        0.00000000    
   1611.8923433636605        0.00000000    
   1612.0355590316626        0.00000000    
   1612.1787746996647        0.00000000    
   1612.3219903676668        0.00000000    
   1612.4652060356689        0.00000000    
   1612.6084217036710        0.00000000    
   1612.7516373716730        0.00000000    
   1612.8948530396751        0.00000000    
   1613.0380687076772        0.00000000    
   1613.1812843756793        0.00000000    
   1613.3245000436814        0.00000000    
   1613.4677157116835        0.00000000    
   1613.6109313796856        0.00000000    
   1613.7541470476876        0.00000000    
   1613.8973627156897        0.00000000    
   1614.0405783836918        0.00000000    
   1614.1837940516939        0.00000000    
   1614.3270097196960        0.00000000    
   1614.4702253876981        0.00000000    
   1614.6134410557002        0.00000000    
   1614.7566567237022        0.00000000    
   1614.8998723917043        0.00000000    
   1615.0430880597064        0.00000000    
   1615.1863037277085        0.00000000    
   1615.3295193957106        0.00000000    
   1615.4727350637127        0.00000000    
   1615.6159507317147        0.00000000    
   1615.7591663997168        0.00000000    
   1615.9023820677189        0.00000000    
   1616.0455977357210        0.00000000    
   1616.1888134037231        0.00000000    
   1616.3320290717252        0.00000000    
   1616.4752447397273        0.00000000    
   1616.6184604077293        0.00000000    
   1616.7616760757314        0.00000000    
   1616.9048917437335        0.00000000    
   1617.0481074117356        0.00000000    
   1617.1913230797377        0.00000000    
   1617.3345387477398        0.00000000    
   1617.4777544157419        0.00000000    
   1617.6209700837439        0.00000000    
   1617.7641857517460        0.00000000    
   1617.9074014197481        0.00000000    
   1618.0506170877502        0.00000000    
   1618.1938327557523        0.00000000    
   1618.3370484237544        0.00000000    
   1618.4802640917565        0.00000000    
   1618.6234797597585        0.00000000    
   1618.7666954277606        0.00000000    
   1618.9099110957627        0.00000000    
   1619.0531267637648        0.00000000    
   1619.1963424317669        0.00000000    
   1619.3395580997690        0.00000000    
   1619.4827737677711        0.00000000    
   1619.6259894357731        0.00000000    
   1619.7692051037752        0.00000000    
   1619.9124207717773        0.00000000    
   1620.0556364397794        0.00000000    
   1620.1988521077815        0.00000000    
   1620.3420677757836        0.00000000    
   1620.4852834437856        0.00000000    
   1620.6284991117877        0.00000000    
   1620.7717147797898        0.00000000    
   1620.9149304477919        0.00000000    
   1621.0581461157940        0.00000000    
   1621.2013617837961        0.00000000    
   1621.3445774517982        0.00000000    
   1621.4877931198002        0.00000000    
   1621.6310087878023        0.00000000    
   1621.7742244558044        0.00000000    
   1621.9174401238065        0.00000000    
   1622.0606557918086        0.00000000    
   1622.2038714598107        0.00000000    
   1622.3470871278128        0.00000000    
   1622.4903027958148        0.00000000    
   1622.6335184638169        0.00000000    
   1622.7767341318190        0.00000000    
   1622.9199497998211        0.00000000    
   1623.0631654678232        0.00000000    
   1623.2063811358253        0.00000000    
   1623.3495968038274        0.00000000    
   1623.4928124718294        0.00000000    
   1623.6360281398315        0.00000000    
   1623.7792438078336        0.00000000    
   1623.9224594758357        0.00000000    
   1624.0656751438378        0.00000000    
   1624.2088908118399        0.00000000    
   1624.3521064798420        0.00000000    
   1624.4953221478440        0.00000000    
   1624.6385378158461        0.00000000    
   1624.7817534838482        0.00000000    
   1624.9249691518503        0.00000000    
   1625.0681848198524        0.00000000    
   1625.2114004878545        0.00000000    
   1625.3546161558565        0.00000000    
   1625.4978318238586        0.00000000    
   1625.6410474918607        0.00000000    
   1625.7842631598628        0.00000000    
   1625.9274788278649        0.00000000    
   1626.0706944958670        0.00000000    
   1626.2139101638691        0.00000000    
   1626.3571258318711        0.00000000    
   1626.5003414998732        0.00000000    
   1626.6435571678753        0.00000000    
   1626.7867728358774        0.00000000    
   1626.9299885038795        0.00000000    
   1627.0732041718816        0.00000000    
   1627.2164198398837        0.00000000    
   1627.3596355078857        0.00000000    
   1627.5028511758878        0.00000000    
   1627.6460668438899        0.00000000    
   1627.7892825118920        0.00000000    
   1627.9324981798941        0.00000000    
   1628.0757138478962        0.00000000    
   1628.2189295158983        0.00000000    
   1628.3621451839003        0.00000000    
   1628.5053608519024        0.00000000    
   1628.6485765199045        0.00000000    
   1628.7917921879066        0.00000000    
   1628.9350078559087        0.00000000    
   1629.0782235239108        0.00000000    
   1629.2214391919129        0.00000000    
   1629.3646548599149        0.00000000    
   1629.5078705279170        0.00000000    
   1629.6510861959191        0.00000000    
   1629.7943018639212        0.00000000    
   1629.9375175319233        0.00000000    
   1630.0807331999254        0.00000000    
   1630.2239488679274        0.00000000    
   1630.3671645359295        0.00000000    
   1630.5103802039316        0.00000000    
   1630.6535958719337        0.00000000    
   1630.7968115399358        0.00000000    
   1630.9400272079379        0.00000000    
   1631.0832428759400        0.00000000    
   1631.2264585439420        0.00000000    
   1631.3696742119441        0.00000000    
   1631.5128898799462        0.00000000    
   1631.6561055479483        0.00000000    
   1631.7993212159504        0.00000000    
   1631.9425368839525        0.00000000    
   1632.0857525519546        0.00000000    
   1632.2289682199566        0.00000000    
   1632.3721838879587        0.00000000    
   1632.5153995559608        0.00000000    
   1632.6586152239629        0.00000000    
   1632.8018308919650        0.00000000    
   1632.9450465599671        0.00000000    
   1633.0882622279692        0.00000000    
   1633.2314778959712        0.00000000    
   1633.3746935639733        0.00000000    
   1633.5179092319754        0.00000000    
   1633.6611248999775        0.00000000    
   1633.8043405679796        0.00000000    
   1633.9475562359817        0.00000000    
   1634.0907719039838        0.00000000    
   1634.2339875719858        0.00000000    
   1634.3772032399879        0.00000000    
   1634.5204189079900        0.00000000    
   1634.6636345759921        0.00000000    
   1634.8068502439942        0.00000000    
   1634.9500659119963        0.00000000    
   1635.0932815799983        0.00000000    
   1635.2364972480004        0.00000000    
   1635.3797129160025        0.00000000    
   1635.5229285840046        0.00000000    
   1635.6661442520067        0.00000000    
   1635.8093599200088        0.00000000    
   1635.9525755880109        0.00000000    
   1636.0957912560129        0.00000000    
   1636.2390069240150        0.00000000    
   1636.3822225920171        0.00000000    
   1636.5254382600192        0.00000000    
   1636.6686539280213        0.00000000    
   1636.8118695960234        0.00000000    
   1636.9550852640255        0.00000000    
   1637.0983009320275        0.00000000    
   1637.2415166000296        0.00000000    
   1637.3847322680317        0.00000000    
   1637.5279479360338        0.00000000    
   1637.6711636040359        0.00000000    
   1637.8143792720380        0.00000000    
   1637.9575949400401        0.00000000    
   1638.1008106080421        0.00000000    
   1638.2440262760442        0.00000000    
   1638.3872419440463        0.00000000    
   1638.5304576120484        0.00000000    
   1638.6736732800505        0.00000000    
   1638.8168889480526        0.00000000    
   1638.9601046160547        0.00000000    
   1639.1033202840567        0.00000000    
   1639.2465359520588        0.00000000    
   1639.3897516200609        0.00000000    
   1639.5329672880630        0.00000000    
   1639.6761829560651        0.00000000    
   1639.8193986240672        0.00000000    
   1639.9626142920692        0.00000000    
   1640.1058299600713        0.00000000    
   1640.2490456280734        0.00000000    
   1640.3922612960755        0.00000000    
   1640.5354769640776        0.00000000    
   1640.6786926320797        0.00000000    
   1640.8219083000818        0.00000000    
   1640.9651239680838        0.00000000    
   1641.1083396360859        0.00000000    
   1641.2515553040880        0.00000000    
   1641.3947709720901        0.00000000    
   1641.5379866400922        0.00000000    
   1641.6812023080943        0.00000000    
   1641.8244179760964        0.00000000    
   1641.9676336440984        0.00000000    
   1642.1108493121005        0.00000000    
   1642.2540649801026        0.00000000    
   1642.3972806481047        0.00000000    
   1642.5404963161068        0.00000000    
   1642.6837119841089        0.00000000    
   1642.8269276521110        0.00000000    
   1642.9701433201130        0.00000000    
   1643.1133589881151        0.00000000    
   1643.2565746561172        0.00000000    
   1643.3997903241193        0.00000000    
   1643.5430059921214        0.00000000    
   1643.6862216601235        0.00000000    
   1643.8294373281256        0.00000000    
   1643.9726529961276        0.00000000    
   1644.1158686641297        0.00000000    
   1644.2590843321318        0.00000000    
   1644.4023000001339        0.00000000    
   1644.5455156681360        0.00000000    
   1644.6887313361381        0.00000000    
   1644.8319470041401        0.00000000    
   1644.9751626721422        0.00000000    
   1645.1183783401443        0.00000000    
   1645.2615940081464        0.00000000    
   1645.4048096761485        0.00000000    
   1645.5480253441506        0.00000000    
   1645.6912410121527        0.00000000    
   1645.8344566801547        0.00000000    
   1645.9776723481568        0.00000000    
   1646.1208880161589        0.00000000    
   1646.2641036841610        0.00000000    
   1646.4073193521631        0.00000000    
   1646.5505350201652        0.00000000    
   1646.6937506881673        0.00000000    
   1646.8369663561693        0.00000000    
   1646.9801820241714        0.00000000    
   1647.1233976921735        0.00000000    
   1647.2666133601756        0.00000000    
   1647.4098290281777        0.00000000    
   1647.5530446961798        0.00000000    
   1647.6962603641819        0.00000000    
   1647.8394760321839        0.00000000    
   1647.9826917001860        0.00000000    
   1648.1259073681881        0.00000000    
   1648.2691230361902        0.00000000    
   1648.4123387041923        0.00000000    
   1648.5555543721944        0.00000000    
   1648.6987700401965        0.00000000    
   1648.8419857081985        0.00000000    
   1648.9852013762006        0.00000000    
   1649.1284170442027        0.00000000    
   1649.2716327122048        0.00000000    
   1649.4148483802069        0.00000000    
   1649.5580640482090        0.00000000    
   1649.7012797162110        0.00000000    
   1649.8444953842131        0.00000000    
   1649.9877110522152        0.00000000    
   1650.1309267202173        0.00000000    
   1650.2741423882194        0.00000000    
   1650.4173580562215        0.00000000    
   1650.5605737242236        0.00000000    
   1650.7037893922256        0.00000000    
   1650.8470050602277        0.00000000    
   1650.9902207282298        0.00000000    
   1651.1334363962319        0.00000000    
   1651.2766520642340        0.00000000    
   1651.4198677322361        0.00000000    
   1651.5630834002382        0.00000000    
   1651.7062990682402        0.00000000    
   1651.8495147362423        0.00000000    
   1651.9927304042444        0.00000000    
   1652.1359460722465        0.00000000    
   1652.2791617402486        0.00000000    
   1652.4223774082507        0.00000000    
   1652.5655930762528        0.00000000    
   1652.7088087442548        0.00000000    
   1652.8520244122569        0.00000000    
   1652.9952400802590        0.00000000    
   1653.1384557482611        0.00000000    
   1653.2816714162632        0.00000000    
   1653.4248870842653        0.00000000    
   1653.5681027522674        0.00000000    
   1653.7113184202694        0.00000000    
   1653.8545340882715        0.00000000    
   1653.9977497562736        0.00000000    
   1654.1409654242757        0.00000000    
   1654.2841810922778        0.00000000    
   1654.4273967602799        0.00000000    
   1654.5706124282819        0.00000000    
   1654.7138280962840        0.00000000    
   1654.8570437642861        0.00000000    
   1655.0002594322882        0.00000000    
   1655.1434751002903        0.00000000    
   1655.2866907682924        0.00000000    
   1655.4299064362945        0.00000000    
   1655.5731221042965        0.00000000    
   1655.7163377722986        0.00000000    
   1655.8595534403007        0.00000000    
   1656.0027691083028        0.00000000    
   1656.1459847763049        0.00000000    
   1656.2892004443070        0.00000000    
   1656.4324161123091        0.00000000    
   1656.5756317803111        0.00000000    
   1656.7188474483132        0.00000000    
   1656.8620631163153        0.00000000    
   1657.0052787843174        0.00000000    
   1657.1484944523195        0.00000000    
   1657.2917101203216        0.00000000    
   1657.4349257883237        0.00000000    
   1657.5781414563257        0.00000000    
   1657.7213571243278        0.00000000    
   1657.8645727923299        0.00000000    
   1658.0077884603320        0.00000000    
   1658.1510041283341        0.00000000    
   1658.2942197963362        0.00000000    
   1658.4374354643383        0.00000000    
   1658.5806511323403        0.00000000    
   1658.7238668003424        0.00000000    
   1658.8670824683445        0.00000000    
   1659.0102981363466        0.00000000    
   1659.1535138043487        0.00000000    
   1659.2967294723508        0.00000000    
   1659.4399451403528        0.00000000    
   1659.5831608083549        0.00000000    
   1659.7263764763570        0.00000000    
   1659.8695921443591        0.00000000    
   1660.0128078123612        0.00000000    
   1660.1560234803633        0.00000000    
   1660.2992391483654        0.00000000    
   1660.4424548163674        0.00000000    
   1660.5856704843695        0.00000000    
   1660.7288861523716        0.00000000    
   1660.8721018203737        0.00000000    
   1661.0153174883758        0.00000000    
   1661.1585331563779        0.00000000    
   1661.3017488243800        0.00000000    
   1661.4449644923820        0.00000000    
   1661.5881801603841        0.00000000    
   1661.7313958283862        0.00000000    
   1661.8746114963883        0.00000000    
   1662.0178271643904        0.00000000    
   1662.1610428323925        0.00000000    
   1662.3042585003946        0.00000000    
   1662.4474741683966        0.00000000    
   1662.5906898363987        0.00000000    
   1662.7339055044008        0.00000000    
   1662.8771211724029        0.00000000    
   1663.0203368404050        0.00000000    
   1663.1635525084071        0.00000000    
   1663.3067681764092        0.00000000    
   1663.4499838444112        0.00000000    
   1663.5931995124133        0.00000000    
   1663.7364151804154        0.00000000    
   1663.8796308484175        0.00000000    
   1664.0228465164196        0.00000000    
   1664.1660621844217        0.00000000    
   1664.3092778524237        0.00000000    
   1664.4524935204258        0.00000000    
   1664.5957091884279        0.00000000    
   1664.7389248564300        0.00000000    
   1664.8821405244321        0.00000000    
   1665.0253561924342        0.00000000    
   1665.1685718604363        0.00000000    
   1665.3117875284383        0.00000000    
   1665.4550031964404        0.00000000    
   1665.5982188644425        0.00000000    
   1665.7414345324446        0.00000000    
   1665.8846502004467        0.00000000    
   1666.0278658684488        0.00000000    
   1666.1710815364509        0.00000000    
   1666.3142972044529        0.00000000    
   1666.4575128724550        0.00000000    
   1666.6007285404571        0.00000000    
   1666.7439442084592        0.00000000    
   1666.8871598764613        0.00000000    
   1667.0303755444634        0.00000000    
   1667.1735912124655        0.00000000    
   1667.3168068804675        0.00000000    
   1667.4600225484696        0.00000000    
   1667.6032382164717        0.00000000    
   1667.7464538844738        0.00000000    
   1667.8896695524759        0.00000000    
   1668.0328852204780        0.00000000    
   1668.1761008884801        0.00000000    
   1668.3193165564821        0.00000000    
   1668.4625322244842        0.00000000    
   1668.6057478924863        0.00000000    
   1668.7489635604884        0.00000000    
   1668.8921792284905        0.00000000    
   1669.0353948964926        0.00000000    
   1669.1786105644946        0.00000000    
   1669.3218262324967        0.00000000    
   1669.4650419004988        0.00000000    
   1669.6082575685009        0.00000000    
   1669.7514732365030        0.00000000    
   1669.8946889045051        0.00000000    
   1670.0379045725072        0.00000000    
   1670.1811202405092        0.00000000    
   1670.3243359085113        0.00000000    
   1670.4675515765134        0.00000000    
   1670.6107672445155        0.00000000    
   1670.7539829125176        0.00000000    
   1670.8971985805197        0.00000000    
   1671.0404142485218        0.00000000    
   1671.1836299165238        0.00000000    
   1671.3268455845259        0.00000000    
   1671.4700612525280        0.00000000    
   1671.6132769205301        0.00000000    
   1671.7564925885322        0.00000000    
   1671.8997082565343        0.00000000    
   1672.0429239245364        0.00000000    
   1672.1861395925384        0.00000000    
   1672.3293552605405        0.00000000    
   1672.4725709285426        0.00000000    
   1672.6157865965447        0.00000000    
   1672.7590022645468        0.00000000    
   1672.9022179325489        0.00000000    
   1673.0454336005510        0.00000000    
   1673.1886492685530        0.00000000    
   1673.3318649365551        0.00000000    
   1673.4750806045572        0.00000000    
   1673.6182962725593        0.00000000    
   1673.7615119405614        0.00000000    
   1673.9047276085635        0.00000000    
   1674.0479432765655        0.00000000    
   1674.1911589445676        0.00000000    
   1674.3343746125697        0.00000000    
   1674.4775902805718        0.00000000    
   1674.6208059485739        0.00000000    
   1674.7640216165760        0.00000000    
   1674.9072372845781        0.00000000    
   1675.0504529525801        0.00000000    
   1675.1936686205822        0.00000000    
   1675.3368842885843        0.00000000    
   1675.4800999565864        0.00000000    
   1675.6233156245885        0.00000000    
   1675.7665312925906        0.00000000    
   1675.9097469605927        0.00000000    
   1676.0529626285947        0.00000000    
   1676.1961782965968        0.00000000    
   1676.3393939645989        0.00000000    
   1676.4826096326010        0.00000000    
   1676.6258253006031        0.00000000    
   1676.7690409686052        0.00000000    
   1676.9122566366073        0.00000000    
   1677.0554723046093        0.00000000    
   1677.1986879726114        0.00000000    
   1677.3419036406135        0.00000000    
   1677.4851193086156        0.00000000    
   1677.6283349766177        0.00000000    
   1677.7715506446198        0.00000000    
   1677.9147663126219        0.00000000    
   1678.0579819806239        0.00000000    
   1678.2011976486260        0.00000000    
   1678.3444133166281        0.00000000    
   1678.4876289846302        0.00000000    
   1678.6308446526323        0.00000000    
   1678.7740603206344        0.00000000    
   1678.9172759886364        0.00000000    
   1679.0604916566385        0.00000000    
   1679.2037073246406        0.00000000    
   1679.3469229926427        0.00000000    
   1679.4901386606448        0.00000000    
   1679.6333543286469        0.00000000    
   1679.7765699966490        0.00000000    
   1679.9197856646510        0.00000000    
   1680.0630013326531        0.00000000    
   1680.2062170006552        0.00000000    
   1680.3494326686573        0.00000000    
   1680.4926483366594        0.00000000    
   1680.6358640046615        0.00000000    
   1680.7790796726636        0.00000000    
   1680.9222953406656        0.00000000    
   1681.0655110086677        0.00000000    
   1681.2087266766698        0.00000000    
   1681.3519423446719        0.00000000    
   1681.4951580126740        0.00000000    
   1681.6383736806761        0.00000000    
   1681.7815893486782        0.00000000    
   1681.9248050166802        0.00000000    
   1682.0680206846823        0.00000000    
   1682.2112363526844        0.00000000    
   1682.3544520206865        0.00000000    
   1682.4976676886886        0.00000000    
   1682.6408833566907        0.00000000    
   1682.7840990246928        0.00000000    
   1682.9273146926948        0.00000000    
   1683.0705303606969        0.00000000    
   1683.2137460286990        0.00000000    
   1683.3569616967011        0.00000000    
   1683.5001773647032        0.00000000    
   1683.6433930327053        0.00000000    
   1683.7866087007073        0.00000000    
   1683.9298243687094        0.00000000    
   1684.0730400367115        0.00000000    
   1684.2162557047136        0.00000000    
   1684.3594713727157        0.00000000    
   1684.5026870407178        0.00000000    
   1684.6459027087199        0.00000000    
   1684.7891183767219        0.00000000    
   1684.9323340447240        0.00000000    
   1685.0755497127261        0.00000000    
   1685.2187653807282        0.00000000    
   1685.3619810487303        0.00000000    
   1685.5051967167324        0.00000000    
   1685.6484123847345        0.00000000    
   1685.7916280527365        0.00000000    
   1685.9348437207386        0.00000000    
   1686.0780593887407        0.00000000    
   1686.2212750567428        0.00000000    
   1686.3644907247449        0.00000000    
   1686.5077063927470        0.00000000    
   1686.6509220607491        0.00000000    
   1686.7941377287511        0.00000000    
   1686.9373533967532        0.00000000    
   1687.0805690647553        0.00000000    
   1687.2237847327574        0.00000000    
   1687.3670004007595        0.00000000    
   1687.5102160687616        0.00000000    
   1687.6534317367637        0.00000000    
   1687.7966474047657        0.00000000    
   1687.9398630727678        0.00000000    
   1688.0830787407699        0.00000000    
   1688.2262944087720        0.00000000    
   1688.3695100767741        0.00000000    
   1688.5127257447762        0.00000000    
   1688.6559414127782        0.00000000    
   1688.7991570807803        0.00000000    
   1688.9423727487824        0.00000000    
   1689.0855884167845        0.00000000    
   1689.2288040847866        0.00000000    
   1689.3720197527887        0.00000000    
   1689.5152354207908        0.00000000    
   1689.6584510887928        0.00000000    
   1689.8016667567949        0.00000000    
   1689.9448824247970        0.00000000    
   1690.0880980927991        0.00000000    
   1690.2313137608012        0.00000000    
   1690.3745294288033        0.00000000    
   1690.5177450968054        0.00000000    
   1690.6609607648074        0.00000000    
   1690.8041764328095        0.00000000    
   1690.9473921008116        0.00000000    
   1691.0906077688137        0.00000000    
   1691.2338234368158        0.00000000    
   1691.3770391048179        0.00000000    
   1691.5202547728200        0.00000000    
   1691.6634704408220        0.00000000    
   1691.8066861088241        0.00000000    
   1691.9499017768262        0.00000000    
   1692.0931174448283        0.00000000    
   1692.2363331128304        0.00000000    
   1692.3795487808325        0.00000000    
   1692.5227644488346        0.00000000    
   1692.6659801168366        0.00000000    
   1692.8091957848387        0.00000000    
   1692.9524114528408        0.00000000    
   1693.0956271208429        0.00000000    
   1693.2388427888450        0.00000000    
   1693.3820584568471        0.00000000    
   1693.5252741248491        0.00000000    
   1693.6684897928512        0.00000000    
   1693.8117054608533        0.00000000    
   1693.9549211288554        0.00000000    
   1694.0981367968575        0.00000000    
   1694.2413524648596        0.00000000    
   1694.3845681328617        0.00000000    
   1694.5277838008637        0.00000000    
   1694.6709994688658        0.00000000    
   1694.8142151368679        0.00000000    
   1694.9574308048700        0.00000000    
   1695.1006464728721        0.00000000    
   1695.2438621408742        0.00000000    
   1695.3870778088763        0.00000000    
   1695.5302934768783        0.00000000    
   1695.6735091448804        0.00000000    
   1695.8167248128825        0.00000000    
   1695.9599404808846        0.00000000    
   1696.1031561488867        0.00000000    
   1696.2463718168888        0.00000000    
   1696.3895874848909        0.00000000    
   1696.5328031528929        0.00000000    
   1696.6760188208950        0.00000000    
   1696.8192344888971        0.00000000    
   1696.9624501568992        0.00000000    
   1697.1056658249013        0.00000000    
   1697.2488814929034        0.00000000    
   1697.3920971609055        0.00000000    
   1697.5353128289075        0.00000000    
   1697.6785284969096        0.00000000    
   1697.8217441649117        0.00000000    
   1697.9649598329138        0.00000000    
   1698.1081755009159        0.00000000    
   1698.2513911689180        0.00000000    
   1698.3946068369200        0.00000000    
   1698.5378225049221        0.00000000    
   1698.6810381729242        0.00000000    
   1698.8242538409263        0.00000000    
   1698.9674695089284        0.00000000    
   1699.1106851769305        0.00000000    
   1699.2539008449326        0.00000000    
   1699.3971165129346        0.00000000    
   1699.5403321809367        0.00000000    
   1699.6835478489388        0.00000000    
   1699.8267635169409        0.00000000    
   1699.9699791849430        0.00000000    
   1700.1131948529451        0.00000000    
   1700.2564105209472        0.00000000    
   1700.3996261889492        0.00000000    
   1700.5428418569513        0.00000000    
   1700.6860575249534        0.00000000    
   1700.8292731929555        0.00000000    
   1700.9724888609576        0.00000000    
   1701.1157045289597        0.00000000    
   1701.2589201969618        0.00000000    
   1701.4021358649638        0.00000000    
   1701.5453515329659        0.00000000    
   1701.6885672009680        0.00000000    
   1701.8317828689701        0.00000000    
   1701.9749985369722        0.00000000    
   1702.1182142049743        0.00000000    
   1702.2614298729764        0.00000000    
   1702.4046455409784        0.00000000    
   1702.5478612089805        0.00000000    
   1702.6910768769826        0.00000000    
   1702.8342925449847        0.00000000    
   1702.9775082129868        0.00000000    
   1703.1207238809889        0.00000000    
   1703.2639395489909        0.00000000    
   1703.4071552169930        0.00000000    
   1703.5503708849951        0.00000000    
   1703.6935865529972        0.00000000    
   1703.8368022209993        0.00000000    
   1703.9800178890014        0.00000000    
   1704.1232335570035        0.00000000    
   1704.2664492250055        0.00000000    
   1704.4096648930076        0.00000000    
   1704.5528805610097        0.00000000    
   1704.6960962290118        0.00000000    
   1704.8393118970139        0.00000000    
   1704.9825275650160        0.00000000    
   1705.1257432330181        0.00000000    
   1705.2689589010201        0.00000000    
   1705.4121745690222        0.00000000    
   1705.5553902370243        0.00000000    
   1705.6986059050264        0.00000000    
   1705.8418215730285        0.00000000    
   1705.9850372410306        0.00000000    
   1706.1282529090327        0.00000000    
   1706.2714685770347        0.00000000    
   1706.4146842450368        0.00000000    
   1706.5578999130389        0.00000000    
   1706.7011155810410        0.00000000    
   1706.8443312490431        0.00000000    
   1706.9875469170452        0.00000000    
   1707.1307625850473        0.00000000    
   1707.2739782530493        0.00000000    
   1707.4171939210514        0.00000000    
   1707.5604095890535        0.00000000    
   1707.7036252570556        0.00000000    
   1707.8468409250577        0.00000000    
   1707.9900565930598        0.00000000    
   1708.1332722610618        0.00000000    
   1708.2764879290639        0.00000000    
   1708.4197035970660        0.00000000    
   1708.5629192650681        0.00000000    
   1708.7061349330702        0.00000000    
   1708.8493506010723        0.00000000    
   1708.9925662690744        0.00000000    
   1709.1357819370764        0.00000000    
   1709.2789976050785        0.00000000    
   1709.4222132730806        0.00000000    
   1709.5654289410827        0.00000000    
   1709.7086446090848        0.00000000    
   1709.8518602770869        0.00000000    
   1709.9950759450890        0.00000000    
   1710.1382916130910        0.00000000    
   1710.2815072810931        0.00000000    
   1710.4247229490952        0.00000000    
   1710.5679386170973        0.00000000    
   1710.7111542850994        0.00000000    
   1710.8543699531015        0.00000000    
   1710.9975856211036        0.00000000    
   1711.1408012891056        0.00000000    
   1711.2840169571077        0.00000000    
   1711.4272326251098        0.00000000    
   1711.5704482931119        0.00000000    
   1711.7136639611140        0.00000000    
   1711.8568796291161        0.00000000    
   1712.0000952971182        0.00000000    
   1712.1433109651202        0.00000000    
   1712.2865266331223        0.00000000    
   1712.4297423011244        0.00000000    
   1712.5729579691265        0.00000000    
   1712.7161736371286        0.00000000    
   1712.8593893051307        0.00000000    
   1713.0026049731327        0.00000000    
   1713.1458206411348        0.00000000    
   1713.2890363091369        0.00000000    
   1713.4322519771390        0.00000000    
   1713.5754676451411        0.00000000    
   1713.7186833131432        0.00000000    
   1713.8618989811453        0.00000000    
   1714.0051146491473        0.00000000    
   1714.1483303171494        0.00000000    
   1714.2915459851515        0.00000000    
   1714.4347616531536        0.00000000    
   1714.5779773211557        0.00000000    
   1714.7211929891578        0.00000000    
   1714.8644086571599        0.00000000    
   1715.0076243251619        0.00000000    
   1715.1508399931640        0.00000000    
   1715.2940556611661        0.00000000    
   1715.4372713291682        0.00000000    
   1715.5804869971703        0.00000000    
   1715.7237026651724        0.00000000    
   1715.8669183331745        0.00000000    
   1716.0101340011765        0.00000000    
   1716.1533496691786        0.00000000    
   1716.2965653371807        0.00000000    
   1716.4397810051828        0.00000000    
   1716.5829966731849        0.00000000    
   1716.7262123411870        0.00000000    
   1716.8694280091891        0.00000000    
   1717.0126436771911        0.00000000    
   1717.1558593451932        0.00000000    
   1717.2990750131953        0.00000000    
   1717.4422906811974        0.00000000    
   1717.5855063491995        0.00000000    
   1717.7287220172016        0.00000000    
   1717.8719376852036        0.00000000    
   1718.0151533532057        0.00000000    
   1718.1583690212078        0.00000000    
   1718.3015846892099        0.00000000    
   1718.4448003572120        0.00000000    
   1718.5880160252141        0.00000000    
   1718.7312316932162        0.00000000    
   1718.8744473612182        0.00000000    
   1719.0176630292203        0.00000000    
   1719.1608786972224        0.00000000    
   1719.3040943652245        0.00000000    
   1719.4473100332266        0.00000000    
   1719.5905257012287        0.00000000    
   1719.7337413692308        0.00000000    
   1719.8769570372328        0.00000000    
   1720.0201727052349        0.00000000    
   1720.1633883732370        0.00000000    
   1720.3066040412391        0.00000000    
   1720.4498197092412        0.00000000    
   1720.5930353772433        0.00000000    
   1720.7362510452454        0.00000000    
   1720.8794667132474        0.00000000    
   1721.0226823812495        0.00000000    
   1721.1658980492516        0.00000000    
   1721.3091137172537        0.00000000    
   1721.4523293852558        0.00000000    
   1721.5955450532579        0.00000000    
   1721.7387607212600        0.00000000    
   1721.8819763892620        0.00000000    
   1722.0251920572641        0.00000000    
   1722.1684077252662        0.00000000    
   1722.3116233932683        0.00000000    
   1722.4548390612704        0.00000000    
   1722.5980547292725        0.00000000    
   1722.7412703972745        0.00000000    
   1722.8844860652766        0.00000000    
   1723.0277017332787        0.00000000    
   1723.1709174012808        0.00000000    
   1723.3141330692829        0.00000000    
   1723.4573487372850        0.00000000    
   1723.6005644052871        0.00000000    
   1723.7437800732891        0.00000000    
   1723.8869957412912        0.00000000    
   1724.0302114092933        0.00000000    
   1724.1734270772954        0.00000000    
   1724.3166427452975        0.00000000    
   1724.4598584132996        0.00000000    
   1724.6030740813017        0.00000000    
   1724.7462897493037        0.00000000    
   1724.8895054173058        0.00000000    
   1725.0327210853079        0.00000000    
   1725.1759367533100        0.00000000    
   1725.3191524213121        0.00000000    
   1725.4623680893142        0.00000000    
   1725.6055837573163        0.00000000    
   1725.7487994253183        0.00000000    
   1725.8920150933204        0.00000000    
   1726.0352307613225        0.00000000    
   1726.1784464293246        0.00000000    
   1726.3216620973267        0.00000000    
   1726.4648777653288        0.00000000    
   1726.6080934333309        0.00000000    
   1726.7513091013329        0.00000000    
   1726.8945247693350        0.00000000    
   1727.0377404373371        0.00000000    
   1727.1809561053392        0.00000000    
   1727.3241717733413        0.00000000    
   1727.4673874413434        0.00000000    
   1727.6106031093454        0.00000000    
   1727.7538187773475        0.00000000    
   1727.8970344453496        0.00000000    
   1728.0402501133517        0.00000000    
   1728.1834657813538        0.00000000    
   1728.3266814493559        0.00000000    
   1728.4698971173580        0.00000000    
   1728.6131127853600        0.00000000    
   1728.7563284533621        0.00000000    
   1728.8995441213642        0.00000000    
   1729.0427597893663        0.00000000    
   1729.1859754573684        0.00000000    
   1729.3291911253705        0.00000000    
   1729.4724067933726        0.00000000    
   1729.6156224613746        0.00000000    
   1729.7588381293767        0.00000000    
   1729.9020537973788        0.00000000    
   1730.0452694653809        0.00000000    
   1730.1884851333830        0.00000000    
   1730.3317008013851        0.00000000    
   1730.4749164693872        0.00000000    
   1730.6181321373892        0.00000000    
   1730.7613478053913        0.00000000    
   1730.9045634733934        0.00000000    
   1731.0477791413955        0.00000000    
   1731.1909948093976        0.00000000    
   1731.3342104773997        0.00000000    
   1731.4774261454018        0.00000000    
   1731.6206418134038        0.00000000    
   1731.7638574814059        0.00000000    
   1731.9070731494080        0.00000000    
   1732.0502888174101        0.00000000    
   1732.1935044854122        0.00000000    
   1732.3367201534143        0.00000000    
   1732.4799358214163        0.00000000    
   1732.6231514894184        0.00000000    
   1732.7663671574205        0.00000000    
   1732.9095828254226        0.00000000    
   1733.0527984934247        0.00000000    
   1733.1960141614268        0.00000000    
   1733.3392298294289        0.00000000    
   1733.4824454974309        0.00000000    
   1733.6256611654330        0.00000000    
   1733.7688768334351        0.00000000    
   1733.9120925014372        0.00000000    
   1734.0553081694393        0.00000000    
   1734.1985238374414        0.00000000    
   1734.3417395054435        0.00000000    
   1734.4849551734455        0.00000000    
   1734.6281708414476        0.00000000    
   1734.7713865094497        0.00000000    
   1734.9146021774518        0.00000000    
   1735.0578178454539        0.00000000    
   1735.2010335134560        0.00000000    
   1735.3442491814581        0.00000000    
   1735.4874648494601        0.00000000    
   1735.6306805174622        0.00000000    
   1735.7738961854643        0.00000000    
   1735.9171118534664        0.00000000    
   1736.0603275214685        0.00000000    
   1736.2035431894706        0.00000000    
   1736.3467588574727        0.00000000    
   1736.4899745254747        0.00000000    
   1736.6331901934768        0.00000000    
   1736.7764058614789        0.00000000    
   1736.9196215294810        0.00000000    
   1737.0628371974831        0.00000000    
   1737.2060528654852        0.00000000    
   1737.3492685334872        0.00000000    
   1737.4924842014893        0.00000000    
   1737.6356998694914        0.00000000    
   1737.7789155374935        0.00000000    
   1737.9221312054956        0.00000000    
   1738.0653468734977        0.00000000    
   1738.2085625414998        0.00000000    
   1738.3517782095018        0.00000000    
   1738.4949938775039        0.00000000    
   1738.6382095455060        0.00000000    
   1738.7814252135081        0.00000000    
   1738.9246408815102        0.00000000    
   1739.0678565495123        0.00000000    
   1739.2110722175144        0.00000000    
   1739.3542878855164        0.00000000    
   1739.4975035535185        0.00000000    
   1739.6407192215206        0.00000000    
   1739.7839348895227        0.00000000    
   1739.9271505575248        0.00000000    
   1740.0703662255269        0.00000000    
   1740.2135818935290        0.00000000    
   1740.3567975615310        0.00000000    
   1740.5000132295331        0.00000000    
   1740.6432288975352        0.00000000    
   1740.7864445655373        0.00000000    
   1740.9296602335394        0.00000000    
   1741.0728759015415        0.00000000    
   1741.2160915695436        0.00000000    
   1741.3593072375456        0.00000000    
   1741.5025229055477        0.00000000    
   1741.6457385735498        0.00000000    
   1741.7889542415519        0.00000000    
   1741.9321699095540        0.00000000    
   1742.0753855775561        0.00000000    
   1742.2186012455581        0.00000000    
   1742.3618169135602        0.00000000    
   1742.5050325815623        0.00000000    
   1742.6482482495644        0.00000000    
   1742.7914639175665        0.00000000    
   1742.9346795855686        0.00000000    
   1743.0778952535707        0.00000000    
   1743.2211109215727        0.00000000    
   1743.3643265895748        0.00000000    
   1743.5075422575769        0.00000000    
   1743.6507579255790        0.00000000    
   1743.7939735935811        0.00000000    
   1743.9371892615832        0.00000000    
   1744.0804049295853        0.00000000    
   1744.2236205975873        0.00000000    
   1744.3668362655894        0.00000000    
   1744.5100519335915        0.00000000    
   1744.6532676015936        0.00000000    
   1744.7964832695957        0.00000000    
   1744.9396989375978        0.00000000    
   1745.0829146055999        0.00000000    
   1745.2261302736019        0.00000000    
   1745.3693459416040        0.00000000    
   1745.5125616096061        0.00000000    
   1745.6557772776082        0.00000000    
   1745.7989929456103        0.00000000    
   1745.9422086136124        0.00000000    
   1746.0854242816145        0.00000000    
   1746.2286399496165        0.00000000    
   1746.3718556176186        0.00000000    
   1746.5150712856207        0.00000000    
   1746.6582869536228        0.00000000    
   1746.8015026216249        0.00000000    
   1746.9447182896270        0.00000000    
   1747.0879339576290        0.00000000    
   1747.2311496256311        0.00000000    
   1747.3743652936332        0.00000000    
   1747.5175809616353        0.00000000    
   1747.6607966296374        0.00000000    
   1747.8040122976395        0.00000000    
   1747.9472279656416        0.00000000    
   1748.0904436336436        0.00000000    
   1748.2336593016457        0.00000000    
   1748.3768749696478        0.00000000    
   1748.5200906376499        0.00000000    
   1748.6633063056520        0.00000000    
   1748.8065219736541        0.00000000    
   1748.9497376416562        0.00000000    
   1749.0929533096582        0.00000000    
   1749.2361689776603        0.00000000    
   1749.3793846456624        0.00000000    
   1749.5226003136645        0.00000000    
   1749.6658159816666        0.00000000    
   1749.8090316496687        0.00000000    
   1749.9522473176708        0.00000000    
   1750.0954629856728        0.00000000    
   1750.2386786536749        0.00000000    
   1750.3818943216770        0.00000000    
   1750.5251099896791        0.00000000    
   1750.6683256576812        0.00000000    
   1750.8115413256833        0.00000000    
   1750.9547569936854        0.00000000    
   1751.0979726616874        0.00000000    
   1751.2411883296895        0.00000000    
   1751.3844039976916        0.00000000    
   1751.5276196656937        0.00000000    
   1751.6708353336958        0.00000000    
   1751.8140510016979        0.00000000    
   1751.9572666696999        0.00000000    
   1752.1004823377020        0.00000000    
   1752.2436980057041        0.00000000    
   1752.3869136737062        0.00000000    
   1752.5301293417083        0.00000000    
   1752.6733450097104        0.00000000    
   1752.8165606777125        0.00000000    
   1752.9597763457145        0.00000000    
   1753.1029920137166        0.00000000    
   1753.2462076817187        0.00000000    
   1753.3894233497208        0.00000000    
   1753.5326390177229        0.00000000    
   1753.6758546857250        0.00000000    
   1753.8190703537271        0.00000000    
   1753.9622860217291        0.00000000    
   1754.1055016897312        0.00000000    
   1754.2487173577333        0.00000000    
   1754.3919330257354        0.00000000    
   1754.5351486937375        0.00000000    
   1754.6783643617396        0.00000000    
   1754.8215800297417        0.00000000    
   1754.9647956977437        0.00000000    
   1755.1080113657458        0.00000000    
   1755.2512270337479        0.00000000    
   1755.3944427017500        0.00000000    
   1755.5376583697521        0.00000000    
   1755.6808740377542        0.00000000    
   1755.8240897057563        0.00000000    
   1755.9673053737583        0.00000000    
   1756.1105210417604        0.00000000    
   1756.2537367097625        0.00000000    
   1756.3969523777646        0.00000000    
   1756.5401680457667        0.00000000    
   1756.6833837137688        0.00000000    
   1756.8265993817708        0.00000000    
   1756.9698150497729        0.00000000    
   1757.1130307177750        0.00000000    
   1757.2562463857771        0.00000000    
   1757.3994620537792        0.00000000    
   1757.5426777217813        0.00000000    
   1757.6858933897834        0.00000000    
   1757.8291090577854        0.00000000    
   1757.9723247257875        0.00000000    
   1758.1155403937896        0.00000000    
   1758.2587560617917        0.00000000    
   1758.4019717297938        0.00000000    
   1758.5451873977959        0.00000000    
   1758.6884030657980        0.00000000    
   1758.8316187338000        0.00000000    
   1758.9748344018021        0.00000000    
   1759.1180500698042        0.00000000    
   1759.2612657378063        0.00000000    
   1759.4044814058084        0.00000000    
   1759.5476970738105        0.00000000    
   1759.6909127418126        0.00000000    
   1759.8341284098146        0.00000000    
   1759.9773440778167        0.00000000    
   1760.1205597458188        0.00000000    
   1760.2637754138209        0.00000000    
   1760.4069910818230        0.00000000    
   1760.5502067498251        0.00000000    
   1760.6934224178272        0.00000000    
   1760.8366380858292        0.00000000    
   1760.9798537538313        0.00000000    
   1761.1230694218334        0.00000000    
   1761.2662850898355        0.00000000    
   1761.4095007578376        0.00000000    
   1761.5527164258397        0.00000000    
   1761.6959320938417        0.00000000    
   1761.8391477618438        0.00000000    
   1761.9823634298459        0.00000000    
   1762.1255790978480        0.00000000    
   1762.2687947658501        0.00000000    
   1762.4120104338522        0.00000000    
   1762.5552261018543        0.00000000    
   1762.6984417698563        0.00000000    
   1762.8416574378584        0.00000000    
   1762.9848731058605        0.00000000    
   1763.1280887738626        0.00000000    
   1763.2713044418647        0.00000000    
   1763.4145201098668        0.00000000    
   1763.5577357778689        0.00000000    
   1763.7009514458709        0.00000000    
   1763.8441671138730        0.00000000    
   1763.9873827818751        0.00000000    
   1764.1305984498772        0.00000000    
   1764.2738141178793        0.00000000    
   1764.4170297858814        0.00000000    
   1764.5602454538835        0.00000000    
   1764.7034611218855        0.00000000    
   1764.8466767898876        0.00000000    
   1764.9898924578897        0.00000000    
   1765.1331081258918        0.00000000    
   1765.2763237938939        0.00000000    
   1765.4195394618960        0.00000000    
   1765.5627551298981        0.00000000    
   1765.7059707979001        0.00000000    
   1765.8491864659022        0.00000000    
   1765.9924021339043        0.00000000    
   1766.1356178019064        0.00000000    
   1766.2788334699085        0.00000000    
   1766.4220491379106        0.00000000    
   1766.5652648059126        0.00000000    
   1766.7084804739147        0.00000000    
   1766.8516961419168        0.00000000    
   1766.9949118099189        0.00000000    
   1767.1381274779210        0.00000000    
   1767.2813431459231        0.00000000    
   1767.4245588139252        0.00000000    
   1767.5677744819272        0.00000000    
   1767.7109901499293        0.00000000    
   1767.8542058179314        0.00000000    
   1767.9974214859335        0.00000000    
   1768.1406371539356        0.00000000    
   1768.2838528219377        0.00000000    
   1768.4270684899398        0.00000000    
   1768.5702841579418        0.00000000    
   1768.7134998259439        0.00000000    
   1768.8567154939460        0.00000000    
   1768.9999311619481        0.00000000    
   1769.1431468299502        0.00000000    
   1769.2863624979523        0.00000000    
   1769.4295781659544        0.00000000    
   1769.5727938339564        0.00000000    
   1769.7160095019585        0.00000000    
   1769.8592251699606        0.00000000    
   1770.0024408379627        0.00000000    
   1770.1456565059648        0.00000000    
   1770.2888721739669        0.00000000    
   1770.4320878419690        0.00000000    
   1770.5753035099710        0.00000000    
   1770.7185191779731        0.00000000    
   1770.8617348459752        0.00000000    
   1771.0049505139773        0.00000000    
   1771.1481661819794        0.00000000    
   1771.2913818499815        0.00000000    
   1771.4345975179835        0.00000000    
   1771.5778131859856        0.00000000    
   1771.7210288539877        0.00000000    
   1771.8642445219898        0.00000000    
   1772.0074601899919        0.00000000    
   1772.1506758579940        0.00000000    
   1772.2938915259961        0.00000000    
   1772.4371071939981        0.00000000    
   1772.5803228620002        0.00000000    
   1772.7235385300023        0.00000000    
   1772.8667541980044        0.00000000    
   1773.0099698660065        0.00000000    
   1773.1531855340086        0.00000000    
   1773.2964012020107        0.00000000    
   1773.4396168700127        0.00000000    
   1773.5828325380148        0.00000000    
   1773.7260482060169        0.00000000    
   1773.8692638740190        0.00000000    
   1774.0124795420211        0.00000000    
   1774.1556952100232        0.00000000    
   1774.2989108780253        0.00000000    
   1774.4421265460273        0.00000000    
   1774.5853422140294        0.00000000    
   1774.7285578820315        0.00000000    
   1774.8717735500336        0.00000000    
   1775.0149892180357        0.00000000    
   1775.1582048860378        0.00000000    
   1775.3014205540399        0.00000000    
   1775.4446362220419        0.00000000    
   1775.5878518900440        0.00000000    
   1775.7310675580461        0.00000000    
   1775.8742832260482        0.00000000    
   1776.0174988940503        0.00000000    
   1776.1607145620524        0.00000000    
   1776.3039302300544        0.00000000    
   1776.4471458980565        0.00000000    
   1776.5903615660586        0.00000000    
   1776.7335772340607        0.00000000    
   1776.8767929020628        0.00000000    
   1777.0200085700649        0.00000000    
   1777.1632242380670        0.00000000    
   1777.3064399060690        0.00000000    
   1777.4496555740711        0.00000000    
   1777.5928712420732        0.00000000    
   1777.7360869100753        0.00000000    
   1777.8793025780774        0.00000000    
   1778.0225182460795        0.00000000    
   1778.1657339140816        0.00000000    
   1778.3089495820836        0.00000000    
   1778.4521652500857        0.00000000    
   1778.5953809180878        0.00000000    
   1778.7385965860899        0.00000000    
   1778.8818122540920        0.00000000    
   1779.0250279220941        0.00000000    
   1779.1682435900962        0.00000000    
   1779.3114592580982        0.00000000    
   1779.4546749261003        0.00000000    
   1779.5978905941024        0.00000000    
   1779.7411062621045        0.00000000    
   1779.8843219301066        0.00000000    
   1780.0275375981087        0.00000000    
   1780.1707532661108        0.00000000    
   1780.3139689341128        0.00000000    
   1780.4571846021149        0.00000000    
   1780.6004002701170        0.00000000    
   1780.7436159381191        0.00000000    
   1780.8868316061212        0.00000000    
   1781.0300472741233        0.00000000    
   1781.1732629421253        0.00000000    
   1781.3164786101274        0.00000000    
   1781.4596942781295        0.00000000    
   1781.6029099461316        0.00000000    
   1781.7461256141337        0.00000000    
   1781.8893412821358        0.00000000    
   1782.0325569501379        0.00000000    
   1782.1757726181399        0.00000000    
   1782.3189882861420        0.00000000    
   1782.4622039541441        0.00000000    
   1782.6054196221462        0.00000000    
   1782.7486352901483        0.00000000    
   1782.8918509581504        0.00000000    
   1783.0350666261525        0.00000000    
   1783.1782822941545        0.00000000    
   1783.3214979621566        0.00000000    
   1783.4647136301587        0.00000000    
   1783.6079292981608        0.00000000    
   1783.7511449661629        0.00000000    
   1783.8943606341650        0.00000000    
   1784.0375763021671        0.00000000    
   1784.1807919701691        0.00000000    
   1784.3240076381712        0.00000000    
   1784.4672233061733        0.00000000    
   1784.6104389741754        0.00000000    
   1784.7536546421775        0.00000000    
   1784.8968703101796        0.00000000    
   1785.0400859781817        0.00000000    
   1785.1833016461837        0.00000000    
   1785.3265173141858        0.00000000    
   1785.4697329821879        0.00000000    
   1785.6129486501900        0.00000000    
   1785.7561643181921        0.00000000    
   1785.8993799861942        0.00000000    
   1786.0425956541962        0.00000000    
   1786.1858113221983        0.00000000    
   1786.3290269902004        0.00000000    
   1786.4722426582025        0.00000000    
   1786.6154583262046        0.00000000    
   1786.7586739942067        0.00000000    
   1786.9018896622088        0.00000000    
   1787.0451053302108        0.00000000    
   1787.1883209982129        0.00000000    
   1787.3315366662150        0.00000000    
   1787.4747523342171        0.00000000    
   1787.6179680022192        0.00000000    
   1787.7611836702213        0.00000000    
   1787.9043993382234        0.00000000    
   1788.0476150062254        0.00000000    
   1788.1908306742275        0.00000000    
   1788.3340463422296        0.00000000    
   1788.4772620102317        0.00000000    
   1788.6204776782338        0.00000000    
   1788.7636933462359        0.00000000    
   1788.9069090142380        0.00000000    
   1789.0501246822400        0.00000000    
   1789.1933403502421        0.00000000    
   1789.3365560182442        0.00000000    
   1789.4797716862463        0.00000000    
   1789.6229873542484        0.00000000    
   1789.7662030222505        0.00000000    
   1789.9094186902526        0.00000000    
   1790.0526343582546        0.00000000    
   1790.1958500262567        0.00000000    
   1790.3390656942588        0.00000000    
   1790.4822813622609        0.00000000    
   1790.6254970302630        0.00000000    
   1790.7687126982651        0.00000000    
   1790.9119283662671        0.00000000    
   1791.0551440342692        0.00000000    
   1791.1983597022713        0.00000000    
   1791.3415753702734        0.00000000    
   1791.4847910382755        0.00000000    
   1791.6280067062776        0.00000000    
   1791.7712223742797        0.00000000    
   1791.9144380422817        0.00000000    
   1792.0576537102838        0.00000000    
   1792.2008693782859        0.00000000    
   1792.3440850462880        0.00000000    
   1792.4873007142901        0.00000000    
   1792.6305163822922        0.00000000    
   1792.7737320502943        0.00000000    
   1792.9169477182963        0.00000000    
   1793.0601633862984        0.00000000    
   1793.2033790543005        0.00000000    
   1793.3465947223026        0.00000000    
   1793.4898103903047        0.00000000    
   1793.6330260583068        0.00000000    
   1793.7762417263089        0.00000000    
   1793.9194573943109        0.00000000    
   1794.0626730623130        0.00000000    
   1794.2058887303151        0.00000000    
   1794.3491043983172        0.00000000    
   1794.4923200663193        0.00000000    
   1794.6355357343214        0.00000000    
   1794.7787514023235        0.00000000    
   1794.9219670703255        0.00000000    
   1795.0651827383276        0.00000000    
   1795.2083984063297        0.00000000    
   1795.3516140743318        0.00000000    
   1795.4948297423339        0.00000000    
   1795.6380454103360        0.00000000    
   1795.7812610783380        0.00000000    
   1795.9244767463401        0.00000000    
   1796.0676924143422        0.00000000    
   1796.2109080823443        0.00000000    
   1796.3541237503464        0.00000000    
   1796.4973394183485        0.00000000    
   1796.6405550863506        0.00000000    
   1796.7837707543526        0.00000000    
   1796.9269864223547        0.00000000    
   1797.0702020903568        0.00000000    
   1797.2134177583589        0.00000000    
   1797.3566334263610        0.00000000    
   1797.4998490943631        0.00000000    
   1797.6430647623652        0.00000000    
   1797.7862804303672        0.00000000    
   1797.9294960983693        0.00000000    
   1798.0727117663714        0.00000000    
   1798.2159274343735        0.00000000    
   1798.3591431023756        0.00000000    
   1798.5023587703777        0.00000000    
   1798.6455744383798        0.00000000    
   1798.7887901063818        0.00000000    
   1798.9320057743839        0.00000000    
   1799.0752214423860        0.00000000    
   1799.2184371103881        0.00000000    
   1799.3616527783902        0.00000000    
   1799.5048684463923        0.00000000    
   1799.6480841143944        0.00000000    
   1799.7912997823964        0.00000000    
   1799.9345154503985        0.00000000    
   1800.0777311184006        0.00000000    
