   0.0000000000000000        0.00000000    
  0.14321566800212829        0.00000000    
  0.28643133600425658        0.00000000    
  0.42964700400638489        0.00000000    
  0.57286267200851315        0.00000000    
  0.71607834001064141        0.00000000    
  0.85929400801276967        0.00000000    
   1.0025096760148979        0.00000000    
   1.1457253440170263        0.00000000    
   1.2889410120191547        0.00000000    
   1.4321566800212830        0.00000000    
   1.5753723480234114        0.00000000    
   1.7185880160255398        0.00000000    
   1.8618036840276682        0.00000000    
   2.0050193520297963        0.00000000    
   2.1482350200319247        0.00000000    
   2.2914506880340531        0.00000000    
   2.4346663560361814        0.00000000    
   2.5778820240383098        0.00000000    
   2.7210976920404382        0.00000000    
   2.8643133600425665        0.00000000    
   3.0075290280446949        0.00000000    
   3.1507446960468233        0.00000000    
   3.2939603640489517        0.00000000    
   3.4371760320510800        0.00000000    
   3.5803917000532084        0.00000000    
   3.7236073680553368        0.00000000    
   3.8668230360574651        0.00000000    
   4.0100387040595935        0.00000000    
   4.1532543720617214        0.00000000    
   4.2964700400638494        0.00000000    
   4.4396857080659773        0.00000000    
   4.5829013760681052        0.00000000    
   4.7261170440702331        0.00000000    
   4.8693327120723611        0.00000000    
   5.0125483800744890        0.00000000    
   5.1557640480766169        0.00000000    
   5.2989797160787449        0.00000000    
   5.4421953840808728        0.00000000    
   5.5854110520830007        0.00000000    
   5.7286267200851286        0.00000000    
   5.8718423880872566        0.00000000    
   6.0150580560893845        0.00000000    
   6.1582737240915124        0.00000000    
   6.3014893920936403        0.00000000    
   6.4447050600957683        0.00000000    
   6.5879207280978962        0.00000000    
   6.7311363961000241        0.00000000    
   6.8743520641021520        0.00000000    
   7.0175677321042800        0.00000000    
   7.1607834001064079        0.00000000    
   7.3039990681085358        0.00000000    
   7.4472147361106638        0.00000000    
   7.5904304041127917        0.00000000    
   7.7336460721149196        0.00000000    
   7.8768617401170475        0.00000000    
   8.0200774081191764        0.00000000    
   8.1632930761213043        0.00000000    
   8.3065087441234322        0.00000000    
   8.4497244121255601        0.00000000    
   8.5929400801276881        0.00000000    
   8.7361557481298160        0.00000000    
   8.8793714161319439        0.00000000    
   9.0225870841340718        0.00000000    
   9.1658027521361998        0.00000000    
   9.3090184201383277        0.00000000    
   9.4522340881404556        0.00000000    
   9.5954497561425836        0.00000000    
   9.7386654241447115        0.00000000    
   9.8818810921468394        0.00000000    
   10.025096760148967        0.00000000    
   10.168312428151095        0.00000000    
   10.311528096153223        0.00000000    
   10.454743764155351        0.00000000    
   10.597959432157479        0.00000000    
   10.741175100159607        0.00000000    
   10.884390768161735        0.00000000    
   11.027606436163863        0.00000000    
   11.170822104165991        0.00000000    
   11.314037772168119        0.00000000    
   11.457253440170247        0.00000000    
   11.600469108172375        0.00000000    
   11.743684776174502        0.00000000    
   11.886900444176630        0.00000000    
   12.030116112178758        0.00000000    
   12.173331780180886        0.00000000    
   12.316547448183014        0.00000000    
   12.459763116185142        0.00000000    
   12.602978784187270        0.00000000    
   12.746194452189398        0.00000000    
   12.889410120191526        0.00000000    
   13.032625788193654        0.00000000    
   13.175841456195782        0.00000000    
   13.319057124197910        0.00000000    
   13.462272792200038        0.00000000    
   13.605488460202166        0.00000000    
   13.748704128204293        0.00000000    
   13.891919796206421        0.00000000    
   14.035135464208549        0.00000000    
   14.178351132210677        0.00000000    
   14.321566800212805        0.00000000    
   14.464782468214933        0.00000000    
   14.607998136217061        0.00000000    
   14.751213804219189        0.00000000    
   14.894429472221317        0.00000000    
   15.037645140223445        0.00000000    
   15.180860808225573        0.00000000    
   15.324076476227701        0.00000000    
   15.467292144229829        0.00000000    
   15.610507812231956        0.00000000    
   15.753723480234084        0.00000000    
   15.896939148236212        0.00000000    
   16.040154816238342        0.00000000    
   16.183370484240470        0.00000000    
   16.326586152242598        0.00000000    
   16.469801820244726        0.00000000    
   16.613017488246854        0.00000000    
   16.756233156248982        0.00000000    
   16.899448824251110        0.00000000    
   17.042664492253238        0.00000000    
   17.185880160255365        0.00000000    
   17.329095828257493        0.00000000    
   17.472311496259621        0.00000000    
   17.615527164261749        0.00000000    
   17.758742832263877        0.00000000    
   17.901958500266005        0.00000000    
   18.045174168268133        0.00000000    
   18.188389836270261        0.00000000    
   18.331605504272389        0.00000000    
   18.474821172274517        0.00000000    
   18.618036840276645        0.00000000    
   18.761252508278773        0.00000000    
   18.904468176280901        0.00000000    
   19.047683844283029        0.00000000    
   19.190899512285156        0.00000000    
   19.334115180287284        0.00000000    
   19.477330848289412        0.00000000    
   19.620546516291540        0.00000000    
   19.763762184293668        0.00000000    
   19.906977852295796        0.00000000    
   20.050193520297924        0.00000000    
   20.193409188300052        0.00000000    
   20.336624856302180        0.00000000    
   20.479840524304308        0.00000000    
   20.623056192306436        0.00000000    
   20.766271860308564        0.00000000    
   20.909487528310692        0.00000000    
   21.052703196312820        0.00000000    
   21.195918864314947        0.00000000    
   21.339134532317075        0.00000000    
   21.482350200319203        0.00000000    
   21.625565868321331        0.00000000    
   21.768781536323459        0.00000000    
   21.911997204325587        0.00000000    
   22.055212872327715        0.00000000    
   22.198428540329843        0.00000000    
   22.341644208331971        0.00000000    
   22.484859876334099        0.00000000    
   22.628075544336227        0.00000000    
   22.771291212338355        0.00000000    
   22.914506880340483        0.00000000    
   23.057722548342610        0.00000000    
   23.200938216344738        0.00000000    
   23.344153884346866        0.00000000    
   23.487369552348994        0.00000000    
   23.630585220351122        0.00000000    
   23.773800888353250        0.00000000    
   23.917016556355378        0.00000000    
   24.060232224357506        0.00000000    
   24.203447892359634        0.00000000    
   24.346663560361762        0.00000000    
   24.489879228363890        0.00000000    
   24.633094896366018        0.00000000    
   24.776310564368146        0.00000000    
   24.919526232370274        0.00000000    
   25.062741900372401        0.00000000    
   25.205957568374529        0.00000000    
   25.349173236376657        0.00000000    
   25.492388904378785        0.00000000    
   25.635604572380913        0.00000000    
   25.778820240383041        0.00000000    
   25.922035908385169        0.00000000    
   26.065251576387297        0.00000000    
   26.208467244389425        0.00000000    
   26.351682912391553        0.00000000    
   26.494898580393681        0.00000000    
   26.638114248395809        0.00000000    
   26.781329916397937        0.00000000    
   26.924545584400065        0.00000000    
   27.067761252402192        0.00000000    
   27.210976920404320        0.00000000    
   27.354192588406448        0.00000000    
   27.497408256408576        0.00000000    
   27.640623924410704        0.00000000    
   27.783839592412832        0.00000000    
   27.927055260414960        0.00000000    
   28.070270928417088        0.00000000    
   28.213486596419216        0.00000000    
   28.356702264421344        0.00000000    
   28.499917932423472        0.00000000    
   28.643133600425600        0.00000000    
   28.786349268427728        0.00000000    
   28.929564936429855        0.00000000    
   29.072780604431983        0.00000000    
   29.215996272434111        0.00000000    
   29.359211940436239        0.00000000    
   29.502427608438367        0.00000000    
   29.645643276440495        0.00000000    
   29.788858944442623        0.00000000    
   29.932074612444751        0.00000000    
   30.075290280446879        0.00000000    
   30.218505948449007        0.00000000    
   30.361721616451135        0.00000000    
   30.504937284453263        0.00000000    
   30.648152952455391        0.00000000    
   30.791368620457519        0.00000000    
   30.934584288459646        0.00000000    
   31.077799956461774        0.00000000    
   31.221015624463902        0.00000000    
   31.364231292466030        0.00000000    
   31.507446960468158        0.00000000    
   31.650662628470286        0.00000000    
   31.793878296472414        0.00000000    
   31.937093964474542        0.00000000    
   32.080309632476670        0.00000000    
   32.223525300478798        0.00000000    
   32.366740968480926        0.00000000    
   32.509956636483054        0.00000000    
   32.653172304485182        0.00000000    
   32.796387972487310        0.00000000    
   32.939603640489437        0.00000000    
   33.082819308491565        0.00000000    
   33.226034976493693        0.00000000    
   33.369250644495821        0.00000000    
   33.512466312497949        0.00000000    
   33.655681980500077        0.00000000    
   33.798897648502205        0.00000000    
   33.942113316504333        0.00000000    
   34.085328984506461        0.00000000    
   34.228544652508589        0.00000000    
   34.371760320510717        0.00000000    
   34.514975988512845        0.00000000    
   34.658191656514973        0.00000000    
   34.801407324517101        0.00000000    
   34.944622992519228        0.00000000    
   35.087838660521356        0.00000000    
   35.231054328523484        0.00000000    
   35.374269996525612        0.00000000    
   35.517485664527740        0.00000000    
   35.660701332529868        0.00000000    
   35.803917000531996        0.00000000    
   35.947132668534124        0.00000000    
   36.090348336536252        0.00000000    
   36.233564004538380        0.00000000    
   36.376779672540508        0.00000000    
   36.519995340542636        0.00000000    
   36.663211008544764        0.00000000    
   36.806426676546891        0.00000000    
   36.949642344549019        0.00000000    
   37.092858012551147        0.00000000    
   37.236073680553275        0.00000000    
   37.379289348555403        0.00000000    
   37.522505016557531        0.00000000    
   37.665720684559659        0.00000000    
   37.808936352561787        0.00000000    
   37.952152020563915        0.00000000    
   38.095367688566043        0.00000000    
   38.238583356568171        0.00000000    
   38.381799024570299        0.00000000    
   38.525014692572427        0.00000000    
   38.668230360574555        0.00000000    
   38.811446028576682        0.00000000    
   38.954661696578810        0.00000000    
   39.097877364580938        0.00000000    
   39.241093032583066        0.00000000    
   39.384308700585194        0.00000000    
   39.527524368587322        0.00000000    
   39.670740036589450        0.00000000    
   39.813955704591578        0.00000000    
   39.957171372593706        0.00000000    
   40.100387040595834        0.00000000    
   40.243602708597962        0.00000000    
   40.386818376600090        0.00000000    
   40.530034044602218        0.00000000    
   40.673249712604346        0.00000000    
   40.816465380606473        0.00000000    
   40.959681048608601        0.00000000    
   41.102896716610729        0.00000000    
   41.246112384612857        0.00000000    
   41.389328052614985        0.00000000    
   41.532543720617113        0.00000000    
   41.675759388619241        0.00000000    
   41.818975056621369        0.00000000    
   41.962190724623497        0.00000000    
   42.105406392625625        0.00000000    
   42.248622060627753        0.00000000    
   42.391837728629881        0.00000000    
   42.535053396632009        0.00000000    
   42.678269064634136        0.00000000    
   42.821484732636264        0.00000000    
   42.964700400638392        0.00000000    
   43.107916068640520        0.00000000    
   43.251131736642648        0.00000000    
   43.394347404644776        0.00000000    
   43.537563072646904        0.00000000    
   43.680778740649032        0.00000000    
   43.823994408651160        0.00000000    
   43.967210076653288        0.00000000    
   44.110425744655416        0.00000000    
   44.253641412657544        0.00000000    
   44.396857080659672        0.00000000    
   44.540072748661800        0.00000000    
   44.683288416663927        0.00000000    
   44.826504084666055        0.00000000    
   44.969719752668183        0.00000000    
   45.112935420670311        0.00000000    
   45.256151088672439        0.00000000    
   45.399366756674567        0.00000000    
   45.542582424676695        0.00000000    
   45.685798092678823        0.00000000    
   45.829013760680951        0.00000000    
   45.972229428683079        0.00000000    
   46.115445096685207        0.00000000    
   46.258660764687335        0.00000000    
   46.401876432689463        0.00000000    
   46.545092100691591        0.00000000    
   46.688307768693718        0.00000000    
   46.831523436695846        0.00000000    
   46.974739104697974        0.00000000    
   47.117954772700102        0.00000000    
   47.261170440702230        0.00000000    
   47.404386108704358        0.00000000    
   47.547601776706486        0.00000000    
   47.690817444708614        0.00000000    
   47.834033112710742        0.00000000    
   47.977248780712870        0.00000000    
   48.120464448714998        0.00000000    
   48.263680116717126        0.00000000    
   48.406895784719254        0.00000000    
   48.550111452721382        0.00000000    
   48.693327120723509        0.00000000    
   48.836542788725637        0.00000000    
   48.979758456727765        0.00000000    
   49.122974124729893        0.00000000    
   49.266189792732021        0.00000000    
   49.409405460734149        0.00000000    
   49.552621128736277        0.00000000    
   49.695836796738405        0.00000000    
   49.839052464740533        0.00000000    
   49.982268132742661        0.00000000    
   50.125483800744789        0.00000000    
   50.268699468746917        0.00000000    
   50.411915136749045        0.00000000    
   50.555130804751172        0.00000000    
   50.698346472753300        0.00000000    
   50.841562140755428        0.00000000    
   50.984777808757556        0.00000000    
   51.127993476759684        0.00000000    
   51.271209144761812        0.00000000    
   51.414424812763940        0.00000000    
   51.557640480766068        0.00000000    
   51.700856148768196        0.00000000    
   51.844071816770324        0.00000000    
   51.987287484772452        0.00000000    
   52.130503152774580        0.00000000    
   52.273718820776708        0.00000000    
   52.416934488778836        0.00000000    
   52.560150156780963        0.00000000    
   52.703365824783091        0.00000000    
   52.846581492785219        0.00000000    
   52.989797160787347        0.00000000    
   53.133012828789475        0.00000000    
   53.276228496791603        0.00000000    
   53.419444164793731        0.00000000    
   53.562659832795859        0.00000000    
   53.705875500797987        0.00000000    
   53.849091168800115        0.00000000    
   53.992306836802243        0.00000000    
   54.135522504804371        0.00000000    
   54.278738172806499        0.00000000    
   54.421953840808627        0.00000000    
   54.565169508810754        0.00000000    
   54.708385176812882        0.00000000    
   54.851600844815010        0.00000000    
   54.994816512817138        0.00000000    
   55.138032180819266        0.00000000    
   55.281247848821394        0.00000000    
   55.424463516823522        0.00000000    
   55.567679184825650        0.00000000    
   55.710894852827778        0.00000000    
   55.854110520829906        0.00000000    
   55.997326188832034        0.00000000    
   56.140541856834162        0.00000000    
   56.283757524836290        0.00000000    
   56.426973192838418        0.00000000    
   56.570188860840545        0.00000000    
   56.713404528842673        0.00000000    
   56.856620196844801        0.00000000    
   56.999835864846929        0.00000000    
   57.143051532849057        0.00000000    
   57.286267200851185        0.00000000    
   57.429482868853313        0.00000000    
   57.572698536855441        0.00000000    
   57.715914204857569        0.00000000    
   57.859129872859697        0.00000000    
   58.002345540861825        0.00000000    
   58.145561208863953        0.00000000    
   58.288776876866081        0.00000000    
   58.431992544868208        0.00000000    
   58.575208212870336        0.00000000    
   58.718423880872464        0.00000000    
   58.861639548874592        0.00000000    
   59.004855216876720        0.00000000    
   59.148070884878848        0.00000000    
   59.291286552880976        0.00000000    
   59.434502220883104        0.00000000    
   59.577717888885232        0.00000000    
   59.720933556887360        0.00000000    
   59.864149224889488        0.00000000    
   60.007364892891616        0.00000000    
   60.150580560893744        0.00000000    
   60.293796228895872        0.00000000    
   60.437011896897999        0.00000000    
   60.580227564900127        0.00000000    
   60.723443232902255        0.00000000    
   60.866658900904383        0.00000000    
   61.009874568906511        0.00000000    
   61.153090236908639        0.00000000    
   61.296305904910767        0.00000000    
   61.439521572912895        0.00000000    
   61.582737240915023        0.00000000    
   61.725952908917151        0.00000000    
   61.869168576919279        0.00000000    
   62.012384244921407        0.00000000    
   62.155599912923535        0.00000000    
   62.298815580925663        0.00000000    
   62.442031248927790        0.00000000    
   62.585246916929918        0.00000000    
   62.728462584932046        0.00000000    
   62.871678252934174        0.00000000    
   63.014893920936302        0.00000000    
   63.158109588938430        0.00000000    
   63.301325256940558        0.00000000    
   63.444540924942686        0.00000000    
   63.587756592944814        0.00000000    
   63.730972260946942        0.00000000    
   63.874187928949070        0.00000000    
   64.017403596951198        0.00000000    
   64.160619264953326        0.00000000    
   64.303834932955453        0.00000000    
   64.447050600957581        0.00000000    
   64.590266268959709        0.00000000    
   64.733481936961837        0.00000000    
   64.876697604963965        0.00000000    
   65.019913272966093        0.00000000    
   65.163128940968221        0.00000000    
   65.306344608970349        0.00000000    
   65.449560276972477        0.00000000    
   65.592775944974605        0.00000000    
   65.735991612976733        0.00000000    
   65.879207280978861        0.00000000    
   66.022422948980989        0.00000000    
   66.165638616983117        0.00000000    
   66.308854284985244        0.00000000    
   66.452069952987372        0.00000000    
   66.595285620989500        0.00000000    
   66.738501288991628        0.00000000    
   66.881716956993756        0.00000000    
   67.024932624995884        0.00000000    
   67.168148292998012        0.00000000    
   67.311363961000140        0.00000000    
   67.454579629002268        0.00000000    
   67.597795297004396        0.00000000    
   67.741010965006524        0.00000000    
   67.884226633008652        0.00000000    
   68.027442301010780        0.00000000    
   68.170657969012908        0.00000000    
   68.313873637015035        0.00000000    
   68.457089305017163        0.00000000    
   68.600304973019291        0.00000000    
   68.743520641021419        0.00000000    
   68.886736309023547        0.00000000    
   69.029951977025675        0.00000000    
   69.173167645027803        0.00000000    
   69.316383313029931        0.00000000    
   69.459598981032059        0.00000000    
   69.602814649034187        0.00000000    
   69.746030317036315        0.00000000    
   69.889245985038443        0.00000000    
   70.032461653040571        0.00000000    
   70.175677321042699        0.00000000    
   70.318892989044826        0.00000000    
   70.462108657046954        0.00000000    
   70.605324325049082        0.00000000    
   70.748539993051210        0.00000000    
   70.891755661053338        0.00000000    
   71.034971329055466        0.00000000    
   71.178186997057594        0.00000000    
   71.321402665059722        0.00000000    
   71.464618333061850        0.00000000    
   71.607834001063978        0.00000000    
   71.751049669066106        0.00000000    
   71.894265337068234        0.00000000    
   72.037481005070362        0.00000000    
   72.180696673072489        0.00000000    
   72.323912341074617        0.00000000    
   72.467128009076745        0.00000000    
   72.610343677078873        0.00000000    
   72.753559345081001        0.00000000    
   72.896775013083129        0.00000000    
   73.039990681085257        0.00000000    
   73.183206349087385        0.00000000    
   73.326422017089513        0.00000000    
   73.469637685091641        0.00000000    
   73.612853353093769        0.00000000    
   73.756069021095897        0.00000000    
   73.899284689098025        0.00000000    
   74.042500357100153        0.00000000    
   74.185716025102280        0.00000000    
   74.328931693104408        0.00000000    
   74.472147361106536        0.00000000    
   74.615363029108664        0.00000000    
   74.758578697110792        0.00000000    
   74.901794365112920        0.00000000    
   75.045010033115048        0.00000000    
   75.188225701117176        0.00000000    
   75.331441369119304        0.00000000    
   75.474657037121432        0.00000000    
   75.617872705123560        0.00000000    
   75.761088373125688        0.00000000    
   75.904304041127816        0.00000000    
   76.047519709129944        0.00000000    
   76.190735377132071        0.00000000    
   76.333951045134199        0.00000000    
   76.477166713136327        0.00000000    
   76.620382381138455        0.00000000    
   76.763598049140583        0.00000000    
   76.906813717142711        0.00000000    
   77.050029385144839        0.00000000    
   77.193245053146967        0.00000000    
   77.336460721149095        0.00000000    
   77.479676389151223        0.00000000    
   77.622892057153351        0.00000000    
   77.766107725155479        0.00000000    
   77.909323393157607        0.00000000    
   78.052539061159735        0.00000000    
   78.195754729161862        0.00000000    
   78.338970397163990        0.00000000    
   78.482186065166118        0.00000000    
   78.625401733168246        0.00000000    
   78.768617401170374        0.00000000    
   78.911833069172502        0.00000000    
   79.055048737174630        0.00000000    
   79.198264405176758        0.00000000    
   79.341480073178886        0.00000000    
   79.484695741181014        0.00000000    
   79.627911409183142        0.00000000    
   79.771127077185270        0.00000000    
   79.914342745187398        0.00000000    
   80.057558413189525        0.00000000    
   80.200774081191653        0.00000000    
   80.343989749193781        0.00000000    
   80.487205417195909        0.00000000    
   80.630421085198037        0.00000000    
   80.773636753200165        0.00000000    
   80.916852421202293        0.00000000    
   81.060068089204421        0.00000000    
   81.203283757206549        0.00000000    
   81.346499425208677        0.00000000    
   81.489715093210805        0.00000000    
   81.632930761212933        0.00000000    
   81.776146429215061        0.00000000    
   81.919362097217189        0.00000000    
   82.062577765219316        0.00000000    
   82.205793433221444        0.00000000    
   82.349009101223572        0.00000000    
   82.492224769225700        0.00000000    
   82.635440437227828        0.00000000    
   82.778656105229956        0.00000000    
   82.921871773232084        0.00000000    
   83.065087441234212        0.00000000    
   83.208303109236340        0.00000000    
   83.351518777238468        0.00000000    
   83.494734445240596        0.00000000    
   83.637950113242724        0.00000000    
   83.781165781244852        0.00000000    
   83.924381449246980        0.00000000    
   84.067597117249107        0.00000000    
   84.210812785251235        0.00000000    
   84.354028453253363        0.00000000    
   84.497244121255491        0.00000000    
   84.640459789257619        0.00000000    
   84.783675457259747        0.00000000    
   84.926891125261875        0.00000000    
   85.070106793264003        0.00000000    
   85.213322461266131        0.00000000    
   85.356538129268259        0.00000000    
   85.499753797270387        0.00000000    
   85.642969465272515        0.00000000    
   85.786185133274643        0.00000000    
   85.929400801276770        0.00000000    
   86.072616469278898        0.00000000    
   86.215832137281026        0.00000000    
   86.359047805283154        0.00000000    
   86.502263473285282        0.00000000    
   86.645479141287410        0.00000000    
   86.788694809289538        0.00000000    
   86.931910477291666        0.00000000    
   87.075126145293794        0.00000000    
   87.218341813295922        0.00000000    
   87.361557481298050        0.00000000    
   87.504773149300178        0.00000000    
   87.647988817302306        0.00000000    
   87.791204485304434        0.00000000    
   87.934420153306561        0.00000000    
   88.077635821308689        0.00000000    
   88.220851489310817        0.00000000    
   88.364067157312945        0.00000000    
   88.507282825315073        0.00000000    
   88.650498493317201        0.00000000    
   88.793714161319329        0.00000000    
   88.936929829321457        0.00000000    
   89.080145497323585        0.00000000    
   89.223361165325713        0.00000000    
   89.366576833327841        0.00000000    
   89.509792501329969        0.00000000    
   89.653008169332097        0.00000000    
   89.796223837334225        0.00000000    
   89.939439505336352        0.00000000    
   90.082655173338480        0.00000000    
   90.225870841340608        0.00000000    
   90.369086509342736        0.00000000    
   90.512302177344864        0.00000000    
   90.655517845346992        0.00000000    
   90.798733513349120        0.00000000    
   90.941949181351248        0.00000000    
   91.085164849353376        0.00000000    
   91.228380517355504        0.00000000    
   91.371596185357632        0.00000000    
   91.514811853359760        0.00000000    
   91.658027521361888        0.00000000    
   91.801243189364016        0.00000000    
   91.944458857366143        0.00000000    
   92.087674525368271        0.00000000    
   92.230890193370399        0.00000000    
   92.374105861372527        0.00000000    
   92.517321529374655        0.00000000    
   92.660537197376783        0.00000000    
   92.803752865378911        0.00000000    
   92.946968533381039        0.00000000    
   93.090184201383167        0.00000000    
   93.233399869385295        0.00000000    
   93.376615537387423        0.00000000    
   93.519831205389551        0.00000000    
   93.663046873391679        0.00000000    
   93.806262541393806        0.00000000    
   93.949478209395934        0.00000000    
   94.092693877398062        0.00000000    
   94.235909545400190        0.00000000    
   94.379125213402318        0.00000000    
   94.522340881404446        0.00000000    
   94.665556549406574        0.00000000    
   94.808772217408702        0.00000000    
   94.951987885410830        0.00000000    
   95.095203553412958        0.00000000    
   95.238419221415086        0.00000000    
   95.381634889417214        0.00000000    
   95.524850557419342        0.00000000    
   95.668066225421470        0.00000000    
   95.811281893423597        0.00000000    
   95.954497561425725        0.00000000    
   96.097713229427853        0.00000000    
   96.240928897429981        0.00000000    
   96.384144565432109        0.00000000    
   96.527360233434237        0.00000000    
   96.670575901436365        0.00000000    
   96.813791569438493        0.00000000    
   96.957007237440621        0.00000000    
   97.100222905442749        0.00000000    
   97.243438573444877        0.00000000    
   97.386654241447005        0.00000000    
   97.529869909449133        0.00000000    
   97.673085577451261        0.00000000    
   97.816301245453388        0.00000000    
   97.959516913455516        0.00000000    
   98.102732581457644        0.00000000    
   98.245948249459772        0.00000000    
   98.389163917461900        0.00000000    
   98.532379585464028        0.00000000    
   98.675595253466156        0.00000000    
   98.818810921468284        0.00000000    
   98.962026589470412        0.00000000    
   99.105242257472540        0.00000000    
   99.248457925474668        0.00000000    
   99.391673593476796        0.00000000    
   99.534889261478924        0.00000000    
   99.678104929481051        0.00000000    
   99.821320597483179        0.00000000    
   99.964536265485307        0.00000000    
   100.10775193348744        0.00000000    
   100.25096760148956        0.00000000    
   100.39418326949169        0.00000000    
   100.53739893749382        0.00000000    
   100.68061460549595        0.00000000    
   100.82383027349807        0.00000000    
   100.96704594150020        0.00000000    
   101.11026160950233        0.00000000    
   101.25347727750446        0.00000000    
   101.39669294550659        0.00000000    
   101.53990861350871        0.00000000    
   101.68312428151084        0.00000000    
   101.82633994951297        0.00000000    
   101.96955561751510        0.00000000    
   102.11277128551723        0.00000000    
   102.25598695351935        0.00000000    
   102.39920262152148        0.00000000    
   102.54241828952361        0.00000000    
   102.68563395752574        0.00000000    
   102.82884962552787        0.00000000    
   102.97206529352999        0.00000000    
   103.11528096153212        0.00000000    
   103.25849662953425        0.00000000    
   103.40171229753638        0.00000000    
   103.54492796553851        0.00000000    
   103.68814363354063        0.00000000    
   103.83135930154276        0.00000000    
   103.97457496954489        0.00000000    
   104.11779063754702        0.00000000    
   104.26100630554915        0.00000000    
   104.40422197355127        0.00000000    
   104.54743764155340        0.00000000    
   104.69065330955553        0.00000000    
   104.83386897755766        0.00000000    
   104.97708464555978        0.00000000    
   105.12030031356191        0.00000000    
   105.26351598156404        0.00000000    
   105.40673164956617        0.00000000    
   105.54994731756830        0.00000000    
   105.69316298557042        0.00000000    
   105.83637865357255        0.00000000    
   105.97959432157468        0.00000000    
   106.12280998957681        0.00000000    
   106.26602565757894        0.00000000    
   106.40924132558106        0.00000000    
   106.55245699358319        0.00000000    
   106.69567266158532        0.00000000    
   106.83888832958745        0.00000000    
   106.98210399758958        0.00000000    
   107.12531966559170        0.00000000    
   107.26853533359383        0.00000000    
   107.41175100159596        0.00000000    
   107.55496666959809        0.00000000    
   107.69818233760022        0.00000000    
   107.84139800560234        0.00000000    
   107.98461367360447        0.00000000    
   108.12782934160660        0.00000000    
   108.27104500960873        0.00000000    
   108.41426067761086        0.00000000    
   108.55747634561298        0.00000000    
   108.70069201361511        0.00000000    
   108.84390768161724        0.00000000    
   108.98712334961937        0.00000000    
   109.13033901762149        0.00000000    
   109.27355468562362        0.00000000    
   109.41677035362575        0.00000000    
   109.55998602162788        0.00000000    
   109.70320168963001        0.00000000    
   109.84641735763213        0.00000000    
   109.98963302563426        0.00000000    
   110.13284869363639        0.00000000    
   110.27606436163852        0.00000000    
   110.41928002964065        0.00000000    
   110.56249569764277        0.00000000    
   110.70571136564490        0.00000000    
   110.84892703364703        0.00000000    
   110.99214270164916        0.00000000    
   111.13535836965129        0.00000000    
   111.27857403765341        0.00000000    
   111.42178970565554        0.00000000    
   111.56500537365767        0.00000000    
   111.70822104165980        0.00000000    
   111.85143670966193        0.00000000    
   111.99465237766405        0.00000000    
   112.13786804566618        0.00000000    
   112.28108371366831        0.00000000    
   112.42429938167044        0.00000000    
   112.56751504967256        0.00000000    
   112.71073071767469        0.00000000    
   112.85394638567682        0.00000000    
   112.99716205367895        0.00000000    
   113.14037772168108        0.00000000    
   113.28359338968320        0.00000000    
   113.42680905768533        0.00000000    
   113.57002472568746        0.00000000    
   113.71324039368959        0.00000000    
   113.85645606169172        0.00000000    
   113.99967172969384        0.00000000    
   114.14288739769597        0.00000000    
   114.28610306569810        0.00000000    
   114.42931873370023        0.00000000    
   114.57253440170236        0.00000000    
   114.71575006970448        0.00000000    
   114.85896573770661        0.00000000    
   115.00218140570874        0.00000000    
   115.14539707371087        0.00000000    
   115.28861274171300        0.00000000    
   115.43182840971512        0.00000000    
   115.57504407771725        0.00000000    
   115.71825974571938        0.00000000    
   115.86147541372151        0.00000000    
   116.00469108172364        0.00000000    
   116.14790674972576        0.00000000    
   116.29112241772789        0.00000000    
   116.43433808573002        0.00000000    
   116.57755375373215        0.00000000    
   116.72076942173427        0.00000000    
   116.86398508973640        0.00000000    
   117.00720075773853        0.00000000    
   117.15041642574066        0.00000000    
   117.29363209374279        0.00000000    
   117.43684776174491        0.00000000    
   117.58006342974704        0.00000000    
   117.72327909774917        0.00000000    
   117.86649476575130        0.00000000    
   118.00971043375343        0.00000000    
   118.15292610175555        0.00000000    
   118.29614176975768        0.00000000    
   118.43935743775981        0.00000000    
   118.58257310576194        0.00000000    
   118.72578877376407        0.00000000    
   118.86900444176619        0.00000000    
   119.01222010976832        0.00000000    
   119.15543577777045        0.00000000    
   119.29865144577258        0.00000000    
   119.44186711377471        0.00000000    
   119.58508278177683        0.00000000    
   119.72829844977896        0.00000000    
   119.87151411778109        0.00000000    
   120.01472978578322        0.00000000    
   120.15794545378535        0.00000000    
   120.30116112178747        0.00000000    
   120.44437678978960        0.00000000    
   120.58759245779173        0.00000000    
   120.73080812579386        0.00000000    
   120.87402379379598        0.00000000    
   121.01723946179811        0.00000000    
   121.16045512980024        0.00000000    
   121.30367079780237        0.00000000    
   121.44688646580450        0.00000000    
   121.59010213380662        0.00000000    
   121.73331780180875        0.00000000    
   121.87653346981088        0.00000000    
   122.01974913781301        0.00000000    
   122.16296480581514        0.00000000    
   122.30618047381726        0.00000000    
   122.44939614181939        0.00000000    
   122.59261180982152        0.00000000    
   122.73582747782365        0.00000000    
   122.87904314582578        0.00000000    
   123.02225881382790        0.00000000    
   123.16547448183003        0.00000000    
   123.30869014983216        0.00000000    
   123.45190581783429        0.00000000    
   123.59512148583642        0.00000000    
   123.73833715383854        0.00000000    
   123.88155282184067        0.00000000    
   124.02476848984280        0.00000000    
   124.16798415784493        0.00000000    
   124.31119982584705        0.00000000    
   124.45441549384918        0.00000000    
   124.59763116185131        0.00000000    
   124.74084682985344        0.00000000    
   124.88406249785557        0.00000000    
   125.02727816585769        0.00000000    
   125.17049383385982        0.00000000    
   125.31370950186195        0.00000000    
   125.45692516986408        0.00000000    
   125.60014083786621        0.00000000    
   125.74335650586833        0.00000000    
   125.88657217387046        0.00000000    
   126.02978784187259        0.00000000    
   126.17300350987472        0.00000000    
   126.31621917787685        0.00000000    
   126.45943484587897        0.00000000    
   126.60265051388110        0.00000000    
   126.74586618188323        0.00000000    
   126.88908184988536        0.00000000    
   127.03229751788749        0.00000000    
   127.17551318588961        0.00000000    
   127.31872885389174        0.00000000    
   127.46194452189387        0.00000000    
   127.60516018989600        0.00000000    
   127.74837585789813        0.00000000    
   127.89159152590025        0.00000000    
   128.03480719390240        0.00000000    
   128.17802286190454        0.00000000    
   128.32123852990668        0.00000000    
   128.46445419790882        0.00000000    
   128.60766986591096        0.00000000    
   128.75088553391311        0.00000000    
   128.89410120191525        0.00000000    
   129.03731686991739        0.00000000    
   129.18053253791953        0.00000000    
   129.32374820592167        0.00000000    
   129.46696387392382        0.00000000    
   129.61017954192596        0.00000000    
   129.75339520992810        0.00000000    
   129.89661087793024        0.00000000    
   130.03982654593239        0.00000000    
   130.18304221393453        0.00000000    
   130.32625788193667        0.00000000    
   130.46947354993881        0.00000000    
   130.61268921794095        0.00000000    
   130.75590488594310        0.00000000    
   130.89912055394524        0.00000000    
   131.04233622194738        0.00000000    
   131.18555188994952        0.00000000    
   131.32876755795166        0.00000000    
   131.47198322595381        0.00000000    
   131.61519889395595        0.00000000    
   131.75841456195809        0.00000000    
   131.90163022996023        0.00000000    
   132.04484589796238        0.00000000    
   132.18806156596452        0.00000000    
   132.33127723396666        0.00000000    
   132.47449290196880        0.00000000    
   132.61770856997094        0.00000000    
   132.76092423797309        0.00000000    
   132.90413990597523        0.00000000    
   133.04735557397737        0.00000000    
   133.19057124197951        0.00000000    
   133.33378690998165        0.00000000    
   133.47700257798380        0.00000000    
   133.62021824598594        0.00000000    
   133.76343391398808        0.00000000    
   133.90664958199022        0.00000000    
   134.04986524999237        0.00000000    
   134.19308091799451        0.00000000    
   134.33629658599665        0.00000000    
   134.47951225399879        0.00000000    
   134.62272792200093        0.00000000    
   134.76594359000308        0.00000000    
   134.90915925800522        0.00000000    
   135.05237492600736        0.00000000    
   135.19559059400950        0.00000000    
   135.33880626201164        0.00000000    
   135.48202193001379        0.00000000    
   135.62523759801593        0.00000000    
   135.76845326601807        0.00000000    
   135.91166893402021        0.00000000    
   136.05488460202236        0.00000000    
   136.19810027002450        0.00000000    
   136.34131593802664        0.00000000    
   136.48453160602878        0.00000000    
   136.62774727403092        0.00000000    
   136.77096294203307        0.00000000    
   136.91417861003521        0.00000000    
   137.05739427803735        0.00000000    
   137.20060994603949        0.00000000    
   137.34382561404163        0.00000000    
   137.48704128204378        0.00000000    
   137.63025695004592        0.00000000    
   137.77347261804806        0.00000000    
   137.91668828605020        0.00000000    
   138.05990395405234        0.00000000    
   138.20311962205449        0.00000000    
   138.34633529005663        0.00000000    
   138.48955095805877        0.00000000    
   138.63276662606091        0.00000000    
   138.77598229406306        0.00000000    
   138.91919796206520        0.00000000    
   139.06241363006734        0.00000000    
   139.20562929806948        0.00000000    
   139.34884496607162        0.00000000    
   139.49206063407377        0.00000000    
   139.63527630207591        0.00000000    
   139.77849197007805        0.00000000    
   139.92170763808019        0.00000000    
   140.06492330608233        0.00000000    
   140.20813897408448        0.00000000    
   140.35135464208662        0.00000000    
   140.49457031008876        0.00000000    
   140.63778597809090        0.00000000    
   140.78100164609305        0.00000000    
   140.92421731409519        0.00000000    
   141.06743298209733        0.00000000    
   141.21064865009947        0.00000000    
   141.35386431810161        0.00000000    
   141.49707998610376        0.00000000    
   141.64029565410590        0.00000000    
   141.78351132210804        0.00000000    
   141.92672699011018        0.00000000    
   142.06994265811232        0.00000000    
   142.21315832611447        0.00000000    
   142.35637399411661        0.00000000    
   142.49958966211875        0.00000000    
   142.64280533012089        0.00000000    
   142.78602099812304        0.00000000    
   142.92923666612518        0.00000000    
   143.07245233412732        0.00000000    
   143.21566800212946        0.00000000    
   143.35888367013160        0.00000000    
   143.50209933813375        0.00000000    
   143.64531500613589        0.00000000    
   143.78853067413803        0.00000000    
   143.93174634214017        0.00000000    
   144.07496201014231        0.00000000    
   144.21817767814446        0.00000000    
   144.36139334614660        0.00000000    
   144.50460901414874        0.00000000    
   144.64782468215088        0.00000000    
   144.79104035015303        0.00000000    
   144.93425601815517        0.00000000    
   145.07747168615731        0.00000000    
   145.22068735415945        0.00000000    
   145.36390302216159        0.00000000    
   145.50711869016374        0.00000000    
   145.65033435816588        0.00000000    
   145.79355002616802        0.00000000    
   145.93676569417016        0.00000000    
   146.07998136217230        0.00000000    
   146.22319703017445        0.00000000    
   146.36641269817659        0.00000000    
   146.50962836617873        0.00000000    
   146.65284403418087        0.00000000    
   146.79605970218302        0.00000000    
   146.93927537018516        0.00000000    
   147.08249103818730        0.00000000    
   147.22570670618944        0.00000000    
   147.36892237419158        0.00000000    
   147.51213804219373        0.00000000    
   147.65535371019587        0.00000000    
   147.79856937819801        0.00000000    
   147.94178504620015        0.00000000    
   148.08500071420229        0.00000000    
   148.22821638220444        0.00000000    
   148.37143205020658        0.00000000    
   148.51464771820872        0.00000000    
   148.65786338621086        0.00000000    
   148.80107905421301        0.00000000    
   148.94429472221515        0.00000000    
   149.08751039021729        0.00000000    
   149.23072605821943        0.00000000    
   149.37394172622157        0.00000000    
   149.51715739422372        0.00000000    
   149.66037306222586        0.00000000    
   149.80358873022800        0.00000000    
   149.94680439823014        0.00000000    
   150.09002006623228        0.00000000    
   150.23323573423443        0.00000000    
   150.37645140223657        0.00000000    
   150.51966707023871        0.00000000    
   150.66288273824085        0.00000000    
   150.80609840624300        0.00000000    
   150.94931407424514        0.00000000    
   151.09252974224728        0.00000000    
   151.23574541024942        0.00000000    
   151.37896107825156        0.00000000    
   151.52217674625371        0.00000000    
   151.66539241425585        0.00000000    
   151.80860808225799        0.00000000    
   151.95182375026013        0.00000000    
   152.09503941826227        0.00000000    
   152.23825508626442        0.00000000    
   152.38147075426656        0.00000000    
   152.52468642226870        0.00000000    
   152.66790209027084        0.00000000    
   152.81111775827299        0.00000000    
   152.95433342627513        0.00000000    
   153.09754909427727        0.00000000    
   153.24076476227941        0.00000000    
   153.38398043028155        0.00000000    
   153.52719609828370        0.00000000    
   153.67041176628584        0.00000000    
   153.81362743428798        0.00000000    
   153.95684310229012        0.00000000    
   154.10005877029226        0.00000000    
   154.24327443829441        0.00000000    
   154.38649010629655        0.00000000    
   154.52970577429869        0.00000000    
   154.67292144230083        0.00000000    
   154.81613711030298        0.00000000    
   154.95935277830512        0.00000000    
   155.10256844630726        0.00000000    
   155.24578411430940        0.00000000    
   155.38899978231154        0.00000000    
   155.53221545031369        0.00000000    
   155.67543111831583        0.00000000    
   155.81864678631797        0.00000000    
   155.96186245432011        0.00000000    
   156.10507812232225        0.00000000    
   156.24829379032440        0.00000000    
   156.39150945832654        0.00000000    
   156.53472512632868        0.00000000    
   156.67794079433082        0.00000000    
   156.82115646233297        0.00000000    
   156.96437213033511        0.00000000    
   157.10758779833725        0.00000000    
   157.25080346633939        0.00000000    
   157.39401913434153        0.00000000    
   157.53723480234368        0.00000000    
   157.68045047034582        0.00000000    
   157.82366613834796        0.00000000    
   157.96688180635010        0.00000000    
   158.11009747435224        0.00000000    
   158.25331314235439        0.00000000    
   158.39652881035653        0.00000000    
   158.53974447835867        0.00000000    
   158.68296014636081        0.00000000    
   158.82617581436295        0.00000000    
   158.96939148236510        0.00000000    
   159.11260715036724        0.00000000    
   159.25582281836938        0.00000000    
   159.39903848637152        0.00000000    
   159.54225415437367        0.00000000    
   159.68546982237581        0.00000000    
   159.82868549037795        0.00000000    
   159.97190115838009        0.00000000    
   160.11511682638223        0.00000000    
   160.25833249438438        0.00000000    
   160.40154816238652        0.00000000    
   160.54476383038866        0.00000000    
   160.68797949839080        0.00000000    
   160.83119516639294        0.00000000    
   160.97441083439509        0.00000000    
   161.11762650239723        0.00000000    
   161.26084217039937        0.00000000    
   161.40405783840151        0.00000000    
   161.54727350640366        0.00000000    
   161.69048917440580        0.00000000    
   161.83370484240794        0.00000000    
   161.97692051041008        0.00000000    
   162.12013617841222        0.00000000    
   162.26335184641437        0.00000000    
   162.40656751441651        0.00000000    
   162.54978318241865        0.00000000    
   162.69299885042079        0.00000000    
   162.83621451842293        0.00000000    
   162.97943018642508        0.00000000    
   163.12264585442722        0.00000000    
   163.26586152242936        0.00000000    
   163.40907719043150        0.00000000    
   163.55229285843365        0.00000000    
   163.69550852643579        0.00000000    
   163.83872419443793        0.00000000    
   163.98193986244007        0.00000000    
   164.12515553044221        0.00000000    
   164.26837119844436        0.00000000    
   164.41158686644650        0.00000000    
   164.55480253444864        0.00000000    
   164.69801820245078        0.00000000    
   164.84123387045292        0.00000000    
   164.98444953845507        0.00000000    
   165.12766520645721        0.00000000    
   165.27088087445935        0.00000000    
   165.41409654246149        0.00000000    
   165.55731221046364        0.00000000    
   165.70052787846578        0.00000000    
   165.84374354646792        0.00000000    
   165.98695921447006        0.00000000    
   166.13017488247220        0.00000000    
   166.27339055047435        0.00000000    
   166.41660621847649        0.00000000    
   166.55982188647863        0.00000000    
   166.70303755448077        0.00000000    
   166.84625322248291        0.00000000    
   166.98946889048506        0.00000000    
   167.13268455848720        0.00000000    
   167.27590022648934        0.00000000    
   167.41911589449148        0.00000000    
   167.56233156249363        0.00000000    
   167.70554723049577        0.00000000    
   167.84876289849791        0.00000000    
   167.99197856650005        0.00000000    
   168.13519423450219        0.00000000    
   168.27840990250434        0.00000000    
   168.42162557050648        0.00000000    
   168.56484123850862        0.00000000    
   168.70805690651076        0.00000000    
   168.85127257451290        0.00000000    
   168.99448824251505        0.00000000    
   169.13770391051719        0.00000000    
   169.28091957851933        0.00000000    
   169.42413524652147        0.00000000    
   169.56735091452362        0.00000000    
   169.71056658252576        0.00000000    
   169.85378225052790        0.00000000    
   169.99699791853004        0.00000000    
   170.14021358653218        0.00000000    
   170.28342925453433        0.00000000    
   170.42664492253647        0.00000000    
   170.56986059053861        0.00000000    
   170.71307625854075        0.00000000    
   170.85629192654289        0.00000000    
   170.99950759454504        0.00000000    
   171.14272326254718        0.00000000    
   171.28593893054932        0.00000000    
   171.42915459855146        0.00000000    
   171.57237026655361        0.00000000    
   171.71558593455575        0.00000000    
   171.85880160255789        0.00000000    
   172.00201727056003        0.00000000    
   172.14523293856217        0.00000000    
   172.28844860656432        0.00000000    
   172.43166427456646        0.00000000    
   172.57487994256860        0.00000000    
   172.71809561057074        0.00000000    
   172.86131127857288        0.00000000    
   173.00452694657503        0.00000000    
   173.14774261457717        0.00000000    
   173.29095828257931        0.00000000    
   173.43417395058145        0.00000000    
   173.57738961858360        0.00000000    
   173.72060528658574        0.00000000    
   173.86382095458788        0.00000000    
   174.00703662259002        0.00000000    
   174.15025229059216        0.00000000    
   174.29346795859431        0.00000000    
   174.43668362659645        0.00000000    
   174.57989929459859        0.00000000    
   174.72311496260073        0.00000000    
   174.86633063060287        0.00000000    
   175.00954629860502        0.00000000    
   175.15276196660716        0.00000000    
   175.29597763460930        0.00000000    
   175.43919330261144        0.00000000    
   175.58240897061359        0.00000000    
   175.72562463861573        0.00000000    
   175.86884030661787        0.00000000    
   176.01205597462001        0.00000000    
   176.15527164262215        0.00000000    
   176.29848731062430        0.00000000    
   176.44170297862644        0.00000000    
   176.58491864662858        0.00000000    
   176.72813431463072        0.00000000    
   176.87134998263286        0.00000000    
   177.01456565063501        0.00000000    
   177.15778131863715        0.00000000    
   177.30099698663929        0.00000000    
   177.44421265464143        0.00000000    
   177.58742832264358        0.00000000    
   177.73064399064572        0.00000000    
   177.87385965864786        0.00000000    
   178.01707532665000        0.00000000    
   178.16029099465214        0.00000000    
   178.30350666265429        0.00000000    
   178.44672233065643        0.00000000    
   178.58993799865857        0.00000000    
   178.73315366666071        0.00000000    
   178.87636933466285        0.00000000    
   179.01958500266500        0.00000000    
   179.16280067066714        0.00000000    
   179.30601633866928        0.00000000    
   179.44923200667142        0.00000000    
   179.59244767467356        0.00000000    
   179.73566334267571        0.00000000    
   179.87887901067785        0.00000000    
   180.02209467867999        0.00000000    
   180.16531034668213        0.00000000    
   180.30852601468428        0.00000000    
   180.45174168268642        0.00000000    
   180.59495735068856        0.00000000    
   180.73817301869070        0.00000000    
   180.88138868669284        0.00000000    
   181.02460435469499        0.00000000    
   181.16782002269713        0.00000000    
   181.31103569069927        0.00000000    
   181.45425135870141        0.00000000    
   181.59746702670355        0.00000000    
   181.74068269470570        0.00000000    
   181.88389836270784        0.00000000    
   182.02711403070998        0.00000000    
   182.17032969871212        0.00000000    
   182.31354536671427        0.00000000    
   182.45676103471641        0.00000000    
   182.59997670271855        0.00000000    
   182.74319237072069        0.00000000    
   182.88640803872283        0.00000000    
   183.02962370672498        0.00000000    
   183.17283937472712        0.00000000    
   183.31605504272926        0.00000000    
   183.45927071073140        0.00000000    
   183.60248637873354        0.00000000    
   183.74570204673569        0.00000000    
   183.88891771473783        0.00000000    
   184.03213338273997        0.00000000    
   184.17534905074211        0.00000000    
   184.31856471874426        0.00000000    
   184.46178038674640        0.00000000    
   184.60499605474854        0.00000000    
   184.74821172275068        0.00000000    
   184.89142739075282        0.00000000    
   185.03464305875497        0.00000000    
   185.17785872675711        0.00000000    
   185.32107439475925        0.00000000    
   185.46429006276139        0.00000000    
   185.60750573076353        0.00000000    
   185.75072139876568        0.00000000    
   185.89393706676782        0.00000000    
   186.03715273476996        0.00000000    
   186.18036840277210        0.00000000    
   186.32358407077425        0.00000000    
   186.46679973877639        0.00000000    
   186.61001540677853        0.00000000    
   186.75323107478067        0.00000000    
   186.89644674278281        0.00000000    
   187.03966241078496        0.00000000    
   187.18287807878710        0.00000000    
   187.32609374678924        0.00000000    
   187.46930941479138        0.00000000    
   187.61252508279352        0.00000000    
   187.75574075079567        0.00000000    
   187.89895641879781        0.00000000    
   188.04217208679995        0.00000000    
   188.18538775480209        0.00000000    
   188.32860342280424        0.00000000    
   188.47181909080638        0.00000000    
   188.61503475880852        0.00000000    
   188.75825042681066        0.00000000    
   188.90146609481280        0.00000000    
   189.04468176281495        0.00000000    
   189.18789743081709        0.00000000    
   189.33111309881923        0.00000000    
   189.47432876682137        0.00000000    
   189.61754443482351        0.00000000    
   189.76076010282566        0.00000000    
   189.90397577082780        0.00000000    
   190.04719143882994        0.00000000    
   190.19040710683208        0.00000000    
   190.33362277483423        0.00000000    
   190.47683844283637        0.00000000    
   190.62005411083851        0.00000000    
   190.76326977884065        0.00000000    
   190.90648544684279        0.00000000    
   191.04970111484494        0.00000000    
   191.19291678284708        0.00000000    
   191.33613245084922        0.00000000    
   191.47934811885136        0.00000000    
   191.62256378685350        0.00000000    
   191.76577945485565        0.00000000    
   191.90899512285779        0.00000000    
   192.05221079085993        0.00000000    
   192.19542645886207        0.00000000    
   192.33864212686422        0.00000000    
   192.48185779486636        0.00000000    
   192.62507346286850        0.00000000    
   192.76828913087064        0.00000000    
   192.91150479887278        0.00000000    
   193.05472046687493        0.00000000    
   193.19793613487707        0.00000000    
   193.34115180287921        0.00000000    
   193.48436747088135        0.00000000    
   193.62758313888349        0.00000000    
   193.77079880688564        0.00000000    
   193.91401447488778        0.00000000    
   194.05723014288992        0.00000000    
   194.20044581089206        0.00000000    
   194.34366147889421        0.00000000    
   194.48687714689635        0.00000000    
   194.63009281489849        0.00000000    
   194.77330848290063        0.00000000    
   194.91652415090277        0.00000000    
   195.05973981890492        0.00000000    
   195.20295548690706        0.00000000    
   195.34617115490920        0.00000000    
   195.48938682291134        0.00000000    
   195.63260249091348        0.00000000    
   195.77581815891563        0.00000000    
   195.91903382691777        0.00000000    
   196.06224949491991        0.00000000    
   196.20546516292205        0.00000000    
   196.34868083092420        0.00000000    
   196.49189649892634        0.00000000    
   196.63511216692848        0.00000000    
   196.77832783493062        0.00000000    
   196.92154350293276        0.00000000    
   197.06475917093491        0.00000000    
   197.20797483893705        0.00000000    
   197.35119050693919        0.00000000    
   197.49440617494133        0.00000000    
   197.63762184294347        0.00000000    
   197.78083751094562        0.00000000    
   197.92405317894776        0.00000000    
   198.06726884694990        0.00000000    
   198.21048451495204        0.00000000    
   198.35370018295419        0.00000000    
   198.49691585095633        0.00000000    
   198.64013151895847        0.00000000    
   198.78334718696061        0.00000000    
   198.92656285496275        0.00000000    
   199.06977852296490        0.00000000    
   199.21299419096704        0.00000000    
   199.35620985896918        0.00000000    
   199.49942552697132        0.00000000    
   199.64264119497346        0.00000000    
   199.78585686297561        0.00000000    
   199.92907253097775        0.00000000    
   200.07228819897989        0.00000000    
   200.21550386698203        0.00000000    
   200.35871953498417        0.00000000    
   200.50193520298632        0.00000000    
   200.64515087098846        0.00000000    
   200.78836653899060        0.00000000    
   200.93158220699274        0.00000000    
   201.07479787499489        0.00000000    
   201.21801354299703        0.00000000    
   201.36122921099917        0.00000000    
   201.50444487900131        0.00000000    
   201.64766054700345        0.00000000    
   201.79087621500560        0.00000000    
   201.93409188300774        0.00000000    
   202.07730755100988        0.00000000    
   202.22052321901202        0.00000000    
   202.36373888701416        0.00000000    
   202.50695455501631        0.00000000    
   202.65017022301845        0.00000000    
   202.79338589102059        0.00000000    
   202.93660155902273        0.00000000    
   203.07981722702488        0.00000000    
   203.22303289502702        0.00000000    
   203.36624856302916        0.00000000    
   203.50946423103130        0.00000000    
   203.65267989903344        0.00000000    
   203.79589556703559        0.00000000    
   203.93911123503773        0.00000000    
   204.08232690303987        0.00000000    
   204.22554257104201        0.00000000    
   204.36875823904415        0.00000000    
   204.51197390704630        0.00000000    
   204.65518957504844        0.00000000    
   204.79840524305058        0.00000000    
   204.94162091105272        0.00000000    
   205.08483657905487        0.00000000    
   205.22805224705701        0.00000000    
   205.37126791505915        0.00000000    
   205.51448358306129        0.00000000    
   205.65769925106343        0.00000000    
   205.80091491906558        0.00000000    
   205.94413058706772        0.00000000    
   206.08734625506986        0.00000000    
   206.23056192307200        0.00000000    
   206.37377759107414        0.00000000    
   206.51699325907629        0.00000000    
   206.66020892707843        0.00000000    
   206.80342459508057        0.00000000    
   206.94664026308271        0.00000000    
   207.08985593108486        0.00000000    
   207.23307159908700        0.00000000    
   207.37628726708914        0.00000000    
   207.51950293509128        0.00000000    
   207.66271860309342        0.00000000    
   207.80593427109557        0.00000000    
   207.94914993909771        0.00000000    
   208.09236560709985        0.00000000    
   208.23558127510199        0.00000000    
   208.37879694310413        0.00000000    
   208.52201261110628        0.00000000    
   208.66522827910842        0.00000000    
   208.80844394711056        0.00000000    
   208.95165961511270        0.00000000    
   209.09487528311485        0.00000000    
   209.23809095111699        0.00000000    
   209.38130661911913        0.00000000    
   209.52452228712127        0.00000000    
   209.66773795512341        0.00000000    
   209.81095362312556        0.00000000    
   209.95416929112770        0.00000000    
   210.09738495912984        0.00000000    
   210.24060062713198        0.00000000    
   210.38381629513412        0.00000000    
   210.52703196313627        0.00000000    
   210.67024763113841        0.00000000    
   210.81346329914055        0.00000000    
   210.95667896714269        0.00000000    
   211.09989463514484        0.00000000    
   211.24311030314698        0.00000000    
   211.38632597114912        0.00000000    
   211.52954163915126        0.00000000    
   211.67275730715340        0.00000000    
   211.81597297515555        0.00000000    
   211.95918864315769        0.00000000    
   212.10240431115983        0.00000000    
   212.24561997916197        0.00000000    
   212.38883564716411        0.00000000    
   212.53205131516626        0.00000000    
   212.67526698316840        0.00000000    
   212.81848265117054        0.00000000    
   212.96169831917268        0.00000000    
   213.10491398717483        0.00000000    
   213.24812965517697        0.00000000    
   213.39134532317911        0.00000000    
   213.53456099118125        0.00000000    
   213.67777665918339        0.00000000    
   213.82099232718554        0.00000000    
   213.96420799518768        0.00000000    
   214.10742366318982        0.00000000    
   214.25063933119196        0.00000000    
   214.39385499919410        0.00000000    
   214.53707066719625        0.00000000    
   214.68028633519839        0.00000000    
   214.82350200320053        0.00000000    
   214.96671767120267        0.00000000    
   215.10993333920482        0.00000000    
   215.25314900720696        0.00000000    
   215.39636467520910        0.00000000    
   215.53958034321124        0.00000000    
   215.68279601121338        0.00000000    
   215.82601167921553        0.00000000    
   215.96922734721767        0.00000000    
   216.11244301521981        0.00000000    
   216.25565868322195        0.00000000    
   216.39887435122409        0.00000000    
   216.54209001922624        0.00000000    
   216.68530568722838        0.00000000    
   216.82852135523052        0.00000000    
   216.97173702323266        0.00000000    
   217.11495269123481        0.00000000    
   217.25816835923695        0.00000000    
   217.40138402723909        0.00000000    
   217.54459969524123        0.00000000    
   217.68781536324337        0.00000000    
   217.83103103124552        0.00000000    
   217.97424669924766        0.00000000    
   218.11746236724980        0.00000000    
   218.26067803525194        0.00000000    
   218.40389370325408        0.00000000    
   218.54710937125623        0.00000000    
   218.69032503925837        0.00000000    
   218.83354070726051        0.00000000    
   218.97675637526265        0.00000000    
   219.11997204326480        0.00000000    
   219.26318771126694        0.00000000    
   219.40640337926908        0.00000000    
   219.54961904727122        0.00000000    
   219.69283471527336        0.00000000    
   219.83605038327551        0.00000000    
   219.97926605127765        0.00000000    
   220.12248171927979        0.00000000    
   220.26569738728193        0.00000000    
   220.40891305528407        0.00000000    
   220.55212872328622        0.00000000    
   220.69534439128836        0.00000000    
   220.83856005929050        0.00000000    
   220.98177572729264        0.00000000    
   221.12499139529478        0.00000000    
   221.26820706329693        0.00000000    
   221.41142273129907        0.00000000    
   221.55463839930121        0.00000000    
   221.69785406730335        0.00000000    
   221.84106973530550        0.00000000    
   221.98428540330764        0.00000000    
   222.12750107130978        0.00000000    
   222.27071673931192        0.00000000    
   222.41393240731406        0.00000000    
   222.55714807531621        0.00000000    
   222.70036374331835        0.00000000    
   222.84357941132049        0.00000000    
   222.98679507932263        0.00000000    
   223.13001074732477        0.00000000    
   223.27322641532692        0.00000000    
   223.41644208332906        0.00000000    
   223.55965775133120        0.00000000    
   223.70287341933334        0.00000000    
   223.84608908733549        0.00000000    
   223.98930475533763        0.00000000    
   224.13252042333977        0.00000000    
   224.27573609134191        0.00000000    
   224.41895175934405        0.00000000    
   224.56216742734620        0.00000000    
   224.70538309534834        0.00000000    
   224.84859876335048        0.00000000    
   224.99181443135262        0.00000000    
   225.13503009935476        0.00000000    
   225.27824576735691        0.00000000    
   225.42146143535905        0.00000000    
   225.56467710336119        0.00000000    
   225.70789277136333        0.00000000    
   225.85110843936548        0.00000000    
   225.99432410736762        0.00000000    
   226.13753977536976        0.00000000    
   226.28075544337190        0.00000000    
   226.42397111137404        0.00000000    
   226.56718677937619        0.00000000    
   226.71040244737833        0.00000000    
   226.85361811538047        0.00000000    
   226.99683378338261        0.00000000    
   227.14004945138475        0.00000000    
   227.28326511938690        0.00000000    
   227.42648078738904        0.00000000    
   227.56969645539118        0.00000000    
   227.71291212339332        0.00000000    
   227.85612779139547        0.00000000    
   227.99934345939761        0.00000000    
   228.14255912739975        0.00000000    
   228.28577479540189        0.00000000    
   228.42899046340403        0.00000000    
   228.57220613140618        0.00000000    
   228.71542179940832        0.00000000    
   228.85863746741046        0.00000000    
   229.00185313541260        0.00000000    
   229.14506880341474        0.00000000    
   229.28828447141689        0.00000000    
   229.43150013941903        0.00000000    
   229.57471580742117        0.00000000    
   229.71793147542331        0.00000000    
   229.86114714342546        0.00000000    
   230.00436281142760        0.00000000    
   230.14757847942974        0.00000000    
   230.29079414743188        0.00000000    
   230.43400981543402        0.00000000    
   230.57722548343617        0.00000000    
   230.72044115143831        0.00000000    
   230.86365681944045        0.00000000    
   231.00687248744259        0.00000000    
   231.15008815544473        0.00000000    
   231.29330382344688        0.00000000    
   231.43651949144902        0.00000000    
   231.57973515945116        0.00000000    
   231.72295082745330        0.00000000    
   231.86616649545545        0.00000000    
   232.00938216345759        0.00000000    
   232.15259783145973        0.00000000    
   232.29581349946187        0.00000000    
   232.43902916746401        0.00000000    
   232.58224483546616        0.00000000    
   232.72546050346830        0.00000000    
   232.86867617147044        0.00000000    
   233.01189183947258        0.00000000    
   233.15510750747472        0.00000000    
   233.29832317547687        0.00000000    
   233.44153884347901        0.00000000    
   233.58475451148115        0.00000000    
   233.72797017948329        0.00000000    
   233.87118584748544        0.00000000    
   234.01440151548758        0.00000000    
   234.15761718348972        0.00000000    
   234.30083285149186        0.00000000    
   234.44404851949400        0.00000000    
   234.58726418749615        0.00000000    
   234.73047985549829        0.00000000    
   234.87369552350043        0.00000000    
   235.01691119150257        0.00000000    
   235.16012685950471        0.00000000    
   235.30334252750686        0.00000000    
   235.44655819550900        0.00000000    
   235.58977386351114        0.00000000    
   235.73298953151328        0.00000000    
   235.87620519951543        0.00000000    
   236.01942086751757        0.00000000    
   236.16263653551971        0.00000000    
   236.30585220352185        0.00000000    
   236.44906787152399        0.00000000    
   236.59228353952614        0.00000000    
   236.73549920752828        0.00000000    
   236.87871487553042        0.00000000    
   237.02193054353256        0.00000000    
   237.16514621153470        0.00000000    
   237.30836187953685        0.00000000    
   237.45157754753899        0.00000000    
   237.59479321554113        0.00000000    
   237.73800888354327        0.00000000    
   237.88122455154542        0.00000000    
   238.02444021954756        0.00000000    
   238.16765588754970        0.00000000    
   238.31087155555184        0.00000000    
   238.45408722355398        0.00000000    
   238.59730289155613        0.00000000    
   238.74051855955827        0.00000000    
   238.88373422756041        0.00000000    
   239.02694989556255        0.00000000    
   239.17016556356469        0.00000000    
   239.31338123156684        0.00000000    
   239.45659689956898        0.00000000    
   239.59981256757112        0.00000000    
   239.74302823557326        0.00000000    
   239.88624390357541        0.00000000    
   240.02945957157755        0.00000000    
   240.17267523957969        0.00000000    
   240.31589090758183        0.00000000    
   240.45910657558397        0.00000000    
   240.60232224358612        0.00000000    
   240.74553791158826        0.00000000    
   240.88875357959040        0.00000000    
   241.03196924759254        0.00000000    
   241.17518491559468        0.00000000    
   241.31840058359683        0.00000000    
   241.46161625159897        0.00000000    
   241.60483191960111        0.00000000    
   241.74804758760325        0.00000000    
   241.89126325560539        0.00000000    
   242.03447892360754        0.00000000    
   242.17769459160968        0.00000000    
   242.32091025961182        0.00000000    
   242.46412592761396        0.00000000    
   242.60734159561611        0.00000000    
   242.75055726361825        0.00000000    
   242.89377293162039        0.00000000    
   243.03698859962253        0.00000000    
   243.18020426762467        0.00000000    
   243.32341993562682        0.00000000    
   243.46663560362896        0.00000000    
   243.60985127163110        0.00000000    
   243.75306693963324        0.00000000    
   243.89628260763538        0.00000000    
   244.03949827563753        0.00000000    
   244.18271394363967        0.00000000    
   244.32592961164181        0.00000000    
   244.46914527964395        0.00000000    
   244.61236094764610        0.00000000    
   244.75557661564824        0.00000000    
   244.89879228365038        0.00000000    
   245.04200795165252        0.00000000    
   245.18522361965466        0.00000000    
   245.32843928765681        0.00000000    
   245.47165495565895        0.00000000    
   245.61487062366109        0.00000000    
   245.75808629166323        0.00000000    
   245.90130195966537        0.00000000    
   246.04451762766752        0.00000000    
   246.18773329566966        0.00000000    
   246.33094896367180        0.00000000    
   246.47416463167394        0.00000000    
   246.61738029967609        0.00000000    
   246.76059596767823        0.00000000    
   246.90381163568037        0.00000000    
   247.04702730368251        0.00000000    
   247.19024297168465        0.00000000    
   247.33345863968680        0.00000000    
   247.47667430768894        0.00000000    
   247.61988997569108        0.00000000    
   247.76310564369322        0.00000000    
   247.90632131169536        0.00000000    
   248.04953697969751        0.00000000    
   248.19275264769965        0.00000000    
   248.33596831570179        0.00000000    
   248.47918398370393        0.00000000    
   248.62239965170608        0.00000000    
   248.76561531970822        0.00000000    
   248.90883098771036        0.00000000    
   249.05204665571250        0.00000000    
   249.19526232371464        0.00000000    
   249.33847799171679        0.00000000    
   249.48169365971893        0.00000000    
   249.62490932772107        0.00000000    
   249.76812499572321        0.00000000    
   249.91134066372535        0.00000000    
   250.05455633172750        0.00000000    
   250.19777199972964        0.00000000    
   250.34098766773178        0.00000000    
   250.48420333573392        0.00000000    
   250.62741900373607        0.00000000    
   250.77063467173821        0.00000000    
   250.91385033974035        0.00000000    
   251.05706600774249        0.00000000    
   251.20028167574463        0.00000000    
   251.34349734374678        0.00000000    
   251.48671301174892        0.00000000    
   251.62992867975106        0.00000000    
   251.77314434775320        0.00000000    
   251.91636001575534        0.00000000    
   252.05957568375749        0.00000000    
   252.20279135175963        0.00000000    
   252.34600701976177        0.00000000    
   252.48922268776391        0.00000000    
   252.63243835576606        0.00000000    
   252.77565402376820        0.00000000    
   252.91886969177034        0.00000000    
   253.06208535977248        0.00000000    
   253.20530102777462        0.00000000    
   253.34851669577677        0.00000000    
   253.49173236377891        0.00000000    
   253.63494803178105        0.00000000    
   253.77816369978319        0.00000000    
   253.92137936778533        0.00000000    
   254.06459503578748        0.00000000    
   254.20781070378962        0.00000000    
   254.35102637179176        0.00000000    
   254.49424203979390        0.00000000    
   254.63745770779605        0.00000000    
   254.78067337579819        0.00000000    
   254.92388904380033        0.00000000    
   255.06710471180247        0.00000000    
   255.21032037980461        0.00000000    
   255.35353604780676        0.00000000    
   255.49675171580890        0.00000000    
   255.63996738381104        0.00000000    
   255.78318305181318        0.00000000    
   255.92639871981532        0.00000000    
   256.06961438781747        0.00000000    
   256.21283005581961        0.00000000    
   256.35604572382175        0.00000000    
   256.49926139182389        0.00000000    
   256.64247705982604        0.00000000    
   256.78569272782818        0.00000000    
   256.92890839583032        0.00000000    
   257.07212406383246        0.00000000    
   257.21533973183460        0.00000000    
   257.35855539983675        0.00000000    
   257.50177106783889        0.00000000    
   257.64498673584103        0.00000000    
   257.78820240384317        0.00000000    
   257.93141807184531        0.00000000    
   258.07463373984746        0.00000000    
   258.21784940784960        0.00000000    
   258.36106507585174        0.00000000    
   258.50428074385388        0.00000000    
   258.64749641185603        0.00000000    
   258.79071207985817        0.00000000    
   258.93392774786031        0.00000000    
   259.07714341586245        0.00000000    
   259.22035908386459        0.00000000    
   259.36357475186674        0.00000000    
   259.50679041986888        0.00000000    
   259.65000608787102        0.00000000    
   259.79322175587316        0.00000000    
   259.93643742387530        0.00000000    
   260.07965309187745        0.00000000    
   260.22286875987959        0.00000000    
   260.36608442788173        0.00000000    
   260.50930009588387        0.00000000    
   260.65251576388602        0.00000000    
   260.79573143188816        0.00000000    
   260.93894709989030        0.00000000    
   261.08216276789244        0.00000000    
   261.22537843589458        0.00000000    
   261.36859410389673        0.00000000    
   261.51180977189887        0.00000000    
   261.65502543990101        0.00000000    
   261.79824110790315        0.00000000    
   261.94145677590529        0.00000000    
   262.08467244390744        0.00000000    
   262.22788811190958        0.00000000    
   262.37110377991172        0.00000000    
   262.51431944791386        0.00000000    
   262.65753511591600        0.00000000    
   262.80075078391815        0.00000000    
   262.94396645192029        0.00000000    
   263.08718211992243        0.00000000    
   263.23039778792457        0.00000000    
   263.37361345592672        0.00000000    
   263.51682912392886        0.00000000    
   263.66004479193100        0.00000000    
   263.80326045993314        0.00000000    
   263.94647612793528        0.00000000    
   264.08969179593743        0.00000000    
   264.23290746393957        0.00000000    
   264.37612313194171        0.00000000    
   264.51933879994385        0.00000000    
   264.66255446794599        0.00000000    
   264.80577013594814        0.00000000    
   264.94898580395028        0.00000000    
   265.09220147195242        0.00000000    
   265.23541713995456        0.00000000    
   265.37863280795671        0.00000000    
   265.52184847595885        0.00000000    
   265.66506414396099        0.00000000    
   265.80827981196313        0.00000000    
   265.95149547996527        0.00000000    
   266.09471114796742        0.00000000    
   266.23792681596956        0.00000000    
   266.38114248397170        0.00000000    
   266.52435815197384        0.00000000    
   266.66757381997598        0.00000000    
   266.81078948797813        0.00000000    
   266.95400515598027        0.00000000    
   267.09722082398241        0.00000000    
   267.24043649198455        0.00000000    
   267.38365215998670        0.00000000    
   267.52686782798884        0.00000000    
   267.67008349599098        0.00000000    
   267.81329916399312        0.00000000    
   267.95651483199526        0.00000000    
   268.09973049999741        0.00000000    
   268.24294616799955        0.00000000    
   268.38616183600169        0.00000000    
   268.52937750400383        0.00000000    
   268.67259317200597        0.00000000    
   268.81580884000812        0.00000000    
   268.95902450801026        0.00000000    
   269.10224017601240        0.00000000    
   269.24545584401454        0.00000000    
   269.38867151201669        0.00000000    
   269.53188718001883        0.00000000    
   269.67510284802097        0.00000000    
   269.81831851602311        0.00000000    
   269.96153418402525        0.00000000    
   270.10474985202740        0.00000000    
   270.24796552002954        0.00000000    
   270.39118118803168        0.00000000    
   270.53439685603382        0.00000000    
   270.67761252403596        0.00000000    
   270.82082819203811        0.00000000    
   270.96404386004025        0.00000000    
   271.10725952804239        0.00000000    
   271.25047519604453        0.00000000    
   271.39369086404668        0.00000000    
   271.53690653204882        0.00000000    
   271.68012220005096        0.00000000    
   271.82333786805310        0.00000000    
   271.96655353605524        0.00000000    
   272.10976920405739        0.00000000    
   272.25298487205953        0.00000000    
   272.39620054006167        0.00000000    
   272.53941620806381        0.00000000    
   272.68263187606595        0.00000000    
   272.82584754406810        0.00000000    
   272.96906321207024        0.00000000    
   273.11227888007238        0.00000000    
   273.25549454807452        0.00000000    
   273.39871021607667        0.00000000    
   273.54192588407881        0.00000000    
   273.68514155208095        0.00000000    
   273.82835722008309        0.00000000    
   273.97157288808523        0.00000000    
   274.11478855608738        0.00000000    
   274.25800422408952        0.00000000    
   274.40121989209166        0.00000000    
   274.54443556009380        0.00000000    
   274.68765122809594        0.00000000    
   274.83086689609809        0.00000000    
   274.97408256410023        0.00000000    
   275.11729823210237        0.00000000    
   275.26051390010451        0.00000000    
   275.40372956810666        0.00000000    
   275.54694523610880        0.00000000    
   275.69016090411094        0.00000000    
   275.83337657211308        0.00000000    
   275.97659224011522        0.00000000    
   276.11980790811737        0.00000000    
   276.26302357611951        0.00000000    
   276.40623924412165        0.00000000    
   276.54945491212379        0.00000000    
   276.69267058012593        0.00000000    
   276.83588624812808        0.00000000    
   276.97910191613022        0.00000000    
   277.12231758413236        0.00000000    
   277.26553325213450        0.00000000    
   277.40874892013665        0.00000000    
   277.55196458813879        0.00000000    
   277.69518025614093        0.00000000    
   277.83839592414307        0.00000000    
   277.98161159214521        0.00000000    
   278.12482726014736        0.00000000    
   278.26804292814950        0.00000000    
   278.41125859615164        0.00000000    
   278.55447426415378        0.00000000    
   278.69768993215592        0.00000000    
   278.84090560015807        0.00000000    
   278.98412126816021        0.00000000    
   279.12733693616235        0.00000000    
   279.27055260416449        0.00000000    
   279.41376827216664        0.00000000    
   279.55698394016878        0.00000000    
   279.70019960817092        0.00000000    
   279.84341527617306        0.00000000    
   279.98663094417520        0.00000000    
   280.12984661217735        0.00000000    
   280.27306228017949        0.00000000    
   280.41627794818163        0.00000000    
   280.55949361618377        0.00000000    
   280.70270928418591        0.00000000    
   280.84592495218806        0.00000000    
   280.98914062019020        0.00000000    
   281.13235628819234        0.00000000    
   281.27557195619448        0.00000000    
   281.41878762419663        0.00000000    
   281.56200329219877        0.00000000    
   281.70521896020091        0.00000000    
   281.84843462820305        0.00000000    
   281.99165029620519        0.00000000    
   282.13486596420734        0.00000000    
   282.27808163220948        0.00000000    
   282.42129730021162        0.00000000    
   282.56451296821376        0.00000000    
   282.70772863621590        0.00000000    
   282.85094430421805        0.00000000    
   282.99415997222019        0.00000000    
   283.13737564022233        0.00000000    
   283.28059130822447        0.00000000    
   283.42380697622662        0.00000000    
   283.56702264422876        0.00000000    
   283.71023831223090        0.00000000    
   283.85345398023304        0.00000000    
   283.99666964823518        0.00000000    
   284.13988531623733        0.00000000    
   284.28310098423947        0.00000000    
   284.42631665224161        0.00000000    
   284.56953232024375        0.00000000    
   284.71274798824589        0.00000000    
   284.85596365624804        0.00000000    
   284.99917932425018        0.00000000    
   285.14239499225232        0.00000000    
   285.28561066025446        0.00000000    
   285.42882632825660        0.00000000    
   285.57204199625875        0.00000000    
   285.71525766426089        0.00000000    
   285.85847333226303        0.00000000    
   286.00168900026517        0.00000000    
   286.14490466826732        0.00000000    
   286.28812033626946        0.00000000    
   286.43133600427160        0.00000000    
   286.57455167227374        0.00000000    
   286.71776734027588        0.00000000    
   286.86098300827803        0.00000000    
   287.00419867628017        0.00000000    
   287.14741434428231        0.00000000    
   287.29063001228445        0.00000000    
   287.43384568028659        0.00000000    
   287.57706134828874        0.00000000    
   287.72027701629088        0.00000000    
   287.86349268429302        0.00000000    
   288.00670835229516        0.00000000    
   288.14992402029731        0.00000000    
   288.29313968829945        0.00000000    
   288.43635535630159        0.00000000    
   288.57957102430373        0.00000000    
   288.72278669230587        0.00000000    
   288.86600236030802        0.00000000    
   289.00921802831016        0.00000000    
   289.15243369631230        0.00000000    
   289.29564936431444        0.00000000    
   289.43886503231658        0.00000000    
   289.58208070031873        0.00000000    
   289.72529636832087        0.00000000    
   289.86851203632301        0.00000000    
   290.01172770432515        0.00000000    
   290.15494337232730        0.00000000    
   290.29815904032944        0.00000000    
   290.44137470833158        0.00000000    
   290.58459037633372        0.00000000    
   290.72780604433586        0.00000000    
   290.87102171233801        0.00000000    
   291.01423738034015        0.00000000    
   291.15745304834229        0.00000000    
   291.30066871634443        0.00000000    
   291.44388438434657        0.00000000    
   291.58710005234872        0.00000000    
   291.73031572035086        0.00000000    
   291.87353138835300        0.00000000    
   292.01674705635514        0.00000000    
   292.15996272435729        0.00000000    
   292.30317839235943        0.00000000    
   292.44639406036157        0.00000000    
   292.58960972836371        0.00000000    
   292.73282539636585        0.00000000    
   292.87604106436800        0.00000000    
   293.01925673237014        0.00000000    
   293.16247240037228        0.00000000    
   293.30568806837442        0.00000000    
   293.44890373637656        0.00000000    
   293.59211940437871        0.00000000    
   293.73533507238085        0.00000000    
   293.87855074038299        0.00000000    
   294.02176640838513        0.00000000    
   294.16498207638728        0.00000000    
   294.30819774438942        0.00000000    
   294.45141341239156        0.00000000    
   294.59462908039370        0.00000000    
   294.73784474839584        0.00000000    
   294.88106041639799        0.00000000    
   295.02427608440013        0.00000000    
   295.16749175240227        0.00000000    
   295.31070742040441        0.00000000    
   295.45392308840655        0.00000000    
   295.59713875640870        0.00000000    
   295.74035442441084        0.00000000    
   295.88357009241298        0.00000000    
   296.02678576041512        0.00000000    
   296.17000142841727        0.00000000    
   296.31321709641941        0.00000000    
   296.45643276442155        0.00000000    
   296.59964843242369        0.00000000    
   296.74286410042583        0.00000000    
   296.88607976842798        0.00000000    
   297.02929543643012        0.00000000    
   297.17251110443226        0.00000000    
   297.31572677243440        0.00000000    
   297.45894244043654        0.00000000    
   297.60215810843869        0.00000000    
   297.74537377644083        0.00000000    
   297.88858944444297        0.00000000    
   298.03180511244511        0.00000000    
   298.17502078044726        0.00000000    
   298.31823644844940        0.00000000    
   298.46145211645154        0.00000000    
   298.60466778445368        0.00000000    
   298.74788345245582        0.00000000    
   298.89109912045797        0.00000000    
   299.03431478846011        0.00000000    
   299.17753045646225        0.00000000    
   299.32074612446439        0.00000000    
   299.46396179246653        0.00000000    
   299.60717746046868        0.00000000    
   299.75039312847082        0.00000000    
   299.89360879647296        0.00000000    
   300.03682446447510        0.00000000    
   300.18004013247725        0.00000000    
   300.32325580047939        0.00000000    
   300.46647146848153        0.00000000    
   300.60968713648367        0.00000000    
   300.75290280448581        0.00000000    
   300.89611847248796        0.00000000    
   301.03933414049010        0.00000000    
   301.18254980849224        0.00000000    
   301.32576547649438        0.00000000    
   301.46898114449652        0.00000000    
   301.61219681249867        0.00000000    
   301.75541248050081        0.00000000    
   301.89862814850295        0.00000000    
   302.04184381650509        0.00000000    
   302.18505948450724        0.00000000    
   302.32827515250938        0.00000000    
   302.47149082051152        0.00000000    
   302.61470648851366        0.00000000    
   302.75792215651580        0.00000000    
   302.90113782451795        0.00000000    
   303.04435349252009        0.00000000    
   303.18756916052223        0.00000000    
   303.33078482852437        0.00000000    
   303.47400049652651        0.00000000    
   303.61721616452866        0.00000000    
   303.76043183253080        0.00000000    
   303.90364750053294        0.00000000    
   304.04686316853508        0.00000000    
   304.19007883653723        0.00000000    
   304.33329450453937        0.00000000    
   304.47651017254151        0.00000000    
   304.61972584054365        0.00000000    
   304.76294150854579        0.00000000    
   304.90615717654794        0.00000000    
   305.04937284455008        0.00000000    
   305.19258851255222        0.00000000    
   305.33580418055436        0.00000000    
   305.47901984855650        0.00000000    
   305.62223551655865        0.00000000    
   305.76545118456079        0.00000000    
   305.90866685256293        0.00000000    
   306.05188252056507        0.00000000    
   306.19509818856721        0.00000000    
   306.33831385656936        0.00000000    
   306.48152952457150        0.00000000    
   306.62474519257364        0.00000000    
   306.76796086057578        0.00000000    
   306.91117652857793        0.00000000    
   307.05439219658007        0.00000000    
   307.19760786458221        0.00000000    
   307.34082353258435        0.00000000    
   307.48403920058649        0.00000000    
   307.62725486858864        0.00000000    
   307.77047053659078        0.00000000    
   307.91368620459292        0.00000000    
   308.05690187259506        0.00000000    
   308.20011754059720        0.00000000    
   308.34333320859935        0.00000000    
   308.48654887660149        0.00000000    
   308.62976454460363        0.00000000    
   308.77298021260577        0.00000000    
   308.91619588060792        0.00000000    
   309.05941154861006        0.00000000    
   309.20262721661220        0.00000000    
   309.34584288461434        0.00000000    
   309.48905855261648        0.00000000    
   309.63227422061863        0.00000000    
   309.77548988862077        0.00000000    
   309.91870555662291        0.00000000    
   310.06192122462505        0.00000000    
   310.20513689262719        0.00000000    
   310.34835256062934        0.00000000    
   310.49156822863148        0.00000000    
   310.63478389663362        0.00000000    
   310.77799956463576        0.00000000    
   310.92121523263791        0.00000000    
   311.06443090064005        0.00000000    
   311.20764656864219        0.00000000    
   311.35086223664433        0.00000000    
   311.49407790464647        0.00000000    
   311.63729357264862        0.00000000    
   311.78050924065076        0.00000000    
   311.92372490865290        0.00000000    
   312.06694057665504        0.00000000    
   312.21015624465718        0.00000000    
   312.35337191265933        0.00000000    
   312.49658758066147        0.00000000    
   312.63980324866361        0.00000000    
   312.78301891666575        0.00000000    
   312.92623458466790        0.00000000    
   313.06945025267004        0.00000000    
   313.21266592067218        0.00000000    
   313.35588158867432        0.00000000    
   313.49909725667646        0.00000000    
   313.64231292467861        0.00000000    
   313.78552859268075        0.00000000    
   313.92874426068289        0.00000000    
   314.07195992868503        0.00000000    
   314.21517559668717        0.00000000    
   314.35839126468932        0.00000000    
   314.50160693269146        0.00000000    
   314.64482260069360        0.00000000    
   314.78803826869574        0.00000000    
   314.93125393669789        0.00000000    
   315.07446960470003        0.00000000    
   315.21768527270217        0.00000000    
   315.36090094070431        0.00000000    
   315.50411660870645        0.00000000    
   315.64733227670860        0.00000000    
   315.79054794471074        0.00000000    
   315.93376361271288        0.00000000    
   316.07697928071502        0.00000000    
   316.22019494871716        0.00000000    
   316.36341061671931        0.00000000    
   316.50662628472145        0.00000000    
   316.64984195272359        0.00000000    
   316.79305762072573        0.00000000    
   316.93627328872788        0.00000000    
   317.07948895673002        0.00000000    
   317.22270462473216        0.00000000    
   317.36592029273430        0.00000000    
   317.50913596073644        0.00000000    
   317.65235162873859        0.00000000    
   317.79556729674073        0.00000000    
   317.93878296474287        0.00000000    
   318.08199863274501        0.00000000    
   318.22521430074715        0.00000000    
   318.36842996874930        0.00000000    
   318.51164563675144        0.00000000    
   318.65486130475358        0.00000000    
   318.79807697275572        0.00000000    
   318.94129264075787        0.00000000    
   319.08450830876001        0.00000000    
   319.22772397676215        0.00000000    
   319.37093964476429        0.00000000    
   319.51415531276643        0.00000000    
   319.65737098076858        0.00000000    
   319.80058664877072        0.00000000    
   319.94380231677286        0.00000000    
   320.08701798477500        0.00000000    
   320.23023365277714        0.00000000    
   320.37344932077929        0.00000000    
   320.51666498878143        0.00000000    
   320.65988065678357        0.00000000    
   320.80309632478571        0.00000000    
   320.94631199278786        0.00000000    
   321.08952766079000        0.00000000    
   321.23274332879214        0.00000000    
   321.37595899679428        0.00000000    
   321.51917466479642        0.00000000    
   321.66239033279857        0.00000000    
   321.80560600080071        0.00000000    
   321.94882166880285        0.00000000    
   322.09203733680499        0.00000000    
   322.23525300480713        0.00000000    
   322.37846867280928        0.00000000    
   322.52168434081142        0.00000000    
   322.66490000881356        0.00000000    
   322.80811567681570        0.00000000    
   322.95133134481785        0.00000000    
   323.09454701281999        0.00000000    
   323.23776268082213        0.00000000    
   323.38097834882427        0.00000000    
   323.52419401682641        0.00000000    
   323.66740968482856        0.00000000    
   323.81062535283070        0.00000000    
   323.95384102083284        0.00000000    
   324.09705668883498        0.00000000    
   324.24027235683712        0.00000000    
   324.38348802483927        0.00000000    
   324.52670369284141        0.00000000    
   324.66991936084355        0.00000000    
   324.81313502884569        0.00000000    
   324.95635069684784        0.00000000    
   325.09956636484998        0.00000000    
   325.24278203285212        0.00000000    
   325.38599770085426        0.00000000    
   325.52921336885640        0.00000000    
   325.67242903685855        0.00000000    
   325.81564470486069        0.00000000    
   325.95886037286283        0.00000000    
   326.10207604086497        0.00000000    
   326.24529170886711        0.00000000    
   326.38850737686926        0.00000000    
   326.53172304487140        0.00000000    
   326.67493871287354        0.00000000    
   326.81815438087568        0.00000000    
   326.96137004887782        0.00000000    
   327.10458571687997        0.00000000    
   327.24780138488211        0.00000000    
   327.39101705288425        0.00000000    
   327.53423272088639        0.00000000    
   327.67744838888854        0.00000000    
   327.82066405689068        0.00000000    
   327.96387972489282        0.00000000    
   328.10709539289496        0.00000000    
   328.25031106089710        0.00000000    
   328.39352672889925        0.00000000    
   328.53674239690139        0.00000000    
   328.67995806490353        0.00000000    
   328.82317373290567        0.00000000    
   328.96638940090781        0.00000000    
   329.10960506890996        0.00000000    
   329.25282073691210        0.00000000    
   329.39603640491424        0.00000000    
   329.53925207291638        0.00000000    
   329.68246774091853        0.00000000    
   329.82568340892067        0.00000000    
   329.96889907692281        0.00000000    
   330.11211474492495        0.00000000    
   330.25533041292709        0.00000000    
   330.39854608092924        0.00000000    
   330.54176174893138        0.00000000    
   330.68497741693352        0.00000000    
   330.82819308493566        0.00000000    
   330.97140875293780        0.00000000    
   331.11462442093995        0.00000000    
   331.25784008894209        0.00000000    
   331.40105575694423        0.00000000    
   331.54427142494637        0.00000000    
   331.68748709294852        0.00000000    
   331.83070276095066        0.00000000    
   331.97391842895280        0.00000000    
   332.11713409695494        0.00000000    
   332.26034976495708        0.00000000    
   332.40356543295923        0.00000000    
   332.54678110096137        0.00000000    
   332.68999676896351        0.00000000    
   332.83321243696565        0.00000000    
   332.97642810496779        0.00000000    
   333.11964377296994        0.00000000    
   333.26285944097208        0.00000000    
   333.40607510897422        0.00000000    
   333.54929077697636        0.00000000    
   333.69250644497851        0.00000000    
   333.83572211298065        0.00000000    
   333.97893778098279        0.00000000    
   334.12215344898493        0.00000000    
   334.26536911698707        0.00000000    
   334.40858478498922        0.00000000    
   334.55180045299136        0.00000000    
   334.69501612099350        0.00000000    
   334.83823178899564        0.00000000    
   334.98144745699778        0.00000000    
   335.12466312499993        0.00000000    
   335.26787879300207        0.00000000    
   335.41109446100421        0.00000000    
   335.55431012900635        0.00000000    
   335.69752579700850        0.00000000    
   335.84074146501064        0.00000000    
   335.98395713301278        0.00000000    
   336.12717280101492        0.00000000    
   336.27038846901706        0.00000000    
   336.41360413701921        0.00000000    
   336.55681980502135        0.00000000    
   336.70003547302349        0.00000000    
   336.84325114102563        0.00000000    
   336.98646680902777        0.00000000    
   337.12968247702992        0.00000000    
   337.27289814503206        0.00000000    
   337.41611381303420        0.00000000    
   337.55932948103634        0.00000000    
   337.70254514903849        0.00000000    
   337.84576081704063        0.00000000    
   337.98897648504277        0.00000000    
   338.13219215304491        0.00000000    
   338.27540782104705        0.00000000    
   338.41862348904920        0.00000000    
   338.56183915705134        0.00000000    
   338.70505482505348        0.00000000    
   338.84827049305562        0.00000000    
   338.99148616105776        0.00000000    
   339.13470182905991        0.00000000    
   339.27791749706205        0.00000000    
   339.42113316506419        0.00000000    
   339.56434883306633        0.00000000    
   339.70756450106848        0.00000000    
   339.85078016907062        0.00000000    
   339.99399583707276        0.00000000    
   340.13721150507490        0.00000000    
   340.28042717307704        0.00000000    
   340.42364284107919        0.00000000    
   340.56685850908133        0.00000000    
   340.71007417708347        0.00000000    
   340.85328984508561        0.00000000    
   340.99650551308775        0.00000000    
   341.13972118108990        0.00000000    
   341.28293684909204        0.00000000    
   341.42615251709418        0.00000000    
   341.56936818509632        0.00000000    
   341.71258385309847        0.00000000    
   341.85579952110061        0.00000000    
   341.99901518910275        0.00000000    
   342.14223085710489        0.00000000    
   342.28544652510703        0.00000000    
   342.42866219310918        0.00000000    
   342.57187786111132        0.00000000    
   342.71509352911346        0.00000000    
   342.85830919711560        0.00000000    
   343.00152486511774        0.00000000    
   343.14474053311989        0.00000000    
   343.28795620112203        0.00000000    
   343.43117186912417        0.00000000    
   343.57438753712631        0.00000000    
   343.71760320512846        0.00000000    
   343.86081887313060        0.00000000    
   344.00403454113274        0.00000000    
   344.14725020913488        0.00000000    
   344.29046587713702        0.00000000    
   344.43368154513917        0.00000000    
   344.57689721314131        0.00000000    
   344.72011288114345        0.00000000    
   344.86332854914559        0.00000000    
   345.00654421714773        0.00000000    
   345.14975988514988        0.00000000    
   345.29297555315202        0.00000000    
   345.43619122115416        0.00000000    
   345.57940688915630        0.00000000    
   345.72262255715845        0.00000000    
   345.86583822516059        0.00000000    
   346.00905389316273        0.00000000    
   346.15226956116487        0.00000000    
   346.29548522916701        0.00000000    
   346.43870089716916        0.00000000    
   346.58191656517130        0.00000000    
   346.72513223317344        0.00000000    
   346.86834790117558        0.00000000    
   347.01156356917772        0.00000000    
   347.15477923717987        0.00000000    
   347.29799490518201        0.00000000    
   347.44121057318415        0.00000000    
   347.58442624118629        0.00000000    
   347.72764190918843        0.00000000    
   347.87085757719058        0.00000000    
   348.01407324519272        0.00000000    
   348.15728891319486        0.00000000    
   348.30050458119700        0.00000000    
   348.44372024919915        0.00000000    
   348.58693591720129        0.00000000    
   348.73015158520343        0.00000000    
   348.87336725320557        0.00000000    
   349.01658292120771        0.00000000    
   349.15979858920986        0.00000000    
   349.30301425721200        0.00000000    
   349.44622992521414        0.00000000    
   349.58944559321628        0.00000000    
   349.73266126121842        0.00000000    
   349.87587692922057        0.00000000    
   350.01909259722271        0.00000000    
   350.16230826522485        0.00000000    
   350.30552393322699        0.00000000    
   350.44873960122914        0.00000000    
   350.59195526923128        0.00000000    
   350.73517093723342        0.00000000    
   350.87838660523556        0.00000000    
   351.02160227323770        0.00000000    
   351.16481794123985        0.00000000    
   351.30803360924199        0.00000000    
   351.45124927724413        0.00000000    
   351.59446494524627        0.00000000    
   351.73768061324841        0.00000000    
   351.88089628125056        0.00000000    
   352.02411194925270        0.00000000    
   352.16732761725484        0.00000000    
   352.31054328525698        0.00000000    
   352.45375895325913        0.00000000    
   352.59697462126127        0.00000000    
   352.74019028926341        0.00000000    
   352.88340595726555        0.00000000    
   353.02662162526769        0.00000000    
   353.16983729326984        0.00000000    
   353.31305296127198        0.00000000    
   353.45626862927412        0.00000000    
   353.59948429727626        0.00000000    
   353.74269996527840        0.00000000    
   353.88591563328055        0.00000000    
   354.02913130128269        0.00000000    
   354.17234696928483        0.00000000    
   354.31556263728697        0.00000000    
   354.45877830528912        0.00000000    
   354.60199397329126        0.00000000    
   354.74520964129340        0.00000000    
   354.88842530929554        0.00000000    
   355.03164097729768        0.00000000    
   355.17485664529983        0.00000000    
   355.31807231330197        0.00000000    
   355.46128798130411        0.00000000    
   355.60450364930625        0.00000000    
   355.74771931730839        0.00000000    
   355.89093498531054        0.00000000    
   356.03415065331268        0.00000000    
   356.17736632131482        0.00000000    
   356.32058198931696        0.00000000    
   356.46379765731911        0.00000000    
   356.60701332532125        0.00000000    
   356.75022899332339        0.00000000    
   356.89344466132553        0.00000000    
   357.03666032932767        0.00000000    
   357.17987599732982        0.00000000    
   357.32309166533196        0.00000000    
   357.46630733333410        0.00000000    
   357.60952300133624        0.00000000    
   357.75273866933838        0.00000000    
   357.89595433734053        0.00000000    
   358.03917000534267        0.00000000    
   358.18238567334481        0.00000000    
   358.32560134134695        0.00000000    
   358.46881700934910        0.00000000    
   358.61203267735124        0.00000000    
   358.75524834535338        0.00000000    
   358.89846401335552        0.00000000    
   359.04167968135766        0.00000000    
   359.18489534935981        0.00000000    
   359.32811101736195        0.00000000    
   359.47132668536409        0.00000000    
   359.61454235336623        0.00000000    
   359.75775802136837        0.00000000    
   359.90097368937052        0.00000000    
   360.04418935737266        0.00000000    
   360.18740502537480        0.00000000    
   360.33062069337694        0.00000000    
   360.47383636137909        0.00000000    
   360.61705202938123        0.00000000    
   360.76026769738337        0.00000000    
   360.90348336538551        0.00000000    
   361.04669903338765        0.00000000    
   361.18991470138980        0.00000000    
   361.33313036939194        0.00000000    
   361.47634603739408        0.00000000    
   361.61956170539622        0.00000000    
   361.76277737339836        0.00000000    
   361.90599304140051        0.00000000    
   362.04920870940265        0.00000000    
   362.19242437740479        0.00000000    
   362.33564004540693        0.00000000    
   362.47885571340908        0.00000000    
   362.62207138141122        0.00000000    
   362.76528704941336        0.00000000    
   362.90850271741550        0.00000000    
   363.05171838541764        0.00000000    
   363.19493405341979        0.00000000    
   363.33814972142193        0.00000000    
   363.48136538942407        0.00000000    
   363.62458105742621        0.00000000    
   363.76779672542835        0.00000000    
   363.91101239343050        0.00000000    
   364.05422806143264        0.00000000    
   364.19744372943478        0.00000000    
   364.34065939743692        0.00000000    
   364.48387506543907        0.00000000    
   364.62709073344121        0.00000000    
   364.77030640144335        0.00000000    
   364.91352206944549        0.00000000    
   365.05673773744763        0.00000000    
   365.19995340544978        0.00000000    
   365.34316907345192        0.00000000    
   365.48638474145406        0.00000000    
   365.62960040945620        0.00000000    
   365.77281607745834        0.00000000    
   365.91603174546049        0.00000000    
   366.05924741346263        0.00000000    
   366.20246308146477        0.00000000    
   366.34567874946691        0.00000000    
   366.48889441746906        0.00000000    
   366.63211008547120        0.00000000    
   366.77532575347334        0.00000000    
   366.91854142147548        0.00000000    
   367.06175708947762        0.00000000    
   367.20497275747977        0.00000000    
   367.34818842548191        0.00000000    
   367.49140409348405        0.00000000    
   367.63461976148619        0.00000000    
   367.77783542948833        0.00000000    
   367.92105109749048        0.00000000    
   368.06426676549262        0.00000000    
   368.20748243349476        0.00000000    
   368.35069810149690        0.00000000    
   368.49391376949904        0.00000000    
   368.63712943750119        0.00000000    
   368.78034510550333        0.00000000    
   368.92356077350547        0.00000000    
   369.06677644150761        0.00000000    
   369.20999210950976        0.00000000    
   369.35320777751190        0.00000000    
   369.49642344551404        0.00000000    
   369.63963911351618        0.00000000    
   369.78285478151832        0.00000000    
   369.92607044952047        0.00000000    
   370.06928611752261        0.00000000    
   370.21250178552475        0.00000000    
   370.35571745352689        0.00000000    
   370.49893312152903        0.00000000    
   370.64214878953118        0.00000000    
   370.78536445753332        0.00000000    
   370.92858012553546        0.00000000    
   371.07179579353760        0.00000000    
   371.21501146153975        0.00000000    
   371.35822712954189        0.00000000    
   371.50144279754403        0.00000000    
   371.64465846554617        0.00000000    
   371.78787413354831        0.00000000    
   371.93108980155046        0.00000000    
   372.07430546955260        0.00000000    
   372.21752113755474        0.00000000    
   372.36073680555688        0.00000000    
   372.50395247355902        0.00000000    
   372.64716814156117        0.00000000    
   372.79038380956331        0.00000000    
   372.93359947756545        0.00000000    
   373.07681514556759        0.00000000    
   373.22003081356974        0.00000000    
   373.36324648157188        0.00000000    
   373.50646214957402        0.00000000    
   373.64967781757616        0.00000000    
   373.79289348557830        0.00000000    
   373.93610915358045        0.00000000    
   374.07932482158259        0.00000000    
   374.22254048958473        0.00000000    
   374.36575615758687        0.00000000    
   374.50897182558901        0.00000000    
   374.65218749359116        0.00000000    
   374.79540316159330        0.00000000    
   374.93861882959544        0.00000000    
   375.08183449759758        0.00000000    
   375.22505016559973        0.00000000    
   375.36826583360187        0.00000000    
   375.51148150160401        0.00000000    
   375.65469716960615        0.00000000    
   375.79791283760829        0.00000000    
   375.94112850561044        0.00000000    
   376.08434417361258        0.00000000    
   376.22755984161472        0.00000000    
   376.37077550961686        0.00000000    
   376.51399117761900        0.00000000    
   376.65720684562115        0.00000000    
   376.80042251362329        0.00000000    
   376.94363818162543        0.00000000    
   377.08685384962757        0.00000000    
   377.23006951762972        0.00000000    
   377.37328518563186        0.00000000    
   377.51650085363400        0.00000000    
   377.65971652163614        0.00000000    
   377.80293218963828        0.00000000    
   377.94614785764043        0.00000000    
   378.08936352564257        0.00000000    
   378.23257919364471        0.00000000    
   378.37579486164685        0.00000000    
   378.51901052964899        0.00000000    
   378.66222619765114        0.00000000    
   378.80544186565328        0.00000000    
   378.94865753365542        0.00000000    
   379.09187320165756        0.00000000    
   379.23508886965971        0.00000000    
   379.37830453766185        0.00000000    
   379.52152020566399        0.00000000    
   379.66473587366613        0.00000000    
   379.80795154166827        0.00000000    
   379.95116720967042        0.00000000    
   380.09438287767256        0.00000000    
   380.23759854567470        0.00000000    
   380.38081421367684        0.00000000    
   380.52402988167898        0.00000000    
   380.66724554968113        0.00000000    
   380.81046121768327        0.00000000    
   380.95367688568541        0.00000000    
   381.09689255368755        0.00000000    
   381.24010822168970        0.00000000    
   381.38332388969184        0.00000000    
   381.52653955769398        0.00000000    
   381.66975522569612        0.00000000    
   381.81297089369826        0.00000000    
   381.95618656170041        0.00000000    
   382.09940222970255        0.00000000    
   382.24261789770469        0.00000000    
   382.38583356570683        0.00000000    
   382.52904923370897        0.00000000    
   382.67226490171112        0.00000000    
   382.81548056971326        0.00000000    
   382.95869623771540        0.00000000    
   383.10191190571754        0.00000000    
   383.24512757371969        0.00000000    
   383.38834324172183        0.00000000    
   383.53155890972397        0.00000000    
   383.67477457772611        0.00000000    
   383.81799024572825        0.00000000    
   383.96120591373040        0.00000000    
   384.10442158173254        0.00000000    
   384.24763724973468        0.00000000    
   384.39085291773682        0.00000000    
   384.53406858573896        0.00000000    
   384.67728425374111        0.00000000    
   384.82049992174325        0.00000000    
   384.96371558974539        0.00000000    
   385.10693125774753        0.00000000    
   385.25014692574968        0.00000000    
   385.39336259375182        0.00000000    
   385.53657826175396        0.00000000    
   385.67979392975610        0.00000000    
   385.82300959775824        0.00000000    
   385.96622526576039        0.00000000    
   386.10944093376253        0.00000000    
   386.25265660176467        0.00000000    
   386.39587226976681        0.00000000    
   386.53908793776895        0.00000000    
   386.68230360577110        0.00000000    
   386.82551927377324        0.00000000    
   386.96873494177538        0.00000000    
   387.11195060977752        0.00000000    
   387.25516627777967        0.00000000    
   387.39838194578181        0.00000000    
   387.54159761378395        0.00000000    
   387.68481328178609        0.00000000    
   387.82802894978823        0.00000000    
   387.97124461779038        0.00000000    
   388.11446028579252        0.00000000    
   388.25767595379466        0.00000000    
   388.40089162179680        0.00000000    
   388.54410728979894        0.00000000    
   388.68732295780109        0.00000000    
   388.83053862580323        0.00000000    
   388.97375429380537        0.00000000    
   389.11696996180751        0.00000000    
   389.26018562980965        0.00000000    
   389.40340129781180        0.00000000    
   389.54661696581394        0.00000000    
   389.68983263381608        0.00000000    
   389.83304830181822        0.00000000    
   389.97626396982037        0.00000000    
   390.11947963782251        0.00000000    
   390.26269530582465        0.00000000    
   390.40591097382679        0.00000000    
   390.54912664182893        0.00000000    
   390.69234230983108        0.00000000    
   390.83555797783322        0.00000000    
   390.97877364583536        0.00000000    
   391.12198931383750        0.00000000    
   391.26520498183964        0.00000000    
   391.40842064984179        0.00000000    
   391.55163631784393        0.00000000    
   391.69485198584607        0.00000000    
   391.83806765384821        0.00000000    
   391.98128332185036        0.00000000    
   392.12449898985250        0.00000000    
   392.26771465785464        0.00000000    
   392.41093032585678        0.00000000    
   392.55414599385892        0.00000000    
   392.69736166186107        0.00000000    
   392.84057732986321        0.00000000    
   392.98379299786535        0.00000000    
   393.12700866586749        0.00000000    
   393.27022433386963        0.00000000    
   393.41344000187178        0.00000000    
   393.55665566987392        0.00000000    
   393.69987133787606        0.00000000    
   393.84308700587820        0.00000000    
   393.98630267388035        0.00000000    
   394.12951834188249        0.00000000    
   394.27273400988463        0.00000000    
   394.41594967788677        0.00000000    
   394.55916534588891        0.00000000    
   394.70238101389106        0.00000000    
   394.84559668189320        0.00000000    
   394.98881234989534        0.00000000    
   395.13202801789748        0.00000000    
   395.27524368589962        0.00000000    
   395.41845935390177        0.00000000    
   395.56167502190391        0.00000000    
   395.70489068990605        0.00000000    
   395.84810635790819        0.00000000    
   395.99132202591034        0.00000000    
   396.13453769391248        0.00000000    
   396.27775336191462        0.00000000    
   396.42096902991676        0.00000000    
   396.56418469791890        0.00000000    
   396.70740036592105        0.00000000    
   396.85061603392319        0.00000000    
   396.99383170192533        0.00000000    
   397.13704736992747        0.00000000    
   397.28026303792961        0.00000000    
   397.42347870593176        0.00000000    
   397.56669437393390        0.00000000    
   397.70991004193604        0.00000000    
   397.85312570993818        0.00000000    
   397.99634137794033        0.00000000    
   398.13955704594247        0.00000000    
   398.28277271394461        0.00000000    
   398.42598838194675        0.00000000    
   398.56920404994889        0.00000000    
   398.71241971795104        0.00000000    
   398.85563538595318        0.00000000    
   398.99885105395532        0.00000000    
   399.14206672195746        0.00000000    
   399.28528238995960        0.00000000    
   399.42849805796175        0.00000000    
   399.57171372596389        0.00000000    
   399.71492939396603        0.00000000    
   399.85814506196817        0.00000000    
   400.00136072997032        0.00000000    
   400.14457639797246        0.00000000    
   400.28779206597460        0.00000000    
   400.43100773397674        0.00000000    
   400.57422340197888        0.00000000    
   400.71743906998103        0.00000000    
   400.86065473798317        0.00000000    
   401.00387040598531        0.00000000    
   401.14708607398745        0.00000000    
   401.29030174198959        0.00000000    
   401.43351740999174        0.00000000    
   401.57673307799388        0.00000000    
   401.71994874599602        0.00000000    
   401.86316441399816        0.00000000    
   402.00638008200031        0.00000000    
   402.14959575000245        0.00000000    
   402.29281141800459        0.00000000    
   402.43602708600673        0.00000000    
   402.57924275400887        0.00000000    
   402.72245842201102        0.00000000    
   402.86567409001316        0.00000000    
   403.00888975801530        0.00000000    
   403.15210542601744        0.00000000    
   403.29532109401958        0.00000000    
   403.43853676202173        0.00000000    
   403.58175243002387        0.00000000    
   403.72496809802601        0.00000000    
   403.86818376602815        0.00000000    
   404.01139943403030        0.00000000    
   404.15461510203244        0.00000000    
   404.29783077003458        0.00000000    
   404.44104643803672        0.00000000    
   404.58426210603886        0.00000000    
   404.72747777404101        0.00000000    
   404.87069344204315        0.00000000    
   405.01390911004529        0.00000000    
   405.15712477804743        0.00000000    
   405.30034044604957        0.00000000    
   405.44355611405172        0.00000000    
   405.58677178205386        0.00000000    
   405.72998745005600        0.00000000    
   405.87320311805814        0.00000000    
   406.01641878606029        0.00000000    
   406.15963445406243        0.00000000    
   406.30285012206457        0.00000000    
   406.44606579006671        0.00000000    
   406.58928145806885        0.00000000    
   406.73249712607100        0.00000000    
   406.87571279407314        0.00000000    
   407.01892846207528        0.00000000    
   407.16214413007742        0.00000000    
   407.30535979807956        0.00000000    
   407.44857546608171        0.00000000    
   407.59179113408385        0.00000000    
   407.73500680208599        0.00000000    
   407.87822247008813        0.00000000    
   408.02143813809028        0.00000000    
   408.16465380609242        0.00000000    
   408.30786947409456        0.00000000    
   408.45108514209670        0.00000000    
   408.59430081009884        0.00000000    
   408.73751647810099        0.00000000    
   408.88073214610313        0.00000000    
   409.02394781410527        0.00000000    
   409.16716348210741        0.00000000    
   409.31037915010955        0.00000000    
   409.45359481811170        0.00000000    
   409.59681048611384        0.00000000    
   409.74002615411598        0.00000000    
   409.88324182211812        0.00000000    
   410.02645749012026        0.00000000    
   410.16967315812241        0.00000000    
   410.31288882612455        0.00000000    
   410.45610449412669        0.00000000    
   410.59932016212883        0.00000000    
   410.74253583013098        0.00000000    
   410.88575149813312        0.00000000    
   411.02896716613526        0.00000000    
   411.17218283413740        0.00000000    
   411.31539850213954        0.00000000    
   411.45861417014169        0.00000000    
   411.60182983814383        0.00000000    
   411.74504550614597        0.00000000    
   411.88826117414811        0.00000000    
   412.03147684215025        0.00000000    
   412.17469251015240        0.00000000    
   412.31790817815454        0.00000000    
   412.46112384615668        0.00000000    
   412.60433951415882        0.00000000    
   412.74755518216097        0.00000000    
   412.89077085016311        0.00000000    
   413.03398651816525        0.00000000    
   413.17720218616739        0.00000000    
   413.32041785416953        0.00000000    
   413.46363352217168        0.00000000    
   413.60684919017382        0.00000000    
   413.75006485817596        0.00000000    
   413.89328052617810        0.00000000    
   414.03649619418024        0.00000000    
   414.17971186218239        0.00000000    
   414.32292753018453        0.00000000    
   414.46614319818667        0.00000000    
   414.60935886618881        0.00000000    
   414.75257453419096        0.00000000    
   414.89579020219310        0.00000000    
   415.03900587019524        0.00000000    
   415.18222153819738        0.00000000    
   415.32543720619952        0.00000000    
   415.46865287420167        0.00000000    
   415.61186854220381        0.00000000    
   415.75508421020595        0.00000000    
   415.89829987820809        0.00000000    
   416.04151554621023        0.00000000    
   416.18473121421238        0.00000000    
   416.32794688221452        0.00000000    
   416.47116255021666        0.00000000    
   416.61437821821880        0.00000000    
   416.75759388622095        0.00000000    
   416.90080955422309        0.00000000    
   417.04402522222523        0.00000000    
   417.18724089022737        0.00000000    
   417.33045655822951        0.00000000    
   417.47367222623166        0.00000000    
   417.61688789423380        0.00000000    
   417.76010356223594        0.00000000    
   417.90331923023808        0.00000000    
   418.04653489824022        0.00000000    
   418.18975056624237        0.00000000    
   418.33296623424451        0.00000000    
   418.47618190224665        0.00000000    
   418.61939757024879        0.00000000    
   418.76261323825094        0.00000000    
   418.90582890625308        0.00000000    
   419.04904457425522        0.00000000    
   419.19226024225736        0.00000000    
   419.33547591025950        0.00000000    
   419.47869157826165        0.00000000    
   419.62190724626379        0.00000000    
   419.76512291426593        0.00000000    
   419.90833858226807        0.00000000    
   420.05155425027021        0.00000000    
   420.19476991827236        0.00000000    
   420.33798558627450        0.00000000    
   420.48120125427664        0.00000000    
   420.62441692227878        0.00000000    
   420.76763259028093        0.00000000    
   420.91084825828307        0.00000000    
   421.05406392628521        0.00000000    
   421.19727959428735        0.00000000    
   421.34049526228949        0.00000000    
   421.48371093029164        0.00000000    
   421.62692659829378        0.00000000    
   421.77014226629592        0.00000000    
   421.91335793429806        0.00000000    
   422.05657360230020        0.00000000    
   422.19978927030235        0.00000000    
   422.34300493830449        0.00000000    
   422.48622060630663        0.00000000    
   422.62943627430877        0.00000000    
   422.77265194231092        0.00000000    
   422.91586761031306        0.00000000    
   423.05908327831520        0.00000000    
   423.20229894631734        0.00000000    
   423.34551461431948        0.00000000    
   423.48873028232163        0.00000000    
   423.63194595032377        0.00000000    
   423.77516161832591        0.00000000    
   423.91837728632805        0.00000000    
   424.06159295433019        0.00000000    
   424.20480862233234        0.00000000    
   424.34802429033448        0.00000000    
   424.49123995833662        0.00000000    
   424.63445562633876        0.00000000    
   424.77767129434091        0.00000000    
   424.92088696234305        0.00000000    
   425.06410263034519        0.00000000    
   425.20731829834733        0.00000000    
   425.35053396634947        0.00000000    
   425.49374963435162        0.00000000    
   425.63696530235376        0.00000000    
   425.78018097035590        0.00000000    
   425.92339663835804        0.00000000    
   426.06661230636018        0.00000000    
   426.20982797436233        0.00000000    
   426.35304364236447        0.00000000    
   426.49625931036661        0.00000000    
   426.63947497836875        0.00000000    
   426.78269064637090        0.00000000    
   426.92590631437304        0.00000000    
   427.06912198237518        0.00000000    
   427.21233765037732        0.00000000    
   427.35555331837946        0.00000000    
   427.49876898638161        0.00000000    
   427.64198465438375        0.00000000    
   427.78520032238589        0.00000000    
   427.92841599038803        0.00000000    
   428.07163165839017        0.00000000    
   428.21484732639232        0.00000000    
   428.35806299439446        0.00000000    
   428.50127866239660        0.00000000    
   428.64449433039874        0.00000000    
   428.78770999840089        0.00000000    
   428.93092566640303        0.00000000    
   429.07414133440517        0.00000000    
   429.21735700240731        0.00000000    
   429.36057267040945        0.00000000    
   429.50378833841160        0.00000000    
   429.64700400641374        0.00000000    
   429.79021967441588        0.00000000    
   429.93343534241802        0.00000000    
   430.07665101042016        0.00000000    
   430.21986667842231        0.00000000    
   430.36308234642445        0.00000000    
   430.50629801442659        0.00000000    
   430.64951368242873        0.00000000    
   430.79272935043088        0.00000000    
   430.93594501843302        0.00000000    
   431.07916068643516        0.00000000    
   431.22237635443730        0.00000000    
   431.36559202243944        0.00000000    
   431.50880769044159        0.00000000    
   431.65202335844373        0.00000000    
   431.79523902644587        0.00000000    
   431.93845469444801        0.00000000    
   432.08167036245015        0.00000000    
   432.22488603045230        0.00000000    
   432.36810169845444        0.00000000    
   432.51131736645658        0.00000000    
   432.65453303445872        0.00000000    
   432.79774870246086        0.00000000    
   432.94096437046301        0.00000000    
   433.08418003846515        0.00000000    
   433.22739570646729        0.00000000    
   433.37061137446943        0.00000000    
   433.51382704247158        0.00000000    
   433.65704271047372        0.00000000    
   433.80025837847586        0.00000000    
   433.94347404647800        0.00000000    
   434.08668971448014        0.00000000    
   434.22990538248229        0.00000000    
   434.37312105048443        0.00000000    
   434.51633671848657        0.00000000    
   434.65955238648871        0.00000000    
   434.80276805449085        0.00000000    
   434.94598372249300        0.00000000    
   435.08919939049514        0.00000000    
   435.23241505849728        0.00000000    
   435.37563072649942        0.00000000    
   435.51884639450157        0.00000000    
   435.66206206250371        0.00000000    
   435.80527773050585        0.00000000    
   435.94849339850799        0.00000000    
   436.09170906651013        0.00000000    
   436.23492473451228        0.00000000    
   436.37814040251442        0.00000000    
   436.52135607051656        0.00000000    
   436.66457173851870        0.00000000    
   436.80778740652084        0.00000000    
   436.95100307452299        0.00000000    
   437.09421874252513        0.00000000    
   437.23743441052727        0.00000000    
   437.38065007852941        0.00000000    
   437.52386574653156        0.00000000    
   437.66708141453370        0.00000000    
   437.81029708253584        0.00000000    
   437.95351275053798        0.00000000    
   438.09672841854012        0.00000000    
   438.23994408654227        0.00000000    
   438.38315975454441        0.00000000    
   438.52637542254655        0.00000000    
   438.66959109054869        0.00000000    
   438.81280675855083        0.00000000    
   438.95602242655298        0.00000000    
   439.09923809455512        0.00000000    
   439.24245376255726        0.00000000    
   439.38566943055940        0.00000000    
   439.52888509856155        0.00000000    
   439.67210076656369        0.00000000    
   439.81531643456583        0.00000000    
   439.95853210256797        0.00000000    
   440.10174777057011        0.00000000    
   440.24496343857226        0.00000000    
   440.38817910657440        0.00000000    
   440.53139477457654        0.00000000    
   440.67461044257868        0.00000000    
   440.81782611058082        0.00000000    
   440.96104177858297        0.00000000    
   441.10425744658511        0.00000000    
   441.24747311458725        0.00000000    
   441.39068878258939        0.00000000    
   441.53390445059154        0.00000000    
   441.67712011859368        0.00000000    
   441.82033578659582        0.00000000    
   441.96355145459796        0.00000000    
   442.10676712260010        0.00000000    
   442.24998279060225        0.00000000    
   442.39319845860439        0.00000000    
   442.53641412660653        0.00000000    
   442.67962979460867        0.00000000    
   442.82284546261081        0.00000000    
   442.96606113061296        0.00000000    
   443.10927679861510        0.00000000    
   443.25249246661724        0.00000000    
   443.39570813461938        0.00000000    
   443.53892380262153        0.00000000    
   443.68213947062367        0.00000000    
   443.82535513862581        0.00000000    
   443.96857080662795        0.00000000    
   444.11178647463009        0.00000000    
   444.25500214263224        0.00000000    
   444.39821781063438        0.00000000    
   444.54143347863652        0.00000000    
   444.68464914663866        0.00000000    
   444.82786481464080        0.00000000    
   444.97108048264295        0.00000000    
   445.11429615064509        0.00000000    
   445.25751181864723        0.00000000    
   445.40072748664937        0.00000000    
   445.54394315465152        0.00000000    
   445.68715882265366        0.00000000    
   445.83037449065580        0.00000000    
   445.97359015865794        0.00000000    
   446.11680582666008       -0.00000000    
   446.26002149466223       -0.00000000    
   446.40323716266437        0.00000000    
   446.54645283066651        0.00000000    
   446.68966849866865        0.00000000    
   446.83288416667079        0.00000000    
   446.97609983467294        0.00000000    
   447.11931550267508        0.00000000    
   447.26253117067722       -0.00000000    
   447.40574683867936       -0.00000000    
   447.54896250668151       -0.00000000    
   447.69217817468365       -0.00000000    
   447.83539384268579        1.40129846E-45
   447.97860951068793        4.20389539E-45
   448.12182517869007        7.00649232E-45
   448.26504084669222        7.00649232E-45
   448.40825651469436        7.00649232E-45
   448.55147218269650        7.00649232E-45
   448.69468785069864        8.40779079E-45
   448.83790351870078        9.80908925E-45
   448.98111918670293        9.80908925E-45
   449.12433485470507        9.80908925E-45
   449.26755052270721        9.80908925E-45
   449.41076619070935        8.40779079E-45
   449.55398185871150        7.00649232E-45
   449.69719752671364        5.60519386E-45
   449.84041319471578        4.20389539E-45
   449.98362886271792        2.80259693E-45
   450.12684453072006       -1.40129846E-45
   450.27006019872221       -5.60519386E-45
   450.41327586672435       -9.80908925E-45
   450.55649153472649       -1.26116862E-44
   450.69970720272863       -1.40129846E-44
   450.84292287073077       -1.40129846E-44
   450.98613853873292       -1.26116862E-44
   451.12935420673506       -1.26116862E-44
   451.27256987473720       -1.40129846E-44
   451.41578554273934       -1.54142831E-44
   451.55900121074149       -1.68155816E-44
   451.70221687874363       -1.68155816E-44
   451.84543254674577       -1.54142831E-44
   451.98864821474791       -1.40129846E-44
   452.13186388275005       -1.26116862E-44
   452.27507955075220       -1.12103877E-44
   452.41829521875434       -1.12103877E-44
   452.56151088675648       -1.26116862E-44
   452.70472655475862       -1.54142831E-44
   452.84794222276076       -1.68155816E-44
   452.99115789076291       -1.82168800E-44
   453.13437355876505       -1.68155816E-44
   453.27758922676719       -1.54142831E-44
   453.42080489476933       -1.40129846E-44
   453.56402056277147       -1.40129846E-44
   453.70723623077362       -1.40129846E-44
   453.85045189877576       -1.40129846E-44
   453.99366756677790       -1.40129846E-44
   454.13688323478004       -1.26116862E-44
   454.28009890278219       -9.80908925E-45
   454.42331457078433       -5.60519386E-45
   454.56653023878647       -1.40129846E-45
   454.70974590678861        1.40129846E-45
   454.85296157479075        2.80259693E-45
   454.99617724279290        5.60519386E-45
   455.13939291079504        9.80908925E-45
   455.28260857879718        1.40129846E-44
   455.42582424679932        2.10194770E-44
   455.56903991480146        2.80259693E-44
   455.71225558280361        3.36311631E-44
   455.85547125080575        3.64337601E-44
   455.99868691880789        3.92363570E-44
   456.14190258681003        4.06376555E-44
   456.28511825481218        4.20389539E-44
   456.42833392281432        4.48415509E-44
   456.57154959081646        5.04467447E-44
   456.71476525881860        5.60519386E-44
   456.85798092682074        6.02558340E-44
   457.00119659482289        6.30584309E-44
   457.14441226282503        6.30584309E-44
   457.28762793082717        6.16571324E-44
   457.43084359882931        6.02558340E-44
   457.57405926683145        6.02558340E-44
   457.71727493483360        6.02558340E-44
   457.86049060283574        6.02558340E-44
   458.00370627083788        6.02558340E-44
   458.14692193884002        5.88545355E-44
   458.29013760684217        5.46506401E-44
   458.43335327484431        4.76441478E-44
   458.57656894284645        3.92363570E-44
   458.71978461084859        3.22298647E-44
   458.86300027885073        2.66246708E-44
   459.00621594685288        2.10194770E-44
   459.14943161485502        1.54142831E-44
   459.29264728285716        7.00649232E-45
   459.43586295085930       -5.60519386E-45
   459.57907861886144       -1.96181785E-44
   459.72229428686359       -3.50324616E-44
   459.86550995486573       -5.04467447E-44
   460.00872562286787       -6.16571324E-44
   460.15194129087001       -7.14662217E-44
   460.29515695887216       -7.98740125E-44
   460.43837262687430       -8.82818033E-44
   460.58158829487644       -9.94921910E-44
   460.72480396287858       -1.12103877E-43
   460.86801963088072       -1.23314265E-43
   461.01123529888287       -1.33123354E-43
   461.15445096688501       -1.38728548E-43
   461.29766663488715       -1.40129846E-43
   461.44088230288929       -1.37327250E-43
   461.58409797089143       -1.33123354E-43
   461.72731363889358       -1.30320757E-43
   461.87052930689572       -1.27518160E-43
   462.01374497489786       -1.24715563E-43
   462.15696064290000       -1.17709071E-43
   462.30017631090215       -1.05097385E-43
   462.44339197890429       -8.54792063E-44
   462.58660764690643       -5.88545355E-44
   462.72982331490857       -2.80259693E-44
   462.87303898291071        4.20389539E-45
   463.01625465091286        3.50324616E-44
   463.15947031891500        6.44597294E-44
   463.30268598691714        9.38869971E-44
   463.44590165491928        1.26116862E-43
   463.58911732292142        1.65353219E-43
   463.73233299092357        2.08793471E-43
   463.87554865892571        2.52233724E-43
   464.01876432692785        2.91470081E-43
   464.16197999492999        3.22298647E-43
   464.30519566293214        3.44719422E-43
   464.44841133093428        3.60133705E-43
   464.59162699893642        3.71344093E-43
   464.73484266693856        3.79751884E-43
   464.87805833494070        3.85357078E-43
   465.02127400294285        3.85357078E-43
   465.16448967094499        3.75547988E-43
   465.30770533894713        3.51725915E-43
   465.45092100694927        3.11088259E-43
   465.59413667495141        2.56437619E-43
   465.73735234295356        1.93379188E-43
   465.88056801095570        1.26116862E-43
   466.02378367895784        5.74532370E-44
   466.16699934695998       -1.40129846E-44
   466.31021501496213       -9.10844002E-44
   466.45343068296427       -1.76563607E-43
   466.59664635096641       -2.73253201E-43
   466.73986201896855       -3.76949287E-43
   466.88307768697069       -4.83447970E-43
   467.02629335497284       -5.88545355E-43
   467.16950902297498       -6.88037546E-43
   467.31272469097712       -7.80523245E-43
   467.45594035897926       -8.68805048E-43
   467.59915602698140       -9.52882956E-43
   467.74237169498355       -1.03415827E-42
   467.88558736298569       -1.10842709E-42
   468.02880303098783       -1.17008422E-42
   468.17201869898997       -1.21352447E-42
   468.31523436699212       -1.23174135E-42
   468.45845003499426       -1.22333356E-42
   468.60166570299640       -1.18830110E-42
   468.74488137099854       -1.12664397E-42
   468.88809703900068       -1.04116476E-42
   469.03131270700283       -9.30462180E-43
   469.17452837500497       -7.90332334E-43
   469.31774404300711       -6.17972623E-43
   469.46095971100925       -4.13383047E-43
   469.60417537901139       -1.77964905E-43
   469.74739104701354        8.12753109E-44
   469.89060671501568        3.57331108E-43
   470.03382238301782        6.41794697E-43
   470.17703805101996        9.27659583E-43
   470.32025371902211        1.20932057E-42
   470.46346938702425        1.48537637E-42
   470.60668505502639        1.75302438E-42
   470.74990072302853        2.00665940E-42
   470.89311639103067        2.23787365E-42
   471.03633205903282        2.43685803E-42
   471.17954772703496        2.59520476E-42
   471.32276339503710        2.70730863E-42
   471.46597906303924        2.77036706E-42
   471.60919473104138        2.78578135E-42
   471.75241039904353        2.75355148E-42
   471.89562606704567        2.67507877E-42
   472.03884173504781        2.54756061E-42
   472.18205740304995        2.36679311E-42
   472.32527307105210        2.12857237E-42
   472.46848873905424        1.83149709E-42
   472.61170440705638        1.47556728E-42
   472.75492007505852        1.06638813E-42
   472.89813574306066        6.10966130E-43
   473.04135141106281        1.13505176E-43
   473.18456707906495       -4.24593435E-43
   473.32778274706709       -9.99125805E-43
   473.47099841506923       -1.61009194E-42
   473.61421408307137       -2.25048533E-42
   473.75742975107352       -2.91049691E-42
   473.90064541907566       -3.57471238E-42
   474.04386108707780       -4.22771747E-42
   474.18707675507994       -4.85269658E-42
   474.33029242308208       -5.43563674E-42
   474.47350809108423       -5.96252497E-42
   474.61672375908637       -6.42215086E-42
   474.75993942708851       -6.80330404E-42
   474.90315509509065       -7.09057023E-42
   475.04637076309280       -7.26713384E-42
   475.18958643109494       -7.31617928E-42
   475.33280209909708       -7.22789748E-42
   475.47601776709922       -6.99388064E-42
   475.61923343510136       -6.61132615E-42
   475.76244910310351       -6.08303663E-42
   475.90566477110565       -5.41041337E-42
   476.04888043910779       -4.59485766E-42
   476.19209610710993       -3.63917211E-42
   476.33531177511207       -2.54615931E-42
   476.47852744311422       -1.32282575E-42
   476.62174311111636        1.82168800E-44
   476.76495877911850        1.45735040E-42
   476.90817444712064        2.97215404E-42
   477.05139011512279        4.53880573E-42
   477.19460578312493        6.13348338E-42
   477.33782145112707        7.73096363E-42
   477.48103711912921        9.30602310E-42
   477.62425278713135        1.08334384E-41
   477.76746845513350        1.22823810E-41
   477.91068412313564        1.36206211E-41
   478.05389979113778        1.48145274E-41
   478.19711545913992        1.58290675E-41
   478.34033112714206        1.66334128E-41
   478.48354679514421        1.72009386E-41
   478.62676246314635        1.75092243E-41
   478.76997813114849        1.75386516E-41
   478.91319379915063        1.72710036E-41
   479.05640946715278        1.66852608E-41
   479.19962513515492        1.57660090E-41
   479.34284080315706        1.45006365E-41
   479.48605647115920        1.28821368E-41
   479.62927213916134        1.09147137E-41
   479.77248780716349        8.60957776E-42
   479.91570347516563        5.98354444E-42
   480.05891914316777        3.06183714E-42
   480.20213481116991       -1.26116862E-43
   480.34535047917205       -3.54388382E-42
   480.48856614717420       -7.15362866E-42
   480.63178181517634       -1.09077072E-41
   480.77499748317848       -1.47514689E-41
   480.91821315118062       -1.86246579E-41
   481.06142881918277       -2.24600118E-41
   481.20464448718491       -2.61874657E-41
   481.34786015518705       -2.97355534E-41
   481.49107582318919       -3.30356113E-41
   481.63429149119133       -3.60161731E-41
   481.77750715919348       -3.86099766E-41
   481.92072282719562       -4.07483580E-41
   482.06393849519776       -4.23626539E-41
   482.20715416319990       -4.33856018E-41
   482.35036983120204       -4.37555445E-41
   482.49358549920419       -4.34178316E-41
   482.63680116720633       -4.23290227E-41
   482.78001683520847       -4.04512828E-41
   482.92323250321061       -3.77593884E-41
   483.06644817121276       -3.42379254E-41
   483.20966383921490       -2.98798872E-41
   483.35287950721704       -2.46922802E-41
   483.49609517521918       -1.86933215E-41
   483.63931084322132       -1.19194447E-41
   483.78252651122347       -4.42670185E-42
   483.92574217922561        3.71203963E-42
   484.06895784722775        1.24070966E-41
   484.21217351522989        2.15547730E-41
   484.35538918323203        3.10387610E-41
   484.49860485123418        4.07329438E-41
   484.64182051923632        5.04943889E-41
   484.78503618723846        6.01675522E-41
   484.92825185524060        6.95842778E-41
   485.07146752324275        7.85637984E-41
   485.21468319124489        8.69225437E-41
   485.35789885924703        9.44755425E-41
   485.50111452724917        1.01039224E-40
   485.64433019525131        1.06434224E-40
   485.78754586325346        1.10485377E-40
   485.93076153125560        1.13025932E-40
   486.07397719925774        1.13894737E-40
   486.21719286725988        1.12946058E-40
   486.36040853526202        1.10048172E-40
   486.50362420326417        1.05094582E-40
   486.64683987126631        9.80026107E-41
   486.79005553926845        8.87204097E-41
   486.93327120727059        7.72283610E-41
   487.07648687527274        6.35404776E-41
   487.21970254327488        4.77086075E-41
   487.36291821127702        2.98168287E-41
   487.50613387927916        9.99265935E-42
   487.64934954728130       -1.15957448E-41
   487.79256521528345       -3.47311824E-41
   487.93578088328559       -5.91516108E-41
   488.07899655128773       -8.45473428E-41
   488.22221221928987       -1.10572258E-40
   488.36542788729201       -1.36840999E-40
   488.50864355529416       -1.62934578E-40
   488.65185922329630       -1.88403177E-40
   488.79507489129844       -2.12768955E-40
   488.93829055930058       -2.35531647E-40
   489.08150622730273       -2.56174175E-40
   489.22472189530487       -2.74168248E-40
   489.36793756330701       -2.88984177E-40
   489.51115323130915       -3.00104882E-40
   489.65436889931129       -3.07032901E-40
   489.79758456731344       -3.09301604E-40
   489.94080023531558       -3.06483592E-40
   490.08401590331772       -2.98200517E-40
   490.22723157131986       -2.84132882E-40
   490.37044723932200       -2.64031255E-40
   490.51366290732415       -2.37730284E-40
   490.65687857532629       -2.05157102E-40
   490.80009424332843       -1.66346739E-40
   490.94330991133057       -1.21443531E-40
   491.08652557933272       -7.07123231E-41
   491.22974124733486       -1.45398729E-41
   491.37295691533700        4.65623454E-41
   491.51617258333914        1.11953938E-40
   491.65938825134128        1.80865593E-40
   491.80260391934343        2.52397675E-40
   491.94581958734557        3.25525837E-40
   492.08903525534771        3.99106618E-40
   492.23225092334985        4.71892863E-40
   492.37546659135199        5.42546332E-40
   492.51868225935414        6.09655916E-40
   492.66189792735628        6.71753057E-40
   492.80511359535842        7.27331356E-40
   492.94832926336056        7.74864801E-40
   493.09154493136271        8.12838589E-40
   493.23476059936485        8.39777150E-40
   493.37797626736699        8.54276385E-40
   493.52119193536913        8.55041494E-40
   493.66440760337127        8.40912202E-40
   493.80762327137342        8.10894988E-40
   493.95083893937556        7.64195315E-40
   494.09405460737770        7.00244257E-40
   494.23727027537984        6.18725120E-40
   494.38048594338198        5.19608477E-40
   494.52370161138413        4.03177390E-40
   494.66691727938627        2.70051234E-40
   494.81013294738841        1.21199705E-40
   494.95334861539055       -4.20403552E-41
   495.09656428339269       -2.17967772E-40
   495.23977995139484       -4.04517032E-40
   495.38299561939698       -5.99263887E-40
   495.52621128739912       -7.99439373E-40
   495.66942695540126       -1.00194942E-39
   495.81264262340341       -1.20339588E-39
   495.95585829140555       -1.40011857E-39
   496.09907395940769       -1.58823308E-39
   496.24228962740983       -1.76369246E-39
   496.38550529541197       -1.92234327E-39
   496.52872096341412       -2.05999843E-39
   496.67193663141626       -2.17250868E-39
   496.81515229941840       -2.25583970E-39
   496.95836796742054       -2.30614631E-39
   497.10158363542268       -2.31985802E-39
   497.24479930342483       -2.29376584E-39
   497.38801497142697       -2.22511062E-39
   497.53123063942911       -2.11167271E-39
   497.67444630743125       -1.95186162E-39
   497.81766197543340       -1.74478895E-39
   497.96087764343554       -1.49034257E-39
   498.10409331143768       -1.18924838E-39
   498.24730897943982       -8.43119247E-40
   498.39052464744196       -4.54499947E-40
   498.53374031544411       -2.68909175E-41
   498.67695598344625        4.35232093E-40
   498.82017165144839        9.26419434E-40
   498.96338731945053        1.44026857E-39
   499.10660298745267        1.96946474E-39
   499.24981865545482        2.50584676E-39
   499.39303432345696        3.04048276E-39
   499.53624999145910        3.56377525E-39
   499.67946565946124        4.06557743E-39
   499.82268132746339        4.53533051E-39
   499.96589699546553        4.96221927E-39
   500.10911266346767        5.33534301E-39
   500.25232833146981        5.64390473E-39
   500.39554399947195        5.87741850E-39
   500.53875966747410        6.02591691E-39
   500.68197533547624        6.08017378E-39
   500.82519100347838        6.03192287E-39
   500.96840667148052        5.87407921E-39
   501.11162233948266        5.60095353E-39
   501.25483800748481        5.20845683E-39
   501.39805367548695        4.69429240E-39
   501.54126934348909        4.05813653E-39
   501.68448501149123        3.30179970E-39
   501.82770067949338        2.42934987E-39
   501.97091634749552        1.44721761E-39
   502.11413201549766        3.64254924E-40
   502.25734768349980       -8.08242330E-40
   502.40056335150194       -2.05654983E-39
   502.54377901950409       -3.36457647E-39
   502.68699468750623       -4.71396803E-39
   502.83021035550837       -6.08426137E-39
   502.97342602351051       -7.45308334E-39
   503.11664169151265       -8.79640448E-39
   503.25985735951480       -1.00888361E-38
   503.40307302751694       -1.13039748E-38
   503.54628869551908       -1.24147953E-38
   503.68950436352122       -1.33940788E-38
   503.83272003152337       -1.42148753E-38
   503.97593569952551       -1.48509906E-38
   504.11915136752765       -1.52774996E-38
   504.26236703552979       -1.54712683E-38
   504.40558270353193       -1.54114959E-38
   504.54879837153408       -1.50802486E-38
   504.69201403953622       -1.44629836E-38
   504.83522970753836       -1.35490512E-38
   504.97844537554050       -1.23321636E-38
   505.12166104354264       -1.08108243E-38
   505.26487671154479       -8.98870047E-39
   505.40809237954693       -6.87493562E-39
   505.55130804754907       -4.48438490E-39
   505.69452371555121       -1.83777911E-39
   505.83773938355336        1.03820802E-39
   505.98095505155550        4.11098230E-39
   506.12417071955764        7.34216496E-39
   506.26738638755978        1.06878365E-38
   506.41060205556192        1.40988926E-38
   506.55381772356407        1.75215207E-38
   506.69703339156621        2.08977770E-38
   506.84024905956835        2.41662860E-38
   506.98346472757049        2.72630435E-38
   507.12668039557263        3.01223202E-38
   507.26989606357478        3.26776664E-38
   507.41311173157692        3.48629942E-38
   507.55632739957906        3.66137428E-38
   507.69954306758120        3.78680843E-38
   507.84275873558335        3.85681815E-38
   507.98597440358549        3.86614603E-38
   508.12919007158763        3.81018770E-38
   508.27240573958977        3.68511733E-38
   508.41562140759191        3.48800816E-38
   508.55883707559406        3.21694715E-38
   508.70205274359620        2.87113976E-38
   508.84526841159834        2.45100470E-38
   508.98848407960048        1.95825239E-38
   509.13169974760262        1.39595013E-38
   509.27491541560477        7.68566525E-39
   509.41813108360691        8.19959987E-40
   509.56134675160905       -6.56438266E-39
   509.70456241961119       -1.43800576E-38
   509.84777808761334       -2.25261545E-38
   509.99099375561548       -3.08888809E-38
   510.13420942361762       -3.93425530E-38
   510.27742509161976       -4.77508651E-38
   510.42064075962190       -5.59684156E-38
   510.56385642762405       -6.38425134E-38
   510.70707209562619       -7.12152155E-38
   510.85028776362833       -7.79256078E-38
   510.99350343163047       -8.38122945E-38
   511.13671909963261       -8.87160713E-38
   511.27993476763476       -9.24827335E-38
   511.42315043563690       -9.49660306E-38
   511.56636610363904       -9.60307035E-38
   511.70958177164118       -9.55555176E-38
   511.85279743964333       -9.34363003E-38
   511.99601310764547       -8.95889232E-38
   512.13922877564755       -8.39521441E-38
   512.28244444364964       -7.64902746E-38
   512.42566011165172       -6.71956021E-38
   512.56887577965381       -5.60905471E-38
   512.71209144765589       -4.32294495E-38
   512.85530711565798       -2.86999658E-38
   512.99852278366006       -1.26240092E-38
   513.14173845166215        4.84179868E-39
   513.28495411966423        2.35062394E-38
   513.42816978766632        4.31441861E-38
   513.57138545566841        6.34979005E-38
   513.71460112367049        8.42789718E-38
   513.85781679167258        1.05170903E-37
   514.00103245967466        1.25832331E-37
   514.14424812767675        1.45900909E-37
   514.28746379567883        1.64997816E-37
   514.43067946368092        1.82732840E-37
   514.57389513168300        1.98710041E-37
   514.71711079968509        2.12533929E-37
   514.86032646768717        2.23816108E-37
   515.00354213568926        2.32182174E-37
   515.14675780369134        2.37278999E-37
   515.28997347169343        2.38782178E-37
   515.43318913969551        2.36403445E-37
   515.57640480769760        2.29898147E-37
   515.71962047569968        2.19072433E-37
   515.86283614370177        2.03790298E-37
   516.00605181170386        1.83979917E-37
   516.14926747970594        1.59639710E-37
   516.29248314770803        1.30843374E-37
   516.43569881571011        9.77442337E-38
   516.57891448371220        6.05785194E-38
   516.72213015171428        1.96675196E-38
   516.86534581971637       -2.45815048E-38
   517.00856148771845       -7.16757831E-38
   517.15177715572054       -1.21038949E-37
   517.29499282372262       -1.72014454E-37
   517.43820849172471       -2.23870613E-37
   517.58142415972679       -2.75807196E-37
   517.72463982772888       -3.26963760E-37
   517.86785549573096       -3.76429439E-37
   518.01107116373305       -4.23254511E-37
   518.15428683173513       -4.66463157E-37
   518.29750249973722       -5.05067920E-37
   518.44071816773931       -5.38085248E-37
   518.58393383574139       -5.64552121E-37
   518.72714950374348       -5.83543818E-37
   518.87036517174556       -5.94191982E-37
   519.01358083974765       -5.95703277E-37
   519.15679650774973       -5.87378309E-37
   519.30001217575182       -5.68630056E-37
   519.44322784375390       -5.39002123E-37
   519.58644351175599       -4.98186088E-37
   519.72965917975807       -4.46037516E-37
   519.87287484776016       -3.82590713E-37
   520.01609051576224       -3.08071364E-37
   520.15930618376433       -2.22906878E-37
   520.30252185176641       -1.27734308E-37
   520.44573751976850       -2.34051680E-38
   520.58895318777058        8.90128102E-38
   520.73216885577267        2.08237458E-37
   520.87538452377476        3.32777691E-37
   521.01860019177684        4.60942937E-37
   521.16181585977893        5.90856668E-37
   521.30503152778101        7.20474085E-37
   521.44824719578310        8.47603873E-37
   521.59146286378518        9.69934135E-37
   521.73467853178727        1.08506213E-36
   521.87789419978935        1.19052784E-36
   522.02110986779144        1.28385109E-36
   522.16432553579352        1.36257160E-36
   522.30754120379561        1.42429205E-36
   522.45075687179769        1.46672300E-36
   522.59397253979978        1.48772939E-36
   522.73718820780186        1.48537799E-36
   522.88040387580395        1.45798473E-36
   523.02361954380603        1.40416160E-36
   523.16683521180812        1.32286207E-36
   523.31005087981021        1.21342438E-36
   523.45326654781229        1.07561078E-36
   523.59648221581438        9.09643324E-37
   523.73969788381646        7.16234048E-37
   523.88291355181855        4.96609369E-37
   524.02612921982063        2.52527301E-37
   524.16934488782272       -1.37127270E-38
   524.31256055582480       -2.99268676E-37
   524.45577622382689       -6.00763691E-37
   524.59899189182897       -9.14303797E-37
   524.74220755983106       -1.23550508E-36
   524.88542322783314       -1.55953210E-36
   525.02863889583523       -1.88114629E-36
   525.17185456383731       -2.19476415E-36
   525.31507023183940       -2.49452722E-36
   525.45828589984148       -2.77438011E-36
   525.60150156784357       -3.02815926E-36
   525.74471723584566       -3.24968907E-36
   525.88793290384774       -3.43288510E-36
   526.03114857184983       -3.57186414E-36
   526.17436423985191       -3.66105900E-36
   526.31757990785400       -3.69533445E-36
   526.46079557585608       -3.67010803E-36
   526.60401124385817       -3.58146597E-36
   526.74722691186025       -3.42628012E-36
   526.89044257986234       -3.20231774E-36
   527.03365824786442       -2.90834425E-36
   527.17687391586651       -2.54421776E-36
   527.32008958386859       -2.11097000E-36
   527.46330525187068       -1.61087460E-36
   527.60652091987276       -1.04749944E-36
   527.74973658787485       -4.25739316E-37
   527.89295225587693        2.48170317E-37
   528.03616792387902        9.66662137E-37
   528.17938359188111        1.72086877E-36
   528.32259925988319        2.50067877E-36
   528.46581492788528        3.29481833E-36
   528.60903059588736        4.09095926E-36
   528.75224626388945        4.87585105E-36
   528.89546193189153        5.63547876E-36
   529.03867759989362        6.35524736E-36
   529.18189326789570        7.02018514E-36
   529.32510893589779        7.61517225E-36
   529.46832460389987        8.12518498E-36
   529.61154027190196        8.53555764E-36
   529.75475593990404        8.83225660E-36
   529.89797160790613        9.00216447E-36
   530.04118727590821        9.03336342E-36
   530.18440294391030        8.91542728E-36
   530.32761861191238        8.63970053E-36
   530.47083427991447        8.19957389E-36
   530.61404994791656        7.59073683E-36
   530.75726561591864        6.81141794E-36
   530.90048128392073        5.86259405E-36
   531.04369695192281        4.74816528E-36
   531.18691261992490        3.47509751E-36
   531.33012828792698        2.05352008E-36
   531.47334395592907        4.96776897E-37
   531.61655962393115       -1.17857156E-36
   531.75977529193324       -2.95280231E-36
   531.90299095993532       -4.80313994E-36
   532.04620662793741       -6.70392737E-36
   532.18942229593949       -8.62685790E-36
   532.33263796394158       -1.05412671E-35
   532.47585363194366       -1.24144874E-35
   532.61906929994575       -1.42122533E-35
   532.76228496794783       -1.58991752E-35
   532.90550063594992       -1.74392508E-35
   533.04871630395201       -1.87964302E-35
   533.19193197195409       -1.99352176E-35
   533.33514763995618       -2.08213096E-35
   533.47836330795826       -2.14222567E-35
   533.62157897596035       -2.17081348E-35
   533.76479464396243       -2.16522214E-35
   533.90801031196452       -2.12316665E-35
   534.05122597996660       -2.04281432E-35
   534.19444164796869       -1.92284617E-35
   534.33765731597077       -1.76251488E-35
   534.48087298397286       -1.56169648E-35
   534.62408865197494       -1.32093523E-35
   534.76730431997703       -1.04148039E-35
   534.91051998797911       -7.25313233E-36
   535.05373565598120       -3.75164217E-36
   535.19695132398328        5.48186334E-38
   535.34016699198537        4.12392533E-36
   535.48338265998746        8.40607389E-36
   535.62659832798954        1.28447137E-35
   535.76981399599163        1.73768199E-35
   535.91302966399371        2.19335020E-35
   536.05624533199580        2.64407595E-35
   536.19946099999788        3.08203656E-35
   536.34267666799997        3.49908910E-35
   536.48589233600205        3.88688285E-35
   536.62910800400414        4.23698616E-35
   536.77232367200622        4.54101905E-35
   536.91553934000831        4.79079783E-35
   537.05875500801039        4.97848318E-35
   537.20197067601248        5.09673458E-35
   537.34518634401456        5.13886526E-35
   537.48840201201665        5.09899660E-35
   537.63161768001873        4.97221024E-35
   537.77483334802082        4.75469299E-35
   537.91804901602291        4.44387575E-35
   538.06126468402499        4.03855864E-35
   538.20448035202708        3.53902319E-35
   538.34769602002916        2.94712591E-35
   538.49091168803125        2.26637363E-35
   538.63412735603333        1.50197528E-35
   538.77734302403542        6.60869109E-36
   538.92055869203750       -2.48275596E-36
   539.06377436003959       -1.21508621E-35
   539.20699002804167       -2.22754415E-35
   539.35020569604376       -3.27207290E-35
   539.49342136404584       -4.33365823E-35
   539.63663703204793       -5.39600006E-35
   539.77985270005001       -6.44169412E-35
   539.92306836805210       -7.45244535E-35
   540.06628403605418       -8.40930865E-35
   540.20949970405627       -9.29295841E-35
   540.35271537205836       -1.00839783E-34
   540.49593104006044       -1.07631753E-34
   540.63914670806253       -1.13119073E-34
   540.78236237606461       -1.17124294E-34
   540.92557804406670       -1.19482389E-34
   541.06879371206878       -1.20044307E-34
   541.21200938007087       -1.18680470E-34
   541.35522504807295       -1.15284175E-34
   541.49844071607504       -1.09774872E-34
   541.64165638407712       -1.02101189E-34
   541.78487205207921       -9.22436820E-35
   541.92808772008129       -8.02173014E-35
   542.07130338808338       -6.60734067E-35
   542.21451905608546       -4.99013194E-35
   542.35773472408755       -3.18294110E-35
   542.50095039208963       -1.20255684E-35
   542.64416606009172        9.30292356E-36
   542.78738172809381        3.19101659E-35
   542.93059739609589        5.55130995E-35
   543.07381306409798        7.97936758E-35
   543.21702873210006        1.04401691E-34
   543.36024440010215        1.28958400E-34
   543.50346006810423        1.53060741E-34
   543.64667573610632        1.76286328E-34
   543.78989140410840        1.98198978E-34
   543.93310707211049        2.18354940E-34
   544.07632274011257        2.36309629E-34
   544.21953840811466        2.51624737E-34
   544.36275407611674        2.63875798E-34
   544.50596974411883        2.72659978E-34
   544.64918541212091        2.77604034E-34
   544.79240108012300        2.78372307E-34
   544.93561674812508        2.74674620E-34
   545.07883241612717        2.66274082E-34
   545.22204808412926        2.52994371E-34
   545.36526375213134        2.34726569E-34
   545.50847942013343        2.11435434E-34
   545.65169508813551        1.83164864E-34
   545.79491075613760        1.50042349E-34
   545.93812642413968        1.12282417E-34
   546.08134209214177        7.01888882E-35
   546.22455776014385        2.41558636E-35
   546.36777342814594       -2.53326810E-35
   546.51098909614802       -7.77047913E-35
   546.65420476415011       -1.32303944E-34
   546.79742043215219       -1.88394138E-34
   546.94063610015428       -2.45166566E-34
   547.08385176815636       -3.01747862E-34
   547.22706743615845       -3.57210073E-34
   547.37028310416054       -4.10581947E-34
   547.51349877216262       -4.60861836E-34
   547.65671444016471       -5.07031856E-34
   547.79993010816679       -5.48073277E-34
   547.94314577616888       -5.82983071E-34
   548.08636144417096       -6.10790951E-34
   548.22957711217305       -6.30577414E-34
   548.37279278017513       -6.41491741E-34
   548.51600844817722       -6.42770597E-34
   548.65922411617930       -6.33755841E-34
   548.80243978418139       -6.13912394E-34
   548.94565545218347       -5.82844859E-34
   549.08887112018556       -5.40313040E-34
   549.23208678818764       -4.86246131E-34
   549.37530245618973       -4.20755070E-34
   549.51851812419181       -3.44142731E-34
   549.66173379219390       -2.56911637E-34
   549.80494946019599       -1.59768945E-34
   549.94816512819807       -5.36286352E-35
   550.09138079620016        6.03897308E-35
   550.23459646420224        1.80965587E-34
   550.37781213220433        3.06585457E-34
   550.52102780020641        4.35554820E-34
   550.66424346820850        5.66013479E-34
   550.80745913621058        6.95954874E-34
   550.95067480421267        8.23248744E-34
   551.09389047221475        9.45667481E-34
   551.23710614021684        1.06091589E-33
   551.38032180821892        1.16666382E-33
   551.52353747622101        1.26058141E-33
   551.66675314422309        1.34037718E-33
   551.80996881222518        1.40383707E-33
   551.95318448022726        1.44886585E-33
   552.09640014822935        1.47352836E-33
   552.23961581623144        1.47609140E-33
   552.38283148423352        1.45506511E-33
   552.52604715223561        1.40924306E-33
   552.66926282023769        1.33774012E-33
   552.81247848823978        1.24002798E-33
   552.95569415624186        1.11596686E-33
   553.09890982424395        9.65832995E-34
   553.24212549224603        7.90341515E-34
   553.38534116024812        5.90663320E-34
   553.52855682825020        3.68435883E-34
   553.67177249625229        1.25767277E-34
   553.81498816425437       -1.34767328E-34
   553.95820383225646       -4.10136867E-34
   554.10141950025854       -6.96873780E-34
   554.24463516826063       -9.91101899E-34
   554.38785083626271       -1.28857277E-33
   554.53106650426480       -1.58471002E-33
   554.67428217226689       -1.87466223E-33
   554.81749784026897       -2.15336331E-33
   554.96071350827106       -2.41560048E-33
   555.10392917627314       -2.65608918E-33
   555.24714484427523       -2.86955344E-33
   555.39036051227731       -3.05081265E-33
   555.53357618027940       -3.19487022E-33
   555.67679184828148       -3.29700709E-33
   555.82000751628357       -3.35287539E-33
   555.96322318428565       -3.35859307E-33
   556.10643885228774       -3.31083531E-33
   556.24965452028982       -3.20692491E-33
   556.39287018829191       -3.04491553E-33
   556.53608585629399       -2.82367188E-33
   556.67930152429608       -2.54293848E-33
   556.82251719229816       -2.20340098E-33
   556.96573286030025       -1.80673500E-33
   557.10894852830234       -1.35564162E-33
   557.25216419630442       -8.53869637E-34
   557.39537986430651       -3.06221054E-34
   557.53859553230859        2.81458944E-34
   557.68181120031068        9.02309923E-34
   557.82502686831276        1.54850222E-33
   557.96824253631485        2.21130085E-33
   558.11145820431693        2.88114969E-33
   558.25467387231902        3.54777309E-33
   558.39788954032110        4.20029588E-33
   558.54110520832319        4.82738024E-33
   558.68432087632527        5.41737959E-33
   558.82753654432736        5.95850519E-33
   558.97075221232944        6.43900761E-33
   559.11396788033153        6.84736627E-33
   559.25718354833361        7.17249111E-33
   559.40039921633570        7.40392464E-33
   559.54361488433779        7.53204985E-33
   559.68683055233987        7.54830032E-33
   559.83004622034196        7.44536008E-33
   559.97326188834404        7.21735972E-33
   560.11647755634613        6.86006160E-33
   560.25969322434821        6.37102583E-33
   560.40290889235030        5.74976421E-33
   560.54612456035238        4.99786770E-33
   560.68934022835447        4.11911073E-33
   560.83255589635655        3.11952654E-33
   560.97577156435864        2.00745103E-33
   561.11898723236072        7.93532523E-34
   561.26220290036281       -5.09296244E-34
   561.40541856836489       -1.88588379E-33
   561.54863423636698       -3.31896459E-33
   561.69184990436906       -4.78930451E-33
   561.83506557237115       -6.27588426E-33
   561.97828124037324       -7.75612625E-33
   562.12149690837532       -9.20615437E-33
   562.26471257637741       -1.06010966E-32
   562.40792824437949       -1.19154198E-32
   562.55114391238158       -1.31232953E-32
   562.69435958038366       -1.41989888E-32
   562.83757524838575       -1.51172776E-32
   562.98079091638783       -1.58538820E-32
   563.12400658438992       -1.63859049E-32
   563.26722225239200       -1.66922799E-32
   563.41043792039409       -1.67542196E-32
   563.55365358839617       -1.65556448E-32
   563.69686925639826       -1.60836089E-32
   563.84008492440034       -1.53286947E-32
   563.98330059240243       -1.42853773E-32
   564.12651626040451       -1.29523432E-32
   564.26973192840660       -1.13327743E-32
   564.41294759640869       -9.43456248E-33
   564.55616326441077       -7.27047444E-33
   564.69937893241286       -4.85824101E-33
   564.84259460041494       -2.22058303E-33
   564.98581026841703        6.14845580E-34
   565.12902593641911        3.61559397E-33
   565.27224160442120        6.74463541E-33
   565.41545727242328        9.96067481E-33
   565.55867294042537        1.32185398E-32
   565.70188860842745        1.64696559E-32
   565.84510427642954        1.96626101E-32
   565.98831994443162        2.27437762E-32
   566.13153561243371        2.56580324E-32
   566.27475128043579        2.83495236E-32
   566.41796694843788        3.07624991E-32
   566.56118261643996        3.28421954E-32
   566.70439828444205        3.45357507E-32
   566.84761395244414        3.57931418E-32
   566.99082962044622        3.65681452E-32
   567.13404528844831        3.68192837E-32
   567.27726095645039        3.65107458E-32
   567.42047662445248        3.56133088E-32
   567.56369229245456        3.41051701E-32
   567.70690796045665        3.19727410E-32
   567.85012362845873        2.92113608E-32
   567.99333929646082        2.58258842E-32
   568.13655496446290        2.18311929E-32
   568.27977063246499        1.72525587E-32
   568.42298630046707        1.21258649E-32
   568.56620196846916        6.49768829E-33
   568.70941763647124        4.25216760E-34
   568.85263330447333       -6.02400557E-33
   568.99584897247541       -1.27725058E-32
   569.13906464047750       -1.97334909E-32
   569.28228030847959       -2.68116420E-32
   569.42549597648167       -3.39040841E-32
   569.56871164448376       -4.09015346E-32
   569.71192731248584       -4.76896148E-32
   569.85514298048793       -5.41503169E-32
   569.99835864849001       -6.01635994E-32
   570.14157431649210       -6.56091592E-32
   570.28478998449418       -7.03682657E-32
   570.42800565249627       -7.43256791E-32
   570.57122132049835       -7.73716612E-32
   570.71443698850044       -7.94040086E-32
   570.85765265650252       -8.03300572E-32
   571.00086832450461       -8.00687213E-32
   571.14408399250669       -7.85524217E-32
   571.28729966050878       -7.57289255E-32
   571.43051532851086       -7.15631028E-32
   571.57373099651295       -6.60384615E-32
   571.71694666451504       -5.91585341E-32
   571.86016233251712       -5.09480058E-32
   572.00337800051921       -4.14536173E-32
   572.14659366852129       -3.07447374E-32
   572.28980933652338       -1.89136468E-32
   572.43302500452546       -6.07548525E-33
   572.57624067252755        7.63216082E-33
   572.71945634052963        2.20500391E-32
   572.86267200853172        3.69983967E-32
   573.00588767653380        5.22785302E-32
   573.14910334453589        6.76747262E-32
   573.29231901253797        8.29565641E-32
   573.43553468054006        9.78816220E-32
   573.57875034854214        1.12198455E-31
   573.72196601654423        1.25649990E-31
   573.86518168454631        1.37977105E-31
   574.00839735254840        1.48922486E-31
   574.15161302055049        1.58234752E-31
   574.29482868855257        1.65672657E-31
   574.43804435655466        1.71009425E-31
   574.58126002455674        1.74037099E-31
   574.72447569255883        1.74570868E-31
   574.86769136056091        1.72453285E-31
   575.01090702856300        1.67558303E-31
   575.15412269656508        1.59795092E-31
   575.29733836456717        1.49111541E-31
   575.44055403256925        1.35497341E-31
   575.58376970057134        1.18986653E-31
   575.72698536857342        9.96602213E-32
   575.87020103657551        7.76468797E-32
   576.01341670457759        5.31244159E-32
   576.15663237257968        2.63197329E-32
   576.29984804058176       -2.49173946E-33
   576.44306370858385       -3.29874013E-32
   576.58627937658594       -6.47996433E-32
   576.72949504458802       -9.75188409E-32
   576.87271071259011       -1.30697140E-31
   577.01592638059219       -1.63853145E-31
   577.15914204859428       -1.96477286E-31
   577.30235771659636       -2.28038052E-31
   577.44557338459845       -2.57988801E-31
   577.58878905260053       -2.85775325E-31
   577.73200472060262       -3.10843871E-31
   577.87522038860470       -3.32649714E-31
   578.01843605660679       -3.50665975E-31
   578.16165172460887       -3.64392787E-31
   578.30486739261096       -3.73366628E-31
   578.44808306061304       -3.77169470E-31
   578.59129872861513       -3.75437943E-31
   578.73451439661721       -3.67872039E-31
   578.87773006461930       -3.54243404E-31
   579.02094573262139       -3.34403081E-31
   579.16416140062347       -3.08288416E-31
   579.30737706862556       -2.75929008E-31
   579.45059273662764       -2.37451646E-31
   579.59380840462973       -1.93084081E-31
   579.73702407263181       -1.43157321E-31
   579.88023974063390       -8.81066400E-32
   580.02345540863598       -2.84709169E-32
   580.16667107663807        3.51095771E-32
   580.30988674464015        1.01897105E-31
   580.45310241264224        1.71062123E-31
   580.59631808064432        2.41690596E-31
   580.73953374864641        3.12793099E-31
   580.88274941664849        3.83315613E-31
   581.02596508465058        4.52151833E-31
   581.16918075265266        5.18157063E-31
   581.31239642065475        5.80163497E-31
   581.45561208865684        6.36996674E-31
   581.59882775665892        6.87492902E-31
   581.74204342466101        7.30517688E-31
   581.88525909266309        7.64984640E-31
   582.02847476066518        7.89874746E-31
   582.17169042866726        8.04255838E-31
   582.31490609666935        8.07301684E-31
   582.45812176467143        7.98310281E-31
   582.60133743267352        7.76721951E-31
   582.74455310067560        7.42135710E-31
   582.88776876867769        6.94324593E-31
   583.03098443667977        6.33248822E-31
   583.17420010468186        5.59066900E-31
   583.31741577268394        4.72144641E-31
   583.46063144068603        3.73061235E-31
   583.60384710868811        2.62612679E-31
   583.74706277669020        1.41811909E-31
   583.89027844469229        1.18857297E-32
   584.03349411269437       -1.25731640E-31
   584.17670978069646       -2.69408517E-31
   584.31992544869854       -4.17329271E-31
   584.46314111670063       -5.67511369E-31
   584.60635678470271       -7.17825876E-31
   584.74957245270480       -8.66021201E-31
   584.89278812070688       -1.00975002E-30
   585.03600378870897       -1.14659948E-30
   585.17921945671105       -1.27412359E-30
   585.32243512471314       -1.38987810E-30
   585.46565079271522       -1.49145708E-30
   585.60886646071731       -1.57653136E-30
   585.75208212871939       -1.64288764E-30
   585.89529779672148       -1.68846805E-30
   586.03851346472356       -1.71140956E-30
   586.18172913272565       -1.71008266E-30
   586.32494480072774       -1.68312867E-30
   586.46816046872982       -1.62949547E-30
   586.61137613673191       -1.54846977E-30
   586.75459180473399       -1.43970617E-30
   586.89780747273608       -1.30325328E-30
   587.04102314073816       -1.13957482E-30
   587.18423880874025       -9.49565559E-31
   587.32745447674233       -7.34562376E-31
   587.47067014474442       -4.96348258E-31
   587.61388581274650       -2.37151048E-31
   587.75710148074859        4.03654416E-32
   587.90031714875067        3.33116620E-31
   588.04353281675276        6.37619639E-31
   588.18674848475484        9.50022591E-31
   588.32996415275693        1.26614114E-30
   588.47317982075901        1.58150182E-30
   588.61639548876110        1.89139204E-30
   588.75961115676319        2.19091665E-30
   588.90282682476527        2.47506034E-30
   589.04604249276736        2.73875438E-30
   589.18925816076944        2.97694885E-30
   589.33247382877153        3.18468691E-30
   589.47568949677361        3.35718365E-30
   589.61890516477570        3.48990618E-30
   589.76212083277778        3.57865318E-30
   589.90533650077987        3.61963487E-30
   590.04855216878195        3.60955270E-30
   590.19176783678404        3.54567427E-30
   590.33498350478612        3.42590362E-30
   590.47819917278821        3.24884859E-30
   590.62141484079029        3.01387949E-30
   590.76463050879238        2.72118046E-30
   590.90784617679446        2.37179175E-30
   591.05106184479655        1.96764231E-30
   591.19427751279864        1.51157138E-30
   591.33749318080072        1.00733734E-30
   591.48070884880281        4.59613777E-31
   591.62392451680489       -1.26028088E-31
   591.76714018480698       -7.43150538E-31
   591.91035585280906       -1.38449490E-30
   592.05357152081115       -2.04204133E-30
   592.19678718881323       -2.70708318E-30
   592.34000285681532       -3.37031496E-30
   592.48321852481740       -4.02193530E-30
   592.62643419281949       -4.65176028E-30
   592.76964986082157       -5.24935077E-30
   592.91286552882366       -5.80415138E-30
   593.05608119682574       -6.30563532E-30
   593.19929686482783       -6.74346014E-30
   593.34251253282991       -7.10762716E-30
   593.48572820083200       -7.38864591E-30
   593.62894386883409       -7.57769926E-30
   593.77215953683617       -7.66681264E-30
   593.91537520483826       -7.64901359E-30
   594.05859087284034       -7.51849121E-30
   594.20180654084243       -7.27074740E-30
   594.34502220884451       -6.90273228E-30
   594.48823787684660       -6.41297206E-30
   594.63145354484868       -5.80167889E-30
   594.77466921285077       -5.07084264E-30
   594.91788488085285       -4.22430277E-30
   595.06110054885494       -3.26779794E-30
   595.20431621685702       -2.20899049E-30
   595.34753188485911       -1.05746372E-30
   595.49074755286119        1.75307691E-31
   595.63396322086328        1.47601700E-30
   595.77717888886536        2.82961502E-30
   595.92039455686745        4.21942851E-30
   596.06361022486954        5.62731038E-30
   596.20682589287162        7.03381815E-30
   596.35004156087371        8.41842110E-30
   596.49325722887579        9.75973651E-30
   596.63647289687788        1.10357930E-29
   596.77968856487996        1.22243137E-29
   596.92290423288205        1.33030225E-29
   597.06611990088413        1.42499677E-29
   597.20933556888622        1.50438571E-29
   597.35255123688830        1.56644068E-29
   597.49576690489039        1.60926930E-29
   597.63898257289247        1.63115012E-29
   597.78219824089456        1.63056767E-29
   597.92541390889664        1.60624619E-29
   598.06862957689873        1.55718177E-29
   598.21184524490081        1.48267250E-29
   598.35506091290290        1.38234570E-29
   598.49827658090499        1.25618277E-29
   598.64149224890707        1.10453910E-29
   598.78470791690916        9.28160635E-30
   598.92792358491124        7.28195240E-30
   599.07113925291333        5.06198901E-30
   599.21435492091541        2.64136552E-30
   599.35757058891750        4.37688915E-32
   599.50078625691958       -2.70318994E-30
   599.64400192492167       -5.56815311E-30
   599.78721759292375       -8.51625608E-30
   599.93043326092584       -1.15094356E-29
   600.07364892892792       -1.45068025E-29
   600.21686459693001       -1.74650715E-29
   600.36008026493209       -2.03390600E-29
   600.50329593293418       -2.30822328E-29
   600.64651160093626       -2.56472991E-29
   600.78972726893835       -2.79868646E-29
   600.93294293694044       -3.00541097E-29
   601.07615860494252       -3.18035011E-29
   601.21937427294461       -3.31915368E-29
   601.36258994094669       -3.41774896E-29
   601.50580560894878       -3.47241588E-29
   601.64902127695086       -3.47986110E-29
   601.79223694495295       -3.43728963E-29
   601.93545261295503       -3.34247459E-29
   602.07866828095712       -3.19382139E-29
   602.22188394895920       -2.99042663E-29
   602.36509961696129       -2.73213084E-29
   602.50831528496337       -2.41956174E-29
   602.65153095296546       -2.05417115E-29
   602.79474662096754       -1.63825981E-29
   602.93796228896963       -1.17499128E-29
   603.08117795697171       -6.68394965E-30
   603.22439362497380       -1.23356029E-30
   603.36760929297589        4.54407221E-30
   603.51082496097797        1.05837991E-29
   603.65404062898006        1.68130013E-29
   603.79725629698214        2.31522253E-29
   603.94047196498423        2.95159567E-29
   604.08368763298631        3.58135189E-29
   604.22690330098840        4.19501095E-29
   604.37011896899048        4.78279303E-29
   604.51333463699257        5.33474590E-29
   604.65655030499465        5.84087788E-29
   604.79976597299674        6.29130114E-29
   604.94298164099882        6.67638000E-29
   605.08619730900091        6.98688564E-29
   605.22941297700299        7.21415260E-29
   605.37262864500508        7.35023279E-29
   605.51584431300716        7.38805264E-29
   605.65905998100925        7.32156412E-29
   605.80227564901134        7.14588801E-29
   605.94549131701342        6.85744871E-29
   606.08870698501551        6.45409819E-29
   606.23192265301759        5.93522377E-29
   606.37513832101968        5.30184379E-29
   606.51835398902176        4.55668254E-29
   606.66156965702385        3.70422442E-29
   606.80478532502593        2.75074555E-29
   606.94800099302802        1.70432206E-29
   607.09121666103010        5.74812713E-30
   607.23443232903219       -6.26186104E-30
   607.37764799703427       -1.88541154E-29
   607.52086366503636       -3.18803397E-29
   607.66407933303844       -4.51778387E-29
   607.80729500104053       -5.85710685E-29
   607.95051066904261       -7.18734426E-29
   608.09372633704470       -8.48894068E-29
   608.23694200504679       -9.74167746E-29
   608.38015767304887       -1.09249231E-28
   608.52337334105096       -1.20179076E-28
   608.66658900905304       -1.30000103E-28
   608.80980467705513       -1.38510643E-28
   608.95302034505721       -1.45516670E-28
   609.09623601305930       -1.50834993E-28
   609.23945168106138       -1.54296467E-28
   609.38266734906347       -1.55749160E-28
   609.52588301706555       -1.55061423E-28
   609.66909868506764       -1.52124873E-28
   609.81231435306972       -1.46857214E-28
   609.95553002107181       -1.39204772E-28
   610.09874568907389       -1.29144894E-28
   610.24196135707598       -1.16687858E-28
   610.38517702507806       -1.01878564E-28
   610.52839269308015       -8.47977445E-29
   610.67160836108224       -6.55627599E-29
   610.81482402908432       -4.43279228E-29
   610.95803969708641       -2.12843170E-29
   611.10125536508849        3.34092196E-30
   611.24447103309058        2.92858562E-29
   611.38768670109266        5.62555530E-29
   611.53090236909475        8.39244797E-29
   611.67411803709683        1.11939430E-28
   611.81733370509892        1.39923011E-28
   611.96054937310100        1.67477628E-28
   612.10376504110309        1.94190012E-28
   612.24698070910517        2.19636205E-28
   612.39019637710726        2.43386869E-28
   612.53341204510934        2.65013112E-28
   612.67662771311143        2.84092434E-28
   612.81984338111351        3.00215139E-28
   612.96305904911560        3.12990675E-28
   613.10627471711769        3.22054198E-28
   613.24949038511977        3.27073075E-28
   613.39270605312186        3.27753338E-28
   613.53592172112394        3.23845866E-28
   613.67913738912603        3.15152339E-28
   613.82235305712811        3.01530718E-28
   613.96556872513020        2.82900403E-28
   614.10878439313228        2.59246613E-28
   614.25200006113437        2.30624309E-28
   614.39521572913645        1.97161144E-28
   614.53843139713854        1.59059701E-28
   614.68164706514062        1.16598748E-28
   614.82486273314271        7.01335635E-29
   614.96807840114479        2.00951109E-29
   615.11129406914688       -3.30118024E-29
   615.25450973714896       -8.86115252E-29
   615.39772540515105       -1.46061684E-28
   615.54094107315314       -2.04658488E-28
   615.68415674115522       -2.63643150E-28
   615.82737240915731       -3.22209452E-28
   615.97058807715939       -3.79512416E-28
   616.11380374516148       -4.34677911E-28
   616.25701941316356       -4.86813171E-28
   616.40023508116565       -5.35018524E-28
   616.54345074916773       -5.78399181E-28
   616.68666641716982       -6.16078219E-28
   616.82988208517190       -6.47209673E-28
   616.97309775317399       -6.70992259E-28
   617.11631342117607       -6.86682907E-28
   617.25952908917816       -6.93610332E-28
   617.40274475718024       -6.91188524E-28
   617.54596042518233       -6.78929643E-28
   617.68917609318441       -6.56456351E-28
   617.83239176118650       -6.23513175E-28
   617.97560742918859       -5.79976903E-28
   618.11882309719067       -5.25865638E-28
   618.26203876519276       -4.61346648E-28
   618.40525443319484       -3.86742092E-28
   618.54847010119693       -3.02533478E-28
   618.69168576919901       -2.09363776E-28
   618.83490143720110       -1.08037412E-28
   618.97811710520318        4.81882906E-31
   619.12133277320527        1.15075674E-28
   619.26454844120735        2.34477782E-28
   619.40776410920944        3.57283670E-28
   619.55097977721152        4.81962332E-28
   619.69419544521361        6.06870540E-28
   619.83741111321569        7.30269687E-28
   619.98062678121778        8.50344774E-28
   620.12384244921986        9.65225532E-28
   620.26705811722195        1.07300953E-27
   620.41027378522404        1.17178720E-27
   620.55348945322612        1.25966787E-27
   620.69670512122821        1.33480793E-27
   620.83992078923029        1.39543880E-27
   620.98313645723238        1.43989620E-27
   621.12635212523446        1.46664939E-27
   621.26956779323655        1.47433038E-27
   621.41278346123863        1.46176205E-27
   621.55599912924072        1.42798567E-27
   621.69921479724280        1.37228662E-27
   621.84243046524489        1.29421818E-27
   621.98564613324697        1.19362262E-27
   622.12886180124906        1.07065007E-27
   622.27207746925114        9.25773435E-28
   622.41529313725323        7.59799922E-28
   622.55850880525531        5.73878734E-28
   622.70172447325740        3.69503912E-28
   622.84494014125949        1.48512527E-28
   622.98815580926157       -8.69218045E-29
   623.13137147726366       -3.34300898E-28
   623.27458714526574       -5.90818877E-28
   623.41780281326783       -8.53384662E-28
   623.56101848126991       -1.11864916E-27
   623.70423414927200       -1.38303832E-27
   623.84744981727408       -1.64279089E-27
   623.99066548527617       -1.89400111E-27
   624.13388115327825       -2.13266543E-27
   624.27709682128034       -2.35473420E-27
   624.42031248928242       -2.55616606E-27
   624.56352815728451       -2.73298511E-27
   624.70674382528659       -2.88134026E-27
   624.84995949328868       -2.99756686E-27
   624.99317516129076       -3.07824888E-27
   625.13639082929285       -3.12028095E-27
   625.27960649729494       -3.12092961E-27
   625.42282216529702       -3.07789181E-27
   625.56603783329911       -2.98935162E-27
   625.70925350130119       -2.85403212E-27
   625.85246916930328       -2.67124403E-27
   625.99568483730536       -2.44092727E-27
   626.13890050530745       -2.16368657E-27
   626.28211617330953       -1.84081944E-27
   626.42533184131162       -1.47433654E-27
   626.56854750931370       -1.06697154E-27
   626.71176317731579       -6.22182454E-28
   626.85497884531787       -1.44142808E-28
   626.99819451331996        3.62278160E-28
   627.14141018132204        8.91545905E-28
   627.28462584932413        1.43750246E-27
   627.42784151732621        1.99341877E-27
   627.57105718532830        2.55205863E-27
   627.71427285333039        3.10575309E-27
   627.85748852133247        3.64648450E-27
   628.00070418933456        4.16598022E-27
   628.14391985733664        4.65581585E-27
   628.28713552533873        5.10752461E-27
   628.43035119334081        5.51271369E-27
   628.57356686134290        5.86318711E-27
   628.71678252934498        6.15107011E-27
   628.85999819734707        6.36893785E-27
   629.00321386534915        6.50994443E-27
   629.14642953335124        6.56794727E-27
   629.28964520135332        6.53763314E-27
   629.43286086935541        6.41463632E-27
   629.57607653735749        6.19565038E-27
   629.71929220535958        5.87853061E-27
   629.86250787336166        5.46238645E-27
   630.00572354136375        4.94766049E-27
   630.14893920936584        4.33619314E-27
   630.29215487736792        3.63127235E-27
   630.43537054537001        2.83766325E-27
   630.57858621337209        1.96162012E-27
   630.72180188137418        1.01087845E-27
   630.86501754937626       -5.37498159E-30
   631.00823321737835       -1.07655285E-27
   631.15144888538043       -2.19074030E-27
   631.29466455338252       -3.33479084E-27
   631.43788022138460       -4.49444449E-27
   631.58109588938669       -5.65446676E-27
   631.72431155738877       -6.79881004E-27
   631.86752722539086       -7.91079114E-27
   632.01074289339294       -8.97329280E-27
   632.15395856139503       -9.96897393E-27
   632.29717422939711       -1.08805019E-26
   632.44038989739920       -1.16907884E-26
   632.58360556540129       -1.23832419E-26
   632.72682123340337       -1.29420212E-26
   632.87003690140546       -1.33522920E-26
   633.01325256940754       -1.36004889E-26
   633.15646823740963       -1.36745633E-26
   633.29968390541171       -1.35642306E-26
   633.44289957341380       -1.32612048E-26
   633.58611524141588       -1.27594138E-26
   633.72933090941797       -1.20551982E-26
   633.87254657742005       -1.11474882E-26
   634.01576224542214       -1.00379515E-26
   634.15897791342422       -8.73111404E-27
   634.30219358142631       -7.23444692E-27
   634.44540924942839       -5.55841524E-27
   634.58862491743048       -3.71648974E-27
   634.73184058543256       -1.72511901E-27
   634.87505625343465        3.96341649E-28
   635.01827192143674        2.62574355E-27
   635.16148758943882        4.93830124E-27
   635.30470325744091        7.30679486E-27
   635.44791892544299        9.70181278E-27
   635.59113459344508        1.20920421E-26
   635.73435026144716        1.44445917E-26
   635.87756592944925        1.67253627E-26
   636.02078159745133        1.88994464E-26
   636.16399726545342        2.09315598E-26
   636.30721293345550        2.27864984E-26
   636.45042860145759        2.44296202E-26
   636.59364426945967        2.58273476E-26
   636.73685993746176        2.69476734E-26
   636.88007560546384        2.77606778E-26
   637.02329127346593        2.82390356E-26
   637.16650694146801        2.83585327E-26
   637.30972260947010        2.80985383E-26
   637.45293827747219        2.74424864E-26
   637.59615394547427        2.63782976E-26
   637.73936961347636        2.48987782E-26
   637.88258528147844        2.30019761E-26
   638.02580094948053        2.06914749E-26
   638.16901661748261        1.79766393E-26
   638.31223228548470        1.48727845E-26
   638.45544795348678        1.14012865E-26
   638.59866362148887        7.58960843E-27
   638.74187928949095        3.47124798E-27
   638.88509495749304       -9.14393404E-28
   639.02831062549512       -5.52223357E-27
   639.17152629349721       -1.03018162E-26
   639.31474196149929       -1.51977058E-26
   639.45795762950138       -2.01499696E-26
   639.60117329750346       -2.50947424E-26
   639.74438896550555       -2.99648815E-26
   639.88760463350764       -3.46906852E-26
   640.03082030150972       -3.92007109E-26
   640.17403596951181       -4.34226174E-26
   640.31725163751389       -4.72841039E-26
   640.46046730551598       -5.07138739E-26
   640.60368297351806       -5.36426402E-26
   640.74689864152015       -5.60041631E-26
   640.89011430952223       -5.77362982E-26
   641.03332997752432       -5.87820505E-26
   641.17654564552640       -5.90905999E-26
   641.31976131352849       -5.86183187E-26
   641.46297698153057       -5.73297452E-26
   641.60619264953266       -5.51984772E-26
   641.74940831753474       -5.22080165E-26
   641.89262398553683       -4.83525143E-26
   642.03583965353891       -4.36374341E-26
   642.17905532154100       -3.80800662E-26
   642.32227098954309       -3.17099343E-26
   642.46548665754517       -2.45690575E-26
   642.60870232554726       -1.67120553E-26
   642.75191799354934       -8.20609398E-27
   642.89513366155143        8.69341762E-28
   643.03834932955351        1.04228563E-26
   643.18156499755560        2.03517223E-26
   643.32478066555768        3.05426481E-26
   643.46799633355977        4.08727293E-26
   643.61121200156185        5.12105727E-26
   643.75442766956394        6.14176039E-26
   643.89764333756602        7.13495538E-26
   644.04085900556811        8.08580517E-26
   644.18407467357019        8.97924315E-26
   644.32729034157228        9.80016139E-26
   644.47050600957436        1.05336116E-25
   644.61372167757645        1.11650122E-25
   644.75693734557854        1.16803651E-25
   644.90015301358062        1.20664743E-25
   645.04336868158271        1.23111679E-25
   645.18658434958479        1.24035176E-25
   645.32980001758688        1.23340510E-25
   645.47301568558896        1.20949547E-25
   645.61623135359105        1.16802752E-25
   645.75944702159313        1.10860916E-25
   645.90266268959522        1.03106838E-25
   646.04587835759730        9.35467007E-26
   646.18909402559939        8.22112625E-26
   646.33230969360147        6.91567855E-26
   646.47552536160356        5.44656563E-26
   646.61874102960564        3.82466792E-26
   646.76195669760773        2.06350374E-26
   646.90517236560981        1.79189177E-27
   647.04838803361190       -1.80963921E-26
   647.19160370161399       -3.88193829E-26
   647.33481936961607       -6.01441113E-26
   647.47803503761816       -8.18169800E-26
   647.62125070562024       -1.03566048E-25
   647.76446637362233       -1.25103688E-25
   647.90768204162441       -1.46129629E-25
   648.05089770962650       -1.66334268E-25
   648.19411337762858       -1.85402379E-25
   648.33732904563067       -2.03016978E-25
   648.48054471363275       -2.18863517E-25
   648.62376038163484       -2.32634218E-25
   648.76697604963692       -2.44032519E-25
   648.91019171763901       -2.52777732E-25
   649.05340738564109       -2.58609485E-25
   649.19662305364318       -2.61292401E-25
   649.33983872164526       -2.60620587E-25
   649.48305438964735       -2.56421974E-25
   649.62627005764944       -2.48562355E-25
   649.76948572565152       -2.36949312E-25
   649.91270139365361       -2.21535512E-25
   650.05591706165569       -2.02321893E-25
   650.19913272965778       -1.79360124E-25
   650.34234839765986       -1.52754656E-25
   650.48556406566195       -1.22664161E-25
   650.62877973366403       -8.93022962E-26
   650.77199540166612       -5.29378176E-26
   650.91521106966820       -1.38939344E-26
   651.05842673767029        2.74531083E-26
   651.20164240567237        7.06761994E-26
   651.34485807367446        1.15300341E-25
   651.48807374167654        1.60806387E-25
   651.63128940967863        2.06635594E-25
   651.77450507768071        2.52194887E-25
   651.91772074568280        2.96862879E-25
   652.06093641368489        3.39996610E-25
   652.20415208168697        3.80938959E-25
   652.34736774968906        4.19026495E-25
   652.49058341769114        4.53598077E-25
   652.63379908569323        4.84003538E-25
   652.77701475369531        5.09612970E-25
   652.92023042169740        5.29826150E-25
   653.06344608969948        5.44082050E-25
   653.20666175770157        5.51868255E-25
   653.34987742570365        5.52730382E-25
   653.49309309370574        5.46281197E-25
   653.63630876170782        5.32209348E-25
   653.77952442970991        5.10287496E-25
   653.92274009771199        4.80379905E-25
   654.06595576571408        4.42449155E-25
   654.20917143371616        3.96561955E-25
   654.35238710171825        3.42893775E-25
   654.49560276972034        2.81732452E-25
   654.63881843772242        2.13480404E-25
   654.78203410572451        1.38655653E-25
   654.92524977372659        5.78912416E-26
   655.06846544172868       -2.80668205E-26
   655.21168110973076       -1.18363217E-25
   655.35489677773285       -2.12038712E-25
   655.49811244573493       -3.08037044E-25
   655.64132811373702       -4.05213614E-25
   655.78454378173910       -5.02345737E-25
   655.92775944974119       -5.98144315E-25
   656.07097511774327       -6.91267274E-25
   656.21419078574536       -7.80334206E-25
   656.35740645374744       -8.63942320E-25
   656.50062212174953       -9.40683695E-25
   656.64383778975161       -1.00916363E-24
   656.78705345775370       -1.06801955E-24
   656.93026912575579       -1.11594108E-24
   657.07348479375787       -1.15168959E-24
   657.21670046175996       -1.17411888E-24
   657.35991612976204       -1.18219494E-24
   657.50313179776413       -1.17501601E-24
   657.64634746576621       -1.15183178E-24
   657.78956313376830       -1.11206136E-24
   657.93277880177038       -1.05531080E-24
   658.07599446977247       -9.81388720E-25
   658.21921013777455       -8.90319659E-25
   658.36242580577664       -7.82356106E-25
   658.50564147377872       -6.57987846E-25
   658.64885714178081       -5.17948518E-25
   658.79207280978289       -3.63219886E-25
   658.93528847778498       -1.95032744E-25
   659.07850414578706       -1.48648465E-26
   659.22171981378915        1.75564668E-25
   659.36493548179124        3.74304392E-25
   659.50815114979332        5.79183353E-25
   659.65136681779541        7.87827350E-25
   659.79458248579749        9.97678698E-25
   659.93779815379958        1.20601972E-24
   660.08101382180166        1.40999943E-24
   660.22422948980375        1.60666344E-24
   660.36744515780583        1.79298716E-24
   660.51066082580792        1.96591178E-24
   660.65387649381000        2.12238293E-24
   660.79709216181209        2.25939092E-24
   660.94030782981417        2.37401379E-24
   661.08352349781626        2.46346036E-24
   661.22673916581834        2.52511477E-24
   661.36995483382043        2.55658164E-24
   661.51317050182251        2.55572967E-24
   661.65638616982460        2.52073541E-24
   661.79960183782669        2.45012447E-24
   661.94281750582877        2.34281217E-24
   662.08603317383086        2.19814040E-24
   662.22924884183294        2.01590998E-24
   662.37246450983503        1.79641101E-24
   662.51568017783711        1.54044646E-24
   662.65889584583920        1.24935106E-24
   662.80211151384128        9.25004788E-25
   662.94532718184337        5.69839000E-25
   663.08854284984545        1.86836713E-25
   663.23175851784754       -2.20475431E-25
   663.37497418584962       -6.48042232E-25
   663.51818985385171       -1.09130337E-24
   663.66140552185379       -1.54522478E-24
   663.80462118985588       -2.00433877E-24
   663.94783685785796       -2.46279140E-24
   664.09105252586005       -2.91439830E-24
   664.23426819386214       -3.35270815E-24
   664.37748386186422       -3.77107264E-24
   664.52069952986631       -4.16272512E-24
   664.66391519786839       -4.52086363E-24
   664.80713086587048       -4.83874145E-24
   664.95034653387256       -5.10975974E-24
   665.09356220187465       -5.32756581E-24
   665.23677786987673       -5.48615289E-24
   665.37999353787882       -5.57996186E-24
   665.52320920588090       -5.60398110E-24
   665.66642487388299       -5.55384780E-24
   665.80964054188507       -5.42594584E-24
   665.95285620988716       -5.21749881E-24
   666.09607187788924       -4.92665645E-24
   666.23928754589133       -4.55257466E-24
   666.38250321389341       -4.09548735E-24
   666.52571888189550       -3.55676596E-24
   666.66893454989759       -2.93896914E-24
   666.81215021789967       -2.24587812E-24
   666.95536588590176       -1.48251813E-24
   667.09858155390384       -6.55163872E-25
   667.24179722190593        2.28671647E-25
   667.38501288990801        1.16026638E-24
   667.52822855791010        2.12973689E-24
   667.67144422591218        3.12610470E-24
   667.81465989391427        4.13738139E-24
   667.95787556191635        5.15067283E-24
   668.10109122991844        6.15230135E-24
   668.24430689792052        7.12794756E-24
   668.38752256592261        8.06280768E-24
   668.53073823392469        8.94176992E-24
   668.67395390192678        9.74960371E-24
   668.81716956992886        1.04711606E-23
   668.96038523793095        1.10915910E-23
   669.10360090593304        1.15965630E-23
   669.24681657393512        1.19724915E-23
   669.39003224193721        1.22067705E-23
   669.53324790993929        1.22880043E-23
   669.67646357794138        1.22062365E-23
   669.81967924594346        1.19531707E-23
   669.96289491394555        1.15223832E-23
   670.10611058194763        1.09095235E-23
   670.24932624994972        1.01124963E-23
   670.39254191795180        9.13162112E-24
   670.53575758595389        7.96976785E-24
   670.67897325395597        6.63246797E-24
   670.82218892195806        5.12799189E-24
   670.96540458996014        3.46739275E-24
   671.10862025796223        1.66451663E-24
   671.25183592596431       -2.64028195E-25
   671.39505159396640       -2.29894065E-24
   671.53826726196849       -4.41833933E-24
   671.68148292997057       -6.59791744E-24
   671.82469859797266       -8.81114086E-24
   671.96791426597474       -1.10294887E-23
   672.11112993397683       -1.32227350E-23
   672.25434560197891       -1.53592701E-23
   672.39756126998100       -1.74064604E-23
   672.54077693798308       -1.93310428E-23
   672.68399260598517       -2.10995490E-23
   672.82720827398725       -2.26787602E-23
   672.97042394198934       -2.40361863E-23
   673.11363960999142       -2.51405521E-23
   673.25685527799351       -2.59623022E-23
   673.40007094599559       -2.64741183E-23
   673.54328661399768       -2.66514101E-23
   673.68650228199976       -2.64728214E-23
   673.82971795000185       -2.59207072E-23
   673.97293361800394       -2.49815825E-23
   674.11614928600602       -2.36465458E-23
   674.25936495400811       -2.19116671E-23
   674.40258062201019       -1.97783143E-23
   674.54579629001228       -1.72534435E-23
   674.68901195801436       -1.43498059E-23
   674.83222762601645       -1.10861021E-23
   674.97544329401853       -7.48705124E-24
   675.11865896202062       -3.58338686E-24
   675.26187463002270        5.88231242E-25
   675.40509029802479        4.98538990E-24
   675.54830596602687        9.56018717E-24
   675.69152163402896        1.42595870E-23
   675.83473730203104        1.90258609E-23
   675.97795297003313        2.37971362E-23
   676.12116863803521        2.85080100E-23
   676.26438430603730        3.30902632E-23
   676.40759997403939        3.74736351E-23
   676.55081564204147        4.15866864E-23
   676.69403131004356        4.53577192E-23
   676.83724697804564        4.87157455E-23
   676.98046264604773        5.15915000E-23
   677.12367831404981        5.39185103E-23
   677.26689398205190        5.56341566E-23
   677.41010965005398        5.66807541E-23
   677.55332531805607        5.70066231E-23
   677.69654098605815        5.65671329E-23
   677.83975665406024        5.53257183E-23
   677.98297232206232        5.32548196E-23
   678.12618799006441        5.03367852E-23
   678.26940365806649        4.65646575E-23
   678.41261932606858        4.19428697E-23
   678.55583499407066        3.64878145E-23
   678.69905066207275        3.02282885E-23
   678.84226633007484        2.32058013E-23
   678.98548199807692        1.54746994E-23
   679.12869766607901        7.10214944E-24
   679.27191333408109       -1.83208133E-24
   679.41512900208318       -1.12360180E-23
   679.55834467008526       -2.10060643E-23
   679.70156033808735       -3.10277895E-23
   679.84477600608943       -4.11769016E-23
   679.98799167409152       -5.13204127E-23
   680.13120734209360       -6.13179878E-23
   680.27442301009569       -7.10234886E-23
   680.41763867809777       -8.02866657E-23
   680.56085434609986       -8.89550038E-23
   680.70407001410194       -9.68757353E-23
   680.84728568210403       -1.03897942E-22
   680.99050135010611       -1.09874743E-22
   681.13371701810820       -1.14665590E-22
   681.27693268611029       -1.18138572E-22
   681.42014835411237       -1.20172697E-22
   681.56336402211446       -1.20660277E-22
   681.70657969011654       -1.19509095E-22
   681.84979535811863       -1.16644609E-22
   681.99301102612071       -1.12011950E-22
   682.13622669412280       -1.05577856E-22
   682.27944236212488       -9.73322712E-23
   682.42265803012697       -8.72898068E-23
   682.56587369812905       -7.54909342E-23
   682.70908936613114       -6.20028389E-23
   682.85230503413322       -4.69199762E-23
   682.99552070213531       -3.03642723E-23
   683.13873637013739       -1.24849355E-23
   683.28195203813948        6.54213274E-24
   683.42516770614156        2.65153442E-23
   683.56838337414365        4.72088255E-23
   683.71159904214574        6.83742791E-23
   683.85481471014782        8.97432147E-23
   683.99803037814991        1.11029635E-22
   684.14124604615199        1.31933112E-22
   684.28446171415408        1.52142188E-22
   684.42767738215616        1.71338216E-22
   684.57089305015825        1.89199440E-22
   684.71410871816033        2.05405395E-22
   684.85732438616242        2.19641469E-22
   685.00054005416450        2.31603655E-22
   685.14375572216659        2.41003418E-22
   685.28697139016867        2.47572598E-22
   685.43018705817076        2.51068249E-22
   685.57340272617284        2.51277442E-22
   685.71661839417493        2.48021857E-22
   685.85983406217701        2.41162200E-22
   686.00304973017910        2.30602117E-22
   686.14626539818119        2.16291902E-22
   686.28948106618327        1.98231544E-22
   686.43269673418536        1.76473410E-22
   686.57591240218744        1.51124204E-22
   686.71912807018953        1.22346318E-22
   686.86234373819161        9.03584505E-23
   687.00555940619370        5.54354204E-23
   687.14877507419578        1.79071946E-23
   687.29199074219787       -2.18428990E-23
   687.43520641019995       -6.33808275E-23
   687.57842207820204       -1.06225334E-22
   687.72163774620412       -1.49852257E-22
   687.86485341420621       -1.93699671E-22
   688.00806908220829       -2.37173770E-22
   688.15128475021038       -2.79655533E-22
   688.29450041821246       -3.20508127E-22
   688.43771608621455       -3.59084738E-22
   688.58093175421664       -3.94737187E-22
   688.72414742221872       -4.26824742E-22
   688.86736309022081       -4.54723306E-22
   689.01057875822289       -4.77834936E-22
   689.15379442622498       -4.95597206E-22
   689.29701009422706       -5.07492724E-22
   689.44022576222915       -5.13058573E-22
   689.58344143023123       -5.11895047E-22
   689.72665709823332       -5.03674486E-22
   689.86987276623540       -4.88149148E-22
   690.01308843423749       -4.65158383E-22
   690.15630410223957       -4.34635197E-22
   690.29951977024166       -3.96611546E-22
   690.44273543824374       -3.51222812E-22
   690.58595110624583       -2.98710878E-22
   690.72916677424791       -2.39426126E-22
   690.87238244225000       -1.73828012E-22
   691.01559811025209       -1.02484240E-22
   691.15881377825417       -2.60683283E-23
   691.30202944625626        5.46442182E-23
   691.44524511425834        1.38781333E-22
   691.58846078226043        2.25381271E-22
   691.73167645026251        3.13401059E-22
   691.87489211826460        4.01726192E-22
   692.01810778626668        4.89181962E-22
   692.16132345426877        5.74545951E-22
   692.30453912227085        6.56561888E-22
   692.44775479027294        7.33954419E-22
   692.59097045827502        8.05445059E-22
   692.73418612627711        8.69768701E-22
   692.87740179427919        9.25690937E-22
   693.02061746228128        9.72025875E-22
   693.16383313028336        1.00765381E-21
   693.30704879828545        1.03153946E-21
   693.45026446628754        1.04274972E-21
   693.59348013428962        1.04047123E-21
   693.73669580229171        1.02402678E-21
   693.87991147029379        9.92891789E-22
   694.02312713829588        9.46708918E-22
   694.16634280629796        8.85301461E-22
   694.30955847430005        8.08685270E-22
   694.45277414230213        7.17078905E-22
   694.59598981030422        6.10911606E-22
   694.73920547830630        4.90829104E-22
   694.88242114630839        3.57697050E-22
   695.02563681431047        2.12601750E-22
   695.16885248231256        5.68482703E-23
   695.31206815031464       -1.08044624E-22
   695.45528381831673       -2.80352457E-22
   695.59849948631881       -4.58156126E-22
   695.74171515432090       -6.39356138E-22
   695.88493082232299       -8.21690292E-22
   696.02814649032507       -1.00275394E-21
   696.17136215832716       -1.18002383E-21
   696.31457782632924       -1.35088469E-21
   696.45779349433133       -1.51265878E-21
   696.60100916233341       -1.66263848E-21
   696.74422483033550       -1.79812061E-21
   696.88744049833758       -1.91644318E-21
   697.03065616633967       -2.01502389E-21
   697.17387183434175       -2.09140077E-21
   697.31708750234384       -2.14327142E-21
   697.46030317034592       -2.16853556E-21
   697.60351883834801       -2.16533569E-21
   697.74673450635009       -2.13209761E-21
   697.88995017435218       -2.06757005E-21
   698.03316584235426       -1.97086161E-21
   698.17638151035635       -1.84147570E-21
   698.31959717835844       -1.67934214E-21
   698.46281284636052       -1.48484433E-21
   698.60602851436261       -1.25884237E-21
   698.74924418236469       -1.00269043E-21
   698.89245985036678       -7.18248893E-22
   699.03567551836886       -4.07889455E-22
   699.17889118637095       -7.44931387E-23
   699.32210685437303        2.78558953E-22
   699.46532252237512        6.47403125E-22
   699.60853819037720        1.02771890E-21
   699.75175385837929        1.41476299E-21
   699.89496952638137        1.80341206E-21
   700.03818519438346        2.18821402E-21
   700.18140086238554        2.56344685E-21
   700.32461653038763        2.92318681E-21
   700.46783219838971        3.26138272E-21
   700.61104786639180        3.57193835E-21
   700.75426353439389        3.84880030E-21
   700.89747920239597        4.08605049E-21
   701.04069487039806        4.27800405E-21
   701.18391053840014        4.41930855E-21
   701.32712620640223        4.50504372E-21
   701.47034187440431        4.53082364E-21
   701.61355754240640        4.49289531E-21
   701.75677321040848        4.38823435E-21
   701.89998887841057        4.21463345E-21
   702.04320454641265        3.97078723E-21
   702.18642021441474        3.65636449E-21
   702.32963588241682        3.27207124E-21
   702.47285155041891        2.81970200E-21
   702.61606721842099        2.30217552E-21
   702.75928288642308        1.72355662E-21
   702.90249855442516        1.08905881E-21
   703.04571422242725        4.05030926E-22
   703.18892989042934       -3.21076612E-22
   703.33214555843142       -1.08076468E-21
   703.47536122643351       -1.86455780E-21
   703.61857689443559       -2.66209743E-21
   703.76179256243768       -3.46225331E-21
   703.90500823043976       -4.25325447E-21
   704.04822389844185       -5.02283818E-21
   704.19143956644393       -5.75841501E-21
   704.33465523444602       -6.44724764E-21
   704.47787090244810       -7.07664404E-21
   704.62108657045019       -7.63415893E-21
   704.76430223845227       -8.10780061E-21
   704.90751790645436       -8.48624543E-21
   705.05073357445644       -8.75904863E-21
   705.19394924245853       -8.91685514E-21
   705.33716491046061       -8.95160157E-21
   705.48038057846270       -8.85670844E-21
   705.62359624646479       -8.62725953E-21
   705.76681191446687       -8.26015774E-21
   705.91002758246896       -7.75426975E-21
   706.05324325047104       -7.11053502E-21
   706.19645891847313       -6.33204982E-21
   706.33967458647521       -5.42412297E-21
   706.48289025447730       -4.39429401E-21
   706.62610592247938       -3.25231927E-21
   706.76932159048147       -2.01011937E-21
   706.91253725848355       -6.81690731E-22
   707.05575292648564        7.17021854E-22
   707.19896859448772        2.16828979E-21
   707.34218426248981        3.65280091E-21
   707.48539993049189        5.14989442E-21
   707.62861559849398        6.63782836E-21
   707.77183126649606        8.09407377E-21
   707.91504693449815        9.49563681E-21
   708.05826260250024        1.08193956E-20
   708.20147827050232        1.20424605E-20
   708.34469393850441        1.31425372E-20
   708.48790960650649        1.40982983E-20
   708.63112527450858        1.48897535E-20
   708.77434094251066        1.54986085E-20
   708.91755661051275        1.59086154E-20
   709.06077227851483        1.61058980E-20
   709.20398794651692        1.60792537E-20
   709.34720361451900        1.58204189E-20
   709.49041928252109        1.53243012E-20
   709.63363495052317        1.45891654E-20
   709.77685061852526        1.36167774E-20
   709.92006628652734        1.24124873E-20
   710.06328195452943        1.09852720E-20
   710.20649762253151        9.34771526E-21
   710.34971329053360        7.51592541E-21
   710.49292895853569        5.50940537E-21
   710.63614462653777        3.35085979E-21
   710.77936029453986        1.06594965E-21
   710.92257596254194       -1.31700512E-21
   711.06579163054403       -3.76737148E-21
   711.20900729854611       -6.25259322E-21
   711.35222296654820       -8.73861953E-21
   711.49543863455028       -1.11903675E-20
   711.63865430255237       -1.35722082E-20
   711.78186997055445       -1.58484752E-20
   711.92508563855654       -1.79839809E-20
   712.06830130655862       -1.99445411E-20
   712.21151697456071       -2.16974887E-20
   712.35473264256279       -2.32121776E-20
   712.49794831056488       -2.44604642E-20
   712.64116397856696       -2.54171616E-20
   712.78437964656905       -2.60604625E-20
   712.92759531457114       -2.63723225E-20
   713.07081098257322       -2.63387878E-20
   713.21402665057531       -2.59502682E-20
   713.35724231857739       -2.52017683E-20
   713.50045798657948       -2.40930377E-20
   713.64367365458156       -2.26286695E-20
   713.78688932258365       -2.08181295E-20
   713.93010499058573       -1.86757171E-20
   714.07332065858782       -1.62204754E-20
   714.21653632658990       -1.34760235E-20
   714.35975199459199       -1.04703302E-20
   714.50296766259407       -7.23542637E-21
   714.64618333059616       -3.80706040E-21
   714.78939899859824       -2.24305745E-22
   714.93261466660033        3.47088055E-21
   715.07583033460241        7.23413470E-21
   715.21904600260450        1.10191993E-20
   715.36226167060659        1.47784638E-20
   715.50547733860867        1.84635259E-20
   715.64869300661076        2.20257808E-20
   715.79190867461284        2.54170065E-20
   715.93512434261493        2.85899631E-20
   716.07834001061701        3.14989763E-20
   716.22155567861910        3.41005143E-20
   716.36477134662118        3.63537478E-20
   716.50798701462327        3.82210919E-20
   716.65120268262535        3.96687097E-20
   716.79441835062744        4.06670036E-20
   716.93763401862952        4.11910451E-20
   717.08084968663161        4.12209852E-20
   717.22406535463369        4.07423998E-20
   717.36728102263578        3.97465907E-20
   717.51049669063786        3.82308307E-20
   717.65371235863995        3.61985481E-20
   717.79692802664204        3.36594461E-20
   717.94014369464412        3.06295546E-20
   718.08335936264621        2.71312430E-20
   718.22657503064829        2.31931233E-20
   718.36979069865038        1.88499130E-20
   718.51300636665246        1.41422003E-20
   718.65622203465455        9.11614266E-21
   718.79943770265663        3.82308945E-21
   718.94265337065872       -1.68087129E-21
   719.08586903866080       -7.33543121E-21
   719.22908470666289       -1.30766527E-20
   719.37230037466497       -1.88376280E-20
   719.51551604266706       -2.45491987E-20
   719.65873171066914       -3.01407393E-20
   719.80194737867123       -3.55409944E-20
   719.94516304667331       -4.06789428E-20
   720.08837871467540       -4.54847135E-20
   720.23159438267749       -4.98905068E-20
   720.37481005067957       -5.38315313E-20
   720.51802571868166       -5.72469342E-20
   720.66124138668374       -6.00806934E-20
   720.80445705468583       -6.22825254E-20
   720.94767272268791       -6.38086995E-20
   721.09088839069000       -6.46228133E-20
   721.23410405869208       -6.46964840E-20
   721.37731972669417       -6.40099435E-20
   721.52053539469625       -6.25525224E-20
   721.66375106269834       -6.03230057E-20
   721.80696673070042       -5.73298526E-20
   721.95018239870251       -5.35912806E-20
   722.09339806670459       -4.91352037E-20
   722.23661373470668       -4.39990163E-20
   722.37982940270876       -3.82292183E-20
   722.52304507071085       -3.18808979E-20
   722.66626073871294       -2.50170307E-20
   722.80947640671502       -1.77076719E-20
   722.95269207471711       -1.00290059E-20
   723.09590774271919       -2.06228284E-21
   723.23912341072128        6.10732205E-21
   723.38233907872336        1.43919216E-20
   723.52555474672545        2.27021674E-20
   723.66877041472753        3.09485264E-20
   723.81198608272962        3.90425436E-20
   723.95520175073170        4.68980679E-20
   724.09841741873379        5.44324134E-20
   724.24163308673587        6.15674213E-20
   724.38484875473796        6.82303935E-20
   724.52806442274004        7.43548581E-20
   724.67128009074213        7.98811936E-20
   724.81449575874421        8.47570356E-20
   724.95771142674630        8.89375353E-20
   725.10092709474839        9.23853922E-20
   725.24414276275047        9.50706983E-20
   725.38735843075256        9.69705835E-20
   725.53057409875464        9.80686723E-20
   725.67378976675673        9.83543921E-20
   725.81700543475881        9.78221660E-20
   725.96022110276090        9.64704882E-20
   726.10343677076298        9.43009680E-20
   726.24665243876507        9.13173146E-20
   726.38986810676715        8.75244201E-20
   726.53308377476924        8.29274930E-20
   726.67629944277132        7.75313092E-20
   726.81951511077341        7.13396814E-20
   726.96273077877549        6.43550846E-20
   727.10594644677758        5.65786046E-20
   727.24916211477966        4.80101444E-20
   727.39237778278175        3.86490060E-20
   727.53559345078384        2.84947533E-20
   727.67880911878592        1.75484816E-20
   727.82202478678801        5.81437773E-21
   727.96524045479009       -6.69838057E-21
   728.10845612279218       -1.99734553E-20
   728.25167179079426       -3.39849416E-20
   728.39488745879635       -4.86947914E-20
   728.53810312679843       -6.40501458E-20
   728.68131879480052       -7.99806169E-20
   728.82453446280260       -9.63956930E-20
   728.96775013080469       -1.13182322E-19
   729.11096579880677       -1.30202830E-19
   729.25418146680886       -1.47293157E-19
   729.39739713481094       -1.64261785E-19
   729.54061280281303       -1.80889201E-19
   729.68382847081511       -1.96928129E-19
   729.82704413881720       -2.12104554E-19
   729.97025980681929       -2.26119721E-19
   730.11347547482137       -2.38653032E-19
   730.25669114282346       -2.49366055E-19
   730.39990681082554       -2.57907445E-19
   730.54312247882763       -2.63918825E-19
   730.68633814682971       -2.67041716E-19
   730.82955381483180       -2.66925368E-19
   730.97276948283388       -2.63235211E-19
   731.11598515083597       -2.55661985E-19
   731.25920081883805       -2.43931349E-19
   731.40241648684014       -2.27813657E-19
   731.54563215484222       -2.07133845E-19
   731.68884782284431       -1.81781005E-19
   731.83206349084639       -1.51717552E-19
   731.97527915884848       -1.16987637E-19
   732.11849482685057       -7.77245335E-20
   732.26171049485265       -3.41567044E-20
   732.40492616285474        1.33876936E-20
   732.54814183085682        6.44781084E-20
   732.69135749885891        1.18580877E-19
   732.83457316686099        1.75060718E-19
   732.97778883486308        2.33184541E-19
   733.12100450286516        2.92127700E-19
   733.26422017086725        3.50982712E-19
   733.40743583886933        4.08770557E-19
   733.55065150687142        4.64454159E-19
   733.69386717487350        5.16954279E-19
   733.83708284287559        5.65167535E-19
   733.98029851087767        6.07986074E-19
   734.12351417887976        6.44318896E-19
   734.26672984688184        6.73113932E-19
   734.40994551488393        6.93381357E-19
   734.55316118288602        7.04216596E-19
   734.69637685088810        7.04823488E-19
   734.83959251889019        6.94536463E-19
   734.98280818689227        6.72841583E-19
   735.12602385489436        6.39395517E-19
   735.26923952289644        5.94042290E-19
   735.41245519089853        5.36827138E-19
   735.55567085890061        4.68007365E-19
   735.69888652690270        3.88059273E-19
   735.84210219490478        2.97681261E-19
   735.98531786290687        1.97792701E-19
   736.12853353090895        8.95284137E-20
   736.27174919891104       -2.57713855E-20
   736.41496486691312       -1.46575564E-19
   736.55818053491521       -2.71180953E-19
   736.70139620291729       -3.97735322E-19
   736.84461187091938       -5.24264074E-19
   736.98782753892147       -6.48700576E-19
   737.13104320692355       -7.68919077E-19
   737.27425887492564       -8.82770458E-19
   737.41747454292772       -9.88119354E-19
   737.56069021092981       -1.08288261E-18
   737.70390587893189       -1.16506818E-18
   737.84712154693398       -1.23281375E-18
   737.99033721493606       -1.28442382E-18
   738.13355288293815       -1.31840523E-18
   738.27676855094023       -1.33350014E-18
   738.41998421894232       -1.32871583E-18
   738.56319988694440       -1.30335075E-18
   738.70641555494649       -1.25701613E-18
   738.84963122294857       -1.18965343E-18
   738.99284689095066       -1.10154577E-18
   739.13606255895274       -9.93324285E-19
   739.27927822695483       -8.65968973E-19
   739.42249389495692       -7.20803428E-19
   739.56570956295900       -5.59484339E-19
   739.70892523096109       -3.83985383E-19
   739.85214089896317       -1.96575608E-19
   739.99535656696526        2.06939092E-22
   740.13857223496734        2.03586649E-19
   740.28178790296943        4.10586090E-19
   740.42500357097151        6.18065683E-19
   740.56821923897360        8.22766725E-19
   740.71143490697568        1.02135733E-18
   740.85465057497777        1.21048050E-18
   740.99786624297985        1.38680387E-18
   741.14108191098194        1.54707114E-18
   741.28429757898402        1.68815383E-18
   741.42751324698611        1.80710281E-18
   741.57072891498819        1.90120061E-18
   741.71394458299028        1.96801198E-18
   741.85716025099237        2.00543219E-18
   742.00037591899445        2.01173489E-18
   742.14359158699654        1.98561666E-18
   742.28680725499862        1.92623771E-18
   742.43002292300071        1.83325888E-18
   742.57323859100279        1.70687510E-18
   742.71645425900488        1.54784228E-18
   742.85966992700696        1.35749892E-18
   743.00288559500905        1.13778104E-18
   743.14610126301113        8.91229001E-19
   743.28931693101322        6.20986044E-19
   743.43253259901530        3.30787201E-19
   743.57574826701739        2.49378718E-20
   743.71896393501947       -2.91718633E-19
   743.86217960302156       -6.13845614E-19
   744.00539527102364       -9.35669796E-19
   744.14861093902573       -1.25105122E-18
   744.29182660702782       -1.55356679E-18
   744.43504227502990       -1.83660690E-18
   744.57825794303199       -2.09348577E-18
   744.72147361103407       -2.31756362E-18
   744.86468927903616       -2.50238162E-18
   745.00790494703824       -2.64180539E-18
   745.15112061504033       -2.73017785E-18
   745.29433628304241       -2.76247822E-18
   745.43755195104450       -2.73448250E-18
   745.58076761904658       -2.64292602E-18
   745.72398328704867       -2.48566016E-18
   745.86719895505075       -2.26180193E-18
   746.01041462305284       -1.97186975E-18
   746.15363029105492       -1.61790293E-18
   746.29684595905701       -1.20355699E-18
   746.44006162705909       -7.34173303E-19
   746.58327729506118       -2.16815593E-19
   746.72649296306327        3.39730393E-19
   746.86970863106535        9.24998029E-19
   747.01292429906744        1.52692619E-18
   747.15613996706952        2.13199247E-18
   747.29935563507161        2.72539675E-18
   747.44257130307369        3.29129417E-18
   747.58578697107578        3.81307763E-18
   747.72900263907786        4.27370763E-18
   747.87221830707995        4.65608759E-18
   748.01543397508203        4.94347577E-18
   748.15864964308412        5.11993366E-18
   748.30186531108620        5.17079493E-18
   748.44508097908829        5.08315184E-18
   748.58829664709037        4.84634533E-18
   748.73151231509246        4.45244440E-18
   748.87472798309454        3.89670476E-18
   749.01794365109663        3.17798945E-18
   749.16115931909872        2.29914003E-18
   749.30437498710080        1.26728154E-18
   749.44759065510289        9.40475987E-20
   749.59080632310497       -1.20428781E-18
   749.73402199110706       -2.60678484E-18
   749.87723765910914       -4.08792948E-18
   750.02045332711123       -5.61785172E-18
   750.16366899511331       -7.16267190E-18
   750.30688466311540       -8.68498615E-18
   750.45010033111748       -1.01444810E-17
   750.59331599911957       -1.14986824E-17
   750.73653166712165       -1.27038241E-17
   750.87974733512374       -1.37158283E-17
   751.02296300312582       -1.44913772E-17
   751.16617867112791       -1.49890686E-17
   751.30939433912999       -1.51706165E-17
   751.45261000713208       -1.50020801E-17
   751.59582567513417       -1.44550854E-17
   751.73904134313625       -1.35080099E-17
   751.88225701113834       -1.21470968E-17
   752.02547267914042       -1.03674699E-17
   752.16868834714251       -8.17399615E-18
   752.31190401514459       -5.58198848E-18
   752.45511968314668       -2.61768977E-18
   752.59833535114876        6.81473161E-19
   752.74155101915085        4.26689580E-18
   752.88476668715293        8.07908628E-18
   753.02798235515502        1.20482488E-17
   753.17119802315710        1.60951728E-17
   753.31441369115919        2.01324280E-17
   753.45762935916127        2.40658505E-17
   753.60084502716336        2.77963159E-17
   753.74406069516544        3.12217734E-17
   753.88727636316753        3.42394904E-17
   754.03049203116962        3.67484913E-17
   754.17370769917170        3.86521383E-17
   754.31692336717379        3.98607749E-17
   754.46013903517587        4.02943929E-17
   754.60335470317796        3.98852495E-17
   754.74657037118004        3.85803854E-17
   754.88978603918213        3.63439239E-17
   755.03300170718421        3.31591263E-17
   755.17621737518630        2.90301253E-17
   755.31943304318838        2.39832449E-17
   755.46264871119047        1.80678679E-17
   755.60586437919255        1.13568077E-17
   755.74908004719464        3.94612426E-18
   755.89229571519672       -4.04563615E-18
   756.03551138319881       -1.24787946E-17
   756.17872705120089       -2.11944948E-17
   756.32194271920298       -3.00172528E-17
   756.46515838720507       -3.87580571E-17
   756.60837405520715       -4.72180138E-17
   756.75158972320924       -5.51924253E-17
   756.89480539121132       -6.24752642E-17
   757.03802105921341       -6.88639507E-17
   757.18123672721549       -7.41643189E-17
   757.32445239521758       -7.81956663E-17
   757.46766806321966       -8.07957928E-17
   757.61088373122175       -8.18258841E-17
   757.75409939922383       -8.11751047E-17
   757.89731506722592       -7.87647467E-17
   758.04053073522800       -7.45518960E-17
   758.18374640323009       -6.85324167E-17
   758.32696207123217       -6.07431612E-17
   758.47017773923426       -5.12633472E-17
   758.61339340723634       -4.02149935E-17
   758.75660907523843       -2.77623585E-17
   758.89982474324052       -1.41103711E-17
   759.04304041124260        4.98008689E-19
   759.18625607924469        1.57854582E-17
   759.32947174724677        3.14449500E-17
   759.47268741524886        4.71453509E-17
   759.61590308325094        6.25378785E-17
   759.75911875125303        7.72632683E-17
   759.90233441925511        9.09595529E-17
   760.04555008725720        1.03270303E-16
   760.18876575525928        1.13853140E-16
   760.33198142326137        1.22388280E-16
   760.47519709126345        1.28587079E-16
   760.61841275926554        1.32200138E-16
   760.76162842726762        1.33024976E-16
   760.90484409526971        1.30912939E-16
   761.04805976327179        1.25775274E-16
   761.19127543127388        1.17587972E-16
   761.33449109927597        1.06395497E-16
   761.47770676727805        9.23130453E-17
   761.62092243528014        7.55273074E-17
   761.76413810328222        5.62956559E-17
   761.90735377128431        3.49437023E-17
   762.05056943928639        1.18611695E-17
   762.19378510728848       -1.25038557E-17
   762.33700077529056       -3.76522490E-17
   762.48021644329265       -6.30426770E-17
   762.62343211129473       -8.81017630E-17
   762.76664777929682       -1.12235439E-16
   762.90986344729890       -1.34841306E-16
   763.05307911530099       -1.55321715E-16
   763.19629478330307       -1.73097363E-16
   763.33951045130516       -1.87621173E-16
   763.48272611930724       -1.98392044E-16
   763.62594178730933       -2.04968275E-16
   763.76915745531142       -2.06980336E-16
   763.91237312331350       -2.04142643E-16
   764.05558879131559       -1.96264085E-16
   764.19880445931767       -1.83257021E-16
   764.34202012731976       -1.65144359E-16
   764.48523579532184       -1.42064750E-16
   764.62845146332393       -1.14275385E-16
   764.77166713132601       -8.21524881E-17
   764.91488279932810       -4.61892029E-17
   765.05809846733018       -6.99087972E-18
   765.20131413533227        3.47322948E-17
   765.34452980333435        7.81753044E-17
   765.48774547133644        1.22450881E-16
   765.63096113933852        1.66604459E-16
   765.77417680734061        2.09631403E-16
   765.91739247534269        2.50496177E-16
   766.06060814334478        2.88153171E-16
   766.20382381134687        3.21568965E-16
   766.34703947934895        3.49745516E-16
   766.49025514735104        3.71743782E-16
   766.63347081535312        3.86707519E-16
   766.77668648335521        3.93886467E-16
   766.91990215135729        3.92658719E-16
   767.06311781935938        3.82551525E-16
   767.20633348736146        3.63259926E-16
   767.34954915536355        3.34663062E-16
   767.49276482336563        2.96837244E-16
   767.63598049136772        2.50065540E-16
   767.77919615936980        1.94843492E-16
   767.92241182737189        1.31880423E-16
   768.06562749537397        6.20961045E-17
   768.20884316337606       -1.33873475E-17
   768.35205883137814       -9.32586517E-17
   768.49527449938023       -1.76035483E-16
   768.63849016738232       -2.60087555E-16
   768.78170583538440       -3.43664401E-16
   768.92492150338649       -4.24927631E-16
   769.06813717138857       -5.01987088E-16
   769.21135283939066       -5.72940497E-16
   769.35456850739274       -6.35915861E-16
   769.49778417539483       -6.89115830E-16
   769.64099984339691       -7.30863279E-16
   769.78421551139900       -7.59646782E-16
   769.92743117940108       -7.74165138E-16
   770.07064684740317       -7.73369880E-16
   770.21386251540525       -7.56504819E-16
   770.35707818340734       -7.23140932E-16
   770.50029385140942       -6.73205905E-16
   770.64350951941151       -6.07007103E-16
   770.78672518741359       -5.25247354E-16
   770.92994085541568       -4.29031902E-16
   771.07315652341777       -3.19866455E-16
   771.21637219141985       -1.99645520E-16
   771.35958785942194       -7.06306960E-17
   771.50280352742402        6.45811072E-17
   771.64601919542611        2.03099562E-16
   771.78923486342819        3.41792406E-16
   771.93245053143028        4.77346053E-16
   772.07566619943236        6.06334295E-16
   772.21888186743445        7.25293825E-16
   772.36209753543653        8.30805225E-16
   772.50531320343862        9.19577825E-16
   772.64852887144070        9.88536260E-16
   772.79174453944279        1.03490687E-15
   772.93496020744487        1.05630154E-15
   773.07817587544696        1.05079699E-15
   773.22139154344904        1.01700641E-15
   773.36460721145113        9.54142487E-16
   773.50782287945322        8.62067729E-16
   773.65103854745530        7.41332182E-16
   773.79425421545739        5.93194484E-16
   773.93746988345947        4.19626660E-16
   774.08068555146156        2.23299828E-16
   774.22390121946364        7.55127722E-18
   774.36711688746573       -2.23668261E-16
   774.51033255546781       -4.65866533E-16
   774.65354822346990       -7.14100496E-16
   774.79676389147198       -9.63084296E-16
   774.93997955947407       -1.20731322E-15
   775.08319522747615       -1.44120104E-15
   775.22641089547824       -1.65922859E-15
   775.36962656348032       -1.85609843E-15
   775.51284223148241       -2.02689500E-15
   775.65605789948449       -2.16724285E-15
   775.79927356748658       -2.27346290E-15
   775.94248923548867       -2.34271737E-15
   776.08570490349075       -2.37314386E-15
   776.22892057149284       -2.36397112E-15
   776.37213623949492       -2.31561422E-15
   776.51535190749701       -2.22974372E-15
   776.65856757549909       -2.10932740E-15
   776.80178324350118       -1.95864002E-15
   776.94499891150326       -1.78324173E-15
   777.08821457950535       -1.58992023E-15
   777.23143024750743       -1.38659961E-15
   777.37464591550952       -1.18221479E-15
   777.51786158351160       -9.86552720E-16
   777.66107725151369       -8.10063824E-16
   777.80429291951577       -6.63645973E-16
   777.94750858751786       -5.58405465E-16
   778.09072425551994       -5.05400525E-16
   778.23393992352203       -5.15372538E-16
   778.37715559152412       -5.98472082E-16
   778.52037125952620       -7.63986237E-16
   778.66358692752829       -1.02007416E-15
   778.80680259553037       -1.37351866E-15
   778.95001826353246       -1.82949990E-15
   779.09323393153454       -2.39139974E-15
   779.23644959953663       -3.06064196E-15
   779.37966526753871       -3.83657517E-15
   779.52288093554080       -4.71640185E-15
   779.66609660354288       -5.69516028E-15
   779.80931227154497       -6.76575825E-15
   779.95252793954705       -7.91906095E-15
   780.09574360754914       -9.14403830E-15
   780.23895927555122       -1.04279581E-14
   780.38217494355331       -1.17566343E-14
   780.52539061155539       -1.31147195E-14
   780.66860627955748       -1.44860388E-14
   780.81182194755957       -1.58539529E-14
   780.95503761556165       -1.72017433E-14
   781.09825328356374       -1.85130164E-14
   781.24146895156582       -1.97721054E-14
   781.38468461956791       -2.09644686E-14
   781.52790028756999       -2.20770701E-14
   781.67111595557208       -2.30987274E-14
   781.81433162357416       -2.40204178E-14
   781.95754729157625       -2.48355346E-14
   782.10076295957833       -2.55400966E-14
   782.24397862758042       -2.61328722E-14
   782.38719429558250       -2.66154337E-14
   782.53040996358459       -2.69921465E-14
   782.67362563158667       -2.72700648E-14
   782.81684129958876       -2.74587448E-14
   782.96005696759084       -2.75699873E-14
   783.10327263559293       -2.76174940E-14
   783.24648830359502       -2.76164555E-14
   783.38970397159710       -2.75830706E-14
   783.53291963959919       -2.75340206E-14
   783.67613530760127       -2.74858939E-14
   783.81935097560336       -2.74545774E-14
   783.96256664360544       -2.74546214E-14
   784.10578231160753       -2.74986045E-14
   784.24899797960961       -2.75965045E-14
   784.39221364761170       -2.77550759E-14
   784.53542931561378       -2.79772746E-14
   784.67864498361587       -2.82617134E-14
   784.82186065161795       -2.86021715E-14
   784.96507631962004       -2.89871649E-14
   785.10829198762212       -2.93995649E-14
   785.25150765562421       -2.98163051E-14
   785.39472332362629       -3.02081324E-14
   785.53793899162838       -3.05394375E-14
   785.68115465963047       -3.07681330E-14
   785.82437032763255       -3.08456026E-14
   785.96758599563464       -3.07166673E-14
   786.11080166363672       -3.03196019E-14
   786.25401733163881       -2.95861426E-14
   786.39723299964089       -2.84415164E-14
   786.54044866764298       -2.68044440E-14
   786.68366433564506       -2.45871150E-14
   786.82688000364715       -2.16951074E-14
   786.97009567164923       -1.80272328E-14
   787.11331133965132       -1.34753159E-14
   787.25652700765340       -7.92385600E-15
   787.39974267565549       -1.24957921E-15
   787.54295834365757        6.67912753E-15
   787.68617401165966        1.60029291E-14
   787.82938967966174        2.68723879E-14
   787.97260534766383        3.94489637E-14
   788.11582101566592        5.39061661E-14
   788.25903668366800        7.04308573E-14
   788.40225235167009        8.92247227E-14
   788.54546801967217        1.10505883E-13
   788.68868368767426        1.34510635E-13
   788.83189935567634        1.61495383E-13
   788.97511502367843        1.91738715E-13
   789.11833069168051        2.25543542E-13
   789.26154635968260        2.63239517E-13
   789.40476202768468        3.05185375E-13
   789.54797769568677        3.51771726E-13
   789.69119336368885        4.03423659E-13
   789.83440903169094        4.60603723E-13
   789.97762469969302        5.23814932E-13
   790.12084036769511        5.93603996E-13
   790.26405603569719        6.70564624E-13
   790.40727170369928        7.55341156E-13
   790.55048737170137        8.48632362E-13
   790.69370303970345        9.51195286E-13
   790.83691870770554        1.06384953E-12
   790.98013437570762        1.18748154E-12
   791.12335004370971        1.32304931E-12
   791.26656571171179        1.47158707E-12
   791.40978137971388        1.63421067E-12
   791.55299704771596        1.81212272E-12
   791.69621271571805        2.00661861E-12
   791.83942838372013        2.21909210E-12
   791.98264405172222        2.45104132E-12
   792.12585971972430        2.70407568E-12
   792.26907538772639        2.97992100E-12
   792.41229105572847        3.28042780E-12
   792.55550672373056        3.60757734E-12
   792.69872239173264        3.96348839E-12
   792.84193805973473        4.35042540E-12
   792.98515372773682        4.77080354E-12
   793.12836939573890        5.22719801E-12
   793.27158506374099        5.72235054E-12
   793.41480073174307        6.25917504E-12
   793.55801639974516        6.84076754E-12
   793.70123206774724        7.47041144E-12
   793.84444773574933        8.15158531E-12
   793.98766340375141        8.88797109E-12
   794.13087907175350        9.68345976E-12
   794.27409473975558        1.05421609E-11
   794.41731040775767        1.14684087E-11
   794.56052607575975        1.24667741E-11
   794.70374174376184        1.35420676E-11
   794.84695741176392        1.46993528E-11
   794.99017307976601        1.59439545E-11
   795.13338874776809        1.72814697E-11
   795.27660441577018        1.87177773E-11
   795.41982008377227        2.02590514E-11
   795.56303575177435        2.19117797E-11
   795.70625141977644        2.36827710E-11
   795.84946708777852        2.55791742E-11
   795.99268275578061        2.76084901E-11
   796.13589842378269        2.97785963E-11
   796.27911409178478        3.20977585E-11
   796.42232975978686        3.45746556E-11
   796.56554542778895        3.72184020E-11
   796.70876109579103        4.00385558E-11
   796.85197676379312        4.30451508E-11
   796.99519243179520        4.62487167E-11
   797.13840809979729        4.96602898E-11
   797.28162376779937        5.32914338E-11
   797.42483943580146        5.71542674E-11
   797.56805510380354        6.12614612E-11
   797.71127077180563        6.56262544E-11
   797.85448643980772        7.02624695E-11
   797.99770210780980        7.51845045E-11
   798.14091777581189        8.04073058E-11
   798.28413344381397        8.59463820E-11
   798.42734911181606        9.18177964E-11
   798.57056477981814        9.80381054E-11
   798.71378044782023        1.04624358E-10
   798.85699611582231        1.11594019E-10
   799.00021178382440        1.18964907E-10
   799.14342745182648        1.26755120E-10
   799.28664311982857        1.34982941E-10
   799.42985878783065        1.43666759E-10
   799.57307445583274        1.52824933E-10
   799.71629012383482        1.62475672E-10
   799.85950579183691        1.72636863E-10
   800.00272145983899        1.83325882E-10
   800.14593712784108        1.94559396E-10
   800.28915279584317        2.06353185E-10
   800.43236846384525        2.18721832E-10
   800.57558413184734        2.31678524E-10
   800.71879979984942        2.45234721E-10
   800.86201546785151        2.59399835E-10
   801.00523113585359        2.74180872E-10
   801.14844680385568        2.89582053E-10
   801.29166247185776        3.05604431E-10
   801.43487813985985        3.22245258E-10
   801.57809380786193        3.39497680E-10
   801.72130947586402        3.57350066E-10
   801.86452514386610        3.75785486E-10
   802.00774081186819        3.94780958E-10
   802.15095647987027        4.14306783E-10
   802.29417214787236        4.34325825E-10
   802.43738781587444        4.54792509E-10
   802.58060348387653        4.75651907E-10
   802.72381915187862        4.96838848E-10
   802.86703481988070        5.18276533E-10
   803.01025048788279        5.39875589E-10
   803.15346615588487        5.61532543E-10
   803.29668182388696        5.83128379E-10
   803.43989749188904        6.04526929E-10
   803.58311315989113        6.25573093E-10
   803.72632882789321        6.46090847E-10
   803.86954449589530        6.65881295E-10
   804.01276016389738        6.84720058E-10
   804.15597583189947        7.02355007E-10
   804.29919149990155        7.18503368E-10
   804.44240716790364        7.32848782E-10
   804.58562283590572        7.45037976E-10
   804.72883850390781        7.54677210E-10
   804.87205417190989        7.61328334E-10
   805.01526983991198        7.64504682E-10
   805.15848550791407        7.63666408E-10
   805.30170117591615        7.58215657E-10
   805.44491684391824        7.47490903E-10
   805.58813251192032        7.30761396E-10
   805.73134817992241        7.07220782E-10
   805.87456384792449        6.75980216E-10
   806.01777951592658        6.36061259E-10
   806.16099518392866        5.86387661E-10
   806.30421085193075        5.25776978E-10
   806.44742651993283        4.52931359E-10
   806.59064218793492        3.66427638E-10
   806.73385785593700        2.64706701E-10
   806.87707352393909        1.46061913E-10
   807.02028919194117        8.62677117E-12
   807.16350485994326       -1.49638302E-10
   807.30672052794534       -3.30960342E-10
   807.44993619594743       -5.37768940E-10
   807.59315186394952       -7.72712783E-10
   807.73636753195160       -1.03867737E-09
   807.87958319995369       -1.33880385E-09
   808.02279886795577       -1.67650960E-09
   808.16601453595786       -2.05550998E-09
   808.30923020395994       -2.47984144E-09
   808.45244587196203       -2.95388736E-09
   808.59566153996411       -3.48240370E-09
   808.73887720796620       -4.07054879E-09
   808.88209287596828       -4.72391459E-09
   809.02530854397037       -5.44855894E-09
   809.16852421197245       -6.25104146E-09
   809.31173987997454       -7.13846138E-09
   809.45495554797662       -8.11849787E-09
   809.59817121597871       -9.19945453E-09
   809.74138688398079       -1.03903055E-08
   809.88460255198288       -1.17007435E-08
   810.02781821998497       -1.31412365E-08
   810.17103388798705       -1.47230823E-08
   810.31424955598914       -1.64584719E-08
   810.45746522399122       -1.83605486E-08
   810.60068089199331       -2.04434851E-08
   810.74389655999539       -2.27225527E-08
   810.88711222799748       -2.52142005E-08
   811.03032789599956       -2.79361423E-08
   811.17354356400165       -3.09074437E-08
   811.31675923200373       -3.41486235E-08
   811.45997490000582       -3.76817511E-08
   811.60319056800790       -4.15305550E-08
   811.74640623600999       -4.57205438E-08
   811.88962190401207       -5.02791266E-08
   812.03283757201416       -5.52357449E-08
   812.17605324001624       -6.06220070E-08
   812.31926890801833       -6.64718556E-08
   812.46248457602042       -7.28217060E-08
   812.60570024402250       -7.97106310E-08
   812.74891591202459       -8.71805170E-08
   812.89213158002667       -9.52762846E-08
   813.03534724802876       -1.04046073E-07
   813.17856291603084       -1.13541468E-07
   813.32177858403293       -1.23817699E-07
   813.46499425203501       -1.34933927E-07
   813.60820992003710       -1.46953482E-07
   813.75142558803918       -1.59944108E-07
   813.89464125604127       -1.73978279E-07
   814.03785692404335       -1.89133516E-07
   814.18107259204544       -2.05492711E-07
   814.32428826004752       -2.23144454E-07
   814.46750392804961       -2.42183404E-07
   814.61071959605169       -2.62710699E-07
   814.75393526405378       -2.84834329E-07
   814.89715093205587       -3.08669570E-07
   815.04036660005795       -3.34339433E-07
   815.18358226806004       -3.61975253E-07
   815.32679793606212       -3.91717094E-07
   815.47001360406421       -4.23714368E-07
   815.61322927206629       -4.58126323E-07
   815.75644494006838       -4.95122720E-07
   815.89966060807046       -5.34884464E-07
   816.04287627607255       -5.77604226E-07
   816.18609194407463       -6.23487210E-07
   816.32930761207672       -6.72751980E-07
   816.47252328007880       -7.25631253E-07
   816.61573894808089       -7.82372638E-07
   816.75895461608297       -8.43239604E-07
   816.90217028408506       -9.08512391E-07
   817.04538595208714       -9.78488970E-07
   817.18860162008923       -1.05348602E-06
   817.33181728809132       -1.13384033E-06
   817.47503295609340       -1.21990956E-06
   817.61824862409549       -1.31207400E-06
   817.76146429209757       -1.41073735E-06
   817.90467996009966       -1.51632833E-06
   818.04789562810174       -1.62930201E-06
   818.19111129610383       -1.75014134E-06
   818.33432696410591       -1.87935882E-06
   818.47754263210800       -2.01749776E-06
   818.62075830011008       -2.16513490E-06
   818.76397396811217       -2.32288130E-06
   818.90718963611425       -2.49138520E-06
   819.05040530411634       -2.67133328E-06
   819.19362097211842       -2.86345289E-06
   819.33683664012051       -3.06851484E-06
   819.48005230812259       -3.28733518E-06
   819.62326797612468       -3.52077791E-06
   819.76648364412677       -3.76975731E-06
   819.90969931212885       -4.03524109E-06
   820.05291498013094       -4.31825310E-06
   820.19613064813302       -4.61987702E-06
   820.33934631613511       -4.94125788E-06
   820.48256198413719       -5.28360670E-06
   820.62577765213928       -5.64820311E-06
   820.76899332014136       -6.03639864E-06
   820.91220898814345       -6.44962211E-06
   821.05542465614553       -6.88938235E-06
   821.19864032414762       -7.35727235E-06
   821.34185599214970       -7.85497468E-06
   821.48507166015179       -8.38426604E-06
   821.62828732815387       -8.94701861E-06
   821.77150299615596       -9.54520965E-06
   821.91471866415804       -1.01809237E-05
   822.05793433216013       -1.08563590E-05
   822.20115000016222       -1.15738330E-05
   822.34436566816430       -1.23357877E-05
   822.48758133616639       -1.31447960E-05
   822.63079700416847       -1.40035672E-05
   822.77401267217056       -1.49149582E-05
   822.91722834017264       -1.58819767E-05
   823.06044400817473       -1.69077866E-05
   823.20365967617681       -1.79957187E-05
   823.34687534417890       -1.91492782E-05
   823.49009101218098       -2.03721520E-05
   823.63330668018307       -2.16682147E-05
   823.77652234818515       -2.30415444E-05
   823.91973801618724       -2.44964249E-05
   824.06295368418932       -2.60373654E-05
   824.20616935219141       -2.76690989E-05
   824.34938502019349       -2.93965968E-05
   824.49260068819558       -3.12250777E-05
   824.63581635619767       -3.31600168E-05
   824.77903202419975       -3.52071656E-05
   824.92224769220184       -3.73725634E-05
   825.06546336020392       -3.96625510E-05
   825.20867902820601       -4.20837714E-05
   825.35189469620809       -4.46431950E-05
   825.49511036421018       -4.73481196E-05
   825.63832603221226       -5.02061994E-05
   825.78154170021435       -5.32254599E-05
   825.92475736821643       -5.64143011E-05
   826.06797303621852       -5.97815233E-05
   826.21118870422060       -6.33363452E-05
   826.35440437222269       -6.70884110E-05
   826.49762004022477       -7.10478198E-05
   826.64083570822686       -7.52251435E-05
   826.78405137622894       -7.96314271E-05
   826.92726704423103       -8.42782174E-05
   827.07048271223312       -8.91775999E-05
   827.21369838023520       -9.43422056E-05
   827.35691404823729       -9.97852258E-05
   827.50012971623937       -1.05520448E-04
   827.64334538424146       -1.11562280E-04
   827.78656105224354       -1.17925760E-04
   827.92977672024563       -1.24626575E-04
   828.07299238824771       -1.31681096E-04
   828.21620805624980       -1.39106400E-04
   828.35942372425188       -1.46920283E-04
   828.50263939225397       -1.55141373E-04
   828.64585506025605       -1.63789053E-04
   828.78907072825814       -1.72883534E-04
   828.93228639626022       -1.82445860E-04
   829.07550206426231       -1.92497930E-04
   829.21871773226439       -2.03062547E-04
   829.36193340026648       -2.14163476E-04
   829.50514906826857       -2.25825454E-04
   829.64836473627065       -2.38074223E-04
   829.79158040427274       -2.50936573E-04
   829.93479607227482       -2.64440372E-04
   830.07801174027691       -2.78614578E-04
   830.22122740827899       -2.93489255E-04
   830.36444307628108       -3.09095660E-04
   830.50765874428316       -3.25466273E-04
   830.65087441228525       -3.42634798E-04
   830.79409008028733       -3.60636303E-04
   830.93730574828942       -3.79507139E-04
   831.08052141629150       -3.99285054E-04
   831.22373708429359       -4.20009193E-04
   831.36695275229567       -4.41720098E-04
   831.51016842029776       -4.64459823E-04
   831.65338408829984       -4.88271995E-04
   831.79659975630193       -5.13201870E-04
   831.93981542430402       -5.39296190E-04
   832.08303109230610       -5.66603383E-04
   832.22624676030819       -5.95173682E-04
   832.36946242831027       -6.25059009E-04
   832.51267809631236       -6.56313146E-04
   832.65589376431444       -6.88991626E-04
   832.79910943231653       -7.23151898E-04
   832.94232510031861       -7.58853392E-04
   833.08554076832070       -7.96157459E-04
   833.22875643632278       -8.35127488E-04
   833.37197210432487       -8.75829021E-04
   833.51518777232695       -9.18329635E-04
   833.65840344032904       -9.62699065E-04
   833.80161910833112       -1.00900931E-03
   833.94483477633321       -1.05733459E-03
   834.08805044433529       -1.10775151E-03
   834.23126611233738       -1.16033887E-03
   834.37448178033947       -1.21517817E-03
   834.51769744834155       -1.27235299E-03
   834.66091311634364       -1.33194972E-03
   834.80412878434572       -1.39405718E-03
   834.94734445234781       -1.45876675E-03
   835.09056012034989       -1.52617227E-03
   835.23377578835198       -1.59637048E-03
   835.37699145635406       -1.66946056E-03
   835.52020712435615       -1.74554484E-03
   835.66342279235823       -1.82472821E-03
   835.80663846036032       -1.90711848E-03
   835.94985412836240       -1.99282612E-03
   836.09306979636449       -2.08196463E-03
   836.23628546436657       -2.17465055E-03
   836.37950113236866       -2.27100332E-03
   836.52271680037074       -2.37114541E-03
   836.66593246837283       -2.47520232E-03
   836.80914813637492       -2.58330232E-03
   836.95236380437700       -2.69557699E-03
   837.09557947237909       -2.81216088E-03
   837.23879514038117       -2.93319160E-03
   837.38201080838326       -3.05881049E-03
   837.52522647638534       -3.18916165E-03
   837.66844214438743       -3.32439248E-03
   837.81165781238951       -3.46465339E-03
   837.95487348039160       -3.61009757E-03
   838.09808914839368       -3.76088195E-03
   838.24130481639577       -3.91716650E-03
   838.38452048439785       -4.07911511E-03
   838.52773615239994       -4.24689380E-03
   838.67095182040202       -4.42067208E-03
   838.81416748840411       -4.60062316E-03
   838.95738315640619       -4.78692260E-03
   839.10059882440828       -4.97975014E-03
   839.24381449241037       -5.17928740E-03
   839.38703016041245       -5.38571924E-03
   839.53024582841454       -5.59923379E-03
   839.67346149641662       -5.82002243E-03
   839.81667716441871       -6.04827935E-03
   839.95989283242079       -6.28420105E-03
   840.10310850042288       -6.52798824E-03
   840.24632416842496       -6.77984348E-03
   840.38953983642705       -7.03997258E-03
   840.53275550442913       -7.30858324E-03
   840.67597117243122       -7.58588593E-03
   840.81918684043330       -7.87209254E-03
   840.96240250843539       -8.16741958E-03
   841.10561817643747       -8.47208407E-03
   841.24883384443956       -8.78630579E-03
   841.39204951244164       -9.11030918E-03
   841.53526518044373       -9.44431685E-03
   841.67848084844582       -9.78855602E-03
   841.82169651644790       -1.01432540E-02
   841.96491218444999       -1.05086379E-02
   842.10812785245207       -1.08849397E-02
   842.25134352045416       -1.12723913E-02
   842.39455918845624       -1.16712255E-02
   842.53777485645833       -1.20816771E-02
   842.68099052446041       -1.25039825E-02
   842.82420619246250       -1.29383774E-02
   842.96742186046458       -1.33850984E-02
   843.11063752846667       -1.38443811E-02
   843.25385319646875       -1.43164610E-02
   843.39706886447084       -1.48015758E-02
   843.54028453247292       -1.52999610E-02
   843.68350020047501       -1.58118531E-02
   843.82671586847709       -1.63374878E-02
   843.96993153647918       -1.68770980E-02
   844.11314720448127       -1.74309183E-02
   844.25636287248335       -1.79991815E-02
   844.39957854048544       -1.85821168E-02
   844.54279420848752       -1.91799514E-02
   844.68600987648961       -1.97929088E-02
   844.82922554449169       -2.04212125E-02
   844.97244121249378       -2.10650843E-02
   845.11565688049586       -2.17247438E-02
   845.25887254849795       -2.24004053E-02
   845.40208821650003       -2.30922829E-02
   845.54530388450212       -2.38005817E-02
   845.68851955250420       -2.45255046E-02
   845.83173522050629       -2.52672471E-02
   845.97495088850837       -2.60260012E-02
   846.11816655651046       -2.68019568E-02
   846.26138222451254       -2.75952984E-02
   846.40459789251463       -2.84062084E-02
   846.54781356051672       -2.92348582E-02
   846.69102922851880       -3.00814118E-02
   846.83424489652089       -3.09460238E-02
   846.97746056452297       -3.18288431E-02
   847.12067623252506       -3.27300131E-02
   847.26389190052714       -3.36496718E-02
   847.40710756852923       -3.45879495E-02
   847.55032323653131       -3.55449729E-02
   847.69353890453340       -3.65208499E-02
   847.83675457253548       -3.75156850E-02
   847.97997024053757       -3.85295674E-02
   848.12318590853965       -3.95625792E-02
   848.26640157654174       -4.06147912E-02
   848.40961724454382       -4.16862667E-02
   848.55283291254591       -4.27770615E-02
   848.69604858054799       -4.38872166E-02
   848.83926424855008       -4.50167581E-02
   848.98247991655217       -4.61657085E-02
   849.12569558455425       -4.73340712E-02
   849.26891125255634       -4.85218391E-02
   849.41212692055842       -4.97289933E-02
   849.55534258856051       -5.09555042E-02
   849.69855825656259       -5.22013232E-02
   849.84177392456468       -5.34663945E-02
   849.98498959256676       -5.47506474E-02
   850.12820526056885       -5.60539961E-02
   850.27142092857093       -5.73763326E-02
   850.41463659657302       -5.87175414E-02
   850.55785226457510       -6.00774884E-02
   850.70106793257719       -6.14560321E-02
   850.84428360057927       -6.28530085E-02
   850.98749926858136       -6.42682537E-02
   851.13071493658344       -6.57015666E-02
   851.27393060458553       -6.71527460E-02
   851.41714627258762       -6.86215535E-02
   851.56036194058970       -7.01077506E-02
   851.70357760859179       -7.16110766E-02
   851.84679327659387       -7.31312484E-02
   851.99000894459596       -7.46679828E-02
   852.13322461259804       -7.62209818E-02
   852.27644028060013       -7.77899325E-02
   852.41965594860221       -7.93744847E-02
   852.56287161660430       -8.09742659E-02
   852.70608728460638       -8.25888962E-02
   852.84930295260847       -8.42179731E-02
   852.99251862061055       -8.58610943E-02
   853.13573428861264       -8.75178427E-02
   853.27894995661472       -8.91877711E-02
   853.42216562461681       -9.08704251E-02
   853.56538129261889       -9.25653279E-02
   853.70859696062098       -9.42719728E-02
   853.85181262862307       -9.59898382E-02
   853.99502829662515       -9.77183953E-02
   854.13824396462724       -9.94571000E-02
   854.28145963262932      -0.101205386    
   854.42467530063141      -0.102962673    
   854.56789096863349      -0.104728378    
   854.71110663663558      -0.106501900    
   854.85432230463766      -0.108282596    
   854.99753797263975      -0.110069819    
   855.14075364064183      -0.111862913    
   855.28396930864392      -0.113661192    
   855.42718497664600      -0.115463972    
   855.57040064464809      -0.117270552    
   855.71361631265017      -0.119080238    
   855.85683198065226      -0.120892294    
   856.00004764865434      -0.122705989    
   856.14326331665643      -0.124520563    
   856.28647898465852      -0.126335248    
   856.42969465266060      -0.128149241    
   856.57291032066269      -0.129961774    
   856.71612598866477      -0.131772026    
   856.85934165666686      -0.133579224    
   857.00255732466894      -0.135382533    
   857.14577299267103      -0.137181163    
   857.28898866067311      -0.138974279    
   857.43220432867520      -0.140761018    
   857.57541999667728      -0.142540529    
   857.71863566467937      -0.144311935    
   857.86185133268145      -0.146074370    
   858.00506700068354      -0.147826970    
   858.14828266868562      -0.149568886    
   858.29149833668771      -0.151299268    
   858.43471400468979      -0.153017238    
   858.57792967269188      -0.154721916    
   858.72114534069397      -0.156412378    
   858.86436100869605      -0.158087745    
   859.00757667669814      -0.159747124    
   859.15079234470022      -0.161389649    
   859.29400801270231      -0.163014442    
   859.43722368070439      -0.164620638    
   859.58043934870648      -0.166207388    
   859.72365501670856      -0.167773813    
   859.86687068471065      -0.169319049    
   860.01008635271273      -0.170842201    
   860.15330202071482      -0.172342420    
   860.29651768871690      -0.173818856    
   860.43973335671899      -0.175270677    
   860.58294902472107      -0.176697075    
   860.72616469272316      -0.178097248    
   860.86938036072524      -0.179470360    
   861.01259602872733      -0.180815637    
   861.15581169672942      -0.182132274    
   861.29902736473150      -0.183419466    
   861.44224303273359      -0.184676453    
   861.58545870073567      -0.185902506    
   861.72867436873776      -0.187096894    
   861.87189003673984      -0.188258931    
   862.01510570474193      -0.189387918    
   862.15832137274401      -0.190483183    
   862.30153704074610      -0.191544041    
   862.44475270874818      -0.192569822    
   862.58796837675027      -0.193559885    
   862.73118404475235      -0.194513634    
   862.87439971275444      -0.195430502    
   863.01761538075652      -0.196309954    
   863.16083104875861      -0.197151467    
   863.30404671676069      -0.197954521    
   863.44726238476278      -0.198718578    
   863.59047805276487      -0.199443147    
   863.73369372076695      -0.200127795    
   863.87690938876904      -0.200772107    
   864.02012505677112      -0.201375708    
   864.16334072477321      -0.201938227    
   864.30655639277529      -0.202459306    
   864.44977206077738      -0.202938616    
   864.59298772877946      -0.203375861    
   864.73620339678155      -0.203770772    
   864.87941906478363      -0.204123110    
   865.02263473278572      -0.204432696    
   865.16585040078780      -0.204699367    
   865.30906606878989      -0.204922944    
   865.45228173679197      -0.205103293    
   865.59549740479406      -0.205240294    
   865.73871307279614      -0.205333874    
   865.88192874079823      -0.205384016    
   866.02514440880032      -0.205390736    
   866.16836007680240      -0.205354050    
   866.31157574480449      -0.205274001    
   866.45479141280657      -0.205150664    
   866.59800708080866      -0.204984128    
   866.74122274881074      -0.204774514    
   866.88443841681283      -0.204521999    
   867.02765408481491      -0.204226777    
   867.17086975281700      -0.203889087    
   867.31408542081908      -0.203509212    
   867.45730108882117      -0.203087389    
   867.60051675682325      -0.202623934    
   867.74373242482534      -0.202119142    
   867.88694809282742      -0.201573402    
   868.03016376082951      -0.200987101    
   868.17337942883159      -0.200360641    
   868.31659509683368      -0.199694455    
   868.45981076483577      -0.198989019    
   868.60302643283785      -0.198244825    
   868.74624210083994      -0.197462410    
   868.88945776884202      -0.196642295    
   869.03267343684411      -0.195785061    
   869.17588910484619      -0.194891259    
   869.31910477284828      -0.193961501    
   869.46232044085036      -0.192996398    
   869.60553610885245      -0.191996619    
   869.74875177685453      -0.190962851    
   869.89196744485662      -0.189895779    
   870.03518311285870      -0.188796088    
   870.17839878086079      -0.187664494    
   870.32161444886287      -0.186501727    
   870.46483011686496      -0.185308561    
   870.60804578486704      -0.184085801    
   870.75126145286913      -0.182834238    
   870.89447712087122      -0.181554660    
   871.03769278887330      -0.180247903    
   871.18090845687539      -0.178914785    
   871.32412412487747      -0.177556142    
   871.46733979287956      -0.176172823    
   871.61055546088164      -0.174765691    
   871.75377112888373      -0.173335642    
   871.89698679688581      -0.171883538    
   872.04020246488790      -0.170410290    
   872.18341813288998      -0.168916777    
   872.32663380089207      -0.167403877    
   872.46984946889415      -0.165872514    
   872.61306513689624      -0.164323598    
   872.75628080489832      -0.162758052    
   872.89949647290041      -0.161176786    
   873.04271214090249      -0.159580708    
   873.18592780890458      -0.157970741    
   873.32914347690667      -0.156347796    
   873.47235914490875      -0.154712781    
   873.61557481291084      -0.153066620    
   873.75879048091292      -0.151410192    
   873.90200614891501      -0.149744436    
   874.04522181691709      -0.148070231    
   874.18843748491918      -0.146388516    
   874.33165315292126      -0.144700199    
   874.47486882092335      -0.143006146    
   874.61808448892543      -0.141307190    
   874.76130015692752      -0.139604211    
   874.90451582492960      -0.137898073    
   875.04773149293169      -0.136189640    
   875.19094716093377      -0.134479746    
   875.33416282893586      -0.132769212    
   875.47737849693794      -0.131058872    
   875.62059416494003      -0.129349530    
   875.76380983294212      -0.127641961    
   875.90702550094420      -0.125936911    
   876.05024116894629      -0.124235161    
   876.19345683694837      -0.122537464    
   876.33667250495046      -0.120844580    
   876.47988817295254      -0.119157247    
   876.62310384095463      -0.117476165    
   876.76631950895671      -0.115802005    
   876.90953517695880      -0.114135422    
   877.05275084496088      -0.112477057    
   877.19596651296297      -0.110827535    
   877.33918218096505      -0.109187491    
   877.48239784896714      -0.107557535    
   877.62561351696922      -0.105938278    
   877.76882918497131      -0.104330294    
   877.91204485297339      -0.102734119    
   878.05526052097548      -0.101150252    
   878.19847618897757       -9.95791778E-02
   878.34169185697965       -9.80213434E-02
   878.48490752498174       -9.64772329E-02
   878.62812319298382       -9.49473009E-02
   878.77133886098591       -9.34319943E-02
   878.91455452898799       -9.19317454E-02
   879.05777019699008       -9.04469490E-02
   879.20098586499216       -8.89779627E-02
   879.34420153299425       -8.75250995E-02
   879.48741720099633       -8.60886648E-02
   879.63063286899842       -8.46689567E-02
   879.77384853700050       -8.32662806E-02
   879.91706420500259       -8.18809420E-02
   880.06027987300467       -8.05132464E-02
   880.20349554100676       -7.91634321E-02
   880.34671120900884       -7.78316930E-02
   880.48992687701093       -7.65181780E-02
   880.63314254501302       -7.52230212E-02
   880.77635821301510       -7.39463642E-02
   880.91957388101719       -7.26883486E-02
   881.06278954901927       -7.14491382E-02
   881.20600521702136       -7.02288672E-02
   881.34922088502344       -6.90276474E-02
   881.49243655302553       -6.78455457E-02
   881.63565222102761       -6.66825920E-02
   881.77886788902970       -6.55387789E-02
   881.92208355703178       -6.44140914E-02
   882.06529922503387       -6.33085296E-02
   882.20851489303595       -6.22221045E-02
   882.35173056103804       -6.11548312E-02
   882.49494622904012       -6.01067021E-02
   882.63816189704221       -5.90776727E-02
   882.78137756504429       -5.80676459E-02
   882.92459323304638       -5.70764989E-02
   883.06780890104847       -5.61041124E-02
   883.21102456905055       -5.51503822E-02
   883.35424023705264       -5.42152189E-02
   883.49745590505472       -5.32985255E-02
   883.64067157305681       -5.24001941E-02
   883.78388724105889       -5.15200794E-02
   883.92710290906098       -5.06579988E-02
   884.07031857706306       -4.98137325E-02
   884.21353424506515       -4.89870720E-02
   884.35674991306723       -4.81778197E-02
   884.49996558106932       -4.73858006E-02
   884.64318124907140       -4.66108620E-02
   884.78639691707349       -4.58528250E-02
   884.92961258507557       -4.51114811E-02
   885.07282825307766       -4.43865880E-02
   885.21604392107974       -4.36778739E-02
   885.35925958908183       -4.29850593E-02
   885.50247525708392       -4.23078872E-02
   885.64569092508600       -4.16461229E-02
   885.78890659308809       -4.09995429E-02
   885.93212226109017       -4.03679274E-02
   886.07533792909226       -3.97510305E-02
   886.21855359709434       -3.91485766E-02
   886.36176926509643       -3.85602526E-02
   886.50498493309851       -3.79857458E-02
   886.64820060110060       -3.74247618E-02
   886.79141626910268       -3.68770473E-02
   886.93463193710477       -3.63423713E-02
   887.07784760510685       -3.58205102E-02
   887.22106327310894       -3.53112072E-02
   887.36427894111102       -3.48141715E-02
   887.50749460911311       -3.43290828E-02
   887.65071027711519       -3.38556096E-02
   887.79392594511728       -3.33934464E-02
   887.93714161311937       -3.29423212E-02
   888.08035728112145       -3.25019918E-02
   888.22357294912354       -3.20722349E-02
   888.36678861712562       -3.16528156E-02
   888.51000428512771       -3.12434584E-02
   888.65321995312979       -3.08438558E-02
   888.79643562113188       -3.04536819E-02
   888.93965128913396       -3.00726313E-02
   889.08286695713605       -2.97004320E-02
   889.22608262513813       -2.93368623E-02
   889.36929829314022       -2.89817136E-02
   889.51251396114230       -2.86347717E-02
   889.65572962914439       -2.82957945E-02
   889.79894529714647       -2.79645007E-02
   889.94216096514856       -2.76405923E-02
   890.08537663315064       -2.73237806E-02
   890.22859230115273       -2.70138141E-02
   890.37180796915482       -2.67104879E-02
   890.51502363715690       -2.64136288E-02
   890.65823930515899       -2.61230655E-02
   890.80145497316107       -2.58385967E-02
   890.94467064116316       -2.55599860E-02
   891.08788630916524       -2.52869595E-02
   891.23110197716733       -2.50192489E-02
   891.37431764516941       -2.47566160E-02
   891.51753331317150       -2.44988687E-02
   891.66074898117358       -2.42458582E-02
   891.80396464917567       -2.39974465E-02
   891.94718031717775       -2.37534828E-02
   892.09039598517984       -2.35137735E-02
   892.23361165318192       -2.32780967E-02
   892.37682732118401       -2.30462160E-02
   892.52004298918609       -2.28179153E-02
   892.66325865718818       -2.25930251E-02
   892.80647432519027       -2.23714206E-02
   892.94968999319235       -2.21530031E-02
   893.09290566119444       -2.19376627E-02
   893.23612132919652       -2.17252504E-02
   893.37933699719861       -2.15155799E-02
   893.52255266520069       -2.13084500E-02
   893.66576833320278       -2.11036745E-02
   893.80898400120486       -2.09011100E-02
   893.95219966920695       -2.07006577E-02
   894.09541533720903       -2.05022451E-02
   894.23863100521112       -2.03057993E-02
   894.38184667321320       -2.01112144E-02
   894.52506234121529       -1.99183393E-02
   894.66827800921737       -1.97270028E-02
   894.81149367721946       -1.95370391E-02
   894.95470934522154       -1.93483215E-02
   895.09792501322363       -1.91607717E-02
   895.24114068122572       -1.89743452E-02
   895.38435634922780       -1.87890064E-02
   895.52757201722989       -1.86046883E-02
   895.67078768523197       -1.84212867E-02
   895.81400335323406       -1.82386637E-02
   895.95721902123614       -1.80566777E-02
   896.10043468923823       -1.78752188E-02
   896.24365035724031       -1.76942199E-02
   896.38686602524240       -1.75136533E-02
   896.53008169324448       -1.73335057E-02
   896.67329736124657       -1.71537362E-02
   896.81651302924865       -1.69742666E-02
   896.95972869725074       -1.67949796E-02
   897.10294436525282       -1.66157503E-02
   897.24616003325491       -1.64364837E-02
   897.38937570125699       -1.62571333E-02
   897.53259136925908       -1.60776936E-02
   897.67580703726117       -1.58981774E-02
   897.81902270526325       -1.57185737E-02
   897.96223837326534       -1.55388303E-02
   898.10545404126742       -1.53588532E-02
   898.24866970926951       -1.51785305E-02
   898.39188537727159       -1.49977691E-02
   898.53510104527368       -1.48165226E-02
   898.67831671327576       -1.46347936E-02
   898.82153238127785       -1.44526139E-02
   898.96474804927993       -1.42700057E-02
   899.10796371728202       -1.40869534E-02
   899.25117938528410       -1.39033906E-02
   899.39439505328619       -1.37192253E-02
   899.53761072128827       -1.35343727E-02
   899.68082638929036       -1.33487890E-02
   899.82404205729244       -1.31624835E-02
   899.96725772529453       -1.29754981E-02
   900.11047339329662       -1.27878767E-02
   900.25368906129870       -1.25996284E-02
   900.39690472930079       -1.24107096E-02
   900.54012039730287       -1.22210421E-02
   900.68333606530496       -1.20305419E-02
   900.82655173330704       -1.18391579E-02
   900.96976740130913       -1.16468975E-02
   901.11298306931121       -1.14538129E-02
   901.25619873731330       -1.12599675E-02
   901.39941440531538       -1.10653974E-02
   901.54263007331747       -1.08700851E-02
   901.68584574131955       -1.06739718E-02
   901.82906140932164       -1.04769869E-02
   901.97227707732372       -1.02790864E-02
   902.11549274532581       -1.00802798E-02
   902.25870841332789       -9.88062378E-03
   902.40192408132998       -9.68020037E-03
   902.54513974933207       -9.47907381E-03
   902.68835541733415       -9.27726179E-03
   902.83157108533624       -9.07472894E-03
   902.97478675333832       -8.87141563E-03
   903.11800242134041       -8.66727717E-03
   903.26121808934249       -8.46231449E-03
   903.40443375734458       -8.25658441E-03
   903.54764942534666       -8.05017352E-03
   903.69086509334875       -7.84316007E-03
   903.83408076135083       -7.63558224E-03
   903.97729642935292       -7.42742838E-03
   904.12051209735500       -7.21865660E-03
   904.26372776535709       -7.00923009E-03
   904.40694343335917       -6.79915166E-03
   904.55015910136126       -6.58847904E-03
   904.69337476936334       -6.37731003E-03
   904.83659043736543       -6.16574427E-03
   904.97980610536752       -5.95384650E-03
   905.12302177336960       -5.74162556E-03
   905.26623744137169       -5.52904978E-03
   905.40945310937377       -5.31608565E-03
   905.55266877737586       -5.10273920E-03
   905.69588444537794       -4.88907378E-03
   905.83910011338003       -4.67519788E-03
   905.98231578138211       -4.46122885E-03
   906.12553144938420       -4.24725562E-03
   906.26874711738628       -4.03331500E-03
   906.41196278538837       -3.81939649E-03
   906.55517845339045       -3.60547332E-03
   906.69839412139254       -3.39154224E-03
   906.84160978939462       -3.17765214E-03
   906.98482545739671       -2.96390383E-03
   907.12804112539879       -2.75042164E-03
   907.27125679340088       -2.53730942E-03
   907.41447246140297       -2.32462026E-03
   907.55768812940505       -2.11235392E-03
   907.70090379740714       -1.90048816E-03
   907.84411946540922       -1.68902020E-03
   907.98733513341131       -1.47799868E-03
   908.13055080141339       -1.26752828E-03
   908.27376646941548       -1.05774368E-03
   908.41698213741756       -8.48768686E-04
   908.56019780541965       -6.40680897E-04
   908.70341347342173       -4.33499663E-04
   908.84662914142382       -2.27206343E-04
   908.98984480942590       -2.17852958E-05
   909.13306047742799        1.82733638E-04
   909.27627614543007        3.86258122E-04
   909.41949181343216        5.88653435E-04
   909.56270748143424        7.89784885E-04
   909.70592314943633        9.89560736E-04
   909.84913881743842        1.18794991E-03
   909.99235448544050        1.38496561E-03
   910.13557015344259        1.58062589E-03
   910.27878582144467        1.77491363E-03
   910.42200148944676        1.96775701E-03
   910.56521715744884        2.15903809E-03
   910.70843282545093        2.34862627E-03
   910.85164849345301        2.53642024E-03
   910.99486416145510        2.72237347E-03
   911.13807982945718        2.90649175E-03
   911.28129549745927        3.08879977E-03
   911.42451116546135        3.26929730E-03
   911.56772683346344        3.44792753E-03
   911.71094250146552        3.62457987E-03
   911.85415816946761        3.79912346E-03
   911.99737383746969        3.97145189E-03
   912.14058950547178        4.14151466E-03
   912.28380517347387        4.30931710E-03
   912.42702084147595        4.47489414E-03
   912.57023650947804        4.63826722E-03
   912.71345217748012        4.79941303E-03
   912.85666784548221        4.95825289E-03
   912.99988351348429        5.11467364E-03
   913.14309918148638        5.26857236E-03
   913.28631484948846        5.41989226E-03
   913.42953051749055        5.56863798E-03
   913.57274618549263        5.71485516E-03
   913.71596185349472        5.85858524E-03
   913.85917752149680        5.99982496E-03
   914.00239318949889        6.13851333E-03
   914.14560885750097        6.27455255E-03
   914.28882452550306        6.40784902E-03
   914.43204019350514        6.53835014E-03
   914.57525586150723        6.66606100E-03
   914.71847152950932        6.79103099E-03
   914.86168719751140        6.91331923E-03
   915.00490286551349        7.03295600E-03
   915.14811853351557        7.14991614E-03
   915.29133420151766        7.26412656E-03
   915.43454986951974        7.37550156E-03
   915.57776553752183        7.48398853E-03
   915.72098120552391        7.58959586E-03
   915.86419687352600        7.69238733E-03
   916.00741254152808        7.79244583E-03
   916.15062820953017        7.88982771E-03
   916.29384387753225        7.98453670E-03
   916.43705954553434        8.07652343E-03
   916.58027521353642        8.16571899E-03
   916.72349088153851        8.25207587E-03
   916.86670654954060        8.33559968E-03
   917.00992221754268        8.41635466E-03
   917.15313788554477        8.49443674E-03
   917.29635355354685        8.56993254E-03
   917.43956922154894        8.64288025E-03
   917.58278488955102        8.71326216E-03
   917.72600055755311        8.78102798E-03
   917.86921622555519        8.84613860E-03
   918.01243189355728        8.90860613E-03
   918.15564756155936        8.96850135E-03
   918.29886322956145        9.02593322E-03
   918.44207889756353        9.08100512E-03
   918.58529456556562        9.13377758E-03
   918.72851023356770        9.18425899E-03
   918.87172590156979        9.23241954E-03
   919.01494156957187        9.27822944E-03
   919.15815723757396        9.32169706E-03
   919.30137290557605        9.36288945E-03
   919.44458857357813        9.40192211E-03
   919.58780424158022        9.43892542E-03
   919.73101990958230        9.47399624E-03
   919.87423557758439        9.50716995E-03
   920.01745124558647        9.53843072E-03
   920.16066691358856        9.56774876E-03
   920.30388258159064        9.59512684E-03
   920.44709824959273        9.62062739E-03
   920.59031391759481        9.64436494E-03
   920.73352958559690        9.66647081E-03
   920.87674525359898        9.68705490E-03
   921.01996092160107        9.70617775E-03
   921.16317658960315        9.72384773E-03
   921.30639225760524        9.74004902E-03
   921.44960792560732        9.75477975E-03
   921.59282359360941        9.76809114E-03
   921.73603926161150        9.78009030E-03
   921.87925492961358        9.79091693E-03
   922.02247059761567        9.80069861E-03
   922.16568626561775        9.80951265E-03
   922.30890193361984        9.81737860E-03
   922.45211760162192        9.82428342E-03
   922.59533326962401        9.83022526E-03
   922.73854893762609        9.83524788E-03
   922.88176460562818        9.83944908E-03
   923.02498027363026        9.84296203E-03
   923.16819594163235        9.84591991E-03
   923.31141160963443        9.84841958E-03
   923.45462727763652        9.85050201E-03
   923.59784294563860        9.85216070E-03
   923.74105861364069        9.85337794E-03
   923.88427428164277        9.85416677E-03
   924.02748994964486        9.85459983E-03
   924.17070561764695        9.85479914E-03
   924.31392128564903        9.85489693E-03
   924.45713695365112        9.85499471E-03
   924.60035262165320        9.85513907E-03
   924.74356828965529        9.85532906E-03
   924.88678395765737        9.85554792E-03
   925.02999962565946        9.85580403E-03
   925.17321529366154        9.85615235E-03
   925.31643096166363        9.85669717E-03
   925.45964662966571        9.85756423E-03
   925.60286229766780        9.85886250E-03
   925.74607796566988        9.86064970E-03
   925.88929363367197        9.86292679E-03
   926.03250930167405        9.86566488E-03
   926.17572496967614        9.86884627E-03
   926.31894063767822        9.87250451E-03
   926.46215630568031        9.87672620E-03
   926.60537197368240        9.88162681E-03
   926.74858764168448        9.88730695E-03
   926.89180330968657        9.89382155E-03
   927.03501897768865        9.90117341E-03
   927.17823464569074        9.90932900E-03
   927.32145031369282        9.91825853E-03
   927.46466598169491        9.92796570E-03
   927.60788164969699        9.93850548E-03
   927.75109731769908        9.94997285E-03
   927.89431298570116        9.96246561E-03
   928.03752865370325        9.97604709E-03
   928.18074432170533        9.99072008E-03
   928.32395998970742        1.00064427E-02
   928.46717565770950        1.00231636E-02
   928.61039132571159        1.00408671E-02
   928.75360699371367        1.00595932E-02
   928.89682266171576        1.00794211E-02
   929.04003832971785        1.01004401E-02
   929.18325399771993        1.01227071E-02
   929.32646966572202        1.01462295E-02
   929.46968533372410        1.01709673E-02
   929.61290100172619        1.01968627E-02
   929.75611666972827        1.02238748E-02
   929.89933233773036        1.02520110E-02
   930.04254800573244        1.02813290E-02
   930.18576367373453        1.03119072E-02
   930.32897934173661        1.03438050E-02
   930.47219500973870        1.03770280E-02
   930.61541067774078        1.04115251E-02
   930.75862634574287        1.04472190E-02
   930.90184201374495        1.04840491E-02
   931.04505768174704        1.05220005E-02
   931.18827334974912        1.05611077E-02
   931.33148901775121        1.06014339E-02
   931.47470468575330        1.06430333E-02
   931.61792035375538        1.06859207E-02
   931.76113602175747        1.07300626E-02
   931.90435168975955        1.07753826E-02
   932.04756735776164        1.08218035E-02
   932.19078302576372        1.08692795E-02
   932.33399869376581        1.09178210E-02
   932.47721436176789        1.09674772E-02
   932.62043002976998        1.10183004E-02
   932.76364569777206        1.10703083E-02
   932.90686136577415        1.11234607E-02
   933.05007703377623        1.11776758E-02
   933.19329270177832        1.12328660E-02
   933.33650836978040        1.12889735E-02
   933.47972403778249        1.13459891E-02
   933.62293970578457        1.14039462E-02
   933.76615537378666        1.14628924E-02
   933.90937104178875        1.15228528E-02
   934.05258670979083        1.15838051E-02
   934.19580237779292        1.16456766E-02
   934.33901804579500        1.17083685E-02
   934.48223371379709        1.17718000E-02
   934.62544938179917        1.18359393E-02
   934.76866504980126        1.19008068E-02
   934.91188071780334        1.19664464E-02
   935.05509638580543        1.20328860E-02
   935.19831205380751        1.21001080E-02
   935.34152772180960        1.21680517E-02
   935.48474338981168        1.22366296E-02
   935.62795905781377        1.23057617E-02
   935.77117472581585        1.23754032E-02
   935.91439039381794        1.24455513E-02
   936.05760606182002        1.25162350E-02
   936.20082172982211        1.25874858E-02
   936.34403739782420        1.26592992E-02
   936.48725306582628        1.27316229E-02
   936.63046873382837        1.28043620E-02
   936.77368440183045        1.28774233E-02
   936.91690006983254        1.29507491E-02
   937.06011573783462        1.30243339E-02
   937.20333140583671        1.30982082E-02
   937.34654707383879        1.31724058E-02
   937.48976274184088        1.32469302E-02
   937.63297840984296        1.33217396E-02
   937.77619407784505        1.33967567E-02
   937.91940974584713        1.34718930E-02
   938.06262541384922        1.35470778E-02
   938.20584108185130        1.36222821E-02
   938.34905674985339        1.36975218E-02
   938.49227241785547        1.37728322E-02
   938.63548808585756        1.38482312E-02
   938.77870375385965        1.39236907E-02
   938.92191942186173        1.39991390E-02
   939.06513508986382        1.40744867E-02
   939.20835075786590        1.41496658E-02
   939.35156642586799        1.42246475E-02
   939.49478209387007        1.42994449E-02
   939.63799776187216        1.43740866E-02
   939.78121342987424        1.44485896E-02
   939.92442909787633        1.45229343E-02
   940.06764476587841        1.45970611E-02
   940.21086043388050        1.46708870E-02
   940.35407610188258        1.47443311E-02
   940.49729176988467        1.48173496E-02
   940.64050743788675        1.48899462E-02
   940.78372310588884        1.49621591E-02
   940.92693877389092        1.50340255E-02
   941.07015444189301        1.51055465E-02
   941.21337010989510        1.51766706E-02
   941.35658577789718        1.52473170E-02
   941.49980144589927        1.53174065E-02
   941.64301711390135        1.53868916E-02
   941.78623278190344        1.54557656E-02
   941.92944844990552        1.55240521E-02
   942.07266411790761        1.55917779E-02
   942.21587978590969        1.56589467E-02
   942.35909545391178        1.57255251E-02
   942.50231112191386        1.57914385E-02
   942.64552678991595        1.58566013E-02
   942.78874245791803        1.59209501E-02
   942.93195812592012        1.59844644E-02
   943.07517379392220        1.60471685E-02
   943.21838946192429        1.61090996E-02
   943.36160512992637        1.61702763E-02
   943.50482079792846        1.62306782E-02
   943.64803646593055        1.62902456E-02
   943.79125213393263        1.63489059E-02
   943.93446780193472        1.64065976E-02
   944.07768346993680        1.64632909E-02
   944.22089913793889        1.65189952E-02
   944.36411480594097        1.65737346E-02
   944.50733047394306        1.66275352E-02
   944.65054614194514        1.66803859E-02
   944.79376180994723        1.67322382E-02
   944.93697747794931        1.67830121E-02
   945.08019314595140        1.68326292E-02
   945.22340881395348        1.68810468E-02
   945.36662448195557        1.69282593E-02
   945.50984014995765        1.69742908E-02
   945.65305581795974        1.70191638E-02
   945.79627148596182        1.70628708E-02
   945.93948715396391        1.71053763E-02
   946.08270282196600        1.71466172E-02
   946.22591848996808        1.71865281E-02
   946.36913415797017        1.72250606E-02
   946.51234982597225        1.72621980E-02
   946.65556549397434        1.72979515E-02
   946.79878116197642        1.73323378E-02
   946.94199682997851        1.73653606E-02
   947.08521249798059        1.73969902E-02
   947.22842816598268        1.74271613E-02
   947.37164383398476        1.74558014E-02
   947.51485950198685        1.74828563E-02
   947.65807516998893        1.75083093E-02
   947.80129083799102        1.75321698E-02
   947.94450650599310        1.75544582E-02
   948.08772217399519        1.75751802E-02
   948.23093784199727        1.75943170E-02
   948.37415350999936        1.76118184E-02
   948.51736917800145        1.76276192E-02
   948.66058484600353        1.76416580E-02
   948.80380051400562        1.76539011E-02
   948.94701618200770        1.76643487E-02
   949.09023185000979        1.76730230E-02
   949.23344751801187        1.76799446E-02
   949.37666318601396        1.76851004E-02
   949.51987885401604        1.76884420E-02
   949.66309452201813        1.76899042E-02
   949.80631019002021        1.76894274E-02
   949.94952585802230        1.76869854E-02
   950.09274152602438        1.76825784E-02
   950.23595719402647        1.76762287E-02
   950.37917286202855        1.76679511E-02
   950.52238853003064        1.76577438E-02
   950.66560419803272        1.76455770E-02
   950.80881986603481        1.76313967E-02
   950.95203553403690        1.76151413E-02
   951.09525120203898        1.75967719E-02
   951.23846687004107        1.75762810E-02
   951.38168253804315        1.75536945E-02
   951.52489820604524        1.75290480E-02
   951.66811387404732        1.75023582E-02
   951.81132954204941        1.74736083E-02
   951.95454521005149        1.74427573E-02
   952.09776087805358        1.74097531E-02
   952.24097654605566        1.73745565E-02
   952.38419221405775        1.73371583E-02
   952.52740788205983        1.72975771E-02
   952.67062355006192        1.72558464E-02
   952.81383921806400        1.72119997E-02
   952.95705488606609        1.71660464E-02
   953.10027055406817        1.71179622E-02
   953.24348622207026        1.70677025E-02
   953.38670189007235        1.70152299E-02
   953.52991755807443        1.69605315E-02
   953.67313322607652        1.69036314E-02
   953.81634889407860        1.68445781E-02
   953.95956456208069        1.67834163E-02
   954.10278023008277        1.67201683E-02
   954.24599589808486        1.66548248E-02
   954.38921156608694        1.65873654E-02
   954.53242723408903        1.65177677E-02
   954.67564290209111        1.64460242E-02
   954.81885857009320        1.63721517E-02
   954.96207423809528        1.62961986E-02
   955.10528990609737        1.62182208E-02
   955.24850557409945        1.61382630E-02
   955.39172124210154        1.60563476E-02
   955.53493691010362        1.59724727E-02
   955.67815257810571        1.58866234E-02
   955.82136824610780        1.57988034E-02
   955.96458391410988        1.57090444E-02
   956.10779958211197        1.56174023E-02
   956.25101525011405        1.55239403E-02
   956.39423091811614        1.54287107E-02
   956.53744658611822        1.53317489E-02
   956.68066225412031        1.52330697E-02
   956.82387792212239        1.51326805E-02
   956.96709359012448        1.50305936E-02
   957.11030925812656        1.49268387E-02
   957.25352492612865        1.48214698E-02
   957.39674059413073        1.47145577E-02
   957.53995626213282        1.46061722E-02
   957.68317193013490        1.44963618E-02
   957.82638759813699        1.43851554E-02
   957.96960326613907        1.42725706E-02
   958.11281893414116        1.41586335E-02
   958.25603460214325        1.40433889E-02
   958.39925027014533        1.39269037E-02
   958.54246593814742        1.38092544E-02
   958.68568160614950        1.36905126E-02
   958.82889727415159        1.35707408E-02
   958.97211294215367        1.34499874E-02
   959.11532861015576        1.33282868E-02
   959.25854427815784        1.32056708E-02
   959.40175994615993        1.30821830E-02
   959.54497561416201        1.29578868E-02
   959.68819128216410        1.28328633E-02
   959.83140695016618        1.27071990E-02
   959.97462261816827        1.25809694E-02
   960.11783828617035        1.24542257E-02
   960.26105395417244        1.23270070E-02
   960.40426962217452        1.21993497E-02
   960.54748529017661        1.20713031E-02
   960.69070095817870        1.19429305E-02
   960.83391662618078        1.18143074E-02
   960.97713229418287        1.16855130E-02
   961.12034796218495        1.15566198E-02
   961.26356363018704        1.14276847E-02
   961.40677929818912        1.12987515E-02
   961.54999496619121        1.11698583E-02
   961.69321063419329        1.10410498E-02
   961.83642630219538        1.09123923E-02
   961.97964197019746        1.07839704E-02
   962.12285763819955        1.06558744E-02
   962.26607330620163        1.05281863E-02
   962.40928897420372        1.04009658E-02
   962.55250464220580        1.02742566E-02
   962.69572031020789        1.01480968E-02
   962.83893597820997        1.00225275E-02
   962.98215164621206        9.89759993E-03
   963.12536731421415        9.77337640E-03
   963.26858298221623        9.64992959E-03
   963.41179865021832        9.52733401E-03
   963.55501431822040        9.40565113E-03
   963.69822998622249        9.28492565E-03
   963.84144565422457        9.16518643E-03
   963.98466132222666        9.04645957E-03
   964.12787699022874        8.92878231E-03
   964.27109265823083        8.81220866E-03
   964.41430832623291        8.69680848E-03
   964.55752399423500        8.58264882E-03
   964.70073966223708        8.46978649E-03
   964.84395533023917        8.35826062E-03
   964.98717099824125        8.24809913E-03
   965.13038666624334        8.13932344E-03
   965.27360233424542        8.03195965E-03
   965.41681800224751        7.92604219E-03
   965.56003367024960        7.82161951E-03
   965.70324933825168        7.71874888E-03
   965.84646500625377        7.61748385E-03
   965.98968067425585        7.51786307E-03
   966.13289634225794        7.41990563E-03
   966.27611201026002        7.32362131E-03
   966.41932767826211        7.22902035E-03
   966.56254334626419        7.13612372E-03
   966.70575901426628        7.04496307E-03
   966.84897468226836        6.95557427E-03
   966.99219035027045        6.86799223E-03
   967.13540601827253        6.78224768E-03
   967.27862168627462        6.69836113E-03
   967.42183735427670        6.61634421E-03
   967.56505302227879        6.53619878E-03
   967.70826869028087        6.45792484E-03
   967.85148435828296        6.38152985E-03
   967.99470002628505        6.30703103E-03
   968.13791569428713        6.23444980E-03
   968.28113136228922        6.16380386E-03
   968.42434703029130        6.09509973E-03
   968.56756269829339        6.02833647E-03
   968.71077836629547        5.96350944E-03
   968.85399403429756        5.90061583E-03
   968.99720970229964        5.83965424E-03
   969.14042537030173        5.78062469E-03
   969.28364103830381        5.72352856E-03
   969.42685670630590        5.66836819E-03
   969.57007237430798        5.61514590E-03
   969.71328804231007        5.56386029E-03
   969.85650371031215        5.51450485E-03
   969.99971937831424        5.46706934E-03
   970.14293504631632        5.42154489E-03
   970.28615071431841        5.37792454E-03
   970.42936638232050        5.33620082E-03
   970.57258205032258        5.29636303E-03
   970.71579771832467        5.25839813E-03
   970.85901338632675        5.22229308E-03
   971.00222905432884        5.18803764E-03
   971.14544472233092        5.15562249E-03
   971.28866039033301        5.12503553E-03
   971.43187605833509        5.09625999E-03
   971.57509172633718        5.06927539E-03
   971.71830739433926        5.04406216E-03
   971.86152306234135        5.02060354E-03
   972.00473873034343        4.99888323E-03
   972.14795439834552        4.97888355E-03
   972.29117006634760        4.96058911E-03
   972.43438573434969        4.94398642E-03
   972.57760140235177        4.92906384E-03
   972.72081707035386        4.91580786E-03
   972.86403273835595        4.90419846E-03
   973.00724840635803        4.89420956E-03
   973.15046407436012        4.88581508E-03
   973.29367974236220        4.87899454E-03
   973.43689541036429        4.87373350E-03
   973.58011107836637        4.87001846E-03
   973.72332674636846        4.86783404E-03
   973.86654241437054        4.86716395E-03
   974.00975808237263        4.86799190E-03
   974.15297375037471        4.87030158E-03
   974.29618941837680        4.87407763E-03
   974.43940508637888        4.87930328E-03
   974.58262075438097        4.88596270E-03
   974.72583642238305        4.89404378E-03
   974.86905209038514        4.90353629E-03
   975.01226775838722        4.91442764E-03
   975.15548342638931        4.92670015E-03
   975.29869909439140        4.94033284E-03
   975.44191476239348        4.95530618E-03
   975.58513043039557        4.97160479E-03
   975.72834609839765        4.98921750E-03
   975.87156176639974        5.00813220E-03
   976.01477743440182        5.02833538E-03
   976.15799310240391        5.04981447E-03
   976.30120877040599        5.07256109E-03
   976.44442443840808        5.09656919E-03
   976.58764010641016        5.12183551E-03
   976.73085577441225        5.14835538E-03
   976.87407144241433        5.17612416E-03
   977.01728711041642        5.20513812E-03
   977.16050277841850        5.23539353E-03
   977.30371844642059        5.26688294E-03
   977.44693411442267        5.29959472E-03
   977.59014978242476        5.33351861E-03
   977.73336545042685        5.36864996E-03
   977.87658111842893        5.40499296E-03
   978.01979678643102        5.44255553E-03
   978.16301245443310        5.48134139E-03
   978.30622812243519        5.52134728E-03
   978.44944379043727        5.56256250E-03
   978.59265945843936        5.60497399E-03
   978.73587512644144        5.64857060E-03
   978.87909079444353        5.69334859E-03
   979.02230646244561        5.73931169E-03
   979.16552213044770        5.78647014E-03
   979.30873779844978        5.83483884E-03
   979.45195346645187        5.88442897E-03
   979.59516913445395        5.93524054E-03
   979.73838480245604        5.98726375E-03
   979.88160047045812        6.04048837E-03
   980.02481613846021        6.09491207E-03
   980.16803180646230        6.15054695E-03
   980.31124747446438        6.20741583E-03
   980.45446314246647        6.26554294E-03
   980.59767881046855        6.32494362E-03
   980.74089447847064        6.38562022E-03
   980.88411014647272        6.44756388E-03
   981.02732581447481        6.51075691E-03
   981.17054148247689        6.57518534E-03
   981.31375715047898        6.64084498E-03
   981.45697281848106        6.70774793E-03
   981.60018848648315        6.77591842E-03
   981.74340415448523        6.84538111E-03
   981.88661982248732        6.91614719E-03
   982.02983549048940        6.98820874E-03
   982.17305115849149        7.06154481E-03
   982.31626682649357        7.13613536E-03
   982.45948249449566        7.21197482E-03
   982.60269816249775        7.28907436E-03
   982.74591383049983        7.36745819E-03
   982.88912949850192        7.44715286E-03
   983.03234516650400        7.52817560E-03
   983.17556083450609        7.61052687E-03
   983.31877650250817        7.69418944E-03
   983.46199217051026        7.77913630E-03
   983.60520783851234        7.86534604E-03
   983.74842350651443        7.95281399E-03
   983.89163917451651        8.04155599E-03
   984.03485484251860        8.13159719E-03
   984.17807051052068        8.22295714E-03
   984.32128617852277        8.31563678E-03
   984.46450184652485        8.40961467E-03
   984.60771751452694        8.50486010E-03
   984.75093318252902        8.60134233E-03
   984.89414885053111        8.69904365E-03
   985.03736451853320        8.79796036E-03
   985.18058018653528        8.89810175E-03
   985.32379585453737        8.99947714E-03
   985.46701152253945        9.10208561E-03
   985.61022719054154        9.20590479E-03
   985.75344285854362        9.31089465E-03
   985.89665852654571        9.41701233E-03
   986.03987419454779        9.52422712E-03
   986.18308986254988        9.63253062E-03
   986.32630553055196        9.74192843E-03
   986.46952119855405        9.85242613E-03
   986.61273686655613        9.96401720E-03
   986.75595253455822        1.00766728E-02
   986.89916820256030        1.01903500E-02
   987.04238387056239        1.03049986E-02
   987.18559953856447        1.04205739E-02
   987.32881520656656        1.05370479E-02
   987.47203087456865        1.06544048E-02
   987.61524654257073        1.07726371E-02
   987.75846221057282        1.08917281E-02
   987.90167787857490        1.10116424E-02
   988.04489354657699        1.11323241E-02
   988.18810921457907        1.12537118E-02
   988.33132488258116        1.13757513E-02
   988.47454055058324        1.14984112E-02
   988.61775621858533        1.16216755E-02
   988.76097188658741        1.17455320E-02
   988.90418755458950        1.18699577E-02
   989.04740322259158        1.19949076E-02
   989.19061889059367        1.21203167E-02
   989.33383455859575        1.22461086E-02
   989.47705022659784        1.23722078E-02
   989.62026589459992        1.24985585E-02
   989.76348156260201        1.26251280E-02
   989.90669723060410        1.27518969E-02
   990.04991289860618        1.28788417E-02
   990.19312856660827        1.30059179E-02
   990.33634423461035        1.31330527E-02
   990.47955990261244        1.32601596E-02
   990.62277557061452        1.33871539E-02
   990.76599123861661        1.35139693E-02
   990.90920690661869        1.36405658E-02
   991.05242257462078        1.37669165E-02
   991.19563824262286        1.38929943E-02
   991.33885391062495        1.40187517E-02
   991.48206957862703        1.41441179E-02
   991.62528524662912        1.42689990E-02
   991.76850091463120        1.43932961E-02
   991.91171658263329        1.45169254E-02
   992.05493225063537        1.46398321E-02
   992.19814791863746        1.47619853E-02
   992.34136358663955        1.48833618E-02
   992.48457925464163        1.50039215E-02
   992.62779492264372        1.51235955E-02
   992.77101059064580        1.52422879E-02
   992.91422625864789        1.53598944E-02
   993.05744192664997        1.54763199E-02
   993.20065759465206        1.55914975E-02
   993.34387326265414        1.57053843E-02
   993.48708893065623        1.58179495E-02
   993.63030459865831        1.59291551E-02
   993.77352026666040        1.60389338E-02
   993.91673593466248        1.61471907E-02
   994.05995160266457        1.62538160E-02
   994.20316727066665        1.63587071E-02
   994.34638293866874        1.64617877E-02
   994.48959860667082        1.65630132E-02
   994.63281427467291        1.66623592E-02
   994.77602994267500        1.67597979E-02
   994.91924561067708        1.68552753E-02
   995.06246127867917        1.69487130E-02
   995.20567694668125        1.70400087E-02
   995.34889261468334        1.71290673E-02
   995.49210828268542        1.72158107E-02
   995.63532395068751        1.73001923E-02
   995.77853961868959        1.73821878E-02
   995.92175528669168        1.74617786E-02
   996.06497095469376        1.75389294E-02
   996.20818662269585        1.76135693E-02
   996.35140229069793        1.76856015E-02
   996.49461795870002        1.77549254E-02
   996.63783362670210        1.78214628E-02
   996.78104929470419        1.78851672E-02
   996.92426496270627        1.79460198E-02
   997.06748063070836        1.80040132E-02
   997.21069629871045        1.80591233E-02
   997.35391196671253        1.81113016E-02
   997.49712763471462        1.81604661E-02
   997.64034330271670        1.82065293E-02
   997.78355897071879        1.82494130E-02
   997.92677463872087        1.82890687E-02
   998.06999030672296        1.83254816E-02
   998.21320597472504        1.83586590E-02
   998.35642164272713        1.83886047E-02
   998.49963731072921        1.84152965E-02
   998.64285297873130        1.84386801E-02
   998.78606864673338        1.84586812E-02
   998.92928431473547        1.84752326E-02
   999.07249998273755        1.84883010E-02
   999.21571565073964        1.84978824E-02
   999.35893131874172        1.85039975E-02
   999.50214698674381        1.85066685E-02
   999.64536265474590        1.85058955E-02
   999.78857832274798        1.85016450E-02
   999.93179399075007        1.84938572E-02
   1000.0750096587522        1.84824727E-02
   1000.2182253267542        1.84674580E-02
   1000.3614409947563        1.84488185E-02
   1000.5046566627584        1.84265897E-02
   1000.6478723307605        1.84008144E-02
   1000.7910879987626        1.83715224E-02
   1000.9343036667647        1.83387101E-02
   1001.0775193347667        1.83023494E-02
   1001.2207350027688        1.82624031E-02
   1001.3639506707709        1.82188544E-02
   1001.5071663387730        1.81717183E-02
   1001.6503820067751        1.81210358E-02
   1001.7935976747772        1.80668663E-02
   1001.9368133427793        1.80092603E-02
   1002.0800290107813        1.79482456E-02
   1002.2232446787834        1.78838167E-02
   1002.3664603467855        1.78159606E-02
   1002.5096760147876        1.77446716E-02
   1002.6528916827897        1.76699795E-02
   1002.7961073507918        1.75919533E-02
   1002.9393230187939        1.75106730E-02
   1003.0825386867959        1.74262132E-02
   1003.2257543547980        1.73386186E-02
   1003.3689700228001        1.72479060E-02
   1003.5121856908022        1.71540715E-02
   1003.6554013588043        1.70571189E-02
   1003.7986170268064        1.69570819E-02
   1003.9418326948085        1.68540310E-02
   1004.0850483628105        1.67480651E-02
   1004.2282640308126        1.66392848E-02
   1004.3714796988147        1.65277701E-02
   1004.5146953668168        1.64135657E-02
   1004.6579110348189        1.62966922E-02
   1004.8011267028210        1.61771718E-02
   1004.9443423708231        1.60550512E-02
   1005.0875580388251        1.59304179E-02
   1005.2307737068272        1.58033855E-02
   1005.3739893748293        1.56740695E-02
   1005.5172050428314        1.55425631E-02
   1005.6604207108335        1.54089276E-02
   1005.8036363788356        1.52731957E-02
   1005.9468520468376        1.51353944E-02
   1006.0900677148397        1.49955703E-02
   1006.2332833828418        1.48538072E-02
   1006.3764990508439        1.47102261E-02
   1006.5197147188460        1.45649640E-02
   1006.6629303868481        1.44181401E-02
   1006.8061460548502        1.42698372E-02
   1006.9493617228522        1.41200982E-02
   1007.0925773908543        1.39689529E-02
   1007.2357930588564        1.38164442E-02
   1007.3790087268585        1.36626502E-02
   1007.5222243948606        1.35076875E-02
   1007.6654400628627        1.33516928E-02
   1007.8086557308648        1.31947957E-02
   1007.9518713988668        1.30370948E-02
   1008.0950870668689        1.28786536E-02
   1008.2383027348710        1.27195111E-02
   1008.3815184028731        1.25597082E-02
   1008.5247340708752        1.23993168E-02
   1008.6679497388773        1.22384503E-02
   1008.8111654068794        1.20772505E-02
   1008.9543810748814        1.19158579E-02
   1009.0975967428835        1.17543805E-02
   1009.2408124108856        1.15928873E-02
   1009.3840280788877        1.14314156E-02
   1009.5272437468898        1.12700006E-02
   1009.6704594148919        1.11086993E-02
   1009.8136750828940        1.09476047E-02
   1009.9568907508960        1.07868388E-02
   1010.1001064188981        1.06265312E-02
   1010.2433220869002        1.04667926E-02
   1010.3865377549023        1.03076948E-02
   1010.5297534229044        1.01492731E-02
   1010.6729690909065        9.99154989E-03
   1010.8161847589085        9.83456615E-03
   1010.9594004269106        9.67840198E-03
   1011.1026160949127        9.52317473E-03
   1011.2458317629148        9.36901290E-03
   1011.3890474309169        9.21602827E-03
   1011.5322630989190        9.06429254E-03
   1011.6754787669211        8.91383830E-03
   1011.8186944349231        8.76467768E-03
   1011.9619101029252        8.61683115E-03
   1012.1051257709273        8.47034808E-03
   1012.2483414389294        8.32531229E-03
   1012.3915571069315        8.18182807E-03
   1012.5347727749336        8.03999323E-03
   1012.6779884429357        7.89987389E-03
   1012.8212041109377        7.76149286E-03
   1012.9644197789398        7.62484595E-03
   1013.1076354469419        7.48993224E-03
   1013.2508511149440        7.35678012E-03
   1013.3940667829461        7.22545804E-03
   1013.5372824509482        7.09605869E-03
   1013.6804981189503        6.96867099E-03
   1013.8237137869523        6.84335455E-03
   1013.9669294549544        6.72012661E-03
   1014.1101451229565        6.59897085E-03
   1014.2533607909586        6.47986028E-03
   1014.3965764589607        6.36278791E-03
   1014.5397921269628        6.24778308E-03
   1014.6830077949649        6.13490911E-03
   1014.8262234629669        6.02423912E-03
   1014.9694391309690        5.91582432E-03
   1015.1126547989711        5.80967497E-03
   1015.2558704669732        5.70575986E-03
   1015.3990861349753        5.60403476E-03
   1015.5423018029774        5.50447078E-03
   1015.6855174709794        5.40707354E-03
   1015.8287331389815        5.31188119E-03
   1015.9719488069836        5.21894172E-03
   1016.1151644749857        5.12828631E-03
   1016.2583801429878        5.03991079E-03
   1016.4015958109899        4.95377509E-03
   1016.5448114789920        4.86981636E-03
   1016.6880271469940        4.78798104E-03
   1016.8312428149961        4.70824726E-03
   1016.9744584829982        4.63063363E-03
   1017.1176741510003        4.55517927E-03
   1017.2608898190024        4.48191399E-03
   1017.4041054870045        4.41083172E-03
   1017.5473211550066        4.34188219E-03
   1017.6905368230086        4.27498994E-03
   1017.8337524910107        4.21007955E-03
   1017.9769681590128        4.14710259E-03
   1018.1201838270149        4.08604601E-03
   1018.2633994950170        4.02692193E-03
   1018.4066151630191        3.96974199E-03
   1018.5498308310212        3.91449360E-03
   1018.6930464990232        3.86112579E-03
   1018.8362621670253        3.80955474E-03
   1018.9794778350274        3.75969056E-03
   1019.1226935030295        3.71146738E-03
   1019.2659091710316        3.66485957E-03
   1019.4091248390337        3.61987459E-03
   1019.5523405070358        3.57652432E-03
   1019.6955561750378        3.53479525E-03
   1019.8387718430399        3.49463336E-03
   1019.9819875110420        3.45595134E-03
   1020.1252031790441        3.41865304E-03
   1020.2684188470462        3.38265975E-03
   1020.4116345150483        3.34792701E-03
   1020.5548501830503        3.31444340E-03
   1020.6980658510524        3.28221195E-03
   1020.8412815190545        3.25122266E-03
   1020.9844971870566        3.22142965E-03
   1021.1277128550587        3.19274818E-03
   1021.2709285230608        3.16507416E-03
   1021.4141441910629        3.13831680E-03
   1021.5573598590649        3.11242300E-03
   1021.7005755270670        3.08738067E-03
   1021.8437911950691        3.06319864E-03
   1021.9870068630712        3.03987600E-03
   1022.1302225310733        3.01737851E-03
   1022.2734381990754        2.99563538E-03
   1022.4166538670775        2.97455257E-03
   1022.5598695350795        2.95403972E-03
   1022.7030852030816        2.93403422E-03
   1022.8463008710837        2.91451346E-03
   1022.9895165390858        2.89548514E-03
   1023.1327322070879        2.87695997E-03
   1023.2759478750900        2.85892212E-03
   1023.4191635430921        2.84131453E-03
   1023.5623792110941        2.82404851E-03
   1023.7055948790962        2.80703488E-03
   1023.8488105470983        2.79021356E-03
   1023.9920262151004        2.77356710E-03
   1024.1352418831025        2.75710970E-03
   1024.2784575511046        2.74086348E-03
   1024.4216732191067        2.72482983E-03
   1024.5648888871087        2.70897546E-03
   1024.7081045551108        2.69323448E-03
   1024.8513202231129        2.67752842E-03
   1024.9945358911150        2.66179442E-03
   1025.1377515591171        2.64600758E-03
   1025.2809672271192        2.63018487E-03
   1025.4241828951212        2.61436473E-03
   1025.5673985631233        2.59857485E-03
   1025.7106142311254        2.58280663E-03
   1025.8538298991275        2.56701396E-03
   1025.9970455671296        2.55113211E-03
   1026.1402612351317        2.53510871E-03
   1026.2834769031338        2.51892558E-03
   1026.4266925711358        2.50260183E-03
   1026.5699082391379        2.48618075E-03
   1026.7131239071400        2.46970472E-03
   1026.8563395751421        2.45319353E-03
   1026.9995552431442        2.43663276E-03
   1027.1427709111463        2.41998350E-03
   1027.2859865791484        2.40320712E-03
   1027.4292022471504        2.38629268E-03
   1027.5724179151525        2.36927019E-03
   1027.7156335831546        2.35219952E-03
   1027.8588492511567        2.33514281E-03
   1028.0020649191588        2.31813756E-03
   1028.1452805871609        2.30118353E-03
   1028.2884962551630        2.28425441E-03
   1028.4317119231650        2.26732134E-03
   1028.5749275911671        2.25037616E-03
   1028.7181432591692        2.23344518E-03
   1028.8613589271713        2.21658614E-03
   1029.0045745951734        2.19987123E-03
   1029.1477902631755        2.18336261E-03
   1029.2910059311776        2.16709287E-03
   1029.4342215991796        2.15106434E-03
   1029.5774372671817        2.13526562E-03
   1029.7206529351838        2.11969903E-03
   1029.8638686031859        2.10440159E-03
   1030.0070842711880        2.08944175E-03
   1030.1502999391901        2.07489985E-03
   1030.2935156071921        2.06084130E-03
   1030.4367312751942        2.04730127E-03
   1030.5799469431963        2.03428813E-03
   1030.7231626111984        2.02179933E-03
   1030.8663782792005        2.00984511E-03
   1031.0095939472026        1.99846574E-03
   1031.1528096152047        1.98773504E-03
   1031.2960252832067        1.97774637E-03
   1031.4392409512088        1.96858845E-03
   1031.5824566192109        1.96032133E-03
   1031.7256722872130        1.95296830E-03
   1031.8688879552151        1.94652984E-03
   1032.0121036232172        1.94101199E-03
   1032.1553192912193        1.93645142E-03
   1032.2985349592213        1.93292077E-03
   1032.4417506272234        1.93051458E-03
   1032.5849662952255        1.92932435E-03
   1032.7281819632276        1.92941655E-03
   1032.8713976312297        1.93082565E-03
   1033.0146132992318        1.93356269E-03
   1033.1578289672339        1.93763629E-03
   1033.3010446352359        1.94307556E-03
   1033.4442603032380        1.94994546E-03
   1033.5874759712401        1.95834110E-03
   1033.7306916392422        1.96836540E-03
   1033.8739073072443        1.98009890E-03
   1034.0171229752464        1.99358235E-03
   1034.1603386432485        2.00882205E-03
   1034.3035543112505        2.02581543E-03
   1034.4467699792526        2.04458064E-03
   1034.5899856472547        2.06517195E-03
   1034.7332013152568        2.08767503E-03
   1034.8764169832589        2.11218768E-03
   1035.0196326512610        2.13879510E-03
   1035.1628483192630        2.16755248E-03
   1035.3060639872651        2.19848286E-03
   1035.4492796552672        2.23158929E-03
   1035.5924953232693        2.26687896E-03
   1035.7357109912714        2.30438751E-03
   1035.8789266592735        2.34418688E-03
   1036.0221423272756        2.38637137E-03
   1036.1653579952776        2.43103015E-03
   1036.3085736632797        2.47822190E-03
   1036.4517893312818        2.52796919E-03
   1036.5950049992839        2.58027157E-03
   1036.7382206672860        2.63513112E-03
   1036.8814363352881        2.69257231E-03
   1037.0246520032902        2.75264960E-03
   1037.1678676712922        2.81543960E-03
   1037.3110833392943        2.88102264E-03
   1037.4542990072964        2.94946157E-03
   1037.5975146752985        3.02078878E-03
   1037.7407303433006        3.09500890E-03
   1037.8839460113027        3.17211938E-03
   1038.0271616793048        3.25213466E-03
   1038.1703773473068        3.33510106E-03
   1038.3135930153089        3.42109101E-03
   1038.4568086833110        3.51018226E-03
   1038.6000243513131        3.60243255E-03
   1038.7432400193152        3.69786960E-03
   1038.8864556873173        3.79649713E-03
   1039.0296713553194        3.89831210E-03
   1039.1728870233214        4.00332455E-03
   1039.3161026913235        4.11156937E-03
   1039.4593183593256        4.22310550E-03
   1039.6025340273277        4.33800602E-03
   1039.7457496953298        4.45633521E-03
   1039.8889653633319        4.57813311E-03
   1040.0321810313339        4.70340811E-03
   1040.1753966993360        4.83215135E-03
   1040.3186123673381        4.96436190E-03
   1040.4618280353402        5.10006258E-03
   1040.6050437033423        5.23930602E-03
   1040.7482593713444        5.38215600E-03
   1040.8914750393465        5.52866515E-03
   1041.0346907073485        5.67886326E-03
   1041.1779063753506        5.83275594E-03
   1041.3211220433527        5.99033479E-03
   1041.4643377113548        6.15160028E-03
   1041.6075533793569        6.31657382E-03
   1041.7507690473590        6.48530666E-03
   1041.8939847153611        6.65787235E-03
   1042.0372003833631        6.83434401E-03
   1042.1804160513652        7.01477192E-03
   1042.3236317193673        7.19917100E-03
   1042.4668473873694        7.38753192E-03
   1042.6100630553715        7.57984258E-03
   1042.7532787233736        7.77611230E-03
   1042.8964943913757        7.97637831E-03
   1043.0397100593777        8.18069931E-03
   1043.1829257273798        8.38913489E-03
   1043.3261413953819        8.60173162E-03
   1043.4693570633840        8.81851558E-03
   1043.6125727313861        9.03949235E-03
   1043.7557883993882        9.26466007E-03
   1043.8990040673903        9.49402526E-03
   1044.0422197353923        9.72761773E-03
   1044.1854354033944        9.96549241E-03
   1044.3286510713965        1.02077182E-02
   1044.4718667393986        1.04543502E-02
   1044.6150824074007        1.07054152E-02
   1044.7582980754028        1.09609105E-02
   1044.9015137434048        1.12208240E-02
   1045.0447294114069        1.14851547E-02
   1045.1879450794090        1.17539307E-02
   1045.3311607474111        1.20272031E-02
   1045.4743764154132        1.23050371E-02
   1045.6175920834153        1.25874924E-02
   1045.7608077514174        1.28746051E-02
   1045.9040234194194        1.31663894E-02
   1046.0472390874215        1.34628406E-02
   1046.1904547554236        1.37639549E-02
   1046.3336704234257        1.40697481E-02
   1046.4768860914278        1.43802641E-02
   1046.6201017594299        1.46955624E-02
   1046.7633174274320        1.50156990E-02
   1046.9065330954340        1.53407063E-02
   1047.0497487634361        1.56705901E-02
   1047.1929644314382        1.60053391E-02
   1047.3361800994403        1.63449459E-02
   1047.4793957674424        1.66894160E-02
   1047.6226114354445        1.70387831E-02
   1047.7658271034466        1.73930917E-02
   1047.9090427714486        1.77523922E-02
   1048.0522584394507        1.81167182E-02
   1048.1954741074528        1.84860788E-02
   1048.3386897754549        1.88604575E-02
   1048.4819054434570        1.92398243E-02
   1048.6251211114591        1.96241662E-02
   1048.7683367794612        2.00134981E-02
   1048.9115524474632        2.04078536E-02
   1049.0547681154653        2.08072774E-02
   1049.1979837834674        2.12117936E-02
   1049.3411994514695        2.16213986E-02
   1049.4844151194716        2.20360663E-02
   1049.6276307874737        2.24557593E-02
   1049.7708464554757        2.28804480E-02
   1049.9140621234778        2.33101211E-02
   1050.0572777914799        2.37447843E-02
   1050.2004934594820        2.41844542E-02
   1050.3437091274841        2.46291403E-02
   1050.4869247954862        2.50788257E-02
   1050.6301404634883        2.55334657E-02
   1050.7733561314903        2.59929989E-02
   1050.9165717994924        2.64573693E-02
   1051.0597874674945        2.69265324E-02
   1051.2030031354966        2.74004638E-02
   1051.3462188034987        2.78791487E-02
   1051.4894344715008        2.83625592E-02
   1051.6326501395029        2.88506504E-02
   1051.7758658075049        2.93433536E-02
   1051.9190814755070        2.98405830E-02
   1052.0622971435091        3.03422529E-02
   1052.2055128115112        3.08482833E-02
   1052.3487284795133        3.13586071E-02
   1052.4919441475154        3.18731703E-02
   1052.6351598155175        3.23919170E-02
   1052.7783754835195        3.29147726E-02
   1052.9215911515216        3.34416367E-02
   1053.0648068195237        3.39723937E-02
   1053.2080224875258        3.45069133E-02
   1053.3512381555279        3.50450799E-02
   1053.4944538235300        3.55867855E-02
   1053.6376694915321        3.61319408E-02
   1053.7808851595341        3.66804376E-02
   1053.9241008275362        3.72321568E-02
   1054.0673164955383        3.77869532E-02
   1054.2105321635404        3.83446701E-02
   1054.3537478315425        3.89051326E-02
   1054.4969634995446        3.94681767E-02
   1054.6401791675466        4.00336385E-02
   1054.7833948355487        4.06013727E-02
   1054.9266105035508        4.11712304E-02
   1055.0698261715529        4.17430401E-02
   1055.2130418395550        4.23166156E-02
   1055.3562575075571        4.28917333E-02
   1055.4994731755592        4.34681773E-02
   1055.6426888435612        4.40457277E-02
   1055.7859045115633        4.46241796E-02
   1055.9291201795654        4.52033393E-02
   1056.0723358475675        4.57830094E-02
   1056.2155515155696        4.63629737E-02
   1056.3587671835717        4.69429977E-02
   1056.5019828515738        4.75228168E-02
   1056.6451985195758        4.81021553E-02
   1056.7884141875779        4.86807227E-02
   1056.9316298555800        4.92582433E-02
   1057.0748455235821        4.98344600E-02
   1057.2180611915842        5.04091233E-02
   1057.3612768595863        5.09819798E-02
   1057.5044925275884        5.15527502E-02
   1057.6477081955904        5.21211252E-02
   1057.7909238635925        5.26867732E-02
   1057.9341395315946        5.32493778E-02
   1058.0773551995967        5.38086146E-02
   1058.2205708675988        5.43641746E-02
   1058.3637865356009        5.49157523E-02
   1058.5070022036030        5.54630421E-02
   1058.6502178716050        5.60057163E-02
   1058.7934335396071        5.65434247E-02
   1058.9366492076092        5.70757911E-02
   1059.0798648756113        5.76024354E-02
   1059.2230805436134        5.81229813E-02
   1059.3662962116155        5.86370789E-02
   1059.5095118796175        5.91443777E-02
   1059.6527275476196        5.96445352E-02
   1059.7959432156217        6.01371899E-02
   1059.9391588836238        6.06219620E-02
   1060.0823745516259        6.10984564E-02
   1060.2255902196280        6.15662709E-02
   1060.3688058876301        6.20250143E-02
   1060.5120215556321        6.24742918E-02
   1060.6552372236342        6.29137233E-02
   1060.7984528916363        6.33429214E-02
   1060.9416685596384        6.37615100E-02
   1061.0848842276405        6.41690865E-02
   1061.2280998956426        6.45652413E-02
   1061.3713155636447        6.49495423E-02
   1061.5145312316467        6.53215796E-02
   1061.6577468996488        6.56809583E-02
   1061.8009625676509        6.60272762E-02
   1061.9441782356530        6.63601384E-02
   1062.0873939036551        6.66791573E-02
   1062.2306095716572        6.69839233E-02
   1062.3738252396593        6.72740266E-02
   1062.5170409076613        6.75490573E-02
   1062.6602565756634        6.78086057E-02
   1062.8034722436655        6.80522621E-02
   1062.9466879116676        6.82796389E-02
   1063.0899035796697        6.84903488E-02
   1063.2331192476718        6.86840266E-02
   1063.3763349156739        6.88602924E-02
   1063.5195505836759        6.90187663E-02
   1063.6627662516780        6.91590533E-02
   1063.8059819196801        6.92807809E-02
   1063.9491975876822        6.93835765E-02
   1064.0924132556843        6.94670975E-02
   1064.2356289236864        6.95309862E-02
   1064.3788445916884        6.95749149E-02
   1064.5220602596905        6.95985481E-02
   1064.6652759276926        6.96015507E-02
   1064.8084915956947        6.95836022E-02
   1064.9517072636968        6.95443675E-02
   1065.0949229316989        6.94835335E-02
   1065.2381385997010        6.94007874E-02
   1065.3813542677030        6.92958459E-02
   1065.5245699357051        6.91684484E-02
   1065.6677856037072        6.90183342E-02
   1065.8110012717093        6.88452423E-02
   1065.9542169397114        6.86489046E-02
   1066.0974326077135        6.84290826E-02
   1066.2406482757156        6.81855381E-02
   1066.3838639437176        6.79180473E-02
   1066.5270796117197        6.76264167E-02
   1066.6702952797218        6.73104748E-02
   1066.8135109477239        6.69700652E-02
   1066.9567266157260        6.66050464E-02
   1067.0999422837281        6.62152618E-02
   1067.2431579517302        6.58005551E-02
   1067.3863736197322        6.53607994E-02
   1067.5295892877343        6.48958683E-02
   1067.6728049557364        6.44056797E-02
   1067.8160206237385        6.38901815E-02
   1067.9592362917406        6.33493289E-02
   1068.1024519597427        6.27830848E-02
   1068.2456676277448        6.21914268E-02
   1068.3888832957468        6.15743287E-02
   1068.5320989637489        6.09317757E-02
   1068.6753146317510        6.02637827E-02
   1068.8185302997531        5.95703907E-02
   1068.9617459677552        5.88516742E-02
   1069.1049616357573        5.81077263E-02
   1069.2481773037593        5.73386438E-02
   1069.3913929717614        5.65445386E-02
   1069.5346086397635        5.57255149E-02
   1069.6778243077656        5.48816994E-02
   1069.8210399757677        5.40132374E-02
   1069.9642556437698        5.31203039E-02
   1070.1074713117719        5.22031039E-02
   1070.2506869797739        5.12618646E-02
   1070.3939026477760        5.02968319E-02
   1070.5371183157781        4.93082516E-02
   1070.6803339837802        4.82963882E-02
   1070.8235496517823        4.72615063E-02
   1070.9667653197844        4.62038927E-02
   1071.1099809877865        4.51238565E-02
   1071.2531966557885        4.40217294E-02
   1071.3964123237906        4.28978801E-02
   1071.5396279917927        4.17526849E-02
   1071.6828436597948        4.05865423E-02
   1071.8260593277969        3.93998511E-02
   1071.9692749957990        3.81930172E-02
   1072.1124906638011        3.69664542E-02
   1072.2557063318031        3.57206017E-02
   1072.3989219998052        3.44559252E-02
   1072.5421376678073        3.31729129E-02
   1072.6853533358094        3.18720601E-02
   1072.8285690038115        3.05538662E-02
   1072.9717846718136        2.92188432E-02
   1073.1150003398157        2.78675109E-02
   1073.2582160078177        2.65003964E-02
   1073.4014316758198        2.51180455E-02
   1073.5446473438219        2.37210225E-02
   1073.6878630118240        2.23099142E-02
   1073.8310786798261        2.08853241E-02
   1073.9742943478282        1.94478612E-02
   1074.1175100158302        1.79981347E-02
   1074.2607256838323        1.65367592E-02
   1074.4039413518344        1.50643606E-02
   1074.5471570198365        1.35815721E-02
   1074.6903726878386        1.20890411E-02
   1074.8335883558407        1.05874268E-02
   1074.9768040238428        9.07739066E-03
   1075.1200196918448        7.55959935E-03
   1075.2632353598469        6.03471976E-03
   1075.4064510278490        4.50342009E-03
   1075.5496666958511        2.96637020E-03
   1075.6928823638532        1.42424635E-03
   1075.8360980318553       -1.22262893E-04
   1075.9793136998574       -1.67245732E-03
   1076.1225293678594       -3.22563178E-03
   1076.2657450358615       -4.78108553E-03
   1076.4089607038636       -6.33812975E-03
   1076.5521763718657       -7.89608434E-03
   1076.6953920398678       -9.45427362E-03
   1076.8386077078699       -1.10120149E-02
   1076.9818233758720       -1.25686172E-02
   1077.1250390438740       -1.41233876E-02
   1077.2682547118761       -1.56756341E-02
   1077.4114703798782       -1.72246750E-02
   1077.5546860478803       -1.87698398E-02
   1077.6979017158824       -2.03104671E-02
   1077.8411173838845       -2.18459032E-02
   1077.9843330518866       -2.33755000E-02
   1078.1275487198886       -2.48986091E-02
   1078.2707643878907       -2.64145806E-02
   1078.4139800558928       -2.79227644E-02
   1078.5571957238949       -2.94225290E-02
   1078.7004113918970       -3.09132598E-02
   1078.8436270598991       -3.23943682E-02
   1078.9868427279011       -3.38652767E-02
   1079.1300583959032       -3.53254266E-02
   1079.2732740639053       -3.67742516E-02
   1079.4164897319074       -3.82111929E-02
   1079.5597053999095       -3.96356881E-02
   1079.7029210679116       -4.10471931E-02
   1079.8461367359137       -4.24451753E-02
   1079.9893524039157       -4.38291244E-02
   1080.1325680719178       -4.51985598E-02
   1080.2757837399199       -4.65530232E-02
   1080.4189994079220       -4.78920639E-02
   1080.5622150759241       -4.92152311E-02
   1080.7054307439262       -5.05220778E-02
   1080.8486464119283       -5.18121757E-02
   1080.9918620799303       -5.30851185E-02
   1081.1350777479324       -5.43405227E-02
   1081.2782934159345       -5.55780381E-02
   1081.4215090839366       -5.67973331E-02
   1081.5647247519387       -5.79980910E-02
   1081.7079404199408       -5.91800027E-02
   1081.8511560879429       -6.03427663E-02
   1081.9943717559449       -6.14860877E-02
   1082.1375874239470       -6.26096949E-02
   1082.2808030919491       -6.37133420E-02
   1082.4240187599512       -6.47968128E-02
   1082.5672344279533       -6.58599138E-02
   1082.7104500959554       -6.69024736E-02
   1082.8536657639575       -6.79243281E-02
   1082.9968814319595       -6.89253137E-02
   1083.1400970999616       -6.99052811E-02
   1083.2833127679637       -7.08641112E-02
   1083.4265284359658       -7.18017146E-02
   1083.5697441039679       -7.27180094E-02
   1083.7129597719700       -7.36129433E-02
   1083.8561754399720       -7.44864866E-02
   1083.9993911079741       -7.53386170E-02
   1084.1426067759762       -7.61693269E-02
   1084.2858224439783       -7.69786090E-02
   1084.4290381119804       -7.77664706E-02
   1084.5722537799825       -7.85329416E-02
   1084.7154694479846       -7.92780817E-02
   1084.8586851159866       -8.00019652E-02
   1085.0019007839887       -8.07046965E-02
   1085.1451164519908       -8.13863873E-02
   1085.2883321199929       -8.20471570E-02
   1085.4315477879950       -8.26871321E-02
   1085.5747634559971       -8.33064467E-02
   1085.7179791239992       -8.39052573E-02
   1085.8611947920012       -8.44837353E-02
   1086.0044104600033       -8.50420669E-02
   1086.1476261280054       -8.55804756E-02
   1086.2908417960075       -8.60991776E-02
   1086.4340574640096       -8.65983963E-02
   1086.5772731320117       -8.70783478E-02
   1086.7204888000138       -8.75392556E-02
   1086.8637044680158       -8.79813656E-02
   1087.0069201360179       -8.84049460E-02
   1087.1501358040200       -8.88102949E-02
   1087.2933514720221       -8.91977102E-02
   1087.4365671400242       -8.95674899E-02
   1087.5797828080263       -8.99199247E-02
   1087.7229984760284       -9.02553126E-02
   1087.8662141440304       -9.05739591E-02
   1088.0094298120325       -9.08761770E-02
   1088.1526454800346       -9.11622941E-02
   1088.2958611480367       -9.14326459E-02
   1088.4390768160388       -9.16875824E-02
   1088.5822924840409       -9.19274315E-02
   1088.7255081520429       -9.21525434E-02
   1088.8687238200450       -9.23632458E-02
   1089.0119394880471       -9.25598890E-02
   1089.1551551560492       -9.27428082E-02
   1089.2983708240513       -9.29123685E-02
   1089.4415864920534       -9.30689275E-02
   1089.5848021600555       -9.32128429E-02
   1089.7280178280575       -9.33444872E-02
   1089.8712334960596       -9.34642106E-02
   1090.0144491640617       -9.35723707E-02
   1090.1576648320638       -9.36693102E-02
   1090.3008805000659       -9.37553644E-02
   1090.4440961680680       -9.38308835E-02
   1090.5873118360701       -9.38962102E-02
   1090.7305275040721       -9.39517021E-02
   1090.8737431720742       -9.39977169E-02
   1091.0169588400763       -9.40346122E-02
   1091.1601745080784       -9.40627232E-02
   1091.3033901760805       -9.40823704E-02
   1091.4466058440826       -9.40938741E-02
   1091.5898215120847       -9.40975547E-02
   1091.7330371800867       -9.40937251E-02
   1091.8762528480888       -9.40826982E-02
   1092.0194685160909       -9.40647945E-02
   1092.1626841840930       -9.40403342E-02
   1092.3058998520951       -9.40096229E-02
   1092.4491155200972       -9.39729437E-02
   1092.5923311880993       -9.39305723E-02
   1092.7355468561013       -9.38827768E-02
   1092.8787625241034       -9.38298181E-02
   1093.0219781921055       -9.37719718E-02
   1093.1651938601076       -9.37095061E-02
   1093.3084095281097       -9.36426893E-02
   1093.4516251961118       -9.35717747E-02
   1093.5948408641138       -9.34969932E-02
   1093.7380565321159       -9.34185609E-02
   1093.8812722001180       -9.33366716E-02
   1094.0244878681201       -9.32515413E-02
   1094.1677035361222       -9.31633860E-02
   1094.3109192041243       -9.30724069E-02
   1094.4541348721264       -9.29788128E-02
   1094.5973505401284       -9.28827971E-02
   1094.7405662081305       -9.27845389E-02
   1094.8837818761326       -9.26842093E-02
   1095.0269975441347       -9.25819576E-02
   1095.1702132121368       -9.24779251E-02
   1095.3134288801389       -9.23722610E-02
   1095.4566445481410       -9.22651216E-02
   1095.5998602161430       -9.21566486E-02
   1095.7430758841451       -9.20469835E-02
   1095.8862915521472       -9.19362456E-02
   1096.0295072201493       -9.18245390E-02
   1096.1727228881514       -9.17119682E-02
   1096.3159385561535       -9.15986151E-02
   1096.4591542241556       -9.14845765E-02
   1096.6023698921576       -9.13699493E-02
   1096.7455855601597       -9.12548229E-02
   1096.8888012281618       -9.11392644E-02
   1097.0320168961639       -9.10233557E-02
   1097.1752325641660       -9.09071490E-02
   1097.3184482321681       -9.07906964E-02
   1097.4616639001702       -9.06740427E-02
   1097.6048795681722       -9.05572399E-02
   1097.7480952361743       -9.04403403E-02
   1097.8913109041764       -9.03233886E-02
   1098.0345265721785       -9.02064294E-02
   1098.1777422401806       -9.00894925E-02
   1098.3209579081827       -8.99726078E-02
   1098.4641735761847       -8.98557901E-02
   1098.6073892441868       -8.97390619E-02
   1098.7506049121889       -8.96224380E-02
   1098.8938205801910       -8.95059332E-02
   1099.0370362481931       -8.93895701E-02
   1099.1802519161952       -8.92733485E-02
   1099.3234675841973       -8.91572759E-02
   1099.4666832521993       -8.90413374E-02
   1099.6098989202014       -8.89255255E-02
   1099.7531145882035       -8.88098404E-02
   1099.8963302562056       -8.86942819E-02
   1100.0395459242077       -8.85788575E-02
   1100.1827615922098       -8.84635746E-02
   1100.3259772602119       -8.83484259E-02
   1100.4691929282139       -8.82333964E-02
   1100.6124085962160       -8.81184638E-02
   1100.7556242642181       -8.80036131E-02
   1100.8988399322202       -8.78888145E-02
   1101.0420556002223       -8.77740607E-02
   1101.1852712682244       -8.76593515E-02
   1101.3284869362265       -8.75446871E-02
   1101.4717026042285       -8.74300674E-02
   1101.6149182722306       -8.73154849E-02
   1101.7581339402327       -8.72009173E-02
   1101.9013496082348       -8.70863348E-02
   1102.0445652762369       -8.69717225E-02
   1102.1877809442390       -8.68570581E-02
   1102.3309966122411       -8.67423415E-02
   1102.4742122802431       -8.66275728E-02
   1102.6174279482452       -8.65127444E-02
   1102.7606436162473       -8.63978416E-02
   1102.9038592842494       -8.62828419E-02
   1103.0470749522515       -8.61677229E-02
   1103.1902906202536       -8.60524699E-02
   1103.3335062882556       -8.59370679E-02
   1103.4767219562577       -8.58215317E-02
   1103.6199376242598       -8.57058764E-02
   1103.7631532922619       -8.55901241E-02
   1103.9063689602640       -8.54742751E-02
   1104.0495846282661       -8.53583217E-02
   1104.1928002962682       -8.52422491E-02
   1104.3360159642702       -8.51260424E-02
   1104.4792316322723       -8.50097016E-02
   1104.6224473002744       -8.48932415E-02
   1104.7656629682765       -8.47766623E-02
   1104.9088786362786       -8.46599713E-02
   1105.0520943042807       -8.45431834E-02
   1105.1953099722828       -8.44262987E-02
   1105.3385256402848       -8.43093172E-02
   1105.4817413082869       -8.41922387E-02
   1105.6249569762890       -8.40750709E-02
   1105.7681726442911       -8.39578211E-02
   1105.9113883122932       -8.38405117E-02
   1106.0546039802953       -8.37231576E-02
   1106.1978196482974       -8.36057812E-02
   1106.3410353162994       -8.34883898E-02
   1106.4842509843015       -8.33709911E-02
   1106.6274666523036       -8.32535997E-02
   1106.7706823203057       -8.31362084E-02
   1106.9138979883078       -8.30188319E-02
   1107.0571136563099       -8.29014853E-02
   1107.2003293243120       -8.27841982E-02
   1107.3435449923140       -8.26669931E-02
   1107.4867606603161       -8.25499073E-02
   1107.6299763283182       -8.24329630E-02
   1107.7731919963203       -8.23161751E-02
   1107.9164076643224       -8.21995363E-02
   1108.0596233323245       -8.20830464E-02
   1108.2028390003265       -8.19667280E-02
   1108.3460546683286       -8.18506107E-02
   1108.4892703363307       -8.17347094E-02
   1108.6324860043328       -8.16190541E-02
   1108.7757016723349       -8.15036595E-02
   1108.9189173403370       -8.13885406E-02
   1109.0621330083391       -8.12737122E-02
   1109.2053486763411       -8.11591744E-02
   1109.3485643443432       -8.10449347E-02
   1109.4917800123453       -8.09310228E-02
   1109.6349956803474       -8.08174610E-02
   1109.7782113483495       -8.07042718E-02
   1109.9214270163516       -8.05914775E-02
   1110.0646426843537       -8.04790854E-02
   1110.2078583523557       -8.03670958E-02
   1110.3510740203578       -8.02555159E-02
   1110.4942896883599       -8.01443532E-02
   1110.6375053563620       -8.00336152E-02
   1110.7807210243641       -7.99233168E-02
   1110.9239366923662       -7.98134655E-02
   1111.0671523603683       -7.97040761E-02
   1111.2103680283703       -7.95951560E-02
   1111.3535836963724       -7.94867128E-02
   1111.4967993643745       -7.93787390E-02
   1111.6400150323766       -7.92712495E-02
   1111.7832307003787       -7.91642517E-02
   1111.9264463683808       -7.90577531E-02
   1112.0696620363829       -7.89517611E-02
   1112.2128777043849       -7.88462833E-02
   1112.3560933723870       -7.87413344E-02
   1112.4993090403891       -7.86369145E-02
   1112.6425247083912       -7.85330310E-02
   1112.7857403763933       -7.84296840E-02
   1112.9289560443954       -7.83268735E-02
   1113.0721717123974       -7.82245994E-02
   1113.2153873803995       -7.81228617E-02
   1113.3586030484016       -7.80216604E-02
   1113.5018187164037       -7.79210031E-02
   1113.6450343844058       -7.78208971E-02
   1113.7882500524079       -7.77213350E-02
   1113.9314657204100       -7.76223168E-02
   1114.0746813884120       -7.75238425E-02
   1114.2178970564141       -7.74259046E-02
   1114.3611127244162       -7.73285106E-02
   1114.5043283924183       -7.72316679E-02
   1114.6475440604204       -7.71353841E-02
   1114.7907597284225       -7.70396590E-02
   1114.9339753964246       -7.69444928E-02
   1115.0771910644266       -7.68498853E-02
   1115.2204067324287       -7.67558441E-02
   1115.3636224004308       -7.66623691E-02
   1115.5068380684329       -7.65694529E-02
   1115.6500537364350       -7.64770955E-02
   1115.7932694044371       -7.63853118E-02
   1115.9364850724392       -7.62941167E-02
   1116.0797007404412       -7.62035102E-02
   1116.2229164084433       -7.61134997E-02
   1116.3661320764454       -7.60240927E-02
   1116.5093477444475       -7.59352967E-02
   1116.6525634124496       -7.58471116E-02
   1116.7957790804517       -7.57595450E-02
   1116.9389947484538       -7.56726116E-02
   1117.0822104164558       -7.55863264E-02
   1117.2254260844579       -7.55007118E-02
   1117.3686417524600       -7.54157826E-02
   1117.5118574204621       -7.53315464E-02
   1117.6550730884642       -7.52480030E-02
   1117.7982887564663       -7.51651675E-02
   1117.9415044244683       -7.50830546E-02
   1118.0847200924704       -7.50016868E-02
   1118.2279357604725       -7.49210790E-02
   1118.3711514284746       -7.48412535E-02
   1118.5143670964767       -7.47622177E-02
   1118.6575827644788       -7.46839941E-02
   1118.8007984324809       -7.46065825E-02
   1118.9440141004829       -7.45299980E-02
   1119.0872297684850       -7.44542629E-02
   1119.2304454364871       -7.43793994E-02
   1119.3736611044892       -7.43054375E-02
   1119.5168767724913       -7.42323920E-02
   1119.6600924404934       -7.41603076E-02
   1119.8033081084955       -7.40892068E-02
   1119.9465237764975       -7.40191042E-02
   1120.0897394444996       -7.39500299E-02
   1120.2329551125017       -7.38819912E-02
   1120.3761707805038       -7.38150105E-02
   1120.5193864485059       -7.37491176E-02
   1120.6626021165080       -7.36843422E-02
   1120.8058177845101       -7.36207068E-02
   1120.9490334525121       -7.35582337E-02
   1121.0922491205142       -7.34969452E-02
   1121.2354647885163       -7.34368563E-02
   1121.3786804565184       -7.33779892E-02
   1121.5218961245205       -7.33203739E-02
   1121.6651117925226       -7.32640326E-02
   1121.8083274605247       -7.32090026E-02
   1121.9515431285267       -7.31553063E-02
   1122.0947587965288       -7.31029585E-02
   1122.2379744645309       -7.30519891E-02
   1122.3811901325330       -7.30024129E-02
   1122.5244058005351       -7.29542449E-02
   1122.6676214685372       -7.29075000E-02
   1122.8108371365392       -7.28622004E-02
   1122.9540528045413       -7.28183761E-02
   1123.0972684725434       -7.27760345E-02
   1123.2404841405455       -7.27351904E-02
   1123.3836998085476       -7.26958588E-02
   1123.5269154765497       -7.26580545E-02
   1123.6701311445518       -7.26217851E-02
   1123.8133468125538       -7.25870505E-02
   1123.9565624805559       -7.25538656E-02
   1124.0997781485580       -7.25222453E-02
   1124.2429938165601       -7.24921897E-02
   1124.3862094845622       -7.24637136E-02
   1124.5294251525643       -7.24368095E-02
   1124.6726408205664       -7.24114850E-02
   1124.8158564885684       -7.23877326E-02
   1124.9590721565705       -7.23655596E-02
   1125.1022878245726       -7.23449513E-02
   1125.2455034925747       -7.23258853E-02
   1125.3887191605768       -7.23083541E-02
   1125.5319348285789       -7.22923428E-02
   1125.6751504965810       -7.22778365E-02
   1125.8183661645830       -7.22648129E-02
   1125.9615818325851       -7.22532421E-02
   1126.1047975005872       -7.22431093E-02
   1126.2480131685893       -7.22343847E-02
   1126.3912288365914       -7.22270533E-02
   1126.5344445045935       -7.22210854E-02
   1126.6776601725956       -7.22164437E-02
   1126.8208758405976       -7.22131059E-02
   1126.9640915085997       -7.22110271E-02
   1127.1073071766018       -7.22101703E-02
   1127.2505228446039       -7.22104758E-02
   1127.3937385126060       -7.22118914E-02
   1127.5369541806081       -7.22143799E-02
   1127.6801698486101       -7.22178966E-02
   1127.8233855166122       -7.22223967E-02
   1127.9666011846143       -7.22278282E-02
   1128.1098168526164       -7.22341388E-02
   1128.2530325206185       -7.22412392E-02
   1128.3962481886206       -7.22490698E-02
   1128.5394638566227       -7.22575635E-02
   1128.6826795246247       -7.22666532E-02
   1128.8258951926268       -7.22762793E-02
   1128.9691108606289       -7.22863898E-02
   1129.1123265286310       -7.22969025E-02
   1129.2555421966331       -7.23077357E-02
   1129.3987578646352       -7.23187923E-02
   1129.5419735326373       -7.23299757E-02
   1129.6851892006393       -7.23411888E-02
   1129.8284048686414       -7.23523423E-02
   1129.9716205366435       -7.23633543E-02
   1130.1148362046456       -7.23741576E-02
   1130.2580518726477       -7.23846629E-02
   1130.4012675406498       -7.23947957E-02
   1130.5444832086519       -7.24044591E-02
   1130.6876988766539       -7.24135339E-02
   1130.8309145446560       -7.24219009E-02
   1130.9741302126581       -7.24294484E-02
   1131.1173458806602       -7.24360794E-02
   1131.2605615486623       -7.24416971E-02
   1131.4037772166644       -7.24462122E-02
   1131.5469928846665       -7.24495277E-02
   1131.6902085526685       -7.24515393E-02
   1131.8334242206706       -7.24521130E-02
   1131.9766398886727       -7.24511296E-02
   1132.1198555566748       -7.24484548E-02
   1132.2630712246769       -7.24439919E-02
   1132.4062868926790       -7.24376440E-02
   1132.5495025606810       -7.24293217E-02
   1132.6927182286831       -7.24189281E-02
   1132.8359338966852       -7.24063516E-02
   1132.9791495646873       -7.23914579E-02
   1133.1223652326894       -7.23741129E-02
   1133.2655809006915       -7.23541901E-02
   1133.4087965686936       -7.23315775E-02
   1133.5520122366956       -7.23061636E-02
   1133.6952279046977       -7.22778514E-02
   1133.8384435726998       -7.22465441E-02
   1133.9816592407019       -7.22121298E-02
   1134.1248749087040       -7.21744895E-02
   1134.2680905767061       -7.21334964E-02
   1134.4113062447082       -7.20890388E-02
   1134.5545219127102       -7.20409974E-02
   1134.6977375807123       -7.19892681E-02
   1134.8409532487144       -7.19337687E-02
   1134.9841689167165       -7.18743950E-02
   1135.1273845847186       -7.18110427E-02
   1135.2706002527207       -7.17436075E-02
   1135.4138159207228       -7.16719627E-02
   1135.5570315887248       -7.15960115E-02
   1135.7002472567269       -7.15156421E-02
   1135.8434629247290       -7.14307725E-02
   1135.9866785927311       -7.13413209E-02
   1136.1298942607332       -7.12471977E-02
   1136.2731099287353       -7.11483285E-02
   1136.4163255967374       -7.10446164E-02
   1136.5595412647394       -7.09359571E-02
   1136.7027569327415       -7.08222687E-02
   1136.8459726007436       -7.07034692E-02
   1136.9891882687457       -7.05794767E-02
   1137.1324039367478       -7.04502240E-02
   1137.2756196047499       -7.03156441E-02
   1137.4188352727519       -7.01756626E-02
   1137.5620509407540       -7.00302050E-02
   1137.7052666087561       -6.98791966E-02
   1137.8484822767582       -6.97225705E-02
   1137.9916979447603       -6.95602596E-02
   1138.1349136127624       -6.93922117E-02
   1138.2781292807645       -6.92183748E-02
   1138.4213449487665       -6.90387115E-02
   1138.5645606167686       -6.88531846E-02
   1138.7077762847707       -6.86617419E-02
   1138.8509919527728       -6.84643388E-02
   1138.9942076207749       -6.82609454E-02
   1139.1374232887770       -6.80515096E-02
   1139.2806389567791       -6.78360090E-02
   1139.4238546247811       -6.76144287E-02
   1139.5670702927832       -6.73867390E-02
   1139.7102859607853       -6.71529174E-02
   1139.8535016287874       -6.69129342E-02
   1139.9967172967895       -6.66667596E-02
   1140.1399329647916       -6.64143786E-02
   1140.2831486327937       -6.61557764E-02
   1140.4263643007957       -6.58909529E-02
   1140.5695799687978       -6.56199306E-02
   1140.7127956367999       -6.53427169E-02
   1140.8560113048020       -6.50593191E-02
   1140.9992269728041       -6.47697449E-02
   1141.1424426408062       -6.44739866E-02
   1141.2856583088083       -6.41720444E-02
   1141.4288739768103       -6.38639331E-02
   1141.5720896448124       -6.35496899E-02
   1141.7153053128145       -6.32293671E-02
   1141.8585209808166       -6.29030094E-02
   1142.0017366488187       -6.25706464E-02
   1142.1449523168208       -6.22323155E-02
   1142.2881679848228       -6.18880317E-02
   1142.4313836528249       -6.15378171E-02
   1142.5745993208270       -6.11817054E-02
   1142.7178149888291       -6.08197488E-02
   1142.8610306568312       -6.04520217E-02
   1143.0042463248333       -6.00786246E-02
   1143.1474619928354       -5.96996360E-02
   1143.2906776608374       -5.93151227E-02
   1143.4338933288395       -5.89251332E-02
   1143.5771089968416       -5.85297011E-02
   1143.7203246648437       -5.81288822E-02
   1143.8635403328458       -5.77227473E-02
   1144.0067560008479       -5.73113970E-02
   1144.1499716688500       -5.68949431E-02
   1144.2931873368520       -5.64734899E-02
   1144.4364030048541       -5.60471341E-02
   1144.5796186728562       -5.56159541E-02
   1144.7228343408583       -5.51800169E-02
   1144.8660500088604       -5.47393933E-02
   1145.0092656768625       -5.42941764E-02
   1145.1524813448646       -5.38444854E-02
   1145.2956970128666       -5.33904545E-02
   1145.4389126808687       -5.29322289E-02
   1145.5821283488708       -5.24699353E-02
   1145.7253440168729       -5.20036779E-02
   1145.8685596848750       -5.15335463E-02
   1146.0117753528771       -5.10596298E-02
   1146.1549910208792       -5.05820289E-02
   1146.2982066888812       -5.01008742E-02
   1146.4414223568833       -4.96163070E-02
   1146.5846380248854       -4.91284840E-02
   1146.7278536928875       -4.86375615E-02
   1146.8710693608896       -4.81436811E-02
   1147.0142850288917       -4.76469621E-02
   1147.1575006968937       -4.71475124E-02
   1147.3007163648958       -4.66454439E-02
   1147.4439320328979       -4.61408906E-02
   1147.5871477009000       -4.56340127E-02
   1147.7303633689021       -4.51249853E-02
   1147.8735790369042       -4.46139723E-02
   1148.0167947049063       -4.41011265E-02
   1148.1600103729083       -4.35865745E-02
   1148.3032260409104       -4.30704355E-02
   1148.4464417089125       -4.25528362E-02
   1148.5896573769146       -4.20339182E-02
   1148.7328730449167       -4.15138490E-02
   1148.8760887129188       -4.09928001E-02
   1149.0193043809209       -4.04709540E-02
   1149.1625200489229       -3.99484746E-02
   1149.3057357169250       -3.94255035E-02
   1149.4489513849271       -3.89021672E-02
   1149.5921670529292       -3.83785963E-02
   1149.7353827209313       -3.78549397E-02
   1149.8785983889334       -3.73313650E-02
   1150.0218140569355       -3.68080549E-02
   1150.1650297249375       -3.62851880E-02
   1150.3082453929396       -3.57629322E-02
   1150.4514610609417       -3.52414362E-02
   1150.5946767289438       -3.47208269E-02
   1150.7378923969459       -3.42012346E-02
   1150.8811080649480       -3.36827934E-02
   1151.0243237329501       -3.31656560E-02
   1151.1675394009521       -3.26499976E-02
   1151.3107550689542       -3.21360007E-02
   1151.4539707369563       -3.16238292E-02
   1151.5971864049584       -3.11136208E-02
   1151.7404020729605       -3.06054838E-02
   1151.8836177409626       -3.00995205E-02
   1152.0268334089646       -2.95958500E-02
   1152.1700490769667       -2.90946253E-02
   1152.3132647449688       -2.85960212E-02
   1152.4564804129709       -2.81002261E-02
   1152.5996960809730       -2.76074074E-02
   1152.7429117489751       -2.71177031E-02
   1152.8861274169772       -2.66312249E-02
   1153.0293430849792       -2.61480678E-02
   1153.1725587529813       -2.56683324E-02
   1153.3157744209834       -2.51921415E-02
   1153.4589900889855       -2.47196443E-02
   1153.6022057569876       -2.42510084E-02
   1153.7454214249897       -2.37863865E-02
   1153.8886370929918       -2.33259033E-02
   1154.0318527609938       -2.28696484E-02
   1154.1750684289959       -2.24176887E-02
   1154.3182840969980       -2.19700933E-02
   1154.4614997650001       -2.15269532E-02
   1154.6047154330022       -2.10883897E-02
   1154.7479311010043       -2.06545461E-02
   1154.8911467690064       -2.02255622E-02
   1155.0343624370084       -1.98015515E-02
   1155.1775781050105       -1.93825904E-02
   1155.3207937730126       -1.89687200E-02
   1155.4640094410147       -1.85599718E-02
   1155.6072251090168       -1.81563944E-02
   1155.7504407770189       -1.77580733E-02
   1155.8936564450210       -1.73651204E-02
   1156.0368721130230       -1.69776548E-02
   1156.1800877810251       -1.65957734E-02
   1156.3233034490272       -1.62195284E-02
   1156.4665191170293       -1.58489421E-02
   1156.6097347850314       -1.54840238E-02
   1156.7529504530335       -1.51247978E-02
   1156.8961661210355       -1.47713162E-02
   1157.0393817890376       -1.44236609E-02
   1157.1825974570397       -1.40819214E-02
   1157.3258131250418       -1.37461713E-02
   1157.4690287930439       -1.34164505E-02
   1157.6122444610460       -1.30927581E-02
   1157.7554601290481       -1.27750682E-02
   1157.8986757970501       -1.24633582E-02
   1158.0418914650522       -1.21576320E-02
   1158.1851071330543       -1.18579222E-02
   1158.3283228010564       -1.15642808E-02
   1158.4715384690585       -1.12767490E-02
   1158.6147541370606       -1.09953405E-02
   1158.7579698050627       -1.07200313E-02
   1158.9011854730647       -1.04507739E-02
   1159.0444011410668       -1.01875160E-02
   1159.1876168090689       -9.93022881E-03
   1159.3308324770710       -9.67891142E-03
   1159.4740481450731       -9.43358429E-03
   1159.6172638130752       -9.19427071E-03
   1159.7604794810773       -8.96096602E-03
   1159.9036951490793       -8.73362459E-03
   1160.0469108170814       -8.51216633E-03
   1160.1901264850835       -8.29650182E-03
   1160.3333421530856       -8.08656029E-03
   1160.4765578210877       -7.88230263E-03
   1160.6197734890898       -7.68371811E-03
   1160.7629891570919       -7.49079837E-03
   1160.9062048250939       -7.30351359E-03
   1161.0494204930960       -7.12179719E-03
   1161.1926361610981       -6.94555044E-03
   1161.3358518291002       -6.77466299E-03
   1161.4790674971023       -6.60903566E-03
   1161.6222831651044       -6.44859765E-03
   1161.7654988331064       -6.29330613E-03
   1161.9087145011085       -6.14312710E-03
   1162.0519301691106       -5.99801028E-03
   1162.1951458371127       -5.85786905E-03
   1162.3383615051148       -5.72257768E-03
   1162.4815771731169       -5.59199229E-03
   1162.6247928411190       -5.46597922E-03
   1162.7680085091210       -5.34443604E-03
   1162.9112241771231       -5.22729428E-03
   1163.0544398451252       -5.11450367E-03
   1163.1976555131273       -5.00600273E-03
   1163.3408711811294       -4.90169926E-03
   1163.4840868491315       -4.80146194E-03
   1163.6273025171336       -4.70513431E-03
   1163.7705181851356       -4.61256085E-03
   1163.9137338531377       -4.52361163E-03
   1164.0569495211398       -4.43819351E-03
   1164.2001651891419       -4.35624178E-03
   1164.3433808571440       -4.27768845E-03
   1164.4865965251461       -4.20243572E-03
   1164.6298121931482       -4.13034158E-03
   1164.7730278611502       -4.06123232E-03
   1164.9162435291523       -3.99493007E-03
   1165.0594591971544       -3.93128023E-03
   1165.2026748651565       -3.87016521E-03
   1165.3458905331586       -3.81149724E-03
   1165.4891062011607       -3.75519460E-03
   1165.6323218691628       -3.70115391E-03
   1165.7755375371648       -3.64923594E-03
   1165.9187532051669       -3.59926699E-03
   1166.0619688731690       -3.55105940E-03
   1166.2051845411711       -3.50444252E-03
   1166.3484002091732       -3.45928408E-03
   1166.4916158771753       -3.41548841E-03
   1166.6348315451773       -3.37297586E-03
   1166.7780472131794       -3.33165145E-03
   1166.9212628811815       -3.29138176E-03
   1167.0644785491836       -3.25199263E-03
   1167.2076942171857       -3.21329152E-03
   1167.3509098851878       -3.17509705E-03
   1167.4941255531899       -3.13726137E-03
   1167.6373412211919       -3.09967552E-03
   1167.7805568891940       -3.06225452E-03
   1167.9237725571961       -3.02490895E-03
   1168.0669882251982       -2.98751937E-03
   1168.2102038932003       -2.94992561E-03
   1168.3534195612024       -2.91194022E-03
   1168.4966352292045       -2.87337601E-03
   1168.6398508972065       -2.83407699E-03
   1168.7830665652086       -2.79392884E-03
   1168.9262822332107       -2.75284727E-03
   1169.0694979012128       -2.71074730E-03
   1169.2127135692149       -2.66751694E-03
   1169.3559292372170       -2.62300624E-03
   1169.4991449052191       -2.57703755E-03
   1169.6423605732211       -2.52943207E-03
   1169.7855762412232       -2.48003518E-03
   1169.9287919092253       -2.42873258E-03
   1170.0720075772274       -2.37544300E-03
   1170.2152232452295       -2.32009566E-03
   1170.3584389132316       -2.26260046E-03
   1170.5016545812337       -2.20283121E-03
   1170.6448702492357       -2.14062724E-03
   1170.7880859172378       -2.07581767E-03
   1170.9313015852399       -2.00825185E-03
   1171.0745172532420       -1.93781964E-03
   1171.2177329212441       -1.86445087E-03
   1171.3609485892462       -1.78809196E-03
   1171.5041642572482       -1.70867599E-03
   1171.6473799252503       -1.62610214E-03
   1171.7905955932524       -1.54023408E-03
   1171.9338112612545       -1.45091838E-03
   1172.0770269292566       -1.35801313E-03
   1172.2202425972587       -1.26141147E-03
   1172.3634582652608       -1.16104749E-03
   1172.5066739332628       -1.05688092E-03
   1172.6498896012649       -9.48868284E-04
   1172.7931052692670       -8.36935651E-04
   1172.9363209372691       -7.20970391E-04
   1173.0795366052712       -6.00837928E-04
   1173.2227522732733       -4.76412999E-04
   1173.3659679412754       -3.47606867E-04
   1173.5091836092774       -2.14376050E-04
   1173.6523992772795       -7.67072415E-05
   1173.7956149452816        6.54113755E-05
   1173.9388306132837        2.12015730E-04
   1174.0820462812858        3.63177649E-04
   1174.2252619492879        5.18995803E-04
   1174.3684776172900        6.79570774E-04
   1174.5116932852920        8.44975992E-04
   1174.6549089532941        1.01524114E-03
   1174.7981246212962        1.19035959E-03
   1174.9413402892983        1.37031206E-03
   1175.0845559573004        1.55509741E-03
   1175.2277716253025        1.74475124E-03
   1175.3709872933046        1.93934049E-03
   1175.5142029613066        2.13893829E-03
   1175.6574186293087        2.34359317E-03
   1175.8006342973108        2.55331257E-03
   1175.9438499653129        2.76806555E-03
   1176.0870656333150        2.98780249E-03
   1176.2302813013171        3.21248500E-03
   1176.3734969693191        3.44210630E-03
   1176.5167126373212        3.67669389E-03
   1176.6599283053233        3.91628826E-03
   1176.8031439733254        4.16091224E-03
   1176.9463596413275        4.41054674E-03
   1177.0895753093296        4.66512423E-03
   1177.2327909773317        4.92454926E-03
   1177.3760066453337        5.18873194E-03
   1177.5192223133358        5.45761362E-03
   1177.6624379813379        5.73117286E-03
   1177.8056536493400        6.00941014E-03
   1177.9488693173421        6.29231660E-03
   1178.0920849853442        6.57984940E-03
   1178.2353006533463        6.87192287E-03
   1178.3785163213483        7.16841919E-03
   1178.5217319893504        7.46921636E-03
   1178.6649476573525        7.77421333E-03
   1178.8081633253546        8.08334630E-03
   1178.9513789933567        8.39657523E-03
   1179.0945946613588        8.71386286E-03
   1179.2378103293609        9.03513934E-03
   1179.3810259973629        9.36028920E-03
   1179.5242416653650        9.68915690E-03
   1179.6674573333671        1.00215767E-02
   1179.8106730013692        1.03574023E-02
   1179.9538886693713        1.06965257E-02
   1180.0971043373734        1.10388706E-02
   1180.2403200053755        1.13843689E-02
   1180.3835356733775        1.17329275E-02
   1180.5267513413796        1.20844096E-02
   1180.6699670093817        1.24386307E-02
   1180.8131826773838        1.27953859E-02
   1180.9563983453859        1.31544806E-02
   1181.0996140133880        1.35157565E-02
   1181.2428296813900        1.38790924E-02
   1181.3860453493921        1.42443888E-02
   1181.5292610173942        1.46115301E-02
   1181.6724766853963        1.49803609E-02
   1181.8156923533984        1.53506845E-02
   1181.9589080214005        1.57222822E-02
   1182.1021236894026        1.60949361E-02
   1182.2453393574046        1.64684635E-02
   1182.3885550254067        1.68427117E-02
   1182.5317706934088        1.72175523E-02
   1182.6749863614109        1.75928511E-02
   1182.8182020294130        1.79684404E-02
   1182.9614176974151        1.83441136E-02
   1183.1046333654172        1.87196303E-02
   1183.2478490334192        1.90947503E-02
   1183.3910647014213        1.94692519E-02
   1183.5342803694234        1.98429581E-02
   1183.6774960374255        2.02157181E-02
   1183.8207117054276        2.05873828E-02
   1183.9639273734297        2.09577810E-02
   1184.1071430414318        2.13267002E-02
   1184.2503587094338        2.16938909E-02
   1184.3935743774359        2.20590979E-02
   1184.5367900454380        2.24220902E-02
   1184.6800057134401        2.27826741E-02
   1184.8232213814422        2.31406931E-02
   1184.9664370494443        2.34960038E-02
   1185.1096527174464        2.38484442E-02
   1185.2528683854484        2.41978131E-02
   1185.3960840534505        2.45438740E-02
   1185.5392997214526        2.48863753E-02
   1185.6825153894547        2.52250824E-02
   1185.8257310574568        2.55597997E-02
   1185.9689467254589        2.58903690E-02
   1186.1121623934609        2.62166541E-02
   1186.2553780614630        2.65385024E-02
   1186.3985937294651        2.68557277E-02
   1186.5418093974672        2.71681082E-02
   1186.6850250654693        2.74754073E-02
   1186.8282407334714        2.77774017E-02
   1186.9714564014735        2.80739032E-02
   1187.1146720694755        2.83647664E-02
   1187.2578877374776        2.86498740E-02
   1187.4011034054797        2.89291069E-02
   1187.5443190734818        2.92023178E-02
   1187.6875347414839        2.94693243E-02
   1187.8307504094860        2.97299176E-02
   1187.9739660774881        2.99838912E-02
   1188.1171817454901        3.02310735E-02
   1188.2603974134922        3.04713361E-02
   1188.4036130814943        3.07045840E-02
   1188.5468287494964        3.09307296E-02
   1188.6900444174985        3.11496630E-02
   1188.8332600855006        3.13612409E-02
   1188.9764757535027        3.15652974E-02
   1189.1196914215047        3.17616612E-02
   1189.2629070895068        3.19501944E-02
   1189.4061227575089        3.21308002E-02
   1189.5493384255110        3.23034152E-02
   1189.6925540935131        3.24679986E-02
   1189.8357697615152        3.26244906E-02
   1189.9789854295173        3.27727944E-02
   1190.1222010975193        3.29127945E-02
   1190.2654167655214        3.30443643E-02
   1190.4086324335235        3.31673995E-02
   1190.5518481015256        3.32818441E-02
   1190.6950637695277        3.33876722E-02
   1190.8382794375298        3.34848911E-02
   1190.9814951055318        3.35734971E-02
   1191.1247107735339        3.36534604E-02
   1191.2679264415360        3.37247215E-02
   1191.4111421095381        3.37872170E-02
   1191.5543577775402        3.38408872E-02
   1191.6975734455423        3.38857174E-02
   1191.8407891135444        3.39217260E-02
   1191.9840047815464        3.39489579E-02
   1192.1272204495485        3.39674577E-02
   1192.2704361175506        3.39772478E-02
   1192.4136517855527        3.39783244E-02
   1192.5568674535548        3.39706689E-02
   1192.7000831215569        3.39542665E-02
   1192.8432987895590        3.39291394E-02
   1192.9865144575610        3.38953584E-02
   1193.1297301255631        3.38530131E-02
   1193.2729457935652        3.38022113E-02
   1193.4161614615673        3.37430388E-02
   1193.5593771295694        3.36755477E-02
   1193.7025927975715        3.35997753E-02
   1193.8458084655736        3.35157551E-02
   1193.9890241335756        3.34235467E-02
   1194.1322398015777        3.33232507E-02
   1194.2754554695798        3.32150050E-02
   1194.4186711375819        3.30989547E-02
   1194.5618868055840        3.29752341E-02
   1194.7051024735861        3.28439549E-02
   1194.8483181415882        3.27052027E-02
   1194.9915338095902        3.25590484E-02
   1195.1347494775923        3.24055925E-02
   1195.2779651455944        3.22449654E-02
   1195.4211808135965        3.20773348E-02
   1195.5643964815986        3.19028869E-02
   1195.7076121496007        3.17218117E-02
   1195.8508278176027        3.15342620E-02
   1195.9940434856048        3.13403606E-02
   1196.1372591536069        3.11402138E-02
   1196.2804748216090        3.09339371E-02
   1196.4236904896111        3.07216793E-02
   1196.5669061576132        3.05036269E-02
   1196.7101218256153        3.02799884E-02
   1196.8533374936173        3.00509725E-02
   1196.9965531616194        2.98167598E-02
   1197.1397688296215        2.95775030E-02
   1197.2829844976236        2.93333344E-02
   1197.4262001656257        2.90843900E-02
   1197.5694158336278        2.88308337E-02
   1197.7126315016299        2.85728611E-02
   1197.8558471696319        2.83106938E-02
   1197.9990628376340        2.80445591E-02
   1198.1422785056361        2.77746618E-02
   1198.2854941736382        2.75011752E-02
   1198.4287098416403        2.72242501E-02
   1198.5719255096424        2.69440319E-02
   1198.7151411776445        2.66606789E-02
   1198.8583568456465        2.63743810E-02
   1199.0015725136486        2.60853525E-02
   1199.1447881816507        2.57938150E-02
   1199.2880038496528        2.54999828E-02
   1199.4312195176549        2.52040364E-02
   1199.5744351856570        2.49061286E-02
   1199.7176508536591        2.46063992E-02
   1199.8608665216611        2.43049935E-02
   1200.0040821896632        2.40020826E-02
   1200.1472978576653        2.36978699E-02
   1200.2905135256674        2.33925693E-02
   1200.4337291936695        2.30863858E-02
   1200.5769448616716        2.27794927E-02
   1200.7201605296736        2.24720314E-02
   1200.8633761976757        2.21641269E-02
   1201.0065918656778        2.18559057E-02
   1201.1498075336799        2.15475205E-02
   1201.2930232016820        2.12391540E-02
   1201.4362388696841        2.09309999E-02
   1201.5794545376862        2.06232388E-02
   1201.7226702056882        2.03160215E-02
   1201.8658858736903        2.00094655E-02
   1202.0091015416924        1.97036639E-02
   1202.1523172096945        1.93987116E-02
   1202.2955328776966        1.90947242E-02
   1202.4387485456987        1.87918432E-02
   1202.5819642137008        1.84902251E-02
   1202.7251798817028        1.81900281E-02
   1202.8683955497049        1.78913828E-02
   1203.0116112177070        1.75943878E-02
   1203.1548268857091        1.72991138E-02
   1203.2980425537112        1.70056224E-02
   1203.4412582217133        1.67139955E-02
   1203.5844738897154        1.64243318E-02
   1203.7276895577174        1.61367543E-02
   1203.8709052257195        1.58513840E-02
   1204.0141208937216        1.55683225E-02
   1204.1573365617237        1.52876386E-02
   1204.3005522297258        1.50093697E-02
   1204.4437678977279        1.47335371E-02
   1204.5869835657300        1.44601772E-02
   1204.7301992337320        1.41893486E-02
   1204.8734149017341        1.39211388E-02
   1205.0166305697362        1.36556393E-02
   1205.1598462377383        1.33929243E-02
   1205.3030619057404        1.31330304E-02
   1205.4462775737425        1.28759574E-02
   1205.5894932417445        1.26216849E-02
   1205.7327089097466        1.23702008E-02
   1205.8759245777487        1.21215126E-02
   1206.0191402457508        1.18756555E-02
   1206.1623559137529        1.16326772E-02
   1206.3055715817550        1.13926204E-02
   1206.4487872497571        1.11555029E-02
   1206.5920029177591        1.09213125E-02
   1206.7352185857612        1.06900157E-02
   1206.8784342537633        1.04615754E-02
   1207.0216499217654        1.02359690E-02
   1207.1648655897675        1.00131957E-02
   1207.3080812577696        9.79327317E-03
   1207.4512969257717        9.57622100E-03
   1207.5945125937737        9.36203636E-03
   1207.7377282617758        9.15068388E-03
   1207.8809439297779        8.94209743E-03
   1208.0241595977800        8.73620063E-03
   1208.1673752657821        8.53292737E-03
   1208.3105909337842        8.33223481E-03
   1208.4538066017863        8.13410338E-03
   1208.5970222697883        7.93852191E-03
   1208.7402379377904        7.74546526E-03
   1208.8834536057925        7.55488593E-03
   1209.0266692737946        7.36671174E-03
   1209.1698849417967        7.18086027E-03
   1209.3131006097988        6.99725701E-03
   1209.4563162778009        6.81584841E-03
   1209.5995319458029        6.63660141E-03
   1209.7427476138050        6.45949040E-03
   1209.8859632818071        6.28448185E-03
   1210.0291789498092        6.11152034E-03
   1210.1723946178113        5.94052859E-03
   1210.3156102858134        5.77141671E-03
   1210.4588259538154        5.60409529E-03
   1210.6020416218175        5.43848798E-03
   1210.7452572898196        5.27453423E-03
   1210.8884729578217        5.11218514E-03
   1211.0316886258238        4.95139137E-03
   1211.1749042938259        4.79209283E-03
   1211.3181199618280        4.63421270E-03
   1211.4613356298300        4.47766203E-03
   1211.6045512978321        4.32235189E-03
   1211.7477669658342        4.16820962E-03
   1211.8909826338363        4.01518447E-03
   1212.0341983018384        3.86323920E-03
   1212.1774139698405        3.71233467E-03
   1212.3206296378426        3.56241572E-03
   1212.4638453058446        3.41340434E-03
   1212.6070609738467        3.26520833E-03
   1212.7502766418488        3.11773620E-03
   1212.8934923098509        2.97091226E-03
   1213.0367079778530        2.82468135E-03
   1213.1799236458551        2.67900480E-03
   1213.3231393138572        2.53384653E-03
   1213.4663549818592        2.38916022E-03
   1213.6095706498613        2.24488205E-03
   1213.7527863178634        2.10093427E-03
   1213.8960019858655        1.95723958E-03
   1214.0392176538676        1.81373383E-03
   1214.1824333218697        1.67037430E-03
   1214.3256489898718        1.52713503E-03
   1214.4688646578738        1.38399447E-03
   1214.6120803258759        1.24092074E-03
   1214.7552959938780        1.09786354E-03
   1214.8985116618801        9.54755116E-04
   1215.0417273298822        8.11520498E-04
   1215.1849429978843        6.68092514E-04
   1215.3281586658863        5.24425006E-04
   1215.4713743338884        3.80497630E-04
   1215.6145900018905        2.36307867E-04
   1215.7578056698926        9.18554069E-05
   1215.9010213378947       -5.28754099E-05
   1216.0442370058968       -1.97923204E-04
   1216.1874526738989       -3.43342748E-04
   1216.3306683419009       -4.89188358E-04
   1216.4738840099030       -6.35498378E-04
   1216.6170996779051       -7.82288727E-04
   1216.7603153459072       -9.29558999E-04
   1216.9035310139093       -1.07730553E-03
   1217.0467466819114       -1.22553471E-03
   1217.1899623499135       -1.37426821E-03
   1217.3331780179155       -1.52353919E-03
   1217.4763936859176       -1.67338154E-03
   1217.6196093539197       -1.82381808E-03
   1217.7628250219218       -1.97485392E-03
   1217.9060406899239       -2.12647836E-03
   1218.0492563579260       -2.27867323E-03
   1218.1924720259281       -2.43142736E-03
   1218.3356876939301       -2.58474564E-03
   1218.4789033619322       -2.73864763E-03
   1218.6221190299343       -2.89316010E-03
   1218.7653346979364       -3.04830400E-03
   1218.9085503659385       -3.20408517E-03
   1219.0517660339406       -3.36049218E-03
   1219.1949817019427       -3.51750129E-03
   1219.3381973699447       -3.67508666E-03
   1219.4814130379468       -3.83323105E-03
   1219.6246287059489       -3.99193121E-03
   1219.7678443739510       -4.15119622E-03
   1219.9110600419531       -4.31103585E-03
   1220.0542757099552       -4.47144872E-03
   1220.1974913779572       -4.63241851E-03
   1220.3407070459593       -4.79391543E-03
   1220.4839227139614       -4.95590968E-03
   1220.6271383819635       -5.11838123E-03
   1220.7703540499656       -5.28132217E-03
   1220.9135697179677       -5.44473156E-03
   1221.0567853859698       -5.60860662E-03
   1221.2000010539718       -5.77293476E-03
   1221.3432167219739       -5.93769317E-03
   1221.4864323899760       -6.10285159E-03
   1221.6296480579781       -6.26837928E-03
   1221.7728637259802       -6.43425155E-03
   1221.9160793939823       -6.60045445E-03
   1222.0592950619844       -6.76698284E-03
   1222.2025107299864       -6.93383487E-03
   1222.3457263979885       -7.10100355E-03
   1222.4889420659906       -7.26847071E-03
   1222.6321577339927       -7.43620889E-03
   1222.7753734019948       -7.60418363E-03
   1222.9185890699969       -7.77236419E-03
   1223.0618047379990       -7.94072729E-03
   1223.2050204060010       -8.10925849E-03
   1223.3482360740031       -8.27794708E-03
   1223.4914517420052       -8.44678096E-03
   1223.6346674100073       -8.61574057E-03
   1223.7778830780094       -8.78479611E-03
   1223.9210987460115       -8.95391218E-03
   1224.0643144140136       -9.12305340E-03
   1224.2075300820156       -9.29219648E-03
   1224.3507457500177       -9.46132932E-03
   1224.4939614180198       -9.63044725E-03
   1224.6371770860219       -9.79954470E-03
   1224.7803927540240       -9.96860489E-03
   1224.9236084220261       -1.01376055E-02
   1225.0668240900281       -1.03065185E-02
   1225.2100397580302       -1.04753198E-02
   1225.3532554260323       -1.06439898E-02
   1225.4964710940344       -1.08125163E-02
   1225.6396867620365       -1.09808883E-02
   1225.7829024300386       -1.11490944E-02
   1225.9261180980407       -1.13171181E-02
   1226.0693337660427       -1.14849377E-02
   1226.2125494340448       -1.16525292E-02
   1226.3557651020469       -1.18198665E-02
   1226.4989807700490       -1.19869271E-02
   1226.6421964380511       -1.21536963E-02
   1226.7854121060532       -1.23201674E-02
   1226.9286277740553       -1.24863330E-02
   1227.0718434420573       -1.26521839E-02
   1227.2150591100594       -1.28177041E-02
   1227.3582747780615       -1.29828723E-02
   1227.5014904460636       -1.31476652E-02
   1227.6447061140657       -1.33120641E-02
   1227.7879217820678       -1.34760570E-02
   1227.9311374500699       -1.36396354E-02
   1228.0743531180719       -1.38027938E-02
   1228.2175687860740       -1.39655247E-02
   1228.3607844540761       -1.41278151E-02
   1228.5040001220782       -1.42896464E-02
   1228.6472157900803       -1.44509962E-02
   1228.7904314580824       -1.46118477E-02
   1228.9336471260845       -1.47721944E-02
   1229.0768627940865       -1.49320364E-02
   1229.2200784620886       -1.50913792E-02
   1229.3632941300907       -1.52502237E-02
   1229.5065097980928       -1.54085653E-02
   1229.6497254660949       -1.55663928E-02
   1229.7929411340970       -1.57236923E-02
   1229.9361568020990       -1.58804469E-02
   1230.0793724701011       -1.60366409E-02
   1230.2225881381032       -1.61922611E-02
   1230.3658038061053       -1.63473058E-02
   1230.5090194741074       -1.65017731E-02
   1230.6522351421095       -1.66556649E-02
   1230.7954508101116       -1.68089774E-02
   1230.9386664781136       -1.69616975E-02
   1231.0818821461157       -1.71138123E-02
   1231.2250978141178       -1.72653049E-02
   1231.3683134821199       -1.74161643E-02
   1231.5115291501220       -1.75663885E-02
   1231.6547448181241       -1.77159775E-02
   1231.7979604861262       -1.78649351E-02
   1231.9411761541282       -1.80132613E-02
   1232.0843918221303       -1.81609541E-02
   1232.2276074901324       -1.83080062E-02
   1232.3708231581345       -1.84544101E-02
   1232.5140388261366       -1.86001584E-02
   1232.6572544941387       -1.87452473E-02
   1232.8004701621408       -1.88896842E-02
   1232.9436858301428       -1.90334804E-02
   1233.0869014981449       -1.91766471E-02
   1233.2301171661470       -1.93191897E-02
   1233.3733328341491       -1.94611140E-02
   1233.5165485021512       -1.96024198E-02
   1233.6597641701533       -1.97431035E-02
   1233.8029798381554       -1.98831595E-02
   1233.9461955061574       -2.00225804E-02
   1234.0894111741595       -2.01613624E-02
   1234.2326268421616       -2.02995110E-02
   1234.3758425101637       -2.04370376E-02
   1234.5190581781658       -2.05739494E-02
   1234.6622738461679       -2.07102541E-02
   1234.8054895141699       -2.08459515E-02
   1234.9487051821720       -2.09810380E-02
   1235.0919208501741       -2.11155117E-02
   1235.2351365181762       -2.12493725E-02
   1235.3783521861783       -2.13826261E-02
   1235.5215678541804       -2.15152819E-02
   1235.6647835221825       -2.16473546E-02
   1235.8079991901845       -2.17788536E-02
   1235.9512148581866       -2.19097901E-02
   1236.0944305261887       -2.20401697E-02
   1236.2376461941908       -2.21699923E-02
   1236.3808618621929       -2.22992655E-02
   1236.5240775301950       -2.24279948E-02
   1236.6672931981971       -2.25561969E-02
   1236.8105088661991       -2.26838887E-02
   1236.9537245342012       -2.28110906E-02
   1237.0969402022033       -2.29378138E-02
   1237.2401558702054       -2.30640676E-02
   1237.3833715382075       -2.31898595E-02
   1237.5265872062096       -2.33151969E-02
   1237.6698028742117       -2.34400835E-02
   1237.8130185422137       -2.35645287E-02
   1237.9562342102158       -2.36885436E-02
   1238.0994498782179       -2.38121469E-02
   1238.2426655462200       -2.39353497E-02
   1238.3858812142221       -2.40581576E-02
   1238.5290968822242       -2.41805706E-02
   1238.6723125502263       -2.43025888E-02
   1238.8155282182283       -2.44242139E-02
   1238.9587438862304       -2.45454572E-02
   1239.1019595542325       -2.46663373E-02
   1239.2451752222346       -2.47868747E-02
   1239.3883908902367       -2.49070916E-02
   1239.5316065582388       -2.50270013E-02
   1239.6748222262408       -2.51466148E-02
   1239.8180378942429       -2.52659339E-02
   1239.9612535622450       -2.53849644E-02
   1240.1044692302471       -2.55037118E-02
   1240.2476848982492       -2.56221890E-02
   1240.3909005662513       -2.57404074E-02
   1240.5341162342534       -2.58583799E-02
   1240.6773319022554       -2.59761065E-02
   1240.8205475702575       -2.60935817E-02
   1240.9637632382596       -2.62107980E-02
   1241.1069789062617       -2.63277572E-02
   1241.2501945742638       -2.64444705E-02
   1241.3934102422659       -2.65609585E-02
   1241.5366259102680       -2.66772415E-02
   1241.6798415782700       -2.67933402E-02
   1241.8230572462721       -2.69092619E-02
   1241.9662729142742       -2.70250048E-02
   1242.1094885822763       -2.71405540E-02
   1242.2527042502784       -2.72558909E-02
   1242.3959199182805       -2.73710061E-02
   1242.5391355862826       -2.74858996E-02
   1242.6823512542846       -2.76005790E-02
   1242.8255669222867       -2.77150553E-02
   1242.9687825902888       -2.78293304E-02
   1243.1119982582909       -2.79433932E-02
   1243.2552139262930       -2.80572250E-02
   1243.3984295942951       -2.81708129E-02
   1243.5416452622972       -2.82841511E-02
   1243.6848609302992       -2.83972435E-02
   1243.8280765983013       -2.85101030E-02
   1243.9712922663034       -2.86227446E-02
   1244.1145079343055       -2.87351720E-02
   1244.2577236023076       -2.88473684E-02
   1244.4009392703097       -2.89593041E-02
   1244.5441549383117       -2.90709399E-02
   1244.6873706063138       -2.91822441E-02
   1244.8305862743159       -2.92932000E-02
   1244.9738019423180       -2.94038057E-02
   1245.1170176103201       -2.95140706E-02
   1245.2602332783222       -2.96239946E-02
   1245.4034489463243       -2.97335628E-02
   1245.5466646143263       -2.98427399E-02
   1245.6898802823284       -2.99514830E-02
   1245.8330959503305       -3.00597511E-02
   1245.9763116183326       -3.01675163E-02
   1246.1195272863347       -3.02747674E-02
   1246.2627429543368       -3.03815026E-02
   1246.4059586223389       -3.04877181E-02
   1246.5491742903409       -3.05933971E-02
   1246.6923899583430       -3.06985024E-02
   1246.8356056263451       -3.08029838E-02
   1246.9788212943472       -3.09067853E-02
   1247.1220369623493       -3.10098622E-02
   1247.2652526303514       -3.11121903E-02
   1247.4084682983535       -3.12137604E-02
   1247.5516839663555       -3.13145667E-02
   1247.6948996343576       -3.14145982E-02
   1247.8381153023597       -3.15138102E-02
   1247.9813309703618       -3.16121466E-02
   1248.1245466383639       -3.17095444E-02
   1248.2677623063660       -3.18059511E-02
   1248.4109779743681       -3.19013260E-02
   1248.5541936423701       -3.19956541E-02
   1248.6974093103722       -3.20889279E-02
   1248.8406249783743       -3.21811289E-02
   1248.9838406463764       -3.22722271E-02
   1249.1270563143785       -3.23621593E-02
   1249.2702719823806       -3.24508622E-02
   1249.4134876503826       -3.25382724E-02
   1249.5567033183847       -3.26243453E-02
   1249.6999189863868       -3.27090509E-02
   1249.8431346543889       -3.27923745E-02
   1249.9863503223910       -3.28742936E-02
   1250.1295659903931       -3.29547822E-02
   1250.2727816583952       -3.30337882E-02
   1250.4159973263972       -3.31112407E-02
   1250.5592129943993       -3.31870764E-02
   1250.7024286624014       -3.32612433E-02
   1250.8456443304035       -3.33337188E-02
   1250.9888599984056       -3.34044918E-02
   1251.1320756664077       -3.34735475E-02
   1251.2752913344098       -3.35408561E-02
   1251.4185070024118       -3.36063579E-02
   1251.5617226704139       -3.36699858E-02
   1251.7049383384160       -3.37316655E-02
   1251.8481540064181       -3.37913372E-02
   1251.9913696744202       -3.38489674E-02
   1252.1345853424223       -3.39045487E-02
   1252.2778010104244       -3.39580663E-02
   1252.4210166784264       -3.40095013E-02
   1252.5642323464285       -3.40588130E-02
   1252.7074480144306       -3.41059454E-02
   1252.8506636824327       -3.41508314E-02
   1252.9938793504348       -3.41934189E-02
   1253.1370950184369       -3.42336744E-02
   1253.2803106864390       -3.42715979E-02
   1253.4235263544410       -3.43071930E-02
   1253.5667420224431       -3.43404450E-02
   1253.7099576904452       -3.43713202E-02
   1253.8531733584473       -3.43997553E-02
   1253.9963890264494       -3.44256796E-02
   1254.1396046944515       -3.44490334E-02
   1254.2828203624535       -3.44697908E-02
   1254.4260360304556       -3.44879515E-02
   1254.5692516984577       -3.45035270E-02
   1254.7124673664598       -3.45165245E-02
   1254.8556830344619       -3.45269255E-02
   1254.9988987024640       -3.45346816E-02
   1255.1421143704661       -3.45397256E-02
   1255.2853300384681       -3.45420018E-02
   1255.4285457064702       -3.45414802E-02
   1255.5717613744723       -3.45381647E-02
   1255.7149770424744       -3.45320851E-02
   1255.8581927104765       -3.45232747E-02
   1256.0014083784786       -3.45117338E-02
   1256.1446240464807       -3.44974324E-02
   1256.2878397144827       -3.44803110E-02
   1256.4310553824848       -3.44603136E-02
   1256.5742710504869       -3.44374105E-02
   1256.7174867184890       -3.44115980E-02
   1256.8607023864911       -3.43828984E-02
   1257.0039180544932       -3.43513452E-02
   1257.1471337224953       -3.43169570E-02
   1257.2903493904973       -3.42797190E-02
   1257.4335650584994       -3.42395864E-02
   1257.5767807265015       -3.41965146E-02
   1257.7199963945036       -3.41504738E-02
   1257.8632120625057       -3.41014713E-02
   1258.0064277305078       -3.40495408E-02
   1258.1496433985099       -3.39947306E-02
   1258.2928590665119       -3.39370705E-02
   1258.4360747345140       -3.38765644E-02
   1258.5792904025161       -3.38131860E-02
   1258.7225060705182       -3.37468907E-02
   1258.8657217385203       -3.36776376E-02
   1259.0089374065224       -3.36054191E-02
   1259.1521530745244       -3.35302614E-02
   1259.2953687425265       -3.34522203E-02
   1259.4385844105286       -3.33713479E-02
   1259.5818000785307       -3.32876705E-02
   1259.7250157465328       -3.32011655E-02
   1259.8682314145349       -3.31117958E-02
   1260.0114470825370       -3.30195241E-02
   1260.1546627505390       -3.29243429E-02
   1260.2978784185411       -3.28262821E-02
   1260.4410940865432       -3.27253975E-02
   1260.5843097545453       -3.26217450E-02
   1260.7275254225474       -3.25153545E-02
   1260.8707410905495       -3.24062221E-02
   1261.0139567585516       -3.22943181E-02
   1261.1571724265536       -3.21795978E-02
   1261.3003880945557       -3.20620425E-02
   1261.4436037625578       -3.19416784E-02
   1261.5868194305599       -3.18185687E-02
   1261.7300350985620       -3.16927768E-02
   1261.8732507665641       -3.15643512E-02
   1262.0164664345662       -3.14332992E-02
   1262.1596821025682       -3.12995911E-02
   1262.3028977705703       -3.11631765E-02
   1262.4461134385724       -3.10240239E-02
   1262.5893291065745       -3.08821388E-02
   1262.7325447745766       -3.07375714E-02
   1262.8757604425787       -3.05903833E-02
   1263.0189761105808       -3.04406323E-02
   1263.1621917785828       -3.02883331E-02
   1263.3054074465849       -3.01334597E-02
   1263.4486231145870       -2.99759638E-02
   1263.5918387825891       -2.98158117E-02
   1263.7350544505912       -2.96530034E-02
   1263.8782701185933       -2.94875894E-02
   1264.0214857865953       -2.93196440E-02
   1264.1647014545974       -2.91492324E-02
   1264.3079171225995       -2.89763864E-02
   1264.4511327906016       -2.88010854E-02
   1264.5943484586037       -2.86232848E-02
   1264.7375641266058       -2.84429379E-02
   1264.8807797946079       -2.82600317E-02
   1265.0239954626099       -2.80745924E-02
   1265.1672111306120       -2.78866757E-02
   1265.3104267986141       -2.76963450E-02
   1265.4536424666162       -2.75036450E-02
   1265.5968581346183       -2.73085721E-02
   1265.7400738026204       -2.71110907E-02
   1265.8832894706225       -2.69111488E-02
   1266.0265051386245       -2.67087203E-02
   1266.1697208066266       -2.65038200E-02
   1266.3129364746287       -2.62965076E-02
   1266.4561521426308       -2.60868538E-02
   1266.5993678106329       -2.58749072E-02
   1266.7425834786350       -2.56606732E-02
   1266.8857991466371       -2.54441146E-02
   1267.0290148146391       -2.52251737E-02
   1267.1722304826412       -2.50038095E-02
   1267.3154461506433       -2.47800294E-02
   1267.4586618186454       -2.45538838E-02
   1267.6018774866475       -2.43254472E-02
   1267.7450931546496       -2.40947809E-02
   1267.8883088226517       -2.38619018E-02
   1268.0315244906537       -2.36267876E-02
   1268.1747401586558       -2.33893916E-02
   1268.3179558266579       -2.31496803E-02
   1268.4611714946600       -2.29076594E-02
   1268.6043871626621       -2.26633847E-02
   1268.7476028306642       -2.24169362E-02
   1268.8908184986662       -2.21683811E-02
   1269.0340341666683       -2.19177566E-02
   1269.1772498346704       -2.16650534E-02
   1269.3204655026725       -2.14102305E-02
   1269.4636811706746       -2.11532507E-02
   1269.6068968386767       -2.08941046E-02
   1269.7501125066788       -2.06328314E-02
   1269.8933281746808       -2.03695148E-02
   1270.0365438426829       -2.01042425E-02
   1270.1797595106850       -1.98370777E-02
   1270.3229751786871       -1.95680335E-02
   1270.4661908466892       -1.92970820E-02
   1270.6094065146913       -1.90241840E-02
   1270.7526221826934       -1.87493302E-02
   1270.8958378506954       -1.84725616E-02
   1271.0390535186975       -1.81939658E-02
   1271.1822691866996       -1.79136489E-02
   1271.3254848547017       -1.76316947E-02
   1271.4687005227038       -1.73481442E-02
   1271.6119161907059       -1.70629919E-02
   1271.7551318587080       -1.67762097E-02
   1271.8983475267100       -1.64877884E-02
   1272.0415631947121       -1.61977746E-02
   1272.1847788627142       -1.59062650E-02
   1272.3279945307163       -1.56133855E-02
   1272.4712101987184       -1.53192487E-02
   1272.6144258667205       -1.50239235E-02
   1272.7576415347226       -1.47274276E-02
   1272.9008572027246       -1.44297509E-02
   1273.0440728707267       -1.41308904E-02
   1273.1872885387288       -1.38308853E-02
   1273.3305042067309       -1.35298269E-02
   1273.4737198747330       -1.32278455E-02
   1273.6169355427351       -1.29250772E-02
   1273.7601512107371       -1.26216253E-02
   1273.9033668787392       -1.23175383E-02
   1274.0465825467413       -1.20128244E-02
   1274.1897982147434       -1.17074866E-02
   1274.3330138827455       -1.14015620E-02
   1274.4762295507476       -1.10951439E-02
   1274.6194452187497       -1.07883774E-02
   1274.7626608867517       -1.04814200E-02
   1274.9058765547538       -1.01744011E-02
   1275.0490922227559       -9.86739714E-03
   1275.1923078907580       -9.56043974E-03
   1275.3355235587601       -9.25354753E-03
   1275.4787392267622       -8.94676708E-03
   1275.6219548947643       -8.64019431E-03
   1275.7651705627663       -8.33397731E-03
   1275.9083862307684       -8.02828185E-03
   1276.0516018987705       -7.72325555E-03
   1276.1948175667726       -7.41899479E-03
   1276.3380332347747       -7.11554615E-03
   1276.4812489027768       -6.81293290E-03
   1276.6244645707789       -6.51119323E-03
   1276.7676802387809       -6.21041562E-03
   1276.9108959067830       -5.91074163E-03
   1277.0541115747851       -5.61234541E-03
   1277.1973272427872       -5.31539321E-03
   1277.3405429107893       -5.02001122E-03
   1277.4837585787914       -4.72627254E-03
   1277.6269742467935       -4.43421490E-03
   1277.7701899147955       -4.14387742E-03
   1277.9134055827976       -3.85533855E-03
   1278.0566212507997       -3.56873195E-03
   1278.1998369188018       -3.28423269E-03
   1278.3430525868039       -3.00201657E-03
   1278.4862682548060       -2.72221724E-03
   1278.6294839228080       -2.44490569E-03
   1278.7726995908101       -2.17010570E-03
   1278.9159152588122       -1.89783471E-03
   1279.0591309268143       -1.62814779E-03
   1279.2023465948164       -1.36116031E-03
   1279.3455622628185       -1.09703559E-03
   1279.4887779308206       -8.35947634E-04
   1279.6319935988226       -5.78037987E-04
   1279.7752092668247       -3.23390326E-04
   1279.9184249348268       -7.20359531E-05
   1280.0616406028289        1.76013084E-04
   1280.2048562708310        4.20721510E-04
   1280.3480719388331        6.62001374E-04
   1280.4912876068352        8.99712497E-04
   1280.6345032748372        1.13369280E-03
   1280.7777189428393        1.36380189E-03
   1280.9209346108414        1.58995483E-03
   1281.0641502788435        1.81212730E-03
   1281.2073659468456        2.03032908E-03
   1281.3505816148477        2.24456191E-03
   1281.4937972828498        2.45478260E-03
   1281.6370129508518        2.66089337E-03
   1281.7802286188539        2.86276219E-03
   1281.9234442868560        3.06026544E-03
   1282.0666599548581        3.25332768E-03
   1282.2098756228602        3.44193866E-03
   1282.3530912908623        3.62613355E-03
   1282.4963069588644        3.80595098E-03
   1282.6395226268664        3.98138864E-03
   1282.7827382948685        4.15238505E-03
   1282.9259539628706        4.31883615E-03
   1283.0691696308727        4.48063947E-03
   1283.2123852988748        4.63773776E-03
   1283.3556009668769        4.79013938E-03
   1283.4988166348789        4.93790349E-03
   1283.6420323028810        5.08109992E-03
   1283.7852479708831        5.21976827E-03
   1283.9284636388852        5.35389129E-03
   1284.0716793068873        5.48340706E-03
   1284.2148949748894        5.60824014E-03
   1284.3581106428915        5.72834909E-03
   1284.5013263108935        5.84375253E-03
   1284.6445419788956        5.95452916E-03
   1284.7877576468977        6.06078282E-03
   1284.9309733148998        6.16260013E-03
   1285.0741889829019        6.26001740E-03
   1285.2174046509040        6.35301787E-03
   1285.3606203189061        6.44156151E-03
   1285.5038359869081        6.52562780E-03
   1285.6470516549102        6.60525542E-03
   1285.7902673229123        6.68054679E-03
   1285.9334829909144        6.75164349E-03
   1286.0766986589165        6.81867776E-03
   1286.2199143269186        6.88173249E-03
   1286.3631299949207        6.94082864E-03
   1286.5063456629227        6.99594943E-03
   1286.6495613309248        7.04708928E-03
   1286.7927769989269        7.09429756E-03
   1286.9359926669290        7.13769346E-03
   1287.0792083349311        7.17744604E-03
   1287.2224240029332        7.21372711E-03
   1287.3656396709353        7.24666612E-03
   1287.5088553389373        7.27633014E-03
   1287.6520710069394        7.30274012E-03
   1287.7952866749415        7.32591283E-03
   1287.9385023429436        7.34590413E-03
   1288.0817180109457        7.36283278E-03
   1288.2249336789478        7.37686921E-03
   1288.3681493469498        7.38820015E-03
   1288.5113650149519        7.39698252E-03
   1288.6545806829540        7.40331458E-03
   1288.7977963509561        7.40724197E-03
   1288.9410120189582        7.40879076E-03
   1289.0842276869603        7.40801543E-03
   1289.2274433549624        7.40503240E-03
   1289.3706590229644        7.40002096E-03
   1289.5138746909665        7.39319064E-03
   1289.6570903589686        7.38473190E-03
   1289.8003060269707        7.37477653E-03
   1289.9435216949728        7.36339204E-03
   1290.0867373629749        7.35060964E-03
   1290.2299530309770        7.33647216E-03
   1290.3731686989790        7.32107321E-03
   1290.5163843669811        7.30456971E-03
   1290.6596000349832        7.28715723E-03
   1290.8028157029853        7.26902392E-03
   1290.9460313709874        7.25030620E-03
   1291.0892470389895        7.23107764E-03
   1291.2324627069916        7.21136946E-03
   1291.3756783749936        7.19121564E-03
   1291.5188940429957        7.17069441E-03
   1291.6621097109978        7.14994362E-03
   1291.8053253789999        7.12914346E-03
   1291.9485410470020        7.10847508E-03
   1292.0917567150041        7.08807539E-03
   1292.2349723830062        7.06801889E-03
   1292.3781880510082        7.04832701E-03
   1292.5214037190103        7.02900765E-03
   1292.6646193870124        7.01009948E-03
   1292.8078350550145        6.99170027E-03
   1292.9510507230166        6.97395997E-03
   1293.0942663910187        6.95704436E-03
   1293.2374820590207        6.94108708E-03
   1293.3806977270228        6.92615844E-03
   1293.5239133950249        6.91226730E-03
   1293.6671290630270        6.89939549E-03
   1293.8103447310291        6.88754627E-03
   1293.9535603990312        6.87677786E-03
   1294.0967760670333        6.86720526E-03
   1294.2399917350353        6.85896678E-03
   1294.3832074030374        6.85217557E-03
   1294.5264230710395        6.84688333E-03
   1294.6696387390416        6.84307329E-03
   1294.8128544070437        6.84069050E-03
   1294.9560700750458        6.83969120E-03
   1295.0992857430479        6.84008235E-03
   1295.2425014110499        6.84193289E-03
   1295.3857170790520        6.84534665E-03
   1295.5289327470541        6.85041491E-03
   1295.6721484150562        6.85717724E-03
   1295.8153640830583        6.86560571E-03
   1295.9585797510604        6.87562581E-03
   1296.1017954190625        6.88716024E-03
   1296.2450110870645        6.90017128E-03
   1296.3882267550666        6.91468082E-03
   1296.5314424230687        6.93075685E-03
   1296.6746580910708        6.94847153E-03
   1296.8178737590729        6.96785375E-03
   1296.9610894270750        6.98886393E-03
   1297.1043050950771        7.01140286E-03
   1297.2475207630791        7.03535182E-03
   1297.3907364310812        7.06062326E-03
   1297.5339520990833        7.08719110E-03
   1297.6771677670854        7.11508514E-03
   1297.8203834350875        7.14435568E-03
   1297.9635991030896        7.17502180E-03
   1298.1068147710916        7.20703974E-03
   1298.2500304390937        7.24030146E-03
   1298.3932461070958        7.27467192E-03
   1298.5364617750979        7.31003471E-03
   1298.6796774431000        7.34632974E-03
   1298.8228931111021        7.38355750E-03
   1298.9661087791042        7.42174825E-03
   1299.1093244471062        7.46091502E-03
   1299.2525401151083        7.50101265E-03
   1299.3957557831104        7.54193030E-03
   1299.5389714511125        7.58351758E-03
   1299.6821871191146        7.62563152E-03
   1299.8254027871167        7.66817899E-03
   1299.9686184551188        7.71113159E-03
   1300.1118341231208        7.75450421E-03
   1300.2550497911229        7.79831316E-03
   1300.3982654591250        7.84253329E-03
   1300.5414811271271        7.88707845E-03
   1300.6846967951292        7.93181546E-03
   1300.8279124631313        7.97660463E-03
   1300.9711281311334        8.02134257E-03
   1301.1143437991354        8.06599017E-03
   1301.2575594671375        8.11055955E-03
   1301.4007751351396        8.15507583E-03
   1301.5439908031417        8.19953158E-03
   1301.6872064711438        8.24385881E-03
   1301.8304221391459        8.28793552E-03
   1301.9736378071480        8.33162479E-03
   1302.1168534751500        8.37482046E-03
   1302.2600691431521        8.41747597E-03
   1302.4032848111542        8.45960621E-03
   1302.5465004791563        8.50125030E-03
   1302.6897161471584        8.54242966E-03
   1302.8329318151605        8.58311262E-03
   1302.9761474831625        8.62321537E-03
   1303.1193631511646        8.66262615E-03
   1303.2625788191667        8.70125368E-03
   1303.4057944871688        8.73905886E-03
   1303.5490101551709        8.77606589E-03
   1303.6922258231730        8.81233253E-03
   1303.8354414911751        8.84791184E-03
   1303.9786571591771        8.88281316E-03
   1304.1218728271792        8.91699083E-03
   1304.2650884951813        8.95036664E-03
   1304.4083041631834        8.98286980E-03
   1304.5515198311855        9.01447795E-03
   1304.6947354991876        9.04523116E-03
   1304.8379511671897        9.07521416E-03
   1304.9811668351917        9.10451729E-03
   1305.1243825031938        9.13319271E-03
   1305.2675981711959        9.16123949E-03
   1305.4108138391980        9.18861199E-03
   1305.5540295072001        9.21526272E-03
   1305.6972451752022        9.24118049E-03
   1305.8404608432043        9.26641840E-03
   1305.9836765112063        9.29107703E-03
   1306.1268921792084        9.31527093E-03
   1306.2701078472105        9.33908578E-03
   1306.4133235152126        9.36255325E-03
   1306.5565391832147        9.38566029E-03
   1306.6997548512168        9.40838363E-03
   1306.8429705192189        9.43072978E-03
   1306.9861861872209        9.45276581E-03
   1307.1294018552230        9.47461743E-03
   1307.2726175232251        9.49643645E-03
   1307.4158331912272        9.51835886E-03
   1307.5590488592293        9.54046659E-03
   1307.7022645272314        9.56278760E-03
   1307.8454801952334        9.58532002E-03
   1307.9886958632355        9.60807502E-03
   1308.1319115312376        9.63111781E-03
   1308.2751271992397        9.65456944E-03
   1308.4183428672418        9.67858732E-03
   1308.5615585352439        9.70331952E-03
   1308.7047742032460        9.72887035E-03
   1308.8479898712480        9.75528546E-03
   1308.9912055392501        9.78257041E-03
   1309.1344212072522        9.81073454E-03
   1309.2776368752543        9.83983092E-03
   1309.4208525432564        9.86997504E-03
   1309.5640682112585        9.90132801E-03
   1309.7072838792606        9.93405934E-03
   1309.8504995472626        9.96829942E-03
   1309.9937152152647        1.00041190E-02
   1310.1369308832668        1.00415414E-02
   1310.2801465512689        1.00805778E-02
   1310.4233622192710        1.01212673E-02
   1310.5665778872731        1.01637021E-02
   1310.7097935552752        1.02080237E-02
   1310.8530092232772        1.02543887E-02
   1310.9962248912793        1.03029283E-02
   1311.1394405592814        1.03537180E-02
   1311.2826562272835        1.04067782E-02
   1311.4258718952856        1.04620997E-02
   1311.5690875632877        1.05196908E-02
   1311.7123032312898        1.05796065E-02
   1311.8555188992918        1.06419530E-02
   1311.9987345672939        1.07068624E-02
   1312.1419502352960        1.07744494E-02
   1312.2851659032981        1.08447792E-02
   1312.4283815713002        1.09178592E-02
   1312.5715972393023        1.09936623E-02
   1312.7148129073043        1.10721635E-02
   1312.8580285753064        1.11533729E-02
   1313.0012442433085        1.12373494E-02
   1313.1444599113106        1.13241831E-02
   1313.2876755793127        1.14139616E-02
   1313.4308912473148        1.15067335E-02
   1313.5741069153169        1.16024902E-02
   1313.7173225833189        1.17011806E-02
   1313.8605382513210        1.18027469E-02
   1314.0037539193231        1.19071584E-02
   1314.1469695873252        1.20144300E-02
   1314.2901852553273        1.21246129E-02
   1314.4334009233294        1.22377602E-02
   1314.5766165913315        1.23538924E-02
   1314.7198322593335        1.24729779E-02
   1314.8630479273356        1.25949355E-02
   1315.0062635953377        1.27196666E-02
   1315.1494792633398        1.28470864E-02
   1315.2926949313419        1.29771475E-02
   1315.4359105993440        1.31098442E-02
   1315.5791262673461        1.32451821E-02
   1315.7223419353481        1.33831445E-02
   1315.8655576033502        1.35236643E-02
   1316.0087732713523        1.36666242E-02
   1316.1519889393544        1.38118817E-02
   1316.2952046073565        1.39593072E-02
   1316.4384202753586        1.41088096E-02
   1316.5816359433607        1.42603377E-02
   1316.7248516113627        1.44138588E-02
   1316.8680672793648        1.45693254E-02
   1317.0112829473669        1.47266462E-02
   1317.1544986153690        1.48856826E-02
   1317.2977142833711        1.50462622E-02
   1317.4409299513732        1.52082136E-02
   1317.5841456193752        1.53713999E-02
   1317.7273612873773        1.55357262E-02
   1317.8705769553794        1.57011300E-02
   1318.0137926233815        1.58675406E-02
   1318.1570082913836        1.60348564E-02
   1318.3002239593857        1.62029229E-02
   1318.4434396273878        1.63715463E-02
   1318.5866552953898        1.65405292E-02
   1318.7298709633919        1.67096965E-02
   1318.8730866313940        1.68789178E-02
   1319.0163022993961        1.70480944E-02
   1319.1595179673982        1.72171406E-02
   1319.3027336354003        1.73859447E-02
   1319.4459493034024        1.75543483E-02
   1319.5891649714044        1.77221503E-02
   1319.7323806394065        1.78891346E-02
   1319.8755963074086        1.80551056E-02
   1320.0188119754107        1.82199124E-02
   1320.1620276434128        1.83834452E-02
   1320.3052433114149        1.85456108E-02
   1320.4484589794170        1.87062975E-02
   1320.5916746474190        1.88653544E-02
   1320.7348903154211        1.90225877E-02
   1320.8781059834232        1.91777907E-02
   1321.0213216514253        1.93307661E-02
   1321.1645373194274        1.94813535E-02
   1321.3077529874295        1.96294431E-02
   1321.4509686554316        1.97749473E-02
   1321.5941843234336        1.99177787E-02
   1321.7373999914357        2.00578179E-02
   1321.8806156594378        2.01949086E-02
   1322.0238313274399        2.03288626E-02
   1322.1670469954420        2.04594918E-02
   1322.3102626634441        2.05866378E-02
   1322.4534783314461        2.07101870E-02
   1322.5966939994482        2.08300669E-02
   1322.7399096674503        2.09462121E-02
   1322.8831253354524        2.10585389E-02
   1323.0263410034545        2.11669300E-02
   1323.1695566714566        2.12712362E-02
   1323.3127723394587        2.13713013E-02
   1323.4559880074607        2.14669947E-02
   1323.5992036754628        2.15582270E-02
   1323.7424193434649        2.16449536E-02
   1323.8856350114670        2.17271466E-02
   1324.0288506794691        2.18047649E-02
   1324.1720663474712        2.18777359E-02
   1324.3152820154733        2.19459515E-02
   1324.4584976834753        2.20092963E-02
   1324.6017133514774        2.20676679E-02
   1324.7449290194795        2.21210066E-02
   1324.8881446874816        2.21692957E-02
   1325.0313603554837        2.22125426E-02
   1325.1745760234858        2.22507585E-02
   1325.3177916914879        2.22839341E-02
   1325.4610073594899        2.23120321E-02
   1325.6042230274920        2.23349985E-02
   1325.7474386954941        2.23527830E-02
   1325.8906543634962        2.23653652E-02
   1326.0338700314983        2.23727617E-02
   1326.1770856995004        2.23750230E-02
   1326.3203013675025        2.23722104E-02
   1326.4635170355045        2.23643687E-02
   1326.6067327035066        2.23515108E-02
   1326.7499483715087        2.23336332E-02
   1326.8931640395108        2.23107301E-02
   1327.0363797075129        2.22828221E-02
   1327.1795953755150        2.22499669E-02
   1327.3228110435170        2.22122539E-02
   1327.4660267115191        2.21697837E-02
   1327.6092423795212        2.21226476E-02
   1327.7524580475233        2.20709108E-02
   1327.8956737155254        2.20146142E-02
   1328.0388893835275        2.19537932E-02
   1328.1821050515296        2.18885057E-02
   1328.3253207195316        2.18188372E-02
   1328.4685363875337        2.17449106E-02
   1328.6117520555358        2.16668658E-02
   1328.7549677235379        2.15848368E-02
   1328.8981833915400        2.14989372E-02
   1329.0413990595421        2.14092620E-02
   1329.1846147275442        2.13158950E-02
   1329.3278303955462        2.12189294E-02
   1329.4710460635483        2.11184863E-02
   1329.6142617315504        2.10147128E-02
   1329.7574773995525        2.09077746E-02
   1329.9006930675546        2.07978413E-02
   1330.0439087355567        2.06850618E-02
   1330.1871244035588        2.05695573E-02
   1330.3303400715608        2.04514302E-02
   1330.4735557395629        2.03307830E-02
   1330.6167714075650        2.02077441E-02
   1330.7599870755671        2.00824700E-02
   1330.9032027435692        1.99551396E-02
   1331.0464184115713        1.98259372E-02
   1331.1896340795734        1.96950268E-02
   1331.3328497475754        1.95625480E-02
   1331.4760654155775        1.94286201E-02
   1331.6192810835796        1.92933604E-02
   1331.7624967515817        1.91569030E-02
   1331.9057124195838        1.90194082E-02
   1332.0489280875859        1.88810583E-02
   1332.1921437555879        1.87420454E-02
   1332.3353594235900        1.86025482E-02
   1332.4785750915921        1.84627213E-02
   1332.6217907595942        1.83226913E-02
   1332.7650064275963        1.81825701E-02
   1332.9082220955984        1.80424768E-02
   1333.0514377636005        1.79025475E-02
   1333.1946534316025        1.77629385E-02
   1333.3378690996046        1.76238175E-02
   1333.4810847676067        1.74853485E-02
   1333.6243004356088        1.73476767E-02
   1333.7675161036109        1.72109250E-02
   1333.9107317716130        1.70751996E-02
   1334.0539474396151        1.69405993E-02
   1334.1971631076171        1.68072395E-02
   1334.3403787756192        1.66752562E-02
   1334.4835944436213        1.65447984E-02
   1334.6268101116234        1.64160170E-02
   1334.7700257796255        1.62890423E-02
   1334.9132414476276        1.61639731E-02
   1335.0564571156297        1.60408858E-02
   1335.1996727836317        1.59198511E-02
   1335.3428884516338        1.58009492E-02
   1335.4861041196359        1.56842712E-02
   1335.6293197876380        1.55699281E-02
   1335.7725354556401        1.54580297E-02
   1335.9157511236422        1.53486747E-02
   1336.0589667916443        1.52419442E-02
   1336.2021824596463        1.51378969E-02
   1336.3453981276484        1.50365783E-02
   1336.4886137956505        1.49380332E-02
   1336.6318294636526        1.48423165E-02
   1336.7750451316547        1.47494916E-02
   1336.9182607996568        1.46596255E-02
   1337.0614764676588        1.45727787E-02
   1337.2046921356609        1.44889923E-02
   1337.3479078036630        1.44082895E-02
   1337.4911234716651        1.43306796E-02
   1337.6343391396672        1.42561682E-02
   1337.7775548076693        1.41847655E-02
   1337.9207704756714        1.41164931E-02
   1338.0639861436734        1.40513796E-02
   1338.2072018116755        1.39894551E-02
   1338.3504174796776        1.39307370E-02
   1338.4936331476797        1.38752200E-02
   1338.6368488156818        1.38228796E-02
   1338.7800644836839        1.37736853E-02
   1338.9232801516860        1.37276100E-02
   1339.0664958196880        1.36846388E-02
   1339.2097114876901        1.36447614E-02
   1339.3529271556922        1.36079649E-02
   1339.4961428236943        1.35742258E-02
   1339.6393584916964        1.35435080E-02
   1339.7825741596985        1.35157630E-02
   1339.9257898277006        1.34909367E-02
   1340.0690054957026        1.34689696E-02
   1340.2122211637047        1.34498039E-02
   1340.3554368317068        1.34333866E-02
   1340.4986524997089        1.34196701E-02
   1340.6418681677110        1.34086050E-02
   1340.7850838357131        1.34001328E-02
   1340.9282995037152        1.33941872E-02
   1341.0715151717172        1.33906910E-02
   1341.2147308397193        1.33895613E-02
   1341.3579465077214        1.33907190E-02
   1341.5011621757235        1.33940885E-02
   1341.6443778437256        1.33995963E-02
   1341.7875935117277        1.34071708E-02
   1341.9308091797297        1.34167382E-02
   1342.0740248477318        1.34282131E-02
   1342.2172405157339        1.34415030E-02
   1342.3604561837360        1.34565057E-02
   1342.5036718517381        1.34731205E-02
   1342.6468875197402        1.34912515E-02
   1342.7901031877423        1.35108121E-02
   1342.9333188557443        1.35317193E-02
   1343.0765345237464        1.35538867E-02
   1343.2197501917485        1.35772219E-02
   1343.3629658597506        1.36016281E-02
   1343.5061815277527        1.36270057E-02
   1343.6493971957548        1.36532523E-02
   1343.7926128637569        1.36802625E-02
   1343.9358285317589        1.37079312E-02
   1344.0790441997610        1.37361558E-02
   1344.2222598677631        1.37648415E-02
   1344.3654755357652        1.37938941E-02
   1344.5086912037673        1.38232205E-02
   1344.6519068717694        1.38527211E-02
   1344.7951225397715        1.38822906E-02
   1344.9383382077735        1.39118219E-02
   1345.0815538757756        1.39412098E-02
   1345.2247695437777        1.39703592E-02
   1345.3679852117798        1.39991799E-02
   1345.5112008797819        1.40275862E-02
   1345.6544165477840        1.40554905E-02
   1345.7976322157861        1.40828025E-02
   1345.9408478837881        1.41094280E-02
   1346.0840635517902        1.41352685E-02
   1346.2272792197923        1.41602280E-02
   1346.3704948877944        1.41842151E-02
   1346.5137105557965        1.42071461E-02
   1346.6569262237986        1.42289428E-02
   1346.8001418918006        1.42495269E-02
   1346.9433575598027        1.42688174E-02
   1347.0865732278048        1.42867286E-02
   1347.2297888958069        1.43031729E-02
   1347.3730045638090        1.43180629E-02
   1347.5162202318111        1.43313129E-02
   1347.6594358998132        1.43428454E-02
   1347.8026515678152        1.43525945E-02
   1347.9458672358173        1.43605042E-02
   1348.0890829038194        1.43665252E-02
   1348.2322985718215        1.43706007E-02
   1348.3755142398236        1.43726617E-02
   1348.5187299078257        1.43726273E-02
   1348.6619455758278        1.43704154E-02
   1348.8051612438298        1.43659571E-02
   1348.9483769118319        1.43591976E-02
   1349.0915925798340        1.43500986E-02
   1349.2348082478361        1.43386228E-02
   1349.3780239158382        1.43247247E-02
   1349.5212395838403        1.43083511E-02
   1349.6644552518424        1.42894397E-02
   1349.8076709198444        1.42679289E-02
   1349.9508865878465        1.42437657E-02
   1350.0941022558486        1.42169138E-02
   1350.2373179238507        1.41873499E-02
   1350.3805335918528        1.41550619E-02
   1350.5237492598549        1.41200321E-02
   1350.6669649278570        1.40822316E-02
   1350.8101805958590        1.40416129E-02
   1350.9533962638611        1.39981201E-02
   1351.0966119318632        1.39517002E-02
   1351.2398275998653        1.39023149E-02
   1351.3830432678674        1.38499485E-02
   1351.5262589358695        1.37946000E-02
   1351.6694746038715        1.37362760E-02
   1351.8126902718736        1.36749754E-02
   1351.9559059398757        1.36106797E-02
   1352.0991216078778        1.35433581E-02
   1352.2423372758799        1.34729743E-02
   1352.3855529438820        1.33995041E-02
   1352.5287686118841        1.33229466E-02
   1352.6719842798861        1.32433223E-02
   1352.8151999478882        1.31606553E-02
   1352.9584156158903        1.30749596E-02
   1353.1016312838924        1.29862251E-02
   1353.2448469518945        1.28944246E-02
   1353.3880626198966        1.27995294E-02
   1353.5312782878987        1.27015226E-02
   1353.6744939559007        1.26004126E-02
   1353.8177096239028        1.24962274E-02
   1353.9609252919049        1.23890098E-02
   1354.1041409599070        1.22787980E-02
   1354.2473566279091        1.21656144E-02
   1354.3905722959112        1.20494571E-02
   1354.5337879639133        1.19303102E-02
   1354.6770036319153        1.18081607E-02
   1354.8202192999174        1.16830152E-02
   1354.9634349679195        1.15549061E-02
   1355.1066506359216        1.14238858E-02
   1355.2498663039237        1.12900091E-02
   1355.3930819719258        1.11533133E-02
   1355.5362976399279        1.10138115E-02
   1355.6795133079299        1.08714998E-02
   1355.8227289759320        1.07263755E-02
   1355.9659446439341        1.05784526E-02
   1356.1091603119362        1.04277749E-02
   1356.2523759799383        1.02744112E-02
   1356.3955916479404        1.01184389E-02
   1356.5388073159424        9.95992124E-03
   1356.6820229839445        9.79888998E-03
   1356.8252386519466        9.63535346E-03
   1356.9684543199487        9.46931355E-03
   1357.1116699879508        9.30078886E-03
   1357.2548856559529        9.12982598E-03
   1357.3981013239550        8.95650033E-03
   1357.5413169919570        8.78089480E-03
   1357.6845326599591        8.60308111E-03
   1357.8277483279612        8.42310581E-03
   1357.9709639959633        8.24099313E-03
   1358.1141796639654        8.05675238E-03
   1358.2573953319675        7.87040126E-03
   1358.4006109999696        7.68198306E-03
   1358.5438266679716        7.49157555E-03
   1358.6870423359737        7.29928026E-03
   1358.8302580039758        7.10520055E-03
   1358.9734736719779        6.90941652E-03
   1359.1166893399800        6.71197567E-03
   1359.2599050079821        6.51290175E-03
   1359.4031206759842        6.31221617E-03
   1359.5463363439862        6.10996224E-03
   1359.6895520119883        5.90621540E-03
   1359.8327676799904        5.70107531E-03
   1359.9759833479925        5.49464580E-03
   1360.1191990159946        5.28701115E-03
   1360.2624146839967        5.07822540E-03
   1360.4056303519988        4.86831600E-03
   1360.5488460200008        4.65730485E-03
   1360.6920616880029        4.44523571E-03
   1360.8352773560050        4.23218962E-03
   1360.9784930240071        4.01827972E-03
   1361.1217086920092        3.80362710E-03
   1361.2649243600113        3.58833419E-03
   1361.4081400280133        3.37246736E-03
   1361.5513556960154        3.15606105E-03
   1361.6945713640175        2.93913763E-03
   1361.8377870320196        2.72173388E-03
   1361.9810027000217        2.50391848E-03
   1362.1242183680238        2.28579529E-03
   1362.2674340360259        2.06748815E-03
   1362.4106497040279        1.84911629E-03
   1362.5538653720300        1.63077121E-03
   1362.6970810400321        1.41250866E-03
   1362.8402967080342        1.19436055E-03
   1362.9835123760363        9.76362790E-04
   1363.1267280440384        7.58581213E-04
   1363.2699437120405        5.41120884E-04
   1363.4131593800425        3.24110937E-04
   1363.5563750480446        1.07674750E-04
   1363.6995907160467       -1.08097491E-04
   1363.8428063840488       -3.23157641E-04
   1363.9860220520509       -5.37486456E-04
   1364.1292377200530       -7.51064974E-04
   1364.2724533880551       -9.63845581E-04
   1364.4156690560571       -1.17573782E-03
   1364.5588847240592       -1.38661719E-03
   1364.7021003920613       -1.59635278E-03
   1364.8453160600634       -1.80483912E-03
   1364.9885317280655       -2.01201485E-03
   1365.1317473960676       -2.21785717E-03
   1365.2749630640697       -2.42235372E-03
   1365.4181787320717       -2.62547075E-03
   1365.5613944000738       -2.82713259E-03
   1365.7046100680759       -3.02722631E-03
   1365.8478257360780       -3.22562596E-03
   1365.9910414040801       -3.42222303E-03
   1366.1342570720822       -3.61694838E-03
   1366.2774727400842       -3.80977360E-03
   1366.4206884080863       -4.00069216E-03
   1366.5639040760884       -4.18968778E-03
   1366.7071197440905       -4.37670853E-03
   1366.8503354120926       -4.56165988E-03
   1366.9935510800947       -4.74442262E-03
   1367.1367667480968       -4.92488965E-03
   1367.2799824160988       -5.10299625E-03
   1367.4231980841009       -5.27872844E-03
   1367.5664137521030       -5.45210391E-03
   1367.7096294201051       -5.62313478E-03
   1367.8528450881072       -5.79179358E-03
   1367.9960607561093       -5.95800439E-03
   1368.1392764241114       -6.12165919E-03
   1368.2824920921134       -6.28265133E-03
   1368.4257077601155       -6.44090865E-03
   1368.5689234281176       -6.59641065E-03
   1368.7121390961197       -6.74917642E-03
   1368.8553547641218       -6.89923437E-03
   1368.9985704321239       -7.04658590E-03
   1369.1417861001260       -7.19118677E-03
   1369.2850017681280       -7.33295223E-03
   1369.4282174361301       -7.47178961E-03
   1369.5714331041322       -7.60763464E-03
   1369.7146487721343       -7.74047337E-03
   1369.8578644401364       -7.87033699E-03
   1370.0010801081385       -7.99727347E-03
   1370.1442957761406       -8.12131166E-03
   1370.2875114441426       -8.24243389E-03
   1370.4307271121447       -8.36057682E-03
   1370.5739427801468       -8.47566128E-03
   1370.7171584481489       -8.58762395E-03
   1370.8603741161510       -8.69645271E-03
   1371.0035897841531       -8.80219135E-03
   1371.1468054521551       -8.90491810E-03
   1371.2900211201572       -9.00470000E-03
   1371.4332367881593       -9.10156034E-03
   1371.5764524561614       -9.19546746E-03
   1371.7196681241635       -9.28635709E-03
   1371.8628837921656       -9.37417243E-03
   1372.0060994601677       -9.45890322E-03
   1372.1493151281697       -9.54059232E-03
   1372.2925307961718       -9.61932074E-03
   1372.4357464641739       -9.69516858E-03
   1372.5789621321760       -9.76818334E-03
   1372.7221778001781       -9.83836129E-03
   1372.8653934681802       -9.90566052E-03
   1373.0086091361823       -9.97003447E-03
   1373.1518248041843       -1.00314720E-02
   1373.2950404721864       -1.00900205E-02
   1373.4382561401885       -1.01457750E-02
   1373.5814718081906       -1.01988455E-02
   1373.7246874761927       -1.02493158E-02
   1373.8679031441948       -1.02972174E-02
   1374.0111188121969       -1.03425328E-02
   1374.1543344801989       -1.03852302E-02
   1374.2975501482010       -1.04253003E-02
   1374.4407658162031       -1.04627879E-02
   1374.5839814842052       -1.04977880E-02
   1374.7271971522073       -1.05304178E-02
   1374.8704128202094       -1.05607808E-02
   1375.0136284882115       -1.05889319E-02
   1375.1568441562135       -1.06148738E-02
   1375.3000598242156       -1.06385853E-02
   1375.4432754922177       -1.06600598E-02
   1375.5864911602198       -1.06793428E-02
   1375.7297068282219       -1.06965397E-02
   1375.8729224962240       -1.07117873E-02
   1376.0161381642260       -1.07252114E-02
   1376.1593538322281       -1.07368892E-02
   1376.3025695002302       -1.07468441E-02
   1376.4457851682323       -1.07550649E-02
   1376.5890008362344       -1.07615469E-02
   1376.7322165042365       -1.07663237E-02
   1376.8754321722386       -1.07694855E-02
   1377.0186478402406       -1.07711600E-02
   1377.1618635082427       -1.07714804E-02
   1377.3050791762448       -1.07705388E-02
   1377.4482948442469       -1.07683707E-02
   1377.5915105122490       -1.07649677E-02
   1377.7347261802511       -1.07603148E-02
   1377.8779418482532       -1.07544381E-02
   1378.0211575162552       -1.07474243E-02
   1378.1643731842573       -1.07394084E-02
   1378.3075888522594       -1.07305357E-02
   1378.4508045202615       -1.07209170E-02
   1378.5940201882636       -1.07106017E-02
   1378.7372358562657       -1.06995832E-02
   1378.8804515242678       -1.06878364E-02
   1379.0236671922698       -1.06753642E-02
   1379.1668828602719       -1.06622269E-02
   1379.3100985282740       -1.06485467E-02
   1379.4533141962761       -1.06344754E-02
   1379.5965298642782       -1.06201405E-02
   1379.7397455322803       -1.06056118E-02
   1379.8829612002824       -1.05908941E-02
   1380.0261768682844       -1.05759557E-02
   1380.1693925362865       -1.05607798E-02
   1380.3126082042886       -1.05454018E-02
   1380.4558238722907       -1.05299177E-02
   1380.5990395402928       -1.05144568E-02
   1380.7422552082949       -1.04991402E-02
   1380.8854708762969       -1.04840389E-02
   1381.0286865442990       -1.04691610E-02
   1381.1719022123011       -1.04544694E-02
   1381.3151178803032       -1.04399240E-02
   1381.4583335483053       -1.04255294E-02
   1381.6015492163074       -1.04113566E-02
   1381.7447648843095       -1.03975292E-02
   1381.8879805523115       -1.03841797E-02
   1382.0311962203136       -1.03713991E-02
   1382.1744118883157       -1.03592081E-02
   1382.3176275563178       -1.03475703E-02
   1382.4608432243199       -1.03364345E-02
   1382.6040588923220       -1.03257792E-02
   1382.7472745603241       -1.03156418E-02
   1382.8904902283261       -1.03061125E-02
   1383.0337058963282       -1.02973031E-02
   1383.1769215643303       -1.02892965E-02
   1383.3201372323324       -1.02821160E-02
   1383.4633529003345       -1.02757243E-02
   1383.6065685683366       -1.02700507E-02
   1383.7497842363387       -1.02650439E-02
   1383.8929999043407       -1.02607068E-02
   1384.0362155723428       -1.02571025E-02
   1384.1794312403449       -1.02543263E-02
   1384.3226469083470       -1.02524562E-02
   1384.4658625763491       -1.02515155E-02
   1384.6090782443512       -1.02514662E-02
   1384.7522939123533       -1.02522317E-02
   1384.8955095803553       -1.02537414E-02
   1385.0387252483574       -1.02559710E-02
   1385.1819409163595       -1.02589577E-02
   1385.3251565843616       -1.02627799E-02
   1385.4683722523637       -1.02675129E-02
   1385.6115879203658       -1.02731874E-02
   1385.7548035883678       -1.02797672E-02
   1385.8980192563699       -1.02871666E-02
   1386.0412349243720       -1.02952980E-02
   1386.1844505923741       -1.03041138E-02
   1386.3276662603762       -1.03136338E-02
   1386.4708819283783       -1.03239240E-02
   1386.6140975963804       -1.03350542E-02
   1386.7573132643824       -1.03470506E-02
   1386.9005289323845       -1.03598749E-02
   1387.0437446003866       -1.03734341E-02
   1387.1869602683887       -1.03876190E-02
   1387.3301759363908       -1.04023507E-02
   1387.4733916043929       -1.04176141E-02
   1387.6166072723950       -1.04334503E-02
   1387.7598229403970       -1.04499254E-02
   1387.9030386083991       -1.04670776E-02
   1388.0462542764012       -1.04848826E-02
   1388.1894699444033       -1.05032511E-02
   1388.3326856124054       -1.05220685E-02
   1388.4759012804075       -1.05412407E-02
   1388.6191169484096       -1.05607370E-02
   1388.7623326164116       -1.05805928E-02
   1388.9055482844137       -1.06008742E-02
   1389.0487639524158       -1.06216315E-02
   1389.1919796204179       -1.06428573E-02
   1389.3351952884200       -1.06644761E-02
   1389.4784109564221       -1.06863650E-02
   1389.6216266244242       -1.07084075E-02
   1389.7648422924262       -1.07305394E-02
   1389.9080579604283       -1.07527701E-02
   1390.0512736284304       -1.07751582E-02
   1390.1944892964325       -1.07977660E-02
   1390.3377049644346       -1.08206058E-02
   1390.4809206324367       -1.08436169E-02
   1390.6241363004387       -1.08666876E-02
   1390.7673519684408       -1.08896997E-02
   1390.9105676364429       -1.09125786E-02
   1391.0537833044450       -1.09353177E-02
   1391.1969989724471       -1.09579684E-02
   1391.3402146404492       -1.09805977E-02
   1391.4834303084513       -1.10032381E-02
   1391.6266459764533       -1.10258628E-02
   1391.7698616444554       -1.10483821E-02
   1391.9130773124575       -1.10706864E-02
   1392.0562929804596       -1.10926945E-02
   1392.1995086484617       -1.11143896E-02
   1392.3427243164638       -1.11358203E-02
   1392.4859399844659       -1.11570656E-02
   1392.6291556524679       -1.11781815E-02
   1392.7723713204700       -1.11991614E-02
   1392.9155869884721       -1.12199308E-02
   1393.0588026564742       -1.12403817E-02
   1393.2020183244763       -1.12604247E-02
   1393.3452339924784       -1.12800263E-02
   1393.4884496604805       -1.12992236E-02
   1393.6316653284825       -1.13180969E-02
   1393.7748809964846       -1.13367233E-02
   1393.9180966644867       -1.13551291E-02
   1394.0613123324888       -1.13732740E-02
   1394.2045280004909       -1.13910725E-02
   1394.3477436684930       -1.14084426E-02
   1394.4909593364951       -1.14253527E-02
   1394.6341750044971       -1.14418380E-02
   1394.7773906724992       -1.14579815E-02
   1394.9206063405013       -1.14738680E-02
   1395.0638220085034       -1.14895403E-02
   1395.2070376765055       -1.15049789E-02
   1395.3502533445076       -1.15201175E-02
   1395.4934690125096       -1.15348855E-02
   1395.6366846805117       -1.15492512E-02
   1395.7799003485138       -1.15632508E-02
   1395.9231160165159       -1.15769794E-02
   1396.0663316845180       -1.15905507E-02
   1396.2095473525201       -1.16040464E-02
   1396.3527630205222       -1.16174836E-02
   1396.4959786885242       -1.16308145E-02
   1396.6391943565263       -1.16439657E-02
   1396.7824100245284       -1.16568916E-02
   1396.9256256925305       -1.16696125E-02
   1397.0688413605326       -1.16822151E-02
   1397.2120570285347       -1.16948141E-02
   1397.3552726965368       -1.17075071E-02
   1397.4984883645388       -1.17203360E-02
   1397.6417040325409       -1.17332805E-02
   1397.7849197005430       -1.17462892E-02
   1397.9281353685451       -1.17593231E-02
   1398.0713510365472       -1.17724007E-02
   1398.2145667045493       -1.17856050E-02
   1398.3577823725514       -1.17990570E-02
   1398.5009980405534       -1.18128713E-02
   1398.6442137085555       -1.18271066E-02
   1398.7874293765576       -1.18417535E-02
   1398.9306450445597       -1.18567580E-02
   1399.0738607125618       -1.18720699E-02
   1399.2170763805639       -1.18876873E-02
   1399.3602920485660       -1.19036743E-02
   1399.5035077165680       -1.19201466E-02
   1399.6467233845701       -1.19372271E-02
   1399.7899390525722       -1.19550023E-02
   1399.9331547205743       -1.19734937E-02
   1400.0763703885764       -1.19926687E-02
   1400.2195860565785       -1.20124808E-02
   1400.3628017245805       -1.20329140E-02
   1400.5060173925826       -1.20540168E-02
   1400.6492330605847       -1.20758982E-02
   1400.7924487285868       -1.20986858E-02
   1400.9356643965889       -1.21224727E-02
   1401.0788800645910       -1.21472869E-02
   1401.2220957325931       -1.21730948E-02
   1401.3653114005951       -1.21998386E-02
   1401.5085270685972       -1.22274840E-02
   1401.6517427365993       -1.22560579E-02
   1401.7949584046014       -1.22856442E-02
   1401.9381740726035       -1.23163573E-02
   1402.0813897406056       -1.23482933E-02
   1402.2246054086077       -1.23814931E-02
   1402.3678210766097       -1.24159344E-02
   1402.5110367446118       -1.24515593E-02
   1402.6542524126139       -1.24883177E-02
   1402.7974680806160       -1.25262113E-02
   1402.9406837486181       -1.25653055E-02
   1403.0838994166202       -1.26057053E-02
   1403.2271150846223       -1.26475096E-02
   1403.3703307526243       -1.26907658E-02
   1403.5135464206264       -1.27354562E-02
   1403.6567620886285       -1.27815148E-02
   1403.7999777566306       -1.28288744E-02
   1403.9431934246327       -1.28775034E-02
   1404.0864090926348       -1.29274353E-02
   1404.2296247606369       -1.29787531E-02
   1404.3728404286389       -1.30315507E-02
   1404.5160560966410       -1.30858850E-02
   1404.6592717646431       -1.31417476E-02
   1404.8024874326452       -1.31990723E-02
   1404.9457031006473       -1.32577727E-02
   1405.0889187686494       -1.33177964E-02
   1405.2321344366514       -1.33791482E-02
   1405.3753501046535       -1.34418868E-02
   1405.5185657726556       -1.35060847E-02
   1405.6617814406577       -1.35717876E-02
   1405.8049971086598       -1.36389798E-02
   1405.9482127766619       -1.37075884E-02
   1406.0914284446640       -1.37775121E-02
   1406.2346441126660       -1.38486698E-02
   1406.3778597806681       -1.39210327E-02
   1406.5210754486702       -1.39946314E-02
   1406.6642911166723       -1.40695320E-02
   1406.8075067846744       -1.41457897E-02
   1406.9507224526765       -1.42234089E-02
   1407.0939381206786       -1.43023301E-02
   1407.2371537886806       -1.43824536E-02
   1407.3803694566827       -1.44636827E-02
   1407.5235851246848       -1.45459622E-02
   1407.6668007926869       -1.46292923E-02
   1407.8100164606890       -1.47137102E-02
   1407.9532321286911       -1.47992522E-02
   1408.0964477966932       -1.48859136E-02
   1408.2396634646952       -1.49736321E-02
   1408.3828791326973       -1.50622996E-02
   1408.5260948006994       -1.51517997E-02
   1408.6693104687015       -1.52420513E-02
   1408.8125261367036       -1.53330294E-02
   1408.9557418047057       -1.54247573E-02
   1409.0989574727078       -1.55172693E-02
   1409.2421731407098       -1.56105636E-02
   1409.3853888087119       -1.57045797E-02
   1409.5286044767140       -1.57992095E-02
   1409.6718201447161       -1.58943329E-02
   1409.8150358127182       -1.59898605E-02
   1409.9582514807203       -1.60857476E-02
   1410.1014671487223       -1.61819998E-02
   1410.2446828167244       -1.62786413E-02
   1410.3878984847265       -1.63756721E-02
   1410.5311141527286       -1.64730400E-02
   1410.6743298207307       -1.65706482E-02
   1410.8175454887328       -1.66683719E-02
   1410.9607611567349       -1.67660974E-02
   1411.1039768247369       -1.68637615E-02
   1411.2471924927390       -1.69613548E-02
   1411.3904081607411       -1.70588940E-02
   1411.5336238287432       -1.71563849E-02
   1411.6768394967453       -1.72537845E-02
   1411.8200551647474       -1.73509959E-02
   1411.9632708327495       -1.74478926E-02
   1412.1064865007515       -1.75443534E-02
   1412.2497021687536       -1.76402964E-02
   1412.3929178367557       -1.77357011E-02
   1412.5361335047578       -1.78305842E-02
   1412.6793491727599       -1.79249607E-02
   1412.8225648407620       -1.80188045E-02
   1412.9657805087641       -1.81120373E-02
   1413.1089961767661       -1.82045363E-02
   1413.2522118447682       -1.82961747E-02
   1413.3954275127703       -1.83868632E-02
   1413.5386431807724       -1.84765682E-02
   1413.6818588487745       -1.85652990E-02
   1413.8250745167766       -1.86530743E-02
   1413.9682901847787       -1.87398829E-02
   1414.1115058527807       -1.88256633E-02
   1414.2547215207828       -1.89103112E-02
   1414.3979371887849       -1.89937036E-02
   1414.5411528567870       -1.90757420E-02
   1414.6843685247891       -1.91563722E-02
   1414.8275841927912       -1.92355905E-02
   1414.9707998607932       -1.93134174E-02
   1415.1140155287953       -1.93898585E-02
   1415.2572311967974       -1.94648765E-02
   1415.4004468647995       -1.95383877E-02
   1415.5436625328016       -1.96102802E-02
   1415.6868782008037       -1.96804535E-02
   1415.8300938688058       -1.97488535E-02
   1415.9733095368078       -1.98154729E-02
   1416.1165252048099       -1.98803376E-02
   1416.2597408728120       -1.99434664E-02
   1416.4029565408141       -2.00048462E-02
   1416.5461722088162       -2.00644135E-02
   1416.6893878768183       -2.01220792E-02
   1416.8326035448204       -2.01777536E-02
   1416.9758192128224       -2.02313773E-02
   1417.1190348808245       -2.02829391E-02
   1417.2622505488266       -2.03324631E-02
   1417.4054662168287       -2.03799754E-02
   1417.5486818848308       -2.04254799E-02
   1417.6918975528329       -2.04689354E-02
   1417.8351132208350       -2.05102693E-02
   1417.9783288888370       -2.05494035E-02
   1418.1215445568391       -2.05862857E-02
   1418.2647602248412       -2.06209049E-02
   1418.4079758928433       -2.06532851E-02
   1418.5511915608454       -2.06834618E-02
   1418.6944072288475       -2.07114574E-02
   1418.8376228968496       -2.07372587E-02
   1418.9808385648516       -2.07608212E-02
   1419.1240542328537       -2.07820851E-02
   1419.2672699008558       -2.08010059E-02
   1419.4104855688579       -2.08175778E-02
   1419.5537012368600       -2.08318345E-02
   1419.6969169048621       -2.08438262E-02
   1419.8401325728641       -2.08535958E-02
   1419.9833482408662       -2.08611470E-02
   1420.1265639088683       -2.08664518E-02
   1420.2697795768704       -2.08694655E-02
   1420.4129952448725       -2.08701603E-02
   1420.5562109128746       -2.08685379E-02
   1420.6994265808767       -2.08646432E-02
   1420.8426422488787       -2.08585374E-02
   1420.9858579168808       -2.08502822E-02
   1421.1290735848829       -2.08399091E-02
   1421.2722892528850       -2.08274126E-02
   1421.4155049208871       -2.08127666E-02
   1421.5587205888892       -2.07959488E-02
   1421.7019362568913       -2.07769703E-02
   1421.8451519248933       -2.07558814E-02
   1421.9883675928954       -2.07327623E-02
   1422.1315832608975       -2.07076911E-02
   1422.2747989288996       -2.06807312E-02
   1422.4180145969017       -2.06519086E-02
   1422.5612302649038       -2.06212252E-02
   1422.7044459329059       -2.05886792E-02
   1422.8476616009079       -2.05542948E-02
   1422.9908772689100       -2.05181297E-02
   1423.1340929369121       -2.04802714E-02
   1423.2773086049142       -2.04408262E-02
   1423.4205242729163       -2.03998834E-02
   1423.5637399409184       -2.03574952E-02
   1423.7069556089205       -2.03136839E-02
   1423.8501712769225       -2.02684626E-02
   1423.9933869449246       -2.02218611E-02
   1424.1366026129267       -2.01739501E-02
   1424.2798182809288       -2.01248322E-02
   1424.4230339489309       -2.00746320E-02
   1424.5662496169330       -2.00234558E-02
   1424.7094652849350       -1.99713800E-02
   1424.8526809529371       -1.99184567E-02
   1424.9958966209392       -1.98647212E-02
   1425.1391122889413       -1.98102202E-02
   1425.2823279569434       -1.97550282E-02
   1425.4255436249455       -1.96992494E-02
   1425.5687592929476       -1.96430143E-02
   1425.7119749609496       -1.95864495E-02
   1425.8551906289517       -1.95296649E-02
   1425.9984062969538       -1.94727387E-02
   1426.1416219649559       -1.94157362E-02
   1426.2848376329580       -1.93587188E-02
   1426.4280533009601       -1.93017758E-02
   1426.5712689689622       -1.92450248E-02
   1426.7144846369642       -1.91886071E-02
   1426.8577003049663       -1.91326663E-02
   1427.0009159729684       -1.90773346E-02
   1427.1441316409705       -1.90227125E-02
   1427.2873473089726       -1.89688765E-02
   1427.4305629769747       -1.89158954E-02
   1427.5737786449768       -1.88638531E-02
   1427.7169943129788       -1.88128650E-02
   1427.8602099809809       -1.87630765E-02
   1428.0034256489830       -1.87146384E-02
   1428.1466413169851       -1.86676923E-02
   1428.2898569849872       -1.86223555E-02
   1428.4330726529893       -1.85787156E-02
   1428.5762883209914       -1.85368564E-02
   1428.7195039889934       -1.84968747E-02
   1428.8627196569955       -1.84588879E-02
   1429.0059353249976       -1.84230357E-02
   1429.1491509929997       -1.83894690E-02
   1429.2923666610018       -1.83583293E-02
   1429.4355823290039       -1.83297414E-02
   1429.5787979970059       -1.83038116E-02
   1429.7220136650080       -1.82806272E-02
   1429.8652293330101       -1.82602815E-02
   1430.0084450010122       -1.82428826E-02
   1430.1516606690143       -1.82285570E-02
   1430.2948763370164       -1.82174481E-02
   1430.4380920050185       -1.82096977E-02
   1430.5813076730205       -1.82054304E-02
   1430.7245233410226       -1.82047468E-02
   1430.8677390090247       -1.82077270E-02
   1431.0109546770268       -1.82144530E-02
   1431.1541703450289       -1.82250217E-02
   1431.2973860130310       -1.82395484E-02
   1431.4406016810331       -1.82581712E-02
   1431.5838173490351       -1.82810295E-02
   1431.7270330170372       -1.83082446E-02
   1431.8702486850393       -1.83399152E-02
   1432.0134643530414       -1.83761232E-02
   1432.1566800210435       -1.84169393E-02
   1432.2998956890456       -1.84624456E-02
   1432.4431113570477       -1.85127370E-02
   1432.5863270250497       -1.85679235E-02
   1432.7295426930518       -1.86281092E-02
   1432.8727583610539       -1.86933875E-02
   1433.0159740290560       -1.87638365E-02
   1433.1591896970581       -1.88395139E-02
   1433.3024053650602       -1.89204756E-02
   1433.4456210330623       -1.90067794E-02
   1433.5888367010643       -1.90984942E-02
   1433.7320523690664       -1.91957019E-02
   1433.8752680370685       -1.92984845E-02
   1434.0184837050706       -1.94069203E-02
   1434.1616993730727       -1.95210706E-02
   1434.3049150410748       -1.96409728E-02
   1434.4481307090768       -1.97666511E-02
   1434.5913463770789       -1.98981278E-02
   1434.7345620450810       -2.00354345E-02
   1434.8777777130831       -2.01786142E-02
   1435.0209933810852       -2.03277152E-02
   1435.1642090490873       -2.04827823E-02
   1435.3074247170894       -2.06438471E-02
   1435.4506403850914       -2.08109189E-02
   1435.5938560530935       -2.09839940E-02
   1435.7370717210956       -2.11630650E-02
   1435.8802873890977       -2.13481300E-02
   1436.0235030570998       -2.15391982E-02
   1436.1667187251019       -2.17362884E-02
   1436.3099343931040       -2.19394099E-02
   1436.4531500611060       -2.21485607E-02
   1436.5963657291081       -2.23637167E-02
   1436.7395813971102       -2.25848444E-02
   1436.8827970651123       -2.28119027E-02
   1437.0260127331144       -2.30448525E-02
   1437.1692284011165       -2.32836623E-02
   1437.3124440691186       -2.35283040E-02
   1437.4556597371206       -2.37787478E-02
   1437.5988754051227       -2.40349565E-02
   1437.7420910731248       -2.42968798E-02
   1437.8853067411269       -2.45644506E-02
   1438.0285224091290       -2.48375908E-02
   1438.1717380771311       -2.51162201E-02
   1438.3149537451332       -2.54002642E-02
   1438.4581694131352       -2.56896578E-02
   1438.6013850811373       -2.59843357E-02
   1438.7446007491394       -2.62842309E-02
   1438.8878164171415       -2.65892595E-02
   1439.0310320851436       -2.68993210E-02
   1439.1742477531457       -2.72143092E-02
   1439.3174634211477       -2.75341123E-02
   1439.4606790891498       -2.78586261E-02
   1439.6038947571519       -2.81877462E-02
   1439.7471104251540       -2.85213757E-02
   1439.8903260931561       -2.88594086E-02
   1440.0335417611582       -2.92017329E-02
   1440.1767574291603       -2.95482259E-02
   1440.3199730971623       -2.98987571E-02
   1440.4631887651644       -3.02531943E-02
   1440.6064044331665       -3.06114070E-02
   1440.7496201011686       -3.09732724E-02
   1440.8928357691707       -3.13386694E-02
   1441.0360514371728       -3.17074694E-02
   1441.1792671051749       -3.20795439E-02
   1441.3224827731769       -3.24547440E-02
   1441.4656984411790       -3.28329206E-02
   1441.6089141091811       -3.32139209E-02
   1441.7521297771832       -3.35975885E-02
   1441.8953454451853       -3.39837670E-02
   1442.0385611131874       -3.43723036E-02
   1442.1817767811895       -3.47630568E-02
   1442.3249924491915       -3.51558812E-02
   1442.4682081171936       -3.55506204E-02
   1442.6114237851957       -3.59471180E-02
   1442.7546394531978       -3.63452137E-02
   1442.8978551211999       -3.67447473E-02
   1443.0410707892020       -3.71455736E-02
   1443.1842864572041       -3.75475399E-02
   1443.3275021252061       -3.79504934E-02
   1443.4707177932082       -3.83542739E-02
   1443.6139334612103       -3.87587212E-02
   1443.7571491292124       -3.91636714E-02
   1443.9003647972145       -3.95689644E-02
   1444.0435804652166       -3.99744436E-02
   1444.1867961332186       -4.03799601E-02
   1444.3300118012207       -4.07853574E-02
   1444.4732274692228       -4.11904864E-02
   1444.6164431372249       -4.15951982E-02
   1444.7596588052270       -4.19993363E-02
   1444.9028744732291       -4.24027480E-02
   1445.0460901412312       -4.28052917E-02
   1445.1893058092332       -4.32068296E-02
   1445.3325214772353       -4.36072238E-02
   1445.4757371452374       -4.40063290E-02
   1445.6189528132395       -4.44040000E-02
   1445.7621684812416       -4.48000878E-02
   1445.9053841492437       -4.51944508E-02
   1446.0485998172458       -4.55869585E-02
   1446.1918154852478       -4.59774807E-02
   1446.3350311532499       -4.63658981E-02
   1446.4782468212520       -4.67520915E-02
   1446.6214624892541       -4.71359491E-02
   1446.7646781572562       -4.75173481E-02
   1446.9078938252583       -4.78961691E-02
   1447.0511094932604       -4.82722968E-02
   1447.1943251612624       -4.86456156E-02
   1447.3375408292645       -4.90160175E-02
   1447.4807564972666       -4.93834093E-02
   1447.6239721652687       -4.97477092E-02
   1447.7671878332708       -5.01088239E-02
   1447.9104035012729       -5.04666679E-02
   1448.0536191692750       -5.08211479E-02
   1448.1968348372770       -5.11721671E-02
   1448.3400505052791       -5.15196435E-02
   1448.4832661732812       -5.18634953E-02
   1448.6264818412833       -5.22036590E-02
   1448.7696975092854       -5.25400713E-02
   1448.9129131772875       -5.28726764E-02
   1449.0561288452895       -5.32014146E-02
   1449.1993445132916       -5.35262227E-02
   1449.3425601812937       -5.38470410E-02
   1449.4857758492958       -5.41638099E-02
   1449.6289915172979       -5.44764847E-02
   1449.7722071853000       -5.47850169E-02
   1449.9154228533021       -5.50893843E-02
   1450.0586385213041       -5.53895645E-02
   1450.2018541893062       -5.56855351E-02
   1450.3450698573083       -5.59772700E-02
   1450.4882855253104       -5.62647395E-02
   1450.6315011933125       -5.65479212E-02
   1450.7747168613146       -5.68267927E-02
   1450.9179325293167       -5.71013428E-02
   1451.0611481973187       -5.73715791E-02
   1451.2043638653208       -5.76375090E-02
   1451.3475795333229       -5.78991473E-02
   1451.4907952013250       -5.81564941E-02
   1451.6340108693271       -5.84095381E-02
   1451.7772265373292       -5.86582795E-02
   1451.9204422053313       -5.89027219E-02
   1452.0636578733333       -5.91428876E-02
   1452.2068735413354       -5.93788102E-02
   1452.3500892093375       -5.96105382E-02
   1452.4933048773396       -5.98381087E-02
   1452.6365205453417       -6.00615442E-02
   1452.7797362133438       -6.02808557E-02
   1452.9229518813459       -6.04960620E-02
   1453.0661675493479       -6.07071891E-02
   1453.2093832173500       -6.09142706E-02
   1453.3525988853521       -6.11173585E-02
   1453.4958145533542       -6.13165163E-02
   1453.6390302213563       -6.15118034E-02
   1453.7822458893584       -6.17032796E-02
   1453.9254615573604       -6.18909821E-02
   1454.0686772253625       -6.20749407E-02
   1454.2118928933646       -6.22551888E-02
   1454.3551085613667       -6.24317825E-02
   1454.4983242293688       -6.26047924E-02
   1454.6415398973709       -6.27743080E-02
   1454.7847555653730       -6.29404187E-02
   1454.9279712333750       -6.31031916E-02
   1455.0711869013771       -6.32626787E-02
   1455.2144025693792       -6.34189323E-02
   1455.3576182373813       -6.35719895E-02
   1455.5008339053834       -6.37219027E-02
   1455.6440495733855       -6.38687387E-02
   1455.7872652413876       -6.40125871E-02
   1455.9304809093896       -6.41535372E-02
   1456.0736965773917       -6.42916709E-02
   1456.2169122453938       -6.44270554E-02
   1456.3601279133959       -6.45597428E-02
   1456.5033435813980       -6.46897778E-02
   1456.6465592494001       -6.48172274E-02
   1456.7897749174022       -6.49421588E-02
   1456.9329905854042       -6.50646687E-02
   1457.0762062534063       -6.51848465E-02
   1457.2194219214084       -6.53027743E-02
   1457.3626375894105       -6.54185265E-02
   1457.5058532574126       -6.55321628E-02
   1457.6490689254147       -6.56437278E-02
   1457.7922845934168       -6.57532811E-02
   1457.9355002614188       -6.58608750E-02
   1458.0787159294209       -6.59665912E-02
   1458.2219315974230       -6.60705268E-02
   1458.3651472654251       -6.61727563E-02
   1458.5083629334272       -6.62733689E-02
   1458.6515786014293       -6.63724169E-02
   1458.7947942694313       -6.64699525E-02
   1458.9380099374334       -6.65660277E-02
   1459.0812256054355       -6.66607022E-02
   1459.2244412734376       -6.67540431E-02
   1459.3676569414397       -6.68461397E-02
   1459.5108726094418       -6.69370666E-02
   1459.6540882774439       -6.70268983E-02
   1459.7973039454459       -6.71156794E-02
   1459.9405196134480       -6.72034621E-02
   1460.0837352814501       -6.72902688E-02
   1460.2269509494522       -6.73761591E-02
   1460.3701666174543       -6.74611926E-02
   1460.5133822854564       -6.75454363E-02
   1460.6565979534585       -6.76289648E-02
   1460.7998136214605       -6.77118450E-02
   1460.9430292894626       -6.77941218E-02
   1461.0862449574647       -6.78758323E-02
   1461.2294606254668       -6.79570064E-02
   1461.3726762934689       -6.80376813E-02
   1461.5158919614710       -6.81179017E-02
   1461.6591076294731       -6.81977272E-02
   1461.8023232974751       -6.82772249E-02
   1461.9455389654772       -6.83564693E-02
   1462.0887546334793       -6.84355050E-02
   1462.2319703014814       -6.85143471E-02
   1462.3751859694835       -6.85930252E-02
   1462.5184016374856       -6.86715469E-02
   1462.6616173054877       -6.87499642E-02
   1462.8048329734897       -6.88283294E-02
   1462.9480486414918       -6.89067096E-02
   1463.0912643094939       -6.89851567E-02
   1463.2344799774960       -6.90637305E-02
   1463.3776956454981       -6.91424459E-02
   1463.5209113135002       -6.92213029E-02
   1463.6641269815022       -6.93003163E-02
   1463.8073426495043       -6.93795010E-02
   1463.9505583175064       -6.94589168E-02
   1464.0937739855085       -6.95386082E-02
   1464.2369896535106       -6.96186423E-02
   1464.3802053215127       -6.96990490E-02
   1464.5234209895148       -6.97798505E-02
   1464.6666366575168       -6.98610470E-02
   1464.8098523255189       -6.99426383E-02
   1464.9530679935210       -7.00246319E-02
   1465.0962836615231       -7.01070502E-02
   1465.2394993295252       -7.01899529E-02
   1465.3827149975273       -7.02733845E-02
   1465.5259306655294       -7.03574046E-02
   1465.6691463335314       -7.04420358E-02
   1465.8123620015335       -7.05272779E-02
   1465.9555776695356       -7.06131160E-02
   1466.0987933375377       -7.06995502E-02
   1466.2420090055398       -7.07865879E-02
   1466.3852246735419       -7.08742738E-02
   1466.5284403415440       -7.09626526E-02
   1466.6716560095460       -7.10517690E-02
   1466.8148716775481       -7.11416453E-02
   1466.9580873455502       -7.12322816E-02
   1467.1013030135523       -7.13236704E-02
   1467.2445186815544       -7.14157969E-02
   1467.3877343495565       -7.15086758E-02
   1467.5309500175586       -7.16023371E-02
   1467.6741656855606       -7.16968253E-02
   1467.8173813535627       -7.17921928E-02
   1467.9605970215648       -7.18884692E-02
   1468.1038126895669       -7.19856545E-02
   1468.2470283575690       -7.20837265E-02
   1468.3902440255711       -7.21826702E-02
   1468.5334596935731       -7.22824708E-02
   1468.6766753615752       -7.23831430E-02
   1468.8198910295773       -7.24847168E-02
   1468.9631066975794       -7.25872293E-02
   1469.1063223655815       -7.26907253E-02
   1469.2495380335836       -7.27952123E-02
   1469.3927537015857       -7.29006827E-02
   1469.5359693695877       -7.30071217E-02
   1469.6791850375898       -7.31145144E-02
   1469.8224007055919       -7.32228607E-02
   1469.9656163735940       -7.33321980E-02
   1470.1088320415961       -7.34425709E-02
   1470.2520477095982       -7.35540017E-02
   1470.3952633776003       -7.36665130E-02
   1470.5384790456023       -7.37800747E-02
   1470.6816947136044       -7.38946572E-02
   1470.8249103816065       -7.40102381E-02
   1470.9681260496086       -7.41268098E-02
   1471.1113417176107       -7.42444098E-02
   1471.2545573856128       -7.43630826E-02
   1471.3977730536149       -7.44828731E-02
   1471.5409887216169       -7.46037886E-02
   1471.6842043896190       -7.47258142E-02
   1471.8274200576211       -7.48489052E-02
   1471.9706357256232       -7.49730244E-02
   1472.1138513936253       -7.50981420E-02
   1472.2570670616274       -7.52242804E-02
   1472.4002827296295       -7.53514767E-02
   1472.5434983976315       -7.54797757E-02
   1472.6867140656336       -7.56091997E-02
   1472.8299297336357       -7.57397264E-02
   1472.9731454016378       -7.58713111E-02
   1473.1163610696399       -7.60039017E-02
   1473.2595767376420       -7.61374757E-02
   1473.4027924056440       -7.62720481E-02
   1473.5460080736461       -7.64076561E-02
   1473.6892237416482       -7.65443444E-02
   1473.8324394096503       -7.66821355E-02
   1473.9756550776524       -7.68210217E-02
   1474.1188707456545       -7.69609511E-02
   1474.2620864136566       -7.71018639E-02
   1474.4053020816586       -7.72437081E-02
   1474.5485177496607       -7.73864686E-02
   1474.6917334176628       -7.75301680E-02
   1474.8349490856649       -7.76748732E-02
   1474.9781647536670       -7.78206140E-02
   1475.1213804216691       -7.79673830E-02
   1475.2645960896712       -7.81151354E-02
   1475.4078117576732       -7.82638118E-02
   1475.5510274256753       -7.84133524E-02
   1475.6942430936774       -7.85637423E-02
   1475.8374587616795       -7.87149966E-02
   1475.9806744296816       -7.88671598E-02
   1476.1238900976837       -7.90202692E-02
   1476.2671057656858       -7.91743249E-02
   1476.4103214336878       -7.93292969E-02
   1476.5535371016899       -7.94851184E-02
   1476.6967527696920       -7.96417296E-02
   1476.8399684376941       -7.97991008E-02
   1476.9831841056962       -7.99572468E-02
   1477.1263997736983       -8.01162049E-02
   1477.2696154417004       -8.02760124E-02
   1477.4128311097024       -8.04366767E-02
   1477.5560467777045       -8.05981532E-02
   1477.6992624457066       -8.07603821E-02
   1477.8424781137087       -8.09232965E-02
   1477.9856937817108       -8.10868591E-02
   1478.1289094497129       -8.12510625E-02
   1478.2721251177149       -8.14159364E-02
   1478.4153407857170       -8.15815181E-02
   1478.5585564537191       -8.17478299E-02
   1478.7017721217212       -8.19148570E-02
   1478.8449877897233       -8.20825621E-02
   1478.9882034577254       -8.22508782E-02
   1479.1314191257275       -8.24197754E-02
   1479.2746347937295       -8.25892538E-02
   1479.4178504617316       -8.27593356E-02
   1479.5610661297337       -8.29300508E-02
   1479.7042817977358       -8.31014290E-02
   1479.8474974657379       -8.32734704E-02
   1479.9907131337400       -8.34461376E-02
   1480.1339288017421       -8.36193636E-02
   1480.2771444697441       -8.37931111E-02
   1480.4203601377462       -8.39673504E-02
   1480.5635758057483       -8.41421038E-02
   1480.7067914737504       -8.43174085E-02
   1480.8500071417525       -8.44933018E-02
   1480.9932228097546       -8.46697986E-02
   1481.1364384777567       -8.48468691E-02
   1481.2796541457587       -8.50244612E-02
   1481.4228698137608       -8.52025151E-02
   1481.5660854817629       -8.53810236E-02
   1481.7093011497650       -8.55600014E-02
   1481.8525168177671       -8.57395008E-02
   1481.9957324857692       -8.59195739E-02
   1482.1389481537713       -8.61002505E-02
   1482.2821638217733       -8.62815157E-02
   1482.4253794897754       -8.64633247E-02
   1482.5685951577775       -8.66456181E-02
   1482.7118108257796       -8.68283659E-02
   1482.8550264937817       -8.70115831E-02
   1482.9982421617838       -8.71953145E-02
   1483.1414578297858       -8.73796195E-02
   1483.2846734977879       -8.75645205E-02
   1483.4278891657900       -8.77500176E-02
   1483.5711048337921       -8.79360735E-02
   1483.7143205017942       -8.81226510E-02
   1483.8575361697963       -8.83097053E-02
   1484.0007518377984       -8.84972662E-02
   1484.1439675058004       -8.86853710E-02
   1484.2871831738025       -8.88740793E-02
   1484.4303988418046       -8.90634283E-02
   1484.5736145098067       -8.92534256E-02
   1484.7168301778088       -8.94440487E-02
   1484.8600458458109       -8.96352530E-02
   1485.0032615138130       -8.98269862E-02
   1485.1464771818150       -9.00192484E-02
   1485.2896928498171       -9.02120844E-02
   1485.4329085178192       -9.04055610E-02
   1485.5761241858213       -9.05997381E-02
   1485.7193398538234       -9.07946303E-02
   1485.8625555218255       -9.09902155E-02
   1486.0057711898276       -9.11864340E-02
   1486.1489868578296       -9.13832411E-02
   1486.2922025258317       -9.15806144E-02
   1486.4354181938338       -9.17785764E-02
   1486.5786338618359       -9.19771791E-02
   1486.7218495298380       -9.21764672E-02
   1486.8650651978401       -9.23764706E-02
   1487.0082808658422       -9.25771594E-02
   1487.1514965338442       -9.27784741E-02
   1487.2947122018463       -9.29803699E-02
   1487.4379278698484       -9.31828246E-02
   1487.5811435378505       -9.33858454E-02
   1487.7243592058526       -9.35894772E-02
   1487.8675748738547       -9.37937647E-02
   1488.0107905418567       -9.39987227E-02
   1488.1540062098588       -9.42043364E-02
   1488.2972218778609       -9.44105461E-02
   1488.4404375458630       -9.46172923E-02
   1488.5836532138651       -9.48245227E-02
   1488.7268688818672       -9.50322077E-02
   1488.8700845498693       -9.52403545E-02
   1489.0133002178713       -9.54489931E-02
   1489.1565158858734       -9.56581458E-02
   1489.2997315538755       -9.58677903E-02
   1489.4429472218776       -9.60778743E-02
   1489.5861628898797       -9.62883011E-02
   1489.7293785578818       -9.64989960E-02
   1489.8725942258839       -9.67098996E-02
   1490.0158098938859       -9.69209969E-02
   1490.1590255618880       -9.71322954E-02
   1490.3022412298901       -9.73438025E-02
   1490.4454568978922       -9.75554883E-02
   1490.5886725658943       -9.77672860E-02
   1490.7318882338964       -9.79790986E-02
   1490.8751039018985       -9.81908292E-02
   1491.0183195699005       -9.84023884E-02
   1491.1615352379026       -9.86137241E-02
   1491.3047509059047       -9.88248065E-02
   1491.4479665739068       -9.90356281E-02
   1491.5911822419089       -9.92461443E-02
   1491.7343979099110       -9.94562805E-02
   1491.8776135779131       -9.96659100E-02
   1492.0208292459151       -9.98749062E-02
   1492.1640449139172      -0.100083150    
   1492.3072605819193      -0.100290559    
   1492.4504762499214      -0.100497074    
   1492.5936919179235      -0.100702651    
   1492.7369075859256      -0.100907236    
   1492.8801232539276      -0.101110741    
   1493.0233389219297      -0.101313025    
   1493.1665545899318      -0.101513937    
   1493.3097702579339      -0.101713315    
   1493.4529859259360      -0.101911038    
   1493.5962015939381      -0.102107018    
   1493.7394172619402      -0.102301180    
   1493.8826329299422      -0.102493457    
   1494.0258485979443      -0.102683745    
   1494.1690642659464      -0.102871895    
   1494.3122799339485      -0.103057727    
   1494.4554956019506      -0.103241049    
   1494.5987112699527      -0.103421688    
   1494.7419269379548      -0.103599511    
   1494.8851426059568      -0.103774428    
   1495.0283582739589      -0.103946358    
   1495.1715739419610      -0.104115203    
   1495.3147896099631      -0.104280785    
   1495.4580052779652      -0.104442894    
   1495.6012209459673      -0.104601316    
   1495.7444366139694      -0.104755841    
   1495.8876522819714      -0.104906321    
   1496.0308679499735      -0.105052643    
   1496.1740836179756      -0.105194703    
   1496.3172992859777      -0.105332382    
   1496.4605149539798      -0.105465524    
   1496.6037306219819      -0.105593905    
   1496.7469462899840      -0.105717279    
   1496.8901619579860      -0.105835430    
   1497.0333776259881      -0.105948150    
   1497.1765932939902      -0.106055304    
   1497.3198089619923      -0.106156774    
   1497.4630246299944      -0.106252439    
   1497.6062402979965      -0.106342129    
   1497.7494559659985      -0.106425643    
   1497.8926716340006      -0.106502734    
   1498.0358873020027      -0.106573172    
   1498.1791029700048      -0.106636733    
   1498.3223186380069      -0.106693253    
   1498.4655343060090      -0.106742613    
   1498.6087499740111      -0.106784694    
   1498.7519656420131      -0.106819339    
   1498.8951813100152      -0.106846355    
   1499.0383969780173      -0.106865495    
   1499.1816126460194      -0.106876515    
   1499.3248283140215      -0.106879205    
   1499.4680439820236      -0.106873393    
   1499.6112596500257      -0.106858961    
   1499.7544753180277      -0.106835783    
   1499.8976909860298      -0.106803715    
   1500.0409066540319      -0.106762573    
   1500.1841223220340      -0.106712148    
   1500.3273379900361      -0.106652208    
   1500.4705536580382      -0.106582545    
   1500.6137693260403      -0.106502987    
   1500.7569849940423      -0.106413424    
   1500.9002006620444      -0.106313743    
   1501.0434163300465      -0.106203824    
   1501.1866319980486      -0.106083520    
   1501.3298476660507      -0.105952643    
   1501.4730633340528      -0.105811000    
   1501.6162790020549      -0.105658419    
   1501.7594946700569      -0.105494767    
   1501.9027103380590      -0.105319947    
   1502.0459260060611      -0.105133876    
   1502.1891416740632      -0.104936473    
   1502.3323573420653      -0.104727618    
   1502.4755730100674      -0.104507163    
   1502.6187886780694      -0.104274951    
   1502.7620043460715      -0.104030833    
   1502.9052200140736      -0.103774704    
   1503.0484356820757      -0.103506498    
   1503.1916513500778      -0.103226177    
   1503.3348670180799      -0.102933712    
   1503.4780826860820      -0.102629036    
   1503.6212983540840      -0.102312058    
   1503.7645140220861      -0.101982668    
   1503.9077296900882      -0.101640768    
   1504.0509453580903      -0.101286285    
   1504.1941610260924      -0.100919202    
   1504.3373766940945      -0.100539520    
   1504.4805923620966      -0.100147262    
   1504.6238080300986       -9.97424200E-02
   1504.7670236981007       -9.93249565E-02
   1504.9102393661028       -9.88948271E-02
   1505.0534550341049       -9.84519795E-02
   1505.1966707021070       -9.79964063E-02
   1505.3398863701091       -9.75281373E-02
   1505.4831020381112       -9.70472470E-02
   1505.6263177061132       -9.65538099E-02
   1505.7695333741153       -9.60479081E-02
   1505.9127490421174       -9.55295786E-02
   1506.0559647101195       -9.49988440E-02
   1506.1991803781216       -9.44557115E-02
   1506.3423960461237       -9.39002186E-02
   1506.4856117141258       -9.33324397E-02
   1506.6288273821278       -9.27525014E-02
   1506.7720430501299       -9.21605527E-02
   1506.9152587181320       -9.15567502E-02
   1507.0584743861341       -9.09412205E-02
   1507.2016900541362       -9.03140679E-02
   1507.3449057221383       -8.96753669E-02
   1507.4881213901403       -8.90252218E-02
   1507.6313370581424       -8.83637667E-02
   1507.7745527261445       -8.76911730E-02
   1507.9177683941466       -8.70076492E-02
   1508.0609840621487       -8.63134265E-02
   1508.2041997301508       -8.56086984E-02
   1508.3474153981529       -8.48936364E-02
   1508.4906310661549       -8.41684043E-02
   1508.6338467341570       -8.34331587E-02
   1508.7770624021591       -8.26880857E-02
   1508.9202780701612       -8.19334164E-02
   1509.0634937381633       -8.11694264E-02
   1509.2067094061654       -8.03963989E-02
   1509.3499250741675       -7.96146095E-02
   1509.4931407421695       -7.88243189E-02
   1509.6363564101716       -7.80257508E-02
   1509.7795720781737       -7.72191361E-02
   1509.9227877461758       -7.64047354E-02
   1510.0660034141779       -7.55828395E-02
   1510.2092190821800       -7.47537613E-02
   1510.3524347501821       -7.39178360E-02
   1510.4956504181841       -7.30754063E-02
   1510.6388660861862       -7.22267777E-02
   1510.7820817541883       -7.13722557E-02
   1510.9252974221904       -7.05121234E-02
   1511.0685130901925       -6.96466640E-02
   1511.2117287581946       -6.87761903E-02
   1511.3549444261967       -6.79010674E-02
   1511.4981600941987       -6.70216605E-02
   1511.6413757622008       -6.61383569E-02
   1511.7845914302029       -6.52515143E-02
   1511.9278070982050       -6.43614829E-02
   1512.0710227662071       -6.34685904E-02
   1512.2142384342092       -6.25731945E-02
   1512.3574541022112       -6.16756491E-02
   1512.5006697702133       -6.07763454E-02
   1512.6438854382154       -5.98756969E-02
   1512.7871011062175       -5.89741170E-02
   1512.9303167742196       -5.80720045E-02
   1513.0735324422217       -5.71697429E-02
   1513.2167481102238       -5.62676974E-02
   1513.3599637782258       -5.53662255E-02
   1513.5031794462279       -5.44657037E-02
   1513.6463951142300       -5.35665341E-02
   1513.7896107822321       -5.26691340E-02
   1513.9328264502342       -5.17739281E-02
   1514.0760421182363       -5.08813262E-02
   1514.2192577862384       -4.99917157E-02
   1514.3624734542404       -4.91054803E-02
   1514.5056891222425       -4.82229926E-02
   1514.6489047902446       -4.73446324E-02
   1514.7921204582467       -4.64707986E-02
   1514.9353361262488       -4.56019081E-02
   1515.0785517942509       -4.47383858E-02
   1515.2217674622530       -4.38806452E-02
   1515.3649831302550       -4.30290736E-02
   1515.5081987982571       -4.21840474E-02
   1515.6514144662592       -4.13459241E-02
   1515.7946301342613       -4.05150652E-02
   1515.9378458022634       -3.96918468E-02
   1516.0810614702655       -3.88766676E-02
   1516.2242771382676       -3.80699225E-02
   1516.3674928062696       -3.72720063E-02
   1516.5107084742717       -3.64832915E-02
   1516.6539241422738       -3.57041210E-02
   1516.7971398102759       -3.49348150E-02
   1516.9403554782780       -3.41756977E-02
   1517.0835711462801       -3.34271044E-02
   1517.2267868142821       -3.26893851E-02
   1517.3700024822842       -3.19628976E-02
   1517.5132181502863       -3.12479958E-02
   1517.6564338182884       -3.05450149E-02
   1517.7996494862905       -2.98542641E-02
   1517.9428651542926       -2.91760303E-02
   1518.0860808222947       -2.85105854E-02
   1518.2292964902967       -2.78582033E-02
   1518.3725121582988       -2.72191707E-02
   1518.5157278263009       -2.65937839E-02
   1518.6589434943030       -2.59823352E-02
   1518.8021591623051       -2.53851041E-02
   1518.9453748303072       -2.48023439E-02
   1519.0885904983093       -2.42342800E-02
   1519.2318061663113       -2.36811247E-02
   1519.3750218343134       -2.31430810E-02
   1519.5182375023155       -2.26203650E-02
   1519.6614531703176       -2.21132077E-02
   1519.8046688383197       -2.16218382E-02
   1519.9478845063218       -2.11464707E-02
   1520.0911001743239       -2.06872970E-02
   1520.2343158423259       -2.02444717E-02
   1520.3775315103280       -1.98181309E-02
   1520.5207471783301       -1.94084030E-02
   1520.6639628463322       -1.90154184E-02
   1520.8071785143343       -1.86393149E-02
   1520.9503941823364       -1.82802361E-02
   1521.0936098503385       -1.79383140E-02
   1521.2368255183405       -1.76136643E-02
   1521.3800411863426       -1.73063762E-02
   1521.5232568543447       -1.70165226E-02
   1521.6664725223468       -1.67441629E-02
   1521.8096881903489       -1.64893549E-02
   1521.9529038583510       -1.62521582E-02
   1522.0961195263530       -1.60326306E-02
   1522.2393351943551       -1.58308204E-02
   1522.3825508623572       -1.56467576E-02
   1522.5257665303593       -1.54804466E-02
   1522.6689821983614       -1.53318737E-02
   1522.8121978663635       -1.52010154E-02
   1522.9554135343656       -1.50878448E-02
   1523.0986292023676       -1.49923367E-02
   1523.2418448703697       -1.49144661E-02
   1523.3850605383718       -1.48542020E-02
   1523.5282762063739       -1.48115000E-02
   1523.6714918743760       -1.47862975E-02
   1523.8147075423781       -1.47785116E-02
   1523.9579232103802       -1.47880530E-02
   1524.1011388783822       -1.48148276E-02
   1524.2443545463843       -1.48587413E-02
   1524.3875702143864       -1.49196982E-02
   1524.5307858823885       -1.49975913E-02
   1524.6740015503906       -1.50922993E-02
   1524.8172172183927       -1.52036818E-02
   1524.9604328863948       -1.53315840E-02
   1525.1036485543968       -1.54758431E-02
   1525.2468642223989       -1.56362932E-02
   1525.3900798904010       -1.58127714E-02
   1525.5332955584031       -1.60051081E-02
   1525.6765112264052       -1.62131321E-02
   1525.8197268944073       -1.64366625E-02
   1525.9629425624094       -1.66755058E-02
   1526.1061582304114       -1.69294551E-02
   1526.2493738984135       -1.71982981E-02
   1526.3925895664156       -1.74818207E-02
   1526.5358052344177       -1.77798029E-02
   1526.6790209024198       -1.80920307E-02
   1526.8222365704219       -1.84182823E-02
   1526.9654522384239       -1.87583268E-02
   1527.1086679064260       -1.91119295E-02
   1527.2518835744281       -1.94788408E-02
   1527.3950992424302       -1.98588073E-02
   1527.5383149104323       -2.02515721E-02
   1527.6815305784344       -2.06568800E-02
   1527.8247462464365       -2.10744776E-02
   1527.9679619144385       -2.15041153E-02
   1528.1111775824406       -2.19455324E-02
   1528.2543932504427       -2.23984569E-02
   1528.3976089184448       -2.28626151E-02
   1528.5408245864469       -2.33377200E-02
   1528.6840402544490       -2.38234885E-02
   1528.8272559224511       -2.43196413E-02
   1528.9704715904531       -2.48259045E-02
   1529.1136872584552       -2.53420006E-02
   1529.2569029264573       -2.58676540E-02
   1529.4001185944594       -2.64025778E-02
   1529.5433342624615       -2.69464813E-02
   1529.6865499304636       -2.74990723E-02
   1529.8297655984657       -2.80600619E-02
   1529.9729812664677       -2.86291689E-02
   1530.1161969344698       -2.92061083E-02
   1530.2594126024719       -2.97906026E-02
   1530.4026282704740       -3.03823706E-02
   1530.5458439384761       -3.09811290E-02
   1530.6890596064782       -3.15865912E-02
   1530.8322752744803       -3.21984701E-02
   1530.9754909424823       -3.28164771E-02
   1531.1187066104844       -3.34403329E-02
   1531.2619222784865       -3.40697616E-02
   1531.4051379464886       -3.47044952E-02
   1531.5483536144907       -3.53442654E-02
   1531.6915692824928       -3.59888077E-02
   1531.8347849504948       -3.66378464E-02
   1531.9780006184969       -3.72911170E-02
   1532.1212162864990       -3.79483514E-02
   1532.2644319545011       -3.86092849E-02
   1532.4076476225032       -3.92736681E-02
   1532.5508632905053       -3.99412438E-02
   1532.6940789585074       -4.06117551E-02
   1532.8372946265094       -4.12849449E-02
   1532.9805102945115       -4.19605598E-02
   1533.1237259625136       -4.26383577E-02
   1533.2669416305157       -4.33181003E-02
   1533.4101572985178       -4.39995565E-02
   1533.5533729665199       -4.46825102E-02
   1533.6965886345220       -4.53667380E-02
   1533.8398043025240       -4.60520200E-02
   1533.9830199705261       -4.67381291E-02
   1534.1262356385282       -4.74248491E-02
   1534.2694513065303       -4.81119752E-02
   1534.4126669745324       -4.87993099E-02
   1534.5558826425345       -4.94866632E-02
   1534.6990983105366       -5.01738414E-02
   1534.8423139785386       -5.08606546E-02
   1534.9855296465407       -5.15469201E-02
   1535.1287453145428       -5.22324480E-02
   1535.2719609825449       -5.29170483E-02
   1535.4151766505470       -5.36005348E-02
   1535.5583923185491       -5.42827398E-02
   1535.7016079865512       -5.49635142E-02
   1535.8448236545532       -5.56427129E-02
   1535.9880393225553       -5.63202016E-02
   1536.1312549905574       -5.69958389E-02
   1536.2744706585595       -5.76694719E-02
   1536.4176863265616       -5.83409481E-02
   1536.5609019945637       -5.90101182E-02
   1536.7041176625657       -5.96768521E-02
   1536.8473333305678       -6.03410415E-02
   1536.9905489985699       -6.10025860E-02
   1537.1337646665720       -6.16613925E-02
   1537.2769803345741       -6.23173639E-02
   1537.4201960025762       -6.29703999E-02
   1537.5634116705783       -6.36203736E-02
   1537.7066273385803       -6.42671809E-02
   1537.8498430065824       -6.49107248E-02
   1537.9930586745845       -6.55509308E-02
   1538.1362743425866       -6.61877394E-02
   1538.2794900105887       -6.68211058E-02
   1538.4227056785908       -6.74509630E-02
   1538.5659213465929       -6.80772439E-02
   1538.7091370145949       -6.86998740E-02
   1538.8523526825970       -6.93187714E-02
   1538.9955683505991       -6.99338689E-02
   1539.1387840186012       -7.05451220E-02
   1539.2819996866033       -7.11525157E-02
   1539.4252153546054       -7.17560425E-02
   1539.5684310226075       -7.23556876E-02
   1539.7116466906095       -7.29514360E-02
   1539.8548623586116       -7.35432506E-02
   1539.9980780266137       -7.41310939E-02
   1540.1412936946158       -7.47149214E-02
   1540.2845093626179       -7.52947405E-02
   1540.4277250306200       -7.58705586E-02
   1540.5709406986221       -7.64424130E-02
   1540.7141563666241       -7.70103261E-02
   1540.8573720346262       -7.75743201E-02
   1541.0005877026283       -7.81343803E-02
   1541.1438033706304       -7.86904991E-02
   1541.2870190386325       -7.92426765E-02
   1541.4302347066346       -7.97909275E-02
   1541.5734503746366       -8.03352892E-02
   1541.7166660426387       -8.08758214E-02
   1541.8598817106408       -8.14125910E-02
   1542.0030973786429       -8.19456503E-02
   1542.1463130466450       -8.24750215E-02
   1542.2895287146471       -8.30007270E-02
   1542.4327443826492       -8.35227892E-02
   1542.5759600506512       -8.40412527E-02
   1542.7191757186533       -8.45562071E-02
   1542.8623913866554       -8.50677416E-02
   1543.0056070546575       -8.55759531E-02
   1543.1488227226596       -8.60809386E-02
   1543.2920383906617       -8.65827650E-02
   1543.4352540586638       -8.70814770E-02
   1543.5784697266658       -8.75771120E-02
   1543.7216853946679       -8.80697519E-02
   1543.8649010626700       -8.85594785E-02
   1544.0081167306721       -8.90464187E-02
   1544.1513323986742       -8.95306915E-02
   1544.2945480666763       -9.00124162E-02
   1544.4377637346784       -9.04916897E-02
   1544.5809794026804       -9.09685940E-02
   1544.7241950706825       -9.14431959E-02
   1544.8674107386846       -9.19155851E-02
   1545.0106264066867       -9.23858657E-02
   1545.1538420746888       -9.28541869E-02
   1545.2970577426909       -9.33206975E-02
   1545.4402734106930       -9.37855467E-02
   1545.5834890786950       -9.42488536E-02
   1545.7267047466971       -9.47107300E-02
   1545.8699204146992       -9.51712802E-02
   1546.0131360827013       -9.56306159E-02
   1546.1563517507034       -9.60888714E-02
   1546.2995674187055       -9.65461954E-02
   1546.4427830867075       -9.70027596E-02
   1546.5859987547096       -9.74587426E-02
   1546.7292144227117       -9.79143009E-02
   1546.8724300907138       -9.83695686E-02
   1547.0156457587159       -9.88246650E-02
   1547.1588614267180       -9.92797017E-02
   1547.3020770947201       -9.97348204E-02
   1547.4452927627221      -0.100190178    
   1547.5885084307242      -0.100645952    
   1547.7317240987263      -0.101102337    
   1547.8749397667284      -0.101559520    
   1548.0181554347305      -0.102017656    
   1548.1613711027326      -0.102476902    
   1548.3045867707347      -0.102937400    
   1548.4478024387367      -0.103399299    
   1548.5910181067388      -0.103862777    
   1548.7342337747409      -0.104328029    
   1548.8774494427430      -0.104795262    
   1549.0206651107451      -0.105264686    
   1549.1638807787472      -0.105736479    
   1549.3070964467493      -0.106210791    
   1549.4503121147513      -0.106687754    
   1549.5935277827534      -0.107167542    
   1549.7367434507555      -0.107650325    
   1549.8799591187576      -0.108136311    
   1550.0231747867597      -0.108625717    
   1550.1663904547618      -0.109118752    
   1550.3096061227639      -0.109615609    
   1550.4528217907659      -0.110116452    
   1550.5960374587680      -0.110621437    
   1550.7392531267701      -0.111130714    
   1550.8824687947722      -0.111644462    
   1551.0256844627743      -0.112162881    
   1551.1689001307764      -0.112686194    
   1551.3121157987784      -0.113214612    
   1551.4553314667805      -0.113748327    
   1551.5985471347826      -0.114287503    
   1551.7417628027847      -0.114832297    
   1551.8849784707868      -0.115382865    
   1552.0281941387889      -0.115939394    
   1552.1714098067910      -0.116502084    
   1552.3146254747930      -0.117071159    
   1552.4578411427951      -0.117646813    
   1552.6010568107972      -0.118229248    
   1552.7442724787993      -0.118818626    
   1552.8874881468014      -0.119415075    
   1553.0307038148035      -0.120018728    
   1553.1739194828056      -0.120629735    
   1553.3171351508076      -0.121248268    
   1553.4603508188097      -0.121874519    
   1553.6035664868118      -0.122508675    
   1553.7467821548139      -0.123150922    
   1553.8899978228160      -0.123801403    
   1554.0332134908181      -0.124460243    
   1554.1764291588202      -0.125127569    
   1554.3196448268222      -0.125803500    
   1554.4628604948243      -0.126488179    
   1554.6060761628264      -0.127181768    
   1554.7492918308285      -0.127884462    
   1554.8925074988306      -0.128596425    
   1555.0357231668327      -0.129317790    
   1555.1789388348348      -0.130048662    
   1555.3221545028368      -0.130789131    
   1555.4653701708389      -0.131539226    
   1555.6085858388410      -0.132299066    
   1555.7518015068431      -0.133068755    
   1555.8950171748452      -0.133848444    
   1556.0382328428473      -0.134638280    
   1556.1814485108493      -0.135438368    
   1556.3246641788514      -0.136248767    
   1556.4678798468535      -0.137069494    
   1556.6110955148556      -0.137900576    
   1556.7543111828577      -0.138742030    
   1556.8975268508598      -0.139593929    
   1557.0407425188619      -0.140456378    
   1557.1839581868639      -0.141329482    
   1557.3271738548660      -0.142213315    
   1557.4703895228681      -0.143107891    
   1557.6136051908702      -0.144013196    
   1557.7568208588723      -0.144929200    
   1557.9000365268744      -0.145855889    
   1558.0432521948765      -0.146793261    
   1558.1864678628785      -0.147741333    
   1558.3296835308806      -0.148700118    
   1558.4728991988827      -0.149669617    
   1558.6161148668848      -0.150649816    
   1558.7593305348869      -0.151640669    
   1558.9025462028890      -0.152642071    
   1559.0457618708911      -0.153653935    
   1559.1889775388931      -0.154676169    
   1559.3321932068952      -0.155708715    
   1559.4754088748973      -0.156751528    
   1559.6186245428994      -0.157804534    
   1559.7618402109015      -0.158867642    
   1559.9050558789036      -0.159940735    
   1560.0482715469057      -0.161023647    
   1560.1914872149077      -0.162116200    
   1560.3347028829098      -0.163218245    
   1560.4779185509119      -0.164329618    
   1560.6211342189140      -0.165450200    
   1560.7643498869161      -0.166579843    
   1560.9075655549182      -0.167718381    
   1561.0507812229203      -0.168865621    
   1561.1939968909223      -0.170021325    
   1561.3372125589244      -0.171185225    
   1561.4804282269265      -0.172357053    
   1561.6236438949286      -0.173536584    
   1561.7668595629307      -0.174723610    
   1561.9100752309328      -0.175917894    
   1562.0532908989348      -0.177119210    
   1562.1965065669369      -0.178327262    
   1562.3397222349390      -0.179541707    
   1562.4829379029411      -0.180762187    
   1562.6261535709432      -0.181988358    
   1562.7693692389453      -0.183219910    
   1562.9125849069474      -0.184456527    
   1563.0558005749494      -0.185697913    
   1563.1990162429515      -0.186943710    
   1563.3422319109536      -0.188193530    
   1563.4854475789557      -0.189446926    
   1563.6286632469578      -0.190703437    
   1563.7718789149599      -0.191962644    
   1563.9150945829620      -0.193224132    
   1564.0583102509640      -0.194487512    
   1564.2015259189661      -0.195752382    
   1564.3447415869682      -0.197018340    
   1564.4879572549703      -0.198284909    
   1564.6311729229724      -0.199551567    
   1564.7743885909745      -0.200817764    
   1564.9176042589766      -0.202082947    
   1565.0608199269786      -0.203346625    
   1565.2040355949807      -0.204608291    
   1565.3472512629828      -0.205867454    
   1565.4904669309849      -0.207123622    
   1565.6336825989870      -0.208376229    
   1565.7768982669891      -0.209624678    
   1565.9201139349912      -0.210868344    
   1566.0633296029932      -0.212106586    
   1566.2065452709953      -0.213338792    
   1566.3497609389974      -0.214564353    
   1566.4929766069995      -0.215782717    
   1566.6361922750016      -0.216993302    
   1566.7794079430037      -0.218195483    
   1566.9226236110057      -0.219388619    
   1567.0658392790078      -0.220571995    
   1567.2090549470099      -0.221744910    
   1567.3522706150120      -0.222906664    
   1567.4954862830141      -0.224056572    
   1567.6387019510162      -0.225193992    
   1567.7819176190183      -0.226318270    
   1567.9251332870203      -0.227428764    
   1568.0683489550224      -0.228524759    
   1568.2115646230245      -0.229605526    
   1568.3547802910266      -0.230670273    
   1568.4979959590287      -0.231718257    
   1568.6412116270308      -0.232748702    
   1568.7844272950329      -0.233760908    
   1568.9276429630349      -0.234754175    
   1569.0708586310370      -0.235727802    
   1569.2140742990391      -0.236681059    
   1569.3572899670412      -0.237613171    
   1569.5005056350433      -0.238523334    
   1569.6437213030454      -0.239410728    
   1569.7869369710475      -0.240274578    
   1569.9301526390495      -0.241114154    
   1570.0733683070516      -0.241928741    
   1570.2165839750537      -0.242717624    
   1570.3597996430558      -0.243480057    
   1570.5030153110579      -0.244215250    
   1570.6462309790600      -0.244922444    
   1570.7894466470621      -0.245600849    
   1570.9326623150641      -0.246249676    
   1571.0758779830662      -0.246868178    
   1571.2190936510683      -0.247455627    
   1571.3623093190704      -0.248011321    
   1571.5055249870725      -0.248534545    
   1571.6487406550746      -0.249024555    
   1571.7919563230766      -0.249480590    
   1571.9351719910787      -0.249901876    
   1572.0783876590808      -0.250287652    
   1572.2216033270829      -0.250637203    
   1572.3648189950850      -0.250949830    
   1572.5080346630871      -0.251224875    
   1572.6512503310892      -0.251461685    
   1572.7944659990912      -0.251659632    
   1572.9376816670933      -0.251818061    
   1573.0808973350954      -0.251936227    
   1573.2241130030975      -0.252013445    
   1573.3673286710996      -0.252049029    
   1573.5105443391017      -0.252042413    
   1573.6537600071038      -0.251993060    
   1573.7969756751058      -0.251900405    
   1573.9401913431079      -0.251763940    
   1574.0834070111100      -0.251583070    
   1574.2266226791121      -0.251357198    
   1574.3698383471142      -0.251085728    
   1574.5130540151163      -0.250768065    
   1574.6562696831184      -0.250403702    
   1574.7994853511204      -0.249992251    
   1574.9427010191225      -0.249533355    
   1575.0859166871246      -0.249026611    
   1575.2291323551267      -0.248471588    
   1575.3723480231288      -0.247867823    
   1575.5155636911309      -0.247214824    
   1575.6587793591330      -0.246512190    
   1575.8019950271350      -0.245759591    
   1575.9452106951371      -0.244956776    
   1576.0884263631392      -0.244103551    
   1576.2316420311413      -0.243199691    
   1576.3748576991434      -0.242244944    
   1576.5180733671455      -0.241239041    
   1576.6612890351475      -0.240181714    
   1576.8045047031496      -0.239072710    
   1576.9477203711517      -0.237911850    
   1577.0909360391538      -0.236699060    
   1577.2341517071559      -0.235434338    
   1577.3773673751580      -0.234117717    
   1577.5205830431601      -0.232749164    
   1577.6637987111621      -0.231328636    
   1577.8070143791642      -0.229856044    
   1577.9502300471663      -0.228331327    
   1578.0934457151684      -0.226754531    
   1578.2366613831705      -0.225125775    
   1578.3798770511726      -0.223445281    
   1578.5230927191747      -0.221713319    
   1578.6663083871767      -0.219930127    
   1578.8095240551788      -0.218095884    
   1578.9527397231809      -0.216210738    
   1579.0959553911830      -0.214274883    
   1579.2391710591851      -0.212288529    
   1579.3823867271872      -0.210252032    
   1579.5256023951893      -0.208165824    
   1579.6688180631913      -0.206030399    
   1579.8120337311934      -0.203846246    
   1579.9552493991955      -0.201613814    
   1580.0984650671976      -0.199333519    
   1580.2416807351997      -0.197005764    
   1580.3848964032018      -0.194631010    
   1580.5281120712039      -0.192209795    
   1580.6713277392059      -0.189742774    
   1580.8145434072080      -0.187230647    
   1580.9577590752101      -0.184674144    
   1581.1009747432122      -0.182073995    
   1581.2441904112143      -0.179430842    
   1581.3874060792164      -0.176745325    
   1581.5306217472184      -0.174018115    
   1581.6738374152205      -0.171249971    
   1581.8170530832226      -0.168441758    
   1581.9602687512247      -0.165594429    
   1582.1034844192268      -0.162708938    
   1582.2467000872289      -0.159786254    
   1582.3899157552310      -0.156827256    
   1582.5331314232330      -0.153832793    
   1582.6763470912351      -0.150803760    
   1582.8195627592372      -0.147741094    
   1582.9627784272393      -0.144645840    
   1583.1059940952414      -0.141519085    
   1583.2492097632435      -0.138361976    
   1583.3924254312456      -0.135175660    
   1583.5356410992476      -0.131961226    
   1583.6788567672497      -0.128719732    
   1583.8220724352518      -0.125452220    
   1583.9652881032539      -0.122159831    
   1584.1085037712560      -0.118843764    
   1584.2517194392581      -0.115505300    
   1584.3949351072602      -0.112145759    
   1584.5381507752622      -0.108766429    
   1584.6813664432643      -0.105368569    
   1584.8245821112664      -0.101953387    
   1584.9677977792685       -9.85220671E-02
   1585.1110134472706       -9.50758383E-02
   1585.2542291152727       -9.16160122E-02
   1585.3974447832748       -8.81439671E-02
   1585.5406604512768       -8.46611410E-02
   1585.6838761192789       -8.11689571E-02
   1585.8270917872810       -7.76687860E-02
   1585.9703074552831       -7.41619319E-02
   1586.1135231232852       -7.06496686E-02
   1586.2567387912873       -6.71333075E-02
   1586.3999544592893       -6.36142194E-02
   1586.5431701272914       -6.00938573E-02
   1586.6863857952935       -5.65737262E-02
   1586.8296014632956       -5.30553274E-02
   1586.9728171312977       -4.95401062E-02
   1587.1160327992998       -4.60294373E-02
   1587.2592484673019       -4.25246507E-02
   1587.4024641353039       -3.90270762E-02
   1587.5456798033060       -3.55380774E-02
   1587.6888954713081       -3.20590995E-02
   1587.8321111393102       -2.85916328E-02
   1587.9753268073123       -2.51371767E-02
   1588.1185424753144       -2.16971859E-02
   1588.2617581433165       -1.82730369E-02
   1588.4049738113185       -1.48660364E-02
   1588.5481894793206       -1.14774713E-02
   1588.6914051473227       -8.10866337E-03
   1588.8346208153248       -4.76100249E-03
   1588.9778364833269       -1.43594109E-03
   1589.1210521513290        1.86505215E-03
   1589.2642678193311        5.14054811E-03
   1589.4074834873331        8.38919729E-03
   1589.5506991553352        1.16097350E-02
   1589.6939148233373        1.48009444E-02
   1589.8371304913394        1.79616008E-02
   1589.9803461593415        2.10904330E-02
   1590.1235618273436        2.41861157E-02
   1590.2667774953457        2.72472985E-02
   1590.4099931633477        3.02726682E-02
   1590.5532088313498        3.32609825E-02
   1590.6964244993519        3.62110846E-02
   1590.8396401673540        3.91218849E-02
   1590.9828558353561        4.19922993E-02
   1591.1260715033582        4.48212065E-02
   1591.2692871713602        4.76074442E-02
   1591.4125028393623        5.03498279E-02
   1591.5557185073644        5.30472025E-02
   1591.6989341753665        5.56984767E-02
   1591.8421498433686        5.83026558E-02
   1591.9853655113707        6.08588085E-02
   1592.1285811793728        6.33660331E-02
   1592.2717968473748        6.58234134E-02
   1592.4150125153769        6.82299957E-02
   1592.5582281833790        7.05847815E-02
   1592.7014438513811        7.28868023E-02
   1592.8446595193832        7.51351416E-02
   1592.9878751873853        7.73290023E-02
   1593.1310908553874        7.94676542E-02
   1593.2743065233894        8.15504193E-02
   1593.4175221913915        8.35766122E-02
   1593.5607378593936        8.55455101E-02
   1593.7039535273957        8.74563679E-02
   1593.8471691953978        8.93084705E-02
   1593.9903848633999        9.11011621E-02
   1594.1336005314020        9.28338692E-02
   1594.2768161994040        9.45060998E-02
   1594.4200318674061        9.61174145E-02
   1594.5632475354082        9.76673663E-02
   1594.7064632034103        9.91554931E-02
   1594.8496788714124       0.100581311    
   1594.9928945394145       0.101944342    
   1595.1361102074166       0.103244178    
   1595.2793258754186       0.104480483    
   1595.4225415434207       0.105653010    
   1595.5657572114228       0.106761597    
   1595.7089728794249       0.107806079    
   1595.8521885474270       0.108786277    
   1595.9954042154291       0.109701999    
   1596.1386198834311       0.110553034    
   1596.2818355514332       0.111339219    
   1596.4250512194353       0.112060480    
   1596.5682668874374       0.112716839    
   1596.7114825554395       0.113308400    
   1596.8546982234416       0.113835305    
   1596.9979138914437       0.114297658    
   1597.1411295594457       0.114695556    
   1597.2843452274478       0.115029052    
   1597.4275608954499       0.115298249    
   1597.5707765634520       0.115503326    
   1597.7139922314541       0.115644567    
   1597.8572078994562       0.115722336    
   1598.0004235674583       0.115737021    
   1598.1436392354603       0.115689017    
   1598.2868549034624       0.115578666    
   1598.4300705714645       0.115406297    
   1598.5732862394666       0.115172267    
   1598.7165019074687       0.114876986    
   1598.8597175754708       0.114520960    
   1599.0029332434729       0.114104792    
   1599.1461489114749       0.113629133    
   1599.2893645794770       0.113094643    
   1599.4325802474791       0.112501957    
   1599.5757959154812       0.111851677    
   1599.7190115834833       0.111144409    
   1599.8622272514854       0.110380791    
   1600.0054429194875       0.109561555    
   1600.1486585874895       0.108687513    
   1600.2918742554916       0.107759520    
   1600.4350899234937       0.106778465    
   1600.5783055914958       0.105745211    
   1600.7215212594979       0.104660578    
   1600.8647369275000       0.103525378    
   1601.0079525955020       0.102340430    
   1601.1511682635041       0.101106636    
   1601.2943839315062        9.98249799E-02
   1601.4375995995083        9.84965041E-02
   1601.5808152675104        9.71222594E-02
   1601.7240309355125        9.57032815E-02
   1601.8672466035146        9.42405686E-02
   1602.0104622715166        9.27351117E-02
   1602.1536779395187        9.11879316E-02
   1602.2968936075208        8.96001011E-02
   1602.4401092755229        8.79727527E-02
   1602.5833249435250        8.63070711E-02
   1602.7265406115271        8.46042559E-02
   1602.8697562795292        8.28654692E-02
   1603.0129719475312        8.10918584E-02
   1603.1561876155333        7.92845413E-02
   1603.2994032835354        7.74446353E-02
   1603.4426189515375        7.55732954E-02
   1603.5858346195396        7.36717209E-02
   1603.7290502875417        7.17411712E-02
   1603.8722659555438        6.97829127E-02
   1604.0154816235458        6.77981898E-02
   1604.1586972915479        6.57882094E-02
   1604.3019129595500        6.37541637E-02
   1604.4451286275521        6.16972335E-02
   1604.5883442955542        5.96186407E-02
   1604.7315599635563        5.75196631E-02
   1604.8747756315584        5.54016046E-02
   1605.0179912995604        5.32657877E-02
   1605.1612069675625        5.11135086E-02
   1605.3044226355646        4.89460081E-02
   1605.4476383035667        4.67644744E-02
   1605.5908539715688        4.45700921E-02
   1605.7340696395709        4.23640683E-02
   1605.8772853075729        4.01476696E-02
   1606.0205009755750        3.79221924E-02
   1606.1637166435771        3.56889479E-02
   1606.3069323115792        3.34491991E-02
   1606.4501479795813        3.12041584E-02
   1606.5933636475834        2.89549846E-02
   1606.7365793155855        2.67028101E-02
   1606.8797949835875        2.44487766E-02
   1607.0230106515896        2.21940596E-02
   1607.1662263195917        1.99398659E-02
   1607.3094419875938        1.76874194E-02
   1607.4526576555959        1.54379243E-02
   1607.5958733235980        1.31925317E-02
   1607.7390889916001        1.09523386E-02
   1607.8823046596021        8.71839281E-03
   1608.0255203276042        6.49173604E-03
   1608.1687359956063        4.27342951E-03
   1608.3119516636084        2.06456822E-03
   1608.4551673316105       -1.33738809E-04
   1608.5983829996126       -2.32040114E-03
   1608.7415986676147       -4.49438253E-03
   1608.8848143356167       -6.65471377E-03
   1609.0280300036188       -8.80048238E-03
   1609.1712456716209       -1.09307943E-02
   1609.3144613396230       -1.30447466E-02
   1609.4576770076251       -1.51414042E-02
   1609.6008926756272       -1.72198154E-02
   1609.7441083436293       -1.92790423E-02
   1609.8873240116313       -2.13182028E-02
   1610.0305396796334       -2.33364813E-02
   1610.1737553476355       -2.53331196E-02
   1610.3169710156376       -2.73073874E-02
   1610.4601866836397       -2.92585492E-02
   1610.6034023516418       -3.11858617E-02
   1610.7466180196438       -3.30885798E-02
   1610.8898336876459       -3.49659771E-02
   1611.0330493556480       -3.68173607E-02
   1611.1762650236501       -3.86421047E-02
   1611.3194806916522       -4.04396243E-02
   1611.4626963596543       -4.22093719E-02
   1611.6059120276564       -4.39508110E-02
   1611.7491276956584       -4.56633903E-02
   1611.8923433636605       -4.73465547E-02
   1612.0355590316626       -4.89997566E-02
   1612.1787746996647       -5.06224968E-02
   1612.3219903676668       -5.22143431E-02
   1612.4652060356689       -5.37749268E-02
   1612.6084217036710       -5.53039126E-02
   1612.7516373716730       -5.68009838E-02
   1612.8948530396751       -5.82658052E-02
   1613.0380687076772       -5.96980341E-02
   1613.1812843756793       -6.10973313E-02
   1613.3245000436814       -6.24634027E-02
   1613.4677157116835       -6.37960136E-02
   1613.6109313796856       -6.50949776E-02
   1613.7541470476876       -6.63601533E-02
   1613.8973627156897       -6.75914139E-02
   1614.0405783836918       -6.87886104E-02
   1614.1837940516939       -6.99515790E-02
   1614.3270097196960       -7.10801631E-02
   1614.4702253876981       -7.21742511E-02
   1614.6134410557002       -7.32337832E-02
   1614.7566567237022       -7.42587522E-02
   1614.8998723917043       -7.52492175E-02
   1615.0430880597064       -7.62052387E-02
   1615.1863037277085       -7.71268755E-02
   1615.3295193957106       -7.80141652E-02
   1615.4727350637127       -7.88671523E-02
   1615.6159507317147       -7.96858966E-02
   1615.7591663997168       -8.04704875E-02
   1615.9023820677189       -8.12210888E-02
   1616.0455977357210       -8.19378942E-02
   1616.1888134037231       -8.26211274E-02
   1616.3320290717252       -8.32709968E-02
   1616.4752447397273       -8.38876963E-02
   1616.6184604077293       -8.44713822E-02
   1616.7616760757314       -8.50222409E-02
   1616.9048917437335       -8.55404809E-02
   1617.0481074117356       -8.60264003E-02
   1617.1913230797377       -8.64803270E-02
   1617.3345387477398       -8.69026259E-02
   1617.4777544157419       -8.72936472E-02
   1617.6209700837439       -8.76537189E-02
   1617.7641857517460       -8.79831538E-02
   1617.9074014197481       -8.82822499E-02
   1618.0506170877502       -8.85513425E-02
   1618.1938327557523       -8.87908116E-02
   1618.3370484237544       -8.90010670E-02
   1618.4802640917565       -8.91825557E-02
   1618.6234797597585       -8.93357024E-02
   1618.7666954277606       -8.94608870E-02
   1618.9099110957627       -8.95584747E-02
   1619.0531267637648       -8.96288157E-02
   1619.1963424317669       -8.96723047E-02
   1619.3395580997690       -8.96893740E-02
   1619.4827737677711       -8.96805003E-02
   1619.6259894357731       -8.96461904E-02
   1619.7692051037752       -8.95869434E-02
   1619.9124207717773       -8.95032138E-02
   1620.0556364397794       -8.93954262E-02
   1620.1988521077815       -8.92639756E-02
   1620.3420677757836       -8.91092718E-02
   1620.4852834437856       -8.89317542E-02
   1620.6284991117877       -8.87319148E-02
   1620.7717147797898       -8.85102823E-02
   1620.9149304477919       -8.82673711E-02
   1621.0581461157940       -8.80036578E-02
   1621.2013617837961       -8.77195671E-02
   1621.3445774517982       -8.74154940E-02
   1621.4877931198002       -8.70918185E-02
   1621.6310087878023       -8.67489874E-02
   1621.7742244558044       -8.63874704E-02
   1621.9174401238065       -8.60077664E-02
   1622.0606557918086       -8.56103599E-02
   1622.2038714598107       -8.51957127E-02
   1622.3470871278128       -8.47642124E-02
   1622.4903027958148       -8.43162239E-02
   1622.6335184638169       -8.38521123E-02
   1622.7767341318190       -8.33722576E-02
   1622.9199497998211       -8.28770995E-02
   1623.0631654678232       -8.23671073E-02
   1623.2063811358253       -8.18427503E-02
   1623.3495968038274       -8.13044608E-02
   1623.4928124718294       -8.07526112E-02
   1623.6360281398315       -8.01875368E-02
   1623.7792438078336       -7.96095505E-02
   1623.9224594758357       -7.90189654E-02
   1624.0656751438378       -7.84161314E-02
   1624.2088908118399       -7.78014436E-02
   1624.3521064798420       -7.71753043E-02
   1624.4953221478440       -7.65380785E-02
   1624.6385378158461       -7.58900791E-02
   1624.7817534838482       -7.52315670E-02
   1624.9249691518503       -7.45627806E-02
   1625.0681848198524       -7.38839507E-02
   1625.2114004878545       -7.31953755E-02
   1625.3546161558565       -7.24973902E-02
   1625.4978318238586       -7.17903450E-02
   1625.6410474918607       -7.10745752E-02
   1625.7842631598628       -7.03503489E-02
   1625.9274788278649       -6.96178526E-02
   1626.0706944958670       -6.88772425E-02
   1626.2139101638691       -6.81286976E-02
   1626.3571258318711       -6.73724413E-02
   1626.5003414998732       -6.66087642E-02
   1626.6435571678753       -6.58379570E-02
   1626.7867728358774       -6.50602877E-02
   1626.9299885038795       -6.42759576E-02
   1627.0732041718816       -6.34850934E-02
   1627.2164198398837       -6.26877770E-02
   1627.3596355078857       -6.18841015E-02
   1627.5028511758878       -6.10741936E-02
   1627.6460668438899       -6.02582432E-02
   1627.7892825118920       -5.94364703E-02
   1627.9324981798941       -5.86090945E-02
   1628.0757138478962       -5.77762723E-02
   1628.2189295158983       -5.69381006E-02
   1628.3621451839003       -5.60946204E-02
   1628.5053608519024       -5.52458614E-02
   1628.6485765199045       -5.43919057E-02
   1628.7917921879066       -5.35329022E-02
   1628.9350078559087       -5.26690558E-02
   1629.0782235239108       -5.18005826E-02
   1629.2214391919129       -5.09276427E-02
   1629.3646548599149       -5.00503220E-02
   1629.5078705279170       -4.91686314E-02
   1629.6510861959191       -4.82825600E-02
   1629.7943018639212       -4.73921336E-02
   1629.9375175319233       -4.64974418E-02
   1630.0807331999254       -4.55986336E-02
   1630.2239488679274       -4.46958728E-02
   1630.3671645359295       -4.37892862E-02
   1630.5103802039316       -4.28789370E-02
   1630.6535958719337       -4.19648141E-02
   1630.7968115399358       -4.10468951E-02
   1630.9400272079379       -4.01251763E-02
   1631.0832428759400       -3.91997136E-02
   1631.2264585439420       -3.82706337E-02
   1631.3696742119441       -3.73381115E-02
   1631.5128898799462       -3.64023037E-02
   1631.6561055479483       -3.54633071E-02
   1631.7993212159504       -3.45211551E-02
   1631.9425368839525       -3.35758366E-02
   1632.0857525519546       -3.26273590E-02
   1632.2289682199566       -3.16757783E-02
   1632.3721838879587       -3.07212230E-02
   1632.5153995559608       -2.97638569E-02
   1632.6586152239629       -2.88038291E-02
   1632.8018308919650       -2.78412309E-02
   1632.9450465599671       -2.68760864E-02
   1633.0882622279692       -2.59083789E-02
   1633.2314778959712       -2.49381103E-02
   1633.3746935639733       -2.39653438E-02
   1633.5179092319754       -2.29902212E-02
   1633.6611248999775       -2.20129471E-02
   1633.8043405679796       -2.10337210E-02
   1633.9475562359817       -2.00526882E-02
   1634.0907719039838       -1.90699175E-02
   1634.2339875719858       -1.80854332E-02
   1634.3772032399879       -1.70992650E-02
   1634.5204189079900       -1.61114987E-02
   1634.6636345759921       -1.51222972E-02
   1634.8068502439942       -1.41318822E-02
   1634.9500659119963       -1.31404810E-02
   1635.0932815799983       -1.21482732E-02
   1635.2364972480004       -1.11553669E-02
   1635.3797129160025       -1.01618143E-02
   1635.5229285840046       -9.16765723E-03
   1635.6661442520067       -8.17298517E-03
   1635.8093599200088       -7.17797084E-03
   1635.9525755880109       -6.18285639E-03
   1636.0957912560129       -5.18791005E-03
   1636.2390069240150       -4.19336092E-03
   1636.3822225920171       -3.19935521E-03
   1636.5254382600192       -2.20597070E-03
   1636.6686539280213       -1.21325918E-03
   1636.8118695960234       -2.21313807E-04
   1636.9550852640255        7.69684906E-04
   1637.0983009320275        1.75946509E-03
   1637.2415166000296        2.74771359E-03
   1637.3847322680317        3.73413856E-03
   1637.5279479360338        4.71851975E-03
   1637.6711636040359        5.70072560E-03
   1637.8143792720380        6.68067392E-03
   1637.9575949400401        7.65827158E-03
   1638.1008106080421        8.63335561E-03
   1638.2440262760442        9.60567407E-03
   1638.3872419440463        1.05749173E-02
   1638.5304576120484        1.15407901E-02
   1638.6736732800505        1.25030624E-02
   1638.8168889480526        1.34615926E-02
   1638.9601046160547        1.44162988E-02
   1639.1033202840567        1.53670926E-02
   1639.2465359520588        1.63138192E-02
   1639.3897516200609        1.72562357E-02
   1639.5329672880630        1.81940272E-02
   1639.6761829560651        1.91268679E-02
   1639.8193986240672        2.00544819E-02
   1639.9626142920692        2.09766906E-02
   1640.1058299600713        2.18933970E-02
   1640.2490456280734        2.28045285E-02
   1640.3922612960755        2.37099696E-02
   1640.5354769640776        2.46095248E-02
   1640.6786926320797        2.55029164E-02
   1640.8219083000818        2.63898391E-02
   1640.9651239680838        2.72700284E-02
   1641.1083396360859        2.81433035E-02
   1641.2515553040880        2.90095620E-02
   1641.3947709720901        2.98687499E-02
   1641.5379866400922        3.07207890E-02
   1641.6812023080943        3.15655284E-02
   1641.8244179760964        3.24027389E-02
   1641.9676336440984        3.32321562E-02
   1642.1108493121005        3.40535343E-02
   1642.2540649801026        3.48667093E-02
   1642.3972806481047        3.56716104E-02
   1642.5404963161068        3.64682227E-02
   1642.6837119841089        3.72565240E-02
   1642.8269276521110        3.80364247E-02
   1642.9701433201130        3.88077535E-02
   1643.1133589881151        3.95702869E-02
   1643.2565746561172        4.03238125E-02
   1643.3997903241193        4.10681888E-02
   1643.5430059921214        4.18033637E-02
   1643.6862216601235        4.25293520E-02
   1643.8294373281256        4.32461686E-02
   1643.9726529961276        4.39537801E-02
   1644.1158686641297        4.46520820E-02
   1644.2590843321318        4.53409143E-02
   1644.4023000001339        4.60201129E-02
   1644.5455156681360        4.66895886E-02
   1644.6887313361381        4.73493375E-02
   1644.8319470041401        4.79994267E-02
   1644.9751626721422        4.86399382E-02
   1645.1183783401443        4.92709205E-02
   1645.2615940081464        4.98923287E-02
   1645.4048096761485        5.05040549E-02
   1645.5480253441506        5.11059910E-02
   1645.6912410121527        5.16980775E-02
   1645.8344566801547        5.22803366E-02
   1645.9776723481568        5.28528839E-02
   1646.1208880161589        5.34158647E-02
   1646.2641036841610        5.39693795E-02
   1646.4073193521631        5.45134656E-02
   1646.5505350201652        5.50480783E-02
   1646.6937506881673        5.55731542E-02
   1646.8369663561693        5.60886636E-02
   1646.9801820241714        5.65946698E-02
   1647.1233976921735        5.70913330E-02
   1647.2666133601756        5.75788543E-02
   1647.4098290281777        5.80574125E-02
   1647.5530446961798        5.85271008E-02
   1647.6962603641819        5.89879304E-02
   1647.8394760321839        5.94398528E-02
   1647.9826917001860        5.98828457E-02
   1648.1259073681881        6.03169724E-02
   1648.2691230361902        6.07423969E-02
   1648.4123387041923        6.11593686E-02
   1648.5555543721944        6.15681298E-02
   1648.6987700401965        6.19688556E-02
   1648.8419857081985        6.23616204E-02
   1648.9852013762006        6.27464354E-02
   1649.1284170442027        6.31233007E-02
   1649.2716327122048        6.34922907E-02
   1649.4148483802069        6.38535768E-02
   1649.5580640482090        6.42074198E-02
   1649.7012797162110        6.45541027E-02
   1649.8444953842131        6.48938641E-02
   1649.9877110522152        6.52268305E-02
   1650.1309267202173        6.55530393E-02
   1650.2741423882194        6.58724904E-02
   1650.4173580562215        6.61852211E-02
   1650.5605737242236        6.64913729E-02
   1650.7037893922256        6.67911991E-02
   1650.8470050602277        6.70849904E-02
   1650.9902207282298        6.73730001E-02
   1651.1334363962319        6.76553845E-02
   1651.2766520642340        6.79322109E-02
   1651.4198677322361        6.82034865E-02
   1651.5630834002382        6.84692338E-02
   1651.7062990682402        6.87295720E-02
   1651.8495147362423        6.89847022E-02
   1651.9927304042444        6.92348927E-02
   1652.1359460722465        6.94804117E-02
   1652.2791617402486        6.97214529E-02
   1652.4223774082507        6.99581131E-02
   1652.5655930762528        7.01904371E-02
   1652.7088087442548        7.04184547E-02
   1652.8520244122569        7.06422478E-02
   1652.9952400802590        7.08619803E-02
   1653.1384557482611        7.10778832E-02
   1653.2816714162632        7.12902024E-02
   1653.4248870842653        7.14991167E-02
   1653.5681027522674        7.17047155E-02
   1653.7113184202694        7.19069988E-02
   1653.8545340882715        7.21059516E-02
   1653.9977497562736        7.23015964E-02
   1654.1409654242757        7.24940449E-02
   1654.2841810922778        7.26834759E-02
   1654.4273967602799        7.28701055E-02
   1654.5706124282819        7.30541125E-02
   1654.7138280962840        7.32355863E-02
   1654.8570437642861        7.34145343E-02
   1655.0002594322882        7.35909194E-02
   1655.1434751002903        7.37647489E-02
   1655.2866907682924        7.39360973E-02
   1655.4299064362945        7.41051212E-02
   1655.5731221042965        7.42720068E-02
   1655.7163377722986        7.44368881E-02
   1655.8595534403007        7.45998323E-02
   1656.0027691083028        7.47608170E-02
   1656.1459847763049        7.49197602E-02
   1656.2892004443070        7.50766098E-02
   1656.4324161123091        7.52313882E-02
   1656.5756317803111        7.53841996E-02
   1656.7188474483132        7.55352005E-02
   1656.8620631163153        7.56845251E-02
   1657.0052787843174        7.58322403E-02
   1657.1484944523195        7.59783089E-02
   1657.2917101203216        7.61226267E-02
   1657.4349257883237        7.62651041E-02
   1657.5781414563257        7.64057040E-02
   1657.7213571243278        7.65444934E-02
   1657.8645727923299        7.66815916E-02
   1658.0077884603320        7.68171400E-02
   1658.1510041283341        7.69512057E-02
   1658.2942197963362        7.70837516E-02
   1658.4374354643383        7.72146806E-02
   1658.5806511323403        7.73438662E-02
   1658.7238668003424        7.74712414E-02
   1658.8670824683445        7.75968209E-02
   1659.0102981363466        7.77207017E-02
   1659.1535138043487        7.78429955E-02
   1659.2967294723508        7.79637694E-02
   1659.4399451403528        7.80830085E-02
   1659.5831608083549        7.82005861E-02
   1659.7263764763570        7.83163458E-02
   1659.8695921443591        7.84301683E-02
   1660.0128078123612        7.85420164E-02
   1660.1560234803633        7.86519498E-02
   1660.2992391483654        7.87600875E-02
   1660.4424548163674        7.88665190E-02
   1660.5856704843695        7.89712667E-02
   1660.7288861523716        7.90742710E-02
   1660.8721018203737        7.91753978E-02
   1661.0153174883758        7.92745203E-02
   1661.1585331563779        7.93715939E-02
   1661.3017488243800        7.94666484E-02
   1661.4449644923820        7.95598105E-02
   1661.5881801603841        7.96511844E-02
   1661.7313958283862        7.97408074E-02
   1661.8746114963883        7.98286200E-02
   1662.0178271643904        7.99144879E-02
   1662.1610428323925        7.99982771E-02
   1662.3042585003946        8.00799131E-02
   1662.4474741683966        8.01594108E-02
   1662.5906898363987        8.02368820E-02
   1662.7339055044008        8.03124532E-02
   1662.8771211724029        8.03861991E-02
   1663.0203368404050        8.04581195E-02
   1663.1635525084071        8.05281177E-02
   1663.3067681764092        8.05960819E-02
   1663.4499838444112        8.06619301E-02
   1663.5931995124133        8.07256997E-02
   1663.7364151804154        8.07875022E-02
   1663.8796308484175        8.08474943E-02
   1664.0228465164196        8.09057876E-02
   1664.1660621844217        8.09624195E-02
   1664.3092778524237        8.10173452E-02
   1664.4524935204258        8.10704753E-02
   1664.5957091884279        8.11217427E-02
   1664.7389248564300        8.11711401E-02
   1664.8821405244321        8.12187642E-02
   1665.0253561924342        8.12647715E-02
   1665.1685718604363        8.13093111E-02
   1665.3117875284383        8.13524649E-02
   1665.4550031964404        8.13942179E-02
   1665.5982188644425        8.14344957E-02
   1665.7414345324446        8.14732239E-02
   1665.8846502004467        8.15104023E-02
   1666.0278658684488        8.15461352E-02
   1666.1710815364509        8.15805942E-02
   1666.3142972044529        8.16139728E-02
   1666.4575128724550        8.16463977E-02
   1666.6007285404571        8.16778988E-02
   1666.7439442084592        8.17084536E-02
   1666.8871598764613        8.17380250E-02
   1667.0303755444634        8.17666352E-02
   1667.1735912124655        8.17943886E-02
   1667.3168068804675        8.18214715E-02
   1667.4600225484696        8.18480700E-02
   1667.6032382164717        8.18743259E-02
   1667.7464538844738        8.19002911E-02
   1667.8896695524759        8.19259435E-02
   1668.0328852204780        8.19512308E-02
   1668.1761008884801        8.19761381E-02
   1668.3193165564821        8.20007399E-02
   1668.4625322244842        8.20251778E-02
   1668.6057478924863        8.20496455E-02
   1668.7489635604884        8.20742995E-02
   1668.8921792284905        8.20992365E-02
   1669.0353948964926        8.21244568E-02
   1669.1786105644946        8.21499303E-02
   1669.3218262324967        8.21756423E-02
   1669.4650419004988        8.22016746E-02
   1669.6082575685009        8.22281763E-02
   1669.7514732365030        8.22553560E-02
   1669.8946889045051        8.22834000E-02
   1670.0379045725072        8.23124200E-02
   1670.1811202405092        8.23424160E-02
   1670.3243359085113        8.23733360E-02
   1670.4675515765134        8.24051425E-02
   1670.6107672445155        8.24378580E-02
   1670.7539829125176        8.24716017E-02
   1670.8971985805197        8.25065449E-02
   1671.0404142485218        8.25428739E-02
   1671.1836299165238        8.25806931E-02
   1671.3268455845259        8.26200247E-02
   1671.4700612525280        8.26608017E-02
   1671.6132769205301        8.27029720E-02
   1671.7564925885322        8.27465057E-02
   1671.8997082565343        8.27914849E-02
   1672.0429239245364        8.28380436E-02
   1672.1861395925384        8.28863531E-02
   1672.3293552605405        8.29365104E-02
   1672.4725709285426        8.29885453E-02
   1672.6157865965447        8.30423906E-02
   1672.7590022645468        8.30979496E-02
   1672.9022179325489        8.31551775E-02
   1673.0454336005510        8.32140744E-02
   1673.1886492685530        8.32747445E-02
   1673.3318649365551        8.33373144E-02
   1673.4750806045572        8.34019035E-02
   1673.6182962725593        8.34685192E-02
   1673.7615119405614        8.35370943E-02
   1673.9047276085635        8.36074948E-02
   1674.0479432765655        8.36796016E-02
   1674.1911589445676        8.37533846E-02
   1674.3343746125697        8.38288963E-02
   1674.4775902805718        8.39062408E-02
   1674.6208059485739        8.39855000E-02
   1674.7640216165760        8.40667039E-02
   1674.9072372845781        8.41497928E-02
   1675.0504529525801        8.42346251E-02
   1675.1936686205822        8.43210667E-02
   1675.3368842885843        8.44090208E-02
   1675.4800999565864        8.44984725E-02
   1675.6233156245885        8.45894590E-02
   1675.7665312925906        8.46820250E-02
   1675.9097469605927        8.47761557E-02
   1676.0529626285947        8.48717615E-02
   1676.1961782965968        8.49687010E-02
   1676.3393939645989        8.50668028E-02
   1676.4826096326010        8.51659551E-02
   1676.6258253006031        8.52661133E-02
   1676.7690409686052        8.53672922E-02
   1676.9122566366073        8.54695365E-02
   1677.0554723046093        8.55728462E-02
   1677.1986879726114        8.56771320E-02
   1677.3419036406135        8.57822374E-02
   1677.4851193086156        8.58879760E-02
   1677.6283349766177        8.59941840E-02
   1677.7715506446198        8.61007646E-02
   1677.9147663126219        8.62077028E-02
   1678.0579819806239        8.63150209E-02
   1678.2011976486260        8.64226893E-02
   1678.3444133166281        8.65306184E-02
   1678.4876289846302        8.66386443E-02
   1678.6308446526323        8.67465660E-02
   1678.7740603206344        8.68542045E-02
   1678.9172759886364        8.69614705E-02
   1679.0604916566385        8.70683342E-02
   1679.2037073246406        8.71748105E-02
   1679.3469229926427        8.72808918E-02
   1679.4901386606448        8.73865113E-02
   1679.6333543286469        8.74915347E-02
   1679.7765699966490        8.75957683E-02
   1679.9197856646510        8.76990333E-02
   1680.0630013326531        8.78012031E-02
   1680.2062170006552        8.79022405E-02
   1680.3494326686573        8.80021453E-02
   1680.4926483366594        8.81009176E-02
   1680.6358640046615        8.81985277E-02
   1680.7790796726636        8.82948488E-02
   1680.9222953406656        8.83897021E-02
   1681.0655110086677        8.84829164E-02
   1681.2087266766698        8.85743648E-02
   1681.3519423446719        8.86639953E-02
   1681.4951580126740        8.87518227E-02
   1681.6383736806761        8.88378918E-02
   1681.7815893486782        8.89222026E-02
   1681.9248050166802        8.90046656E-02
   1682.0680206846823        8.90851393E-02
   1682.2112363526844        8.91634598E-02
   1682.3544520206865        8.92394930E-02
   1682.4976676886886        8.93131942E-02
   1682.6408833566907        8.93845782E-02
   1682.7840990246928        8.94536972E-02
   1682.9273146926948        8.95205885E-02
   1683.0705303606969        8.95852372E-02
   1683.2137460286990        8.96475688E-02
   1683.3569616967011        8.97074938E-02
   1683.5001773647032        8.97649229E-02
   1683.6433930327053        8.98198113E-02
   1683.7866087007073        8.98721814E-02
   1683.9298243687094        8.99220854E-02
   1684.0730400367115        8.99695754E-02
   1684.2162557047136        9.00146589E-02
   1684.3594713727157        9.00572836E-02
   1684.5026870407178        9.00973529E-02
   1684.6459027087199        9.01347697E-02
   1684.7891183767219        9.01694819E-02
   1684.9323340447240        9.02015269E-02
   1685.0755497127261        9.02310014E-02
   1685.2187653807282        9.02580246E-02
   1685.3619810487303        9.02826861E-02
   1685.5051967167324        9.03050154E-02
   1685.6484123847345        9.03249830E-02
   1685.7916280527365        9.03425589E-02
   1685.9348437207386        9.03577432E-02
   1686.0780593887407        9.03705806E-02
   1686.2212750567428        9.03811753E-02
   1686.3644907247449        9.03896466E-02
   1686.5077063927470        9.03960913E-02
   1686.6509220607491        9.04005244E-02
   1686.7941377287511        9.04029384E-02
   1686.9373533967532        9.04033035E-02
   1687.0805690647553        9.04016346E-02
   1687.2237847327574        9.03980061E-02
   1687.3670004007595        9.03925449E-02
   1687.5102160687616        9.03853774E-02
   1687.6534317367637        9.03766155E-02
   1687.7966474047657        9.03663412E-02
   1687.9398630727678        9.03545842E-02
   1688.0830787407699        9.03413445E-02
   1688.2262944087720        9.03266445E-02
   1688.3695100767741        9.03105661E-02
   1688.5127257447762        9.02932435E-02
   1688.6559414127782        9.02748480E-02
   1688.7991570807803        9.02555436E-02
   1688.9423727487824        9.02354345E-02
   1689.0855884167845        9.02145654E-02
   1689.2288040847866        9.01929438E-02
   1689.3720197527887        9.01705921E-02
   1689.5152354207908        9.01475549E-02
   1689.6584510887928        9.01239589E-02
   1689.8016667567949        9.00999382E-02
   1689.9448824247970        9.00756344E-02
   1690.0880980927991        9.00511369E-02
   1690.2313137608012        9.00264829E-02
   1690.3745294288033        9.00016651E-02
   1690.5177450968054        8.99766833E-02
   1690.6609607648074        8.99515897E-02
   1690.8041764328095        8.99264887E-02
   1690.9473921008116        8.99015516E-02
   1691.0906077688137        8.98769274E-02
   1691.2338234368158        8.98527652E-02
   1691.3770391048179        8.98291320E-02
   1691.5202547728200        8.98060650E-02
   1691.6634704408220        8.97835791E-02
   1691.8066861088241        8.97616968E-02
   1691.9499017768262        8.97404775E-02
   1692.0931174448283        8.97200182E-02
   1692.2363331128304        8.97004455E-02
   1692.3795487808325        8.96818712E-02
   1692.5227644488346        8.96643549E-02
   1692.6659801168366        8.96479115E-02
   1692.8091957848387        8.96325037E-02
   1692.9524114528408        8.96181166E-02
   1693.0956271208429        8.96047726E-02
   1693.2388427888450        8.95925462E-02
   1693.3820584568471        8.95815268E-02
   1693.5252741248491        8.95717964E-02
   1693.6684897928512        8.95634070E-02
   1693.8117054608533        8.95563811E-02
   1693.9549211288554        8.95506963E-02
   1694.0981367968575        8.95463452E-02
   1694.2413524648596        8.95433426E-02
   1694.3845681328617        8.95417184E-02
   1694.5277838008637        8.95415246E-02
   1694.6709994688658        8.95428061E-02
   1694.8142151368679        8.95455852E-02
   1694.9574308048700        8.95498469E-02
   1695.1006464728721        8.95555466E-02
   1695.2438621408742        8.95626470E-02
   1695.3870778088763        8.95711333E-02
   1695.5302934768783        8.95810127E-02
   1695.6735091448804        8.95923078E-02
   1695.8167248128825        8.96050408E-02
   1695.9599404808846        8.96192119E-02
   1696.1031561488867        8.96347761E-02
   1696.2463718168888        8.96516740E-02
   1696.3895874848909        8.96698385E-02
   1696.5328031528929        8.96892175E-02
   1696.6760188208950        8.97097662E-02
   1696.8192344888971        8.97314847E-02
   1696.9624501568992        8.97543579E-02
   1697.1056658249013        8.97783637E-02
   1697.2488814929034        8.98034573E-02
   1697.3920971609055        8.98295566E-02
   1697.5353128289075        8.98565874E-02
   1697.6785284969096        8.98845047E-02
   1697.8217441649117        8.99132788E-02
   1697.9649598329138        8.99429172E-02
   1698.1081755009159        8.99733901E-02
   1698.2513911689180        9.00046602E-02
   1698.3946068369200        9.00366530E-02
   1698.5378225049221        9.00692567E-02
   1698.6810381729242        9.01023522E-02
   1698.8242538409263        9.01358202E-02
   1698.9674695089284        9.01695862E-02
   1699.1106851769305        9.02035907E-02
   1699.2539008449326        9.02378038E-02
   1699.3971165129346        9.02721956E-02
   1699.5403321809367        9.03067142E-02
   1699.6835478489388        9.03412923E-02
   1699.8267635169409        9.03758407E-02
   1699.9699791849430        9.04102698E-02
   1700.1131948529451        9.04445052E-02
   1700.2564105209472        9.04784948E-02
   1700.3996261889492        9.05122012E-02
   1700.5428418569513        9.05455947E-02
   1700.6860575249534        9.05786157E-02
   1700.8292731929555        9.06111896E-02
   1700.9724888609576        9.06432122E-02
   1701.1157045289597        9.06745717E-02
   1701.2589201969618        9.07051936E-02
   1701.4021358649638        9.07350183E-02
   1701.5453515329659        9.07640234E-02
   1701.6885672009680        9.07921791E-02
   1701.8317828689701        9.08194333E-02
   1701.9749985369722        9.08457041E-02
   1702.1182142049743        9.08708870E-02
   1702.2614298729764        9.08949003E-02
   1702.4046455409784        9.09176618E-02
   1702.5478612089805        9.09391344E-02
   1702.6910768769826        9.09592807E-02
   1702.8342925449847        9.09780711E-02
   1702.9775082129868        9.09954831E-02
   1703.1207238809889        9.10114571E-02
   1703.2639395489909        9.10259336E-02
   1703.4071552169930        9.10388529E-02
   1703.5503708849951        9.10501704E-02
   1703.6935865529972        9.10598636E-02
   1703.8368022209993        9.10679325E-02
   1703.9800178890014        9.10743549E-02
   1704.1232335570035        9.10791010E-02
   1704.2664492250055        9.10821185E-02
   1704.4096648930076        9.10833552E-02
   1704.5528805610097        9.10827518E-02
   1704.6960962290118        9.10802856E-02
   1704.8393118970139        9.10759568E-02
   1704.9825275650160        9.10697728E-02
   1705.1257432330181        9.10617560E-02
   1705.2689589010201        9.10519063E-02
   1705.4121745690222        9.10402015E-02
   1705.5553902370243        9.10266265E-02
   1705.6986059050264        9.10111517E-02
   1705.8418215730285        9.09937769E-02
   1705.9850372410306        9.09745097E-02
   1706.1282529090327        9.09533799E-02
   1706.2714685770347        9.09304023E-02
   1706.4146842450368        9.09055844E-02
   1706.5578999130389        9.08788964E-02
   1706.7011155810410        9.08503160E-02
   1706.8443312490431        9.08198357E-02
   1706.9875469170452        9.07874554E-02
   1707.1307625850473        9.07532051E-02
   1707.2739782530493        9.07171369E-02
   1707.4171939210514        9.06793103E-02
   1707.5604095890535        9.06397551E-02
   1707.7036252570556        9.05985013E-02
   1707.8468409250577        9.05555561E-02
   1707.9900565930598        9.05109346E-02
   1708.1332722610618        9.04646665E-02
   1708.2764879290639        9.04168263E-02
   1708.4197035970660        9.03674886E-02
   1708.5629192650681        9.03167054E-02
   1708.7061349330702        9.02645141E-02
   1708.8493506010723        9.02109221E-02
   1708.9925662690744        9.01558995E-02
   1709.1357819370764        9.00994316E-02
   1709.2789976050785        9.00415406E-02
   1709.4222132730806        8.99822786E-02
   1709.5654289410827        8.99217352E-02
   1709.7086446090848        8.98599997E-02
   1709.8518602770869        8.97971466E-02
   1709.9950759450890        8.97332132E-02
   1710.1382916130910        8.96682292E-02
   1710.2815072810931        8.96021947E-02
   1710.4247229490952        8.95351544E-02
   1710.5679386170973        8.94671679E-02
   1710.7111542850994        8.93983319E-02
   1710.8543699531015        8.93287435E-02
   1710.9975856211036        8.92584696E-02
   1711.1408012891056        8.91875327E-02
   1711.2840169571077        8.91159102E-02
   1711.4272326251098        8.90435651E-02
   1711.5704482931119        8.89705122E-02
   1711.7136639611140        8.88967961E-02
   1711.8568796291161        8.88225064E-02
   1712.0000952971182        8.87477696E-02
   1712.1433109651202        8.86726752E-02
   1712.2865266331223        8.85972753E-02
   1712.4297423011244        8.85215700E-02
   1712.5729579691265        8.84455442E-02
   1712.7161736371286        8.83691907E-02
   1712.8593893051307        8.82925168E-02
   1713.0026049731327        8.82155821E-02
   1713.1458206411348        8.81384611E-02
   1713.2890363091369        8.80612284E-02
   1713.4322519771390        8.79839361E-02
   1713.5754676451411        8.79065990E-02
   1713.7186833131432        8.78292173E-02
   1713.8618989811453        8.77517834E-02
   1714.0051146491473        8.76743272E-02
   1714.1483303171494        8.75969157E-02
   1714.2915459851515        8.75196233E-02
   1714.4347616531536        8.74425098E-02
   1714.5779773211557        8.73656049E-02
   1714.7211929891578        8.72888863E-02
   1714.8644086571599        8.72123018E-02
   1715.0076243251619        8.71357992E-02
   1715.1508399931640        8.70593712E-02
   1715.2940556611661        8.69830400E-02
   1715.4372713291682        8.69068652E-02
   1715.5804869971703        8.68308991E-02
   1715.7237026651724        8.67551714E-02
   1715.8669183331745        8.66796598E-02
   1716.0101340011765        8.66043195E-02
   1716.1533496691786        8.65291208E-02
   1716.2965653371807        8.64540488E-02
   1716.4397810051828        8.63791481E-02
   1716.5829966731849        8.63044783E-02
   1716.7262123411870        8.62300768E-02
   1716.8694280091891        8.61559510E-02
   1717.0126436771911        8.60820487E-02
   1717.1558593451932        8.60082731E-02
   1717.2990750131953        8.59345421E-02
   1717.4422906811974        8.58608261E-02
   1717.5855063491995        8.57871324E-02
   1717.7287220172016        8.57135281E-02
   1717.8719376852036        8.56400579E-02
   1718.0151533532057        8.55667144E-02
   1718.1583690212078        8.54934379E-02
   1718.3015846892099        8.54201168E-02
   1718.4448003572120        8.53466243E-02
   1718.5880160252141        8.52728859E-02
   1718.7312316932162        8.51988941E-02
   1718.8744473612182        8.51247013E-02
   1719.0176630292203        8.50503817E-02
   1719.1608786972224        8.49759877E-02
   1719.3040943652245        8.49014893E-02
   1719.4473100332266        8.48267674E-02
   1719.5905257012287        8.47516805E-02
   1719.7337413692308        8.46761167E-02
   1719.8769570372328        8.46000239E-02
   1720.0201727052349        8.45234320E-02
   1720.1633883732370        8.44463930E-02
   1720.3066040412391        8.43689293E-02
   1720.4498197092412        8.42909962E-02
   1720.5930353772433        8.42124820E-02
   1720.7362510452454        8.41332227E-02
   1720.8794667132474        8.40530768E-02
   1721.0226823812495        8.39719549E-02
   1721.1658980492516        8.38898495E-02
   1721.3091137172537        8.38068277E-02
   1721.4523293852558        8.37229341E-02
   1721.5955450532579        8.36381614E-02
   1721.7387607212600        8.35524276E-02
   1721.8819763892620        8.34655911E-02
   1722.0251920572641        8.33775029E-02
   1722.1684077252662        8.32880661E-02
   1722.3116233932683        8.31972510E-02
   1722.4548390612704        8.31050873E-02
   1722.5980547292725        8.30116421E-02
   1722.7412703972745        8.29169303E-02
   1722.8844860652766        8.28208774E-02
   1723.0277017332787        8.27233419E-02
   1723.1709174012808        8.26241523E-02
   1723.3141330692829        8.25231746E-02
   1723.4573487372850        8.24203342E-02
   1723.6005644052871        8.23156461E-02
   1723.7437800732891        8.22091475E-02
   1723.8869957412912        8.21008682E-02
   1724.0302114092933        8.19907486E-02
   1724.1734270772954        8.18786770E-02
   1724.3166427452975        8.17645043E-02
   1724.4598584132996        8.16481113E-02
   1724.6030740813017        8.15294534E-02
   1724.7462897493037        8.14085677E-02
   1724.8895054173058        8.12855214E-02
   1725.0327210853079        8.11603516E-02
   1725.1759367533100        8.10330212E-02
   1725.3191524213121        8.09034184E-02
   1725.4623680893142        8.07713866E-02
   1725.6055837573163        8.06367844E-02
   1725.7487994253183        8.04995447E-02
   1725.8920150933204        8.03596899E-02
   1726.0352307613225        8.02172869E-02
   1726.1784464293246        8.00724030E-02
   1726.3216620973267        7.99250454E-02
   1726.4648777653288        7.97751173E-02
   1726.6080934333309        7.96224698E-02
   1726.7513091013329        7.94669539E-02
   1726.8945247693350        7.93084875E-02
   1727.0377404373371        7.91470706E-02
   1727.1809561053392        7.89827928E-02
   1727.3241717733413        7.88157433E-02
   1727.4673874413434        7.86459595E-02
   1727.6106031093454        7.84733519E-02
   1727.7538187773475        7.82977790E-02
   1727.8970344453496        7.81190842E-02
   1728.0402501133517        7.79372007E-02
   1728.1834657813538        7.77521655E-02
   1728.3266814493559        7.75641054E-02
   1728.4698971173580        7.73731545E-02
   1728.6131127853600        7.71793947E-02
   1728.7563284533621        7.69827887E-02
   1728.8995441213642        7.67831951E-02
   1729.0427597893663        7.65804425E-02
   1729.1859754573684        7.63744116E-02
   1729.3291911253705        7.61650950E-02
   1729.4724067933726        7.59525895E-02
   1729.6156224613746        7.57370368E-02
   1729.7588381293767        7.55185559E-02
   1729.9020537973788        7.52971545E-02
   1730.0452694653809        7.50727579E-02
   1730.1884851333830        7.48452172E-02
   1730.3317008013851        7.46144280E-02
   1730.4749164693872        7.43803605E-02
   1730.6181321373892        7.41431192E-02
   1730.7613478053913        7.39028677E-02
   1730.9045634733934        7.36597627E-02
   1731.0477791413955        7.34138712E-02
   1731.1909948093976        7.31651410E-02
   1731.3342104773997        7.29134381E-02
   1731.4774261454018        7.26586133E-02
   1731.6206418134038        7.24006295E-02
   1731.7638574814059        7.21395686E-02
   1731.9070731494080        7.18756020E-02
   1732.0502888174101        7.16089308E-02
   1732.1935044854122        7.13396668E-02
   1732.3367201534143        7.10678026E-02
   1732.4799358214163        7.07932487E-02
   1732.6231514894184        7.05158785E-02
   1732.7663671574205        7.02356249E-02
   1732.9095828254226        6.99525326E-02
   1733.0527984934247        6.96667507E-02
   1733.1960141614268        6.93784654E-02
   1733.3392298294289        6.90878183E-02
   1733.4824454974309        6.87948614E-02
   1733.6256611654330        6.84995353E-02
   1733.7688768334351        6.82017431E-02
   1733.9120925014372        6.79014027E-02
   1734.0553081694393        6.75985366E-02
   1734.1985238374414        6.72932863E-02
   1734.3417395054435        6.69858456E-02
   1734.4849551734455        6.66763857E-02
   1734.6281708414476        6.63649961E-02
   1734.7713865094497        6.60516396E-02
   1734.9146021774518        6.57362267E-02
   1735.0578178454539        6.54186755E-02
   1735.2010335134560        6.50989935E-02
   1735.3442491814581        6.47773147E-02
   1735.4874648494601        6.44538403E-02
   1735.6306805174622        6.41287640E-02
   1735.7738961854643        6.38022125E-02
   1735.9171118534664        6.34741709E-02
   1736.0603275214685        6.31445646E-02
   1736.2035431894706        6.28132969E-02
   1736.3467588574727        6.24803789E-02
   1736.4899745254747        6.21459223E-02
   1736.6331901934768        6.18101284E-02
   1736.7764058614789        6.14732057E-02
   1736.9196215294810        6.11352921E-02
   1737.0628371974831        6.07964024E-02
   1737.2060528654852        6.04564734E-02
   1737.3492685334872        6.01154156E-02
   1737.4924842014893        5.97732142E-02
   1737.6356998694914        5.94299659E-02
   1737.7789155374935        5.90858571E-02
   1737.9221312054956        5.87410964E-02
   1738.0653468734977        5.83958440E-02
   1738.2085625414998        5.80501482E-02
   1738.3517782095018        5.77039495E-02
   1738.4949938775039        5.73571622E-02
   1738.6382095455060        5.70097379E-02
   1738.7814252135081        5.66617474E-02
   1738.9246408815102        5.63133769E-02
   1739.0678565495123        5.59648611E-02
   1739.2110722175144        5.56163862E-02
   1739.3542878855164        5.52680194E-02
   1739.4975035535185        5.49196936E-02
   1739.6407192215206        5.45712709E-02
   1739.7839348895227        5.42226508E-02
   1739.9271505575248        5.38738519E-02
   1740.0703662255269        5.35250269E-02
   1740.2135818935290        5.31764105E-02
   1740.3567975615310        5.28282225E-02
   1740.5000132295331        5.24805784E-02
   1740.6432288975352        5.21334596E-02
   1740.7864445655373        5.17867692E-02
   1740.9296602335394        5.14404103E-02
   1741.0728759015415        5.10943793E-02
   1741.2160915695436        5.07488027E-02
   1741.3593072375456        5.04039004E-02
   1741.5025229055477        5.00598922E-02
   1741.6457385735498        4.97169122E-02
   1741.7889542415519        4.93749604E-02
   1741.9321699095540        4.90339212E-02
   1742.0753855775561        4.86936495E-02
   1742.2186012455581        4.83540818E-02
   1742.3618169135602        4.80152778E-02
   1742.5050325815623        4.76774275E-02
   1742.6482482495644        4.73407619E-02
   1742.7914639175665        4.70054485E-02
   1742.9346795855686        4.66715321E-02
   1743.0778952535707        4.63389046E-02
   1743.2211109215727        4.60074097E-02
   1743.3643265895748        4.56769243E-02
   1743.5075422575769        4.53474671E-02
   1743.6507579255790        4.50191982E-02
   1743.7939735935811        4.46923487E-02
   1743.9371892615832        4.43671085E-02
   1744.0804049295853        4.40435521E-02
   1744.2236205975873        4.37216051E-02
   1744.3668362655894        4.34011109E-02
   1744.5100519335915        4.30819392E-02
   1744.6532676015936        4.27640639E-02
   1744.7964832695957        4.24475931E-02
   1744.9396989375978        4.21327315E-02
   1745.0829146055999        4.18196693E-02
   1745.2261302736019        4.15084921E-02
   1745.3693459416040        4.11991440E-02
   1745.5125616096061        4.08914648E-02
   1745.6557772776082        4.05852832E-02
   1745.7989929456103        4.02805209E-02
   1745.9422086136124        3.99772413E-02
   1746.0854242816145        3.96756195E-02
   1746.2286399496165        3.93758528E-02
   1746.3718556176186        3.90780680E-02
   1746.5150712856207        3.87822464E-02
   1746.6582869536228        3.84882540E-02
   1746.8015026216249        3.81959155E-02
   1746.9447182896270        3.79051194E-02
   1747.0879339576290        3.76158915E-02
   1747.2311496256311        3.73283736E-02
   1747.3743652936332        3.70427594E-02
   1747.5175809616353        3.67591865E-02
   1747.6607966296374        3.64776626E-02
   1747.8040122976395        3.61980610E-02
   1747.9472279656416        3.59201878E-02
   1748.0904436336436        3.56438942E-02
   1748.2336593016457        3.53691503E-02
   1748.3768749696478        3.50960530E-02
   1748.5200906376499        3.48247550E-02
   1748.6633063056520        3.45553868E-02
   1748.8065219736541        3.42879631E-02
   1748.9497376416562        3.40223685E-02
   1749.0929533096582        3.37584279E-02
   1749.2361689776603        3.34959887E-02
   1749.3793846456624        3.32349986E-02
   1749.5226003136645        3.29755507E-02
   1749.6658159816666        3.27178203E-02
   1749.8090316496687        3.24619748E-02
   1749.9522473176708        3.22080851E-02
   1750.0954629856728        3.19560841E-02
   1750.2386786536749        3.17057893E-02
   1750.3818943216770        3.14570069E-02
   1750.5251099896791        3.12096383E-02
   1750.6683256576812        3.09637152E-02
   1750.8115413256833        3.07193808E-02
   1750.9547569936854        3.04767918E-02
   1751.0979726616874        3.02360188E-02
   1751.2411883296895        2.99969949E-02
   1751.3844039976916        2.97595337E-02
   1751.5276196656937        2.95234267E-02
   1751.6708353336958        2.92885397E-02
   1751.8140510016979        2.90548913E-02
   1751.9572666696999        2.88226251E-02
   1752.1004823377020        2.85919309E-02
   1752.2436980057041        2.83629317E-02
   1752.3869136737062        2.81356145E-02
   1752.5301293417083        2.79098321E-02
   1752.6733450097104        2.76853852E-02
   1752.8165606777125        2.74621248E-02
   1752.9597763457145        2.72400323E-02
   1753.1029920137166        2.70192213E-02
   1753.2462076817187        2.67998762E-02
   1753.3894233497208        2.65821442E-02
   1753.5326390177229        2.63660438E-02
   1753.6758546857250        2.61514485E-02
   1753.8190703537271        2.59381384E-02
   1753.9622860217291        2.57259030E-02
   1754.1055016897312        2.55146418E-02
   1754.2487173577333        2.53044087E-02
   1754.3919330257354        2.50953734E-02
   1754.5351486937375        2.48877127E-02
   1754.6783643617396        2.46815085E-02
   1754.8215800297417        2.44767033E-02
   1754.9647956977437        2.42731292E-02
   1755.1080113657458        2.40706038E-02
   1755.2512270337479        2.38690283E-02
   1755.3944427017500        2.36684456E-02
   1755.5376583697521        2.34690141E-02
   1755.6808740377542        2.32709199E-02
   1755.8240897057563        2.30742712E-02
   1755.9673053737583        2.28790417E-02
   1756.1105210417604        2.26850770E-02
   1756.2537367097625        2.24921815E-02
   1756.3969523777646        2.23002192E-02
   1756.5401680457667        2.21091881E-02
   1756.6833837137688        2.19192058E-02
   1756.8265993817708        2.17304509E-02
   1756.9698150497729        2.15430539E-02
   1757.1130307177750        2.13570315E-02
   1757.2562463857771        2.11722720E-02
   1757.3994620537792        2.09885985E-02
   1757.5426777217813        2.08058599E-02
   1757.6858933897834        2.06240136E-02
   1757.8291090577854        2.04431415E-02
   1757.9723247257875        2.02634055E-02
   1758.1155403937896        2.00849604E-02
   1758.2587560617917        1.99078601E-02
   1758.4019717297938        1.97320357E-02
   1758.5451873977959        1.95573382E-02
   1758.6884030657980        1.93836242E-02
   1758.8316187338000        1.92108452E-02
   1758.9748344018021        1.90390814E-02
   1759.1180500698042        1.88684966E-02
   1759.2612657378063        1.86992474E-02
   1759.4044814058084        1.85314007E-02
   1759.5476970738105        1.83648858E-02
   1759.6909127418126        1.81995425E-02
   1759.8341284098146        1.80351939E-02
   1759.9773440778167        1.78717505E-02
   1760.1205597458188        1.77092534E-02
   1760.2637754138209        1.75478533E-02
   1760.4069910818230        1.73877217E-02
   1760.5502067498251        1.72289573E-02
   1760.6934224178272        1.70715358E-02
   1760.8366380858292        1.69153195E-02
   1760.9798537538313        1.67601388E-02
   1761.1230694218334        1.66058894E-02
   1761.2662850898355        1.64525881E-02
   1761.4095007578376        1.63003709E-02
   1761.5527164258397        1.61494110E-02
   1761.6959320938417        1.59998313E-02
   1761.8391477618438        1.58516336E-02
   1761.9823634298459        1.57046951E-02
   1762.1255790978480        1.55588286E-02
   1762.2687947658501        1.54138841E-02
   1762.4120104338522        1.52698299E-02
   1762.5552261018543        1.51267638E-02
   1762.6984417698563        1.49848601E-02
   1762.8416574378584        1.48442676E-02
   1762.9848731058605        1.47050228E-02
   1763.1280887738626        1.45670269E-02
   1763.2713044418647        1.44300992E-02
   1763.4145201098668        1.42940711E-02
   1763.5577357778689        1.41588748E-02
   1763.7009514458709        1.40245752E-02
   1763.8441671138730        1.38913281E-02
   1763.9873827818751        1.37592871E-02
   1764.1305984498772        1.36285163E-02
   1764.2738141178793        1.34989498E-02
   1764.4170297858814        1.33704189E-02
   1764.5602454538835        1.32427374E-02
   1764.7034611218855        1.31157916E-02
   1764.8466767898876        1.29895909E-02
   1764.9898924578897        1.28642488E-02
   1765.1331081258918        1.27399089E-02
   1765.2763237938939        1.26166511E-02
   1765.4195394618960        1.24944383E-02
   1765.5627551298981        1.23731233E-02
   1765.7059707979001        1.22525170E-02
   1765.8491864659022        1.21324817E-02
   1765.9924021339043        1.20129883E-02
   1766.1356178019064        1.18941236E-02
   1766.2788334699085        1.17760282E-02
   1766.4220491379106        1.16588054E-02
   1766.5652648059126        1.15424516E-02
   1766.7084804739147        1.14268428E-02
   1766.8516961419168        1.13117881E-02
   1766.9949118099189        1.11971246E-02
   1767.1381274779210        1.10827852E-02
   1767.2813431459231        1.09688221E-02
   1767.4245588139252        1.08553544E-02
   1767.5677744819272        1.07424855E-02
   1767.7109901499293        1.06302276E-02
   1767.8542058179314        1.05184801E-02
   1767.9974214859335        1.04070688E-02
   1768.1406371539356        1.02958260E-02
   1768.2838528219377        1.01846643E-02
   1768.4270684899398        1.00736087E-02
   1768.5702841579418        9.96276364E-03
   1768.7134998259439        9.85223986E-03
   1768.8567154939460        9.74207651E-03
   1768.9999311619481        9.63220373E-03
   1769.1431468299502        9.52246692E-03
   1769.2863624979523        9.41269379E-03
   1769.4295781659544        9.30277351E-03
   1769.5727938339564        9.19269770E-03
   1769.7160095019585        9.08254366E-03
   1769.8592251699606        8.97241198E-03
   1770.0024408379627        8.86234920E-03
   1770.1456565059648        8.75230227E-03
   1770.2888721739669        8.64212587E-03
   1770.4320878419690        8.53164680E-03
   1770.5753035099710        8.42073653E-03
   1770.7185191779731        8.30936804E-03
   1770.8617348459752        8.19761120E-03
   1771.0049505139773        8.08557868E-03
   1771.1481661819794        7.97334593E-03
   1771.2913818499815        7.86089152E-03
   1771.4345975179835        7.74809392E-03
   1771.5778131859856        7.63478503E-03
   1771.7210288539877        7.52082840E-03
   1771.8642445219898        7.40617700E-03
   1772.0074601899919        7.29088392E-03
   1772.1506758579940        7.17505673E-03
   1772.2938915259961        7.05878437E-03
   1772.4371071939981        6.94207568E-03
   1772.5803228620002        6.82484219E-03
   1772.7235385300023        6.70693535E-03
   1772.8667541980044        6.58821780E-03
   1773.0099698660065        6.46862900E-03
   1773.1531855340086        6.34820899E-03
   1773.2964012020107        6.22706860E-03
   1773.4396168700127        6.10532006E-03
   1773.5828325380148        5.98300854E-03
   1773.7260482060169        5.86008141E-03
   1773.8692638740190        5.73640876E-03
   1774.0124795420211        5.61185041E-03
   1774.1556952100232        5.48632490E-03
   1774.2989108780253        5.35985082E-03
   1774.4421265460273        5.23253251E-03
   1774.5853422140294        5.10450220E-03
   1774.7285578820315        4.97584697E-03
   1774.8717735500336        4.84656030E-03
   1775.0149892180357        4.71654860E-03
   1775.1582048860378        4.58568241E-03
   1775.3014205540399        4.45386907E-03
   1775.4446362220419        4.32110438E-03
   1775.5878518900440        4.18747263E-03
   1775.7310675580461        4.05309955E-03
   1775.8742832260482        3.91808338E-03
   1776.0174988940503        3.78244603E-03
   1776.1607145620524        3.64612485E-03
   1776.3039302300544        3.50901554E-03
   1776.4471458980565        3.37103638E-03
   1776.5903615660586        3.23218293E-03
   1776.7335772340607        3.09254159E-03
   1776.8767929020628        2.95225508E-03
   1777.0200085700649        2.81146169E-03
   1777.1632242380670        2.67023779E-03
   1777.3064399060690        2.52857595E-03
   1777.4496555740711        2.38641072E-03
   1777.5928712420732        2.24367529E-03
   1777.7360869100753        2.10035685E-03
   1777.8793025780774        1.95651990E-03
   1778.0225182460795        1.81228633E-03
   1778.1657339140816        1.66778581E-03
   1778.3089495820836        1.52310112E-03
   1778.4521652500857        1.37824088E-03
   1778.5953809180878        1.23315339E-03
   1778.7385965860899        1.08777452E-03
   1778.8818122540920        9.42082319E-04
   1779.0250279220941        7.96130917E-04
   1779.1682435900962        6.50041737E-04
   1779.3114592580982        5.03958901E-04
   1779.4546749261003        3.57993878E-04
   1779.5978905941024        2.12191182E-04
   1779.7411062621045        6.65344487E-05
   1779.8843219301066       -7.90115737E-05
   1780.0275375981087       -2.24448260E-04
   1780.1707532661108       -3.69709654E-04
   1780.3139689341128       -5.14666899E-04
   1780.4571846021149       -6.59167010E-04
   1780.6004002701170       -8.03084054E-04
   1780.7436159381191       -9.46354354E-04
   1780.8868316061212       -1.08897802E-03
   1781.0300472741233       -1.23098458E-03
   1781.1732629421253       -1.37238309E-03
   1781.3164786101274       -1.51312468E-03
   1781.4596942781295       -1.65309769E-03
   1781.6029099461316       -1.79215835E-03
   1781.7461256141337       -1.93017966E-03
   1781.8893412821358       -2.06709071E-03
   1782.0325569501379       -2.20288499E-03
   1782.1757726181399       -2.33759382E-03
   1782.3189882861420       -2.47123931E-03
   1782.4622039541441       -2.60379119E-03
   1782.6054196221462       -2.73515261E-03
   1782.7486352901483       -2.86517898E-03
   1782.8918509581504       -2.99372245E-03
   1783.0350666261525       -3.12067778E-03
   1783.1782822941545       -3.24600330E-03
   1783.3214979621566       -3.36970738E-03
   1783.4647136301587       -3.49180587E-03
   1783.6079292981608       -3.61227640E-03
   1783.7511449661629       -3.73103586E-03
   1783.8943606341650       -3.84795433E-03
   1784.0375763021671       -3.96289583E-03
   1784.1807919701691       -4.07576375E-03
   1784.3240076381712       -4.18652408E-03
   1784.4672233061733       -4.29519406E-03
   1784.6104389741754       -4.40180767E-03
   1784.7536546421775       -4.50636866E-03
   1784.8968703101796       -4.60882625E-03
   1785.0400859781817       -4.70907660E-03
   1785.1833016461837       -4.80699446E-03
   1785.3265173141858       -4.90247598E-03
   1785.4697329821879       -4.99546528E-03
   1785.6129486501900       -5.08595863E-03
   1785.7561643181921       -5.17397886E-03
   1785.8993799861942       -5.25953621E-03
   1786.0425956541962       -5.34260180E-03
   1786.1858113221983       -5.42310299E-03
   1786.3290269902004       -5.50094387E-03
   1786.4722426582025       -5.57603780E-03
   1786.6154583262046       -5.64833917E-03
   1786.7586739942067       -5.71784982E-03
   1786.9018896622088       -5.78460423E-03
   1787.0451053302108       -5.84863592E-03
   1787.1883209982129       -5.90994628E-03
   1787.3315366662150       -5.96849341E-03
   1787.4747523342171       -6.02420652E-03
   1787.6179680022192       -6.07701857E-03
   1787.7611836702213       -6.12689694E-03
   1787.9043993382234       -6.17385702E-03
   1788.0476150062254       -6.21794770E-03
   1788.1908306742275       -6.25922019E-03
   1788.3340463422296       -6.29769871E-03
   1788.4772620102317       -6.33336883E-03
   1788.6204776782338       -6.36618864E-03
   1788.7636933462359       -6.39611529E-03
   1788.9069090142380       -6.42312877E-03
   1789.0501246822400       -6.44724537E-03
   1789.1933403502421       -6.46850932E-03
   1789.3365560182442       -6.48697279E-03
   1789.4797716862463       -6.50267396E-03
   1789.6229873542484       -6.51562726E-03
   1789.7662030222505       -6.52582804E-03
   1789.9094186902526       -6.53327303E-03
   1790.0526343582546       -6.53797900E-03
   1790.1958500262567       -6.53999392E-03
   1790.3390656942588       -6.53938996E-03
   1790.4822813622609       -6.53624721E-03
   1790.6254970302630       -6.53063180E-03
   1790.7687126982651       -6.52258378E-03
   1790.9119283662671       -6.51212083E-03
   1791.0551440342692       -6.49925275E-03
   1791.1983597022713       -6.48400374E-03
   1791.3415753702734       -6.46642456E-03
   1791.4847910382755       -6.44659391E-03
   1791.6280067062776       -6.42460352E-03
   1791.7712223742797       -6.40053721E-03
   1791.9144380422817       -6.37445739E-03
   1792.0576537102838       -6.34640828E-03
   1792.2008693782859       -6.31643273E-03
   1792.3440850462880       -6.28459267E-03
   1792.4873007142901       -6.25098078E-03
   1792.6305163822922       -6.21571159E-03
   1792.7737320502943       -6.17890246E-03
   1792.9169477182963       -6.14065304E-03
   1793.0601633862984       -6.10103831E-03
   1793.2033790543005       -6.06011413E-03
   1793.3465947223026       -6.01793593E-03
   1793.4898103903047       -5.97457541E-03
   1793.6330260583068       -5.93013130E-03
   1793.7762417263089       -5.88472560E-03
   1793.9194573943109       -5.83848637E-03
   1794.0626730623130       -5.79153234E-03
   1794.2058887303151       -5.74395992E-03
   1794.3491043983172       -5.69584500E-03
   1794.4923200663193       -5.64725604E-03
   1794.6355357343214       -5.59827266E-03
   1794.7787514023235       -5.54899871E-03
   1794.9219670703255       -5.49956318E-03
   1795.0651827383276       -5.45010762E-03
   1795.2083984063297       -5.40076988E-03
   1795.3516140743318       -5.35166962E-03
   1795.4948297423339       -5.30290185E-03
   1795.6380454103360       -5.25454851E-03
   1795.7812610783380       -5.20669529E-03
   1795.9244767463401       -5.15944930E-03
   1796.0676924143422       -5.11294324E-03
   1796.2109080823443       -5.06732613E-03
   1796.3541237503464       -5.02274279E-03
   1796.4973394183485       -4.97931801E-03
   1796.6405550863506       -4.93715284E-03
   1796.7837707543526       -4.89633577E-03
   1796.9269864223547       -4.85696131E-03
   1797.0702020903568       -4.81913798E-03
   1797.2134177583589       -4.78298962E-03
   1797.3566334263610       -4.74864570E-03
   1797.4998490943631       -4.71622963E-03
   1797.6430647623652       -4.68585407E-03
   1797.7862804303672       -4.65762103E-03
   1797.9294960983693       -4.63163015E-03
   1798.0727117663714       -4.60798852E-03
   1798.2159274343735       -4.58681304E-03
   1798.3591431023756       -4.56822850E-03
   1798.5023587703777       -4.55235876E-03
   1798.6455744383798       -4.53931745E-03
   1798.7887901063818       -4.52920329E-03
   1798.9320057743839       -4.52210195E-03
   1799.0752214423860       -4.51809773E-03
   1799.2184371103881       -4.51728189E-03
   1799.3616527783902       -4.51975828E-03
   1799.5048684463923       -4.52563679E-03
   1799.6480841143944       -4.53502405E-03
   1799.7912997823964       -4.54800995E-03
   1799.9345154503985       -4.56466340E-03
   1800.0777311184006       -4.58503701E-03
