   0.0000000000000000        0.00000000    
  0.14321566800212829        0.00000000    
  0.28643133600425658        0.00000000    
  0.42964700400638489        0.00000000    
  0.57286267200851315        0.00000000    
  0.71607834001064141        0.00000000    
  0.85929400801276967        0.00000000    
   1.0025096760148979        0.00000000    
   1.1457253440170263        0.00000000    
   1.2889410120191547        0.00000000    
   1.4321566800212830        0.00000000    
   1.5753723480234114        0.00000000    
   1.7185880160255398        0.00000000    
   1.8618036840276682        0.00000000    
   2.0050193520297963        0.00000000    
   2.1482350200319247        0.00000000    
   2.2914506880340531        0.00000000    
   2.4346663560361814        0.00000000    
   2.5778820240383098        0.00000000    
   2.7210976920404382        0.00000000    
   2.8643133600425665        0.00000000    
   3.0075290280446949        0.00000000    
   3.1507446960468233        0.00000000    
   3.2939603640489517        0.00000000    
   3.4371760320510800        0.00000000    
   3.5803917000532084        0.00000000    
   3.7236073680553368        0.00000000    
   3.8668230360574651        0.00000000    
   4.0100387040595935        0.00000000    
   4.1532543720617214        0.00000000    
   4.2964700400638494        0.00000000    
   4.4396857080659773        0.00000000    
   4.5829013760681052        0.00000000    
   4.7261170440702331        0.00000000    
   4.8693327120723611        0.00000000    
   5.0125483800744890        0.00000000    
   5.1557640480766169        0.00000000    
   5.2989797160787449        0.00000000    
   5.4421953840808728        0.00000000    
   5.5854110520830007        0.00000000    
   5.7286267200851286        0.00000000    
   5.8718423880872566        0.00000000    
   6.0150580560893845        0.00000000    
   6.1582737240915124        0.00000000    
   6.3014893920936403        0.00000000    
   6.4447050600957683        0.00000000    
   6.5879207280978962        0.00000000    
   6.7311363961000241        0.00000000    
   6.8743520641021520        0.00000000    
   7.0175677321042800        0.00000000    
   7.1607834001064079        0.00000000    
   7.3039990681085358        0.00000000    
   7.4472147361106638        0.00000000    
   7.5904304041127917        0.00000000    
   7.7336460721149196        0.00000000    
   7.8768617401170475        0.00000000    
   8.0200774081191764        0.00000000    
   8.1632930761213043        0.00000000    
   8.3065087441234322        0.00000000    
   8.4497244121255601        0.00000000    
   8.5929400801276881        0.00000000    
   8.7361557481298160        0.00000000    
   8.8793714161319439        0.00000000    
   9.0225870841340718        0.00000000    
   9.1658027521361998        0.00000000    
   9.3090184201383277        0.00000000    
   9.4522340881404556        0.00000000    
   9.5954497561425836        0.00000000    
   9.7386654241447115        0.00000000    
   9.8818810921468394        0.00000000    
   10.025096760148967        0.00000000    
   10.168312428151095        0.00000000    
   10.311528096153223        0.00000000    
   10.454743764155351        0.00000000    
   10.597959432157479        0.00000000    
   10.741175100159607        0.00000000    
   10.884390768161735        0.00000000    
   11.027606436163863        0.00000000    
   11.170822104165991        0.00000000    
   11.314037772168119        0.00000000    
   11.457253440170247        0.00000000    
   11.600469108172375        0.00000000    
   11.743684776174502        0.00000000    
   11.886900444176630        0.00000000    
   12.030116112178758        0.00000000    
   12.173331780180886        0.00000000    
   12.316547448183014        0.00000000    
   12.459763116185142        0.00000000    
   12.602978784187270        0.00000000    
   12.746194452189398        0.00000000    
   12.889410120191526        0.00000000    
   13.032625788193654        0.00000000    
   13.175841456195782        0.00000000    
   13.319057124197910        0.00000000    
   13.462272792200038        0.00000000    
   13.605488460202166        0.00000000    
   13.748704128204293        0.00000000    
   13.891919796206421        0.00000000    
   14.035135464208549        0.00000000    
   14.178351132210677        0.00000000    
   14.321566800212805        0.00000000    
   14.464782468214933        0.00000000    
   14.607998136217061        0.00000000    
   14.751213804219189        0.00000000    
   14.894429472221317        0.00000000    
   15.037645140223445        0.00000000    
   15.180860808225573        0.00000000    
   15.324076476227701        0.00000000    
   15.467292144229829        0.00000000    
   15.610507812231956        0.00000000    
   15.753723480234084        0.00000000    
   15.896939148236212        0.00000000    
   16.040154816238342        0.00000000    
   16.183370484240470        0.00000000    
   16.326586152242598        0.00000000    
   16.469801820244726        0.00000000    
   16.613017488246854        0.00000000    
   16.756233156248982        0.00000000    
   16.899448824251110        0.00000000    
   17.042664492253238        0.00000000    
   17.185880160255365        0.00000000    
   17.329095828257493        0.00000000    
   17.472311496259621        0.00000000    
   17.615527164261749        0.00000000    
   17.758742832263877        0.00000000    
   17.901958500266005        0.00000000    
   18.045174168268133        0.00000000    
   18.188389836270261        0.00000000    
   18.331605504272389        0.00000000    
   18.474821172274517        0.00000000    
   18.618036840276645        0.00000000    
   18.761252508278773        0.00000000    
   18.904468176280901        0.00000000    
   19.047683844283029        0.00000000    
   19.190899512285156        0.00000000    
   19.334115180287284        0.00000000    
   19.477330848289412        0.00000000    
   19.620546516291540        0.00000000    
   19.763762184293668        0.00000000    
   19.906977852295796        0.00000000    
   20.050193520297924        0.00000000    
   20.193409188300052        0.00000000    
   20.336624856302180        0.00000000    
   20.479840524304308        0.00000000    
   20.623056192306436        0.00000000    
   20.766271860308564        0.00000000    
   20.909487528310692        0.00000000    
   21.052703196312820        0.00000000    
   21.195918864314947        0.00000000    
   21.339134532317075        0.00000000    
   21.482350200319203        0.00000000    
   21.625565868321331        0.00000000    
   21.768781536323459        0.00000000    
   21.911997204325587        0.00000000    
   22.055212872327715        0.00000000    
   22.198428540329843        0.00000000    
   22.341644208331971        0.00000000    
   22.484859876334099        0.00000000    
   22.628075544336227        0.00000000    
   22.771291212338355        0.00000000    
   22.914506880340483        0.00000000    
   23.057722548342610        0.00000000    
   23.200938216344738        0.00000000    
   23.344153884346866        0.00000000    
   23.487369552348994        0.00000000    
   23.630585220351122        0.00000000    
   23.773800888353250        0.00000000    
   23.917016556355378        0.00000000    
   24.060232224357506        0.00000000    
   24.203447892359634        0.00000000    
   24.346663560361762        0.00000000    
   24.489879228363890        0.00000000    
   24.633094896366018        0.00000000    
   24.776310564368146        0.00000000    
   24.919526232370274        0.00000000    
   25.062741900372401        0.00000000    
   25.205957568374529        0.00000000    
   25.349173236376657        0.00000000    
   25.492388904378785        0.00000000    
   25.635604572380913        0.00000000    
   25.778820240383041        0.00000000    
   25.922035908385169        0.00000000    
   26.065251576387297        0.00000000    
   26.208467244389425        0.00000000    
   26.351682912391553        0.00000000    
   26.494898580393681        0.00000000    
   26.638114248395809        0.00000000    
   26.781329916397937        0.00000000    
   26.924545584400065        0.00000000    
   27.067761252402192        0.00000000    
   27.210976920404320        0.00000000    
   27.354192588406448        0.00000000    
   27.497408256408576        0.00000000    
   27.640623924410704        0.00000000    
   27.783839592412832        0.00000000    
   27.927055260414960        0.00000000    
   28.070270928417088        0.00000000    
   28.213486596419216        0.00000000    
   28.356702264421344        0.00000000    
   28.499917932423472        0.00000000    
   28.643133600425600        0.00000000    
   28.786349268427728        0.00000000    
   28.929564936429855        0.00000000    
   29.072780604431983        0.00000000    
   29.215996272434111        0.00000000    
   29.359211940436239        0.00000000    
   29.502427608438367        0.00000000    
   29.645643276440495        0.00000000    
   29.788858944442623        0.00000000    
   29.932074612444751        0.00000000    
   30.075290280446879        0.00000000    
   30.218505948449007        0.00000000    
   30.361721616451135        0.00000000    
   30.504937284453263        0.00000000    
   30.648152952455391        0.00000000    
   30.791368620457519        0.00000000    
   30.934584288459646        0.00000000    
   31.077799956461774        0.00000000    
   31.221015624463902        0.00000000    
   31.364231292466030        0.00000000    
   31.507446960468158        0.00000000    
   31.650662628470286        0.00000000    
   31.793878296472414        0.00000000    
   31.937093964474542        0.00000000    
   32.080309632476670        0.00000000    
   32.223525300478798        0.00000000    
   32.366740968480926        0.00000000    
   32.509956636483054        0.00000000    
   32.653172304485182        0.00000000    
   32.796387972487310        0.00000000    
   32.939603640489437        0.00000000    
   33.082819308491565        0.00000000    
   33.226034976493693        0.00000000    
   33.369250644495821        0.00000000    
   33.512466312497949        0.00000000    
   33.655681980500077        0.00000000    
   33.798897648502205        0.00000000    
   33.942113316504333        0.00000000    
   34.085328984506461        0.00000000    
   34.228544652508589        0.00000000    
   34.371760320510717        0.00000000    
   34.514975988512845        0.00000000    
   34.658191656514973        0.00000000    
   34.801407324517101        0.00000000    
   34.944622992519228        0.00000000    
   35.087838660521356        0.00000000    
   35.231054328523484        0.00000000    
   35.374269996525612        0.00000000    
   35.517485664527740        0.00000000    
   35.660701332529868        0.00000000    
   35.803917000531996        0.00000000    
   35.947132668534124        0.00000000    
   36.090348336536252        0.00000000    
   36.233564004538380        0.00000000    
   36.376779672540508        0.00000000    
   36.519995340542636        0.00000000    
   36.663211008544764        0.00000000    
   36.806426676546891        0.00000000    
   36.949642344549019        0.00000000    
   37.092858012551147        0.00000000    
   37.236073680553275        0.00000000    
   37.379289348555403        0.00000000    
   37.522505016557531        0.00000000    
   37.665720684559659        0.00000000    
   37.808936352561787        0.00000000    
   37.952152020563915        0.00000000    
   38.095367688566043        0.00000000    
   38.238583356568171        0.00000000    
   38.381799024570299        0.00000000    
   38.525014692572427        0.00000000    
   38.668230360574555        0.00000000    
   38.811446028576682        0.00000000    
   38.954661696578810        0.00000000    
   39.097877364580938        0.00000000    
   39.241093032583066        0.00000000    
   39.384308700585194        0.00000000    
   39.527524368587322        0.00000000    
   39.670740036589450        0.00000000    
   39.813955704591578        0.00000000    
   39.957171372593706        0.00000000    
   40.100387040595834        0.00000000    
   40.243602708597962        0.00000000    
   40.386818376600090        0.00000000    
   40.530034044602218        0.00000000    
   40.673249712604346        0.00000000    
   40.816465380606473        0.00000000    
   40.959681048608601        0.00000000    
   41.102896716610729        0.00000000    
   41.246112384612857        0.00000000    
   41.389328052614985        0.00000000    
   41.532543720617113        0.00000000    
   41.675759388619241        0.00000000    
   41.818975056621369        0.00000000    
   41.962190724623497        0.00000000    
   42.105406392625625        0.00000000    
   42.248622060627753        0.00000000    
   42.391837728629881        0.00000000    
   42.535053396632009        0.00000000    
   42.678269064634136        0.00000000    
   42.821484732636264        0.00000000    
   42.964700400638392        0.00000000    
   43.107916068640520        0.00000000    
   43.251131736642648        0.00000000    
   43.394347404644776        0.00000000    
   43.537563072646904        0.00000000    
   43.680778740649032        0.00000000    
   43.823994408651160        0.00000000    
   43.967210076653288        0.00000000    
   44.110425744655416        0.00000000    
   44.253641412657544        0.00000000    
   44.396857080659672        0.00000000    
   44.540072748661800        0.00000000    
   44.683288416663927        0.00000000    
   44.826504084666055        0.00000000    
   44.969719752668183        0.00000000    
   45.112935420670311        0.00000000    
   45.256151088672439        0.00000000    
   45.399366756674567        0.00000000    
   45.542582424676695        0.00000000    
   45.685798092678823        0.00000000    
   45.829013760680951        0.00000000    
   45.972229428683079        0.00000000    
   46.115445096685207        0.00000000    
   46.258660764687335        0.00000000    
   46.401876432689463        0.00000000    
   46.545092100691591        0.00000000    
   46.688307768693718        0.00000000    
   46.831523436695846        0.00000000    
   46.974739104697974        0.00000000    
   47.117954772700102        0.00000000    
   47.261170440702230        0.00000000    
   47.404386108704358        0.00000000    
   47.547601776706486        0.00000000    
   47.690817444708614        0.00000000    
   47.834033112710742        0.00000000    
   47.977248780712870        0.00000000    
   48.120464448714998        0.00000000    
   48.263680116717126        0.00000000    
   48.406895784719254        0.00000000    
   48.550111452721382        0.00000000    
   48.693327120723509        0.00000000    
   48.836542788725637        0.00000000    
   48.979758456727765        0.00000000    
   49.122974124729893        0.00000000    
   49.266189792732021        0.00000000    
   49.409405460734149        0.00000000    
   49.552621128736277        0.00000000    
   49.695836796738405        0.00000000    
   49.839052464740533        0.00000000    
   49.982268132742661        0.00000000    
   50.125483800744789        0.00000000    
   50.268699468746917        0.00000000    
   50.411915136749045        0.00000000    
   50.555130804751172        0.00000000    
   50.698346472753300        0.00000000    
   50.841562140755428        0.00000000    
   50.984777808757556        0.00000000    
   51.127993476759684        0.00000000    
   51.271209144761812        0.00000000    
   51.414424812763940        0.00000000    
   51.557640480766068        0.00000000    
   51.700856148768196        0.00000000    
   51.844071816770324        0.00000000    
   51.987287484772452        0.00000000    
   52.130503152774580        0.00000000    
   52.273718820776708        0.00000000    
   52.416934488778836        0.00000000    
   52.560150156780963        0.00000000    
   52.703365824783091        0.00000000    
   52.846581492785219        0.00000000    
   52.989797160787347        0.00000000    
   53.133012828789475        0.00000000    
   53.276228496791603        0.00000000    
   53.419444164793731        0.00000000    
   53.562659832795859        0.00000000    
   53.705875500797987        0.00000000    
   53.849091168800115        0.00000000    
   53.992306836802243        0.00000000    
   54.135522504804371        0.00000000    
   54.278738172806499        0.00000000    
   54.421953840808627        0.00000000    
   54.565169508810754        0.00000000    
   54.708385176812882        0.00000000    
   54.851600844815010        0.00000000    
   54.994816512817138        0.00000000    
   55.138032180819266        0.00000000    
   55.281247848821394        0.00000000    
   55.424463516823522        0.00000000    
   55.567679184825650        0.00000000    
   55.710894852827778        0.00000000    
   55.854110520829906        0.00000000    
   55.997326188832034        0.00000000    
   56.140541856834162        0.00000000    
   56.283757524836290        0.00000000    
   56.426973192838418        0.00000000    
   56.570188860840545        0.00000000    
   56.713404528842673        0.00000000    
   56.856620196844801        0.00000000    
   56.999835864846929        0.00000000    
   57.143051532849057        0.00000000    
   57.286267200851185        0.00000000    
   57.429482868853313        0.00000000    
   57.572698536855441        0.00000000    
   57.715914204857569        0.00000000    
   57.859129872859697        0.00000000    
   58.002345540861825        0.00000000    
   58.145561208863953        0.00000000    
   58.288776876866081        0.00000000    
   58.431992544868208        0.00000000    
   58.575208212870336        0.00000000    
   58.718423880872464        0.00000000    
   58.861639548874592        0.00000000    
   59.004855216876720        0.00000000    
   59.148070884878848        0.00000000    
   59.291286552880976        0.00000000    
   59.434502220883104        0.00000000    
   59.577717888885232        0.00000000    
   59.720933556887360        0.00000000    
   59.864149224889488        0.00000000    
   60.007364892891616        0.00000000    
   60.150580560893744        0.00000000    
   60.293796228895872        0.00000000    
   60.437011896897999        0.00000000    
   60.580227564900127        0.00000000    
   60.723443232902255        0.00000000    
   60.866658900904383        0.00000000    
   61.009874568906511        0.00000000    
   61.153090236908639        0.00000000    
   61.296305904910767        0.00000000    
   61.439521572912895        0.00000000    
   61.582737240915023        0.00000000    
   61.725952908917151        0.00000000    
   61.869168576919279        0.00000000    
   62.012384244921407        0.00000000    
   62.155599912923535        0.00000000    
   62.298815580925663        0.00000000    
   62.442031248927790        0.00000000    
   62.585246916929918        0.00000000    
   62.728462584932046        0.00000000    
   62.871678252934174        0.00000000    
   63.014893920936302        0.00000000    
   63.158109588938430        0.00000000    
   63.301325256940558        0.00000000    
   63.444540924942686        0.00000000    
   63.587756592944814        0.00000000    
   63.730972260946942        0.00000000    
   63.874187928949070        0.00000000    
   64.017403596951198        0.00000000    
   64.160619264953326        0.00000000    
   64.303834932955453        0.00000000    
   64.447050600957581        0.00000000    
   64.590266268959709        0.00000000    
   64.733481936961837        0.00000000    
   64.876697604963965        0.00000000    
   65.019913272966093        0.00000000    
   65.163128940968221        0.00000000    
   65.306344608970349        0.00000000    
   65.449560276972477        0.00000000    
   65.592775944974605        0.00000000    
   65.735991612976733        0.00000000    
   65.879207280978861        0.00000000    
   66.022422948980989        0.00000000    
   66.165638616983117        0.00000000    
   66.308854284985244        0.00000000    
   66.452069952987372        0.00000000    
   66.595285620989500        0.00000000    
   66.738501288991628        0.00000000    
   66.881716956993756        0.00000000    
   67.024932624995884        0.00000000    
   67.168148292998012        0.00000000    
   67.311363961000140        0.00000000    
   67.454579629002268        0.00000000    
   67.597795297004396        0.00000000    
   67.741010965006524        0.00000000    
   67.884226633008652        0.00000000    
   68.027442301010780        0.00000000    
   68.170657969012908        0.00000000    
   68.313873637015035        0.00000000    
   68.457089305017163        0.00000000    
   68.600304973019291        0.00000000    
   68.743520641021419        0.00000000    
   68.886736309023547        0.00000000    
   69.029951977025675        0.00000000    
   69.173167645027803        0.00000000    
   69.316383313029931        0.00000000    
   69.459598981032059        0.00000000    
   69.602814649034187        0.00000000    
   69.746030317036315        0.00000000    
   69.889245985038443        0.00000000    
   70.032461653040571        0.00000000    
   70.175677321042699        0.00000000    
   70.318892989044826        0.00000000    
   70.462108657046954        0.00000000    
   70.605324325049082        0.00000000    
   70.748539993051210        0.00000000    
   70.891755661053338        0.00000000    
   71.034971329055466        0.00000000    
   71.178186997057594        0.00000000    
   71.321402665059722        0.00000000    
   71.464618333061850        0.00000000    
   71.607834001063978        0.00000000    
   71.751049669066106        0.00000000    
   71.894265337068234        0.00000000    
   72.037481005070362        0.00000000    
   72.180696673072489        0.00000000    
   72.323912341074617        0.00000000    
   72.467128009076745        0.00000000    
   72.610343677078873        0.00000000    
   72.753559345081001        0.00000000    
   72.896775013083129        0.00000000    
   73.039990681085257        0.00000000    
   73.183206349087385        0.00000000    
   73.326422017089513        0.00000000    
   73.469637685091641        0.00000000    
   73.612853353093769        0.00000000    
   73.756069021095897        0.00000000    
   73.899284689098025        0.00000000    
   74.042500357100153        0.00000000    
   74.185716025102280        0.00000000    
   74.328931693104408        0.00000000    
   74.472147361106536        0.00000000    
   74.615363029108664        0.00000000    
   74.758578697110792        0.00000000    
   74.901794365112920        0.00000000    
   75.045010033115048        0.00000000    
   75.188225701117176        0.00000000    
   75.331441369119304        0.00000000    
   75.474657037121432        0.00000000    
   75.617872705123560        0.00000000    
   75.761088373125688        0.00000000    
   75.904304041127816        0.00000000    
   76.047519709129944        0.00000000    
   76.190735377132071        0.00000000    
   76.333951045134199        0.00000000    
   76.477166713136327        0.00000000    
   76.620382381138455        0.00000000    
   76.763598049140583        0.00000000    
   76.906813717142711        0.00000000    
   77.050029385144839        0.00000000    
   77.193245053146967        0.00000000    
   77.336460721149095        0.00000000    
   77.479676389151223        0.00000000    
   77.622892057153351        0.00000000    
   77.766107725155479        0.00000000    
   77.909323393157607        0.00000000    
   78.052539061159735        0.00000000    
   78.195754729161862        0.00000000    
   78.338970397163990        0.00000000    
   78.482186065166118        0.00000000    
   78.625401733168246        0.00000000    
   78.768617401170374        0.00000000    
   78.911833069172502        0.00000000    
   79.055048737174630        0.00000000    
   79.198264405176758        0.00000000    
   79.341480073178886        0.00000000    
   79.484695741181014        0.00000000    
   79.627911409183142        0.00000000    
   79.771127077185270        0.00000000    
   79.914342745187398        0.00000000    
   80.057558413189525        0.00000000    
   80.200774081191653        0.00000000    
   80.343989749193781        0.00000000    
   80.487205417195909        0.00000000    
   80.630421085198037        0.00000000    
   80.773636753200165        0.00000000    
   80.916852421202293        0.00000000    
   81.060068089204421        0.00000000    
   81.203283757206549        0.00000000    
   81.346499425208677        0.00000000    
   81.489715093210805        0.00000000    
   81.632930761212933        0.00000000    
   81.776146429215061        0.00000000    
   81.919362097217189        0.00000000    
   82.062577765219316        0.00000000    
   82.205793433221444        0.00000000    
   82.349009101223572        0.00000000    
   82.492224769225700        0.00000000    
   82.635440437227828        0.00000000    
   82.778656105229956        0.00000000    
   82.921871773232084        0.00000000    
   83.065087441234212        0.00000000    
   83.208303109236340        0.00000000    
   83.351518777238468        0.00000000    
   83.494734445240596        0.00000000    
   83.637950113242724        0.00000000    
   83.781165781244852        0.00000000    
   83.924381449246980        0.00000000    
   84.067597117249107        0.00000000    
   84.210812785251235        0.00000000    
   84.354028453253363        0.00000000    
   84.497244121255491        0.00000000    
   84.640459789257619        0.00000000    
   84.783675457259747        0.00000000    
   84.926891125261875        0.00000000    
   85.070106793264003        0.00000000    
   85.213322461266131        0.00000000    
   85.356538129268259        0.00000000    
   85.499753797270387        0.00000000    
   85.642969465272515        0.00000000    
   85.786185133274643        0.00000000    
   85.929400801276770        0.00000000    
   86.072616469278898        0.00000000    
   86.215832137281026        0.00000000    
   86.359047805283154        0.00000000    
   86.502263473285282        0.00000000    
   86.645479141287410        0.00000000    
   86.788694809289538        0.00000000    
   86.931910477291666        0.00000000    
   87.075126145293794        0.00000000    
   87.218341813295922        0.00000000    
   87.361557481298050        0.00000000    
   87.504773149300178        0.00000000    
   87.647988817302306        0.00000000    
   87.791204485304434        0.00000000    
   87.934420153306561        0.00000000    
   88.077635821308689        0.00000000    
   88.220851489310817        0.00000000    
   88.364067157312945        0.00000000    
   88.507282825315073        0.00000000    
   88.650498493317201        0.00000000    
   88.793714161319329        0.00000000    
   88.936929829321457        0.00000000    
   89.080145497323585        0.00000000    
   89.223361165325713        0.00000000    
   89.366576833327841        0.00000000    
   89.509792501329969        0.00000000    
   89.653008169332097        0.00000000    
   89.796223837334225        0.00000000    
   89.939439505336352        0.00000000    
   90.082655173338480        0.00000000    
   90.225870841340608        0.00000000    
   90.369086509342736        0.00000000    
   90.512302177344864        0.00000000    
   90.655517845346992        0.00000000    
   90.798733513349120        0.00000000    
   90.941949181351248        0.00000000    
   91.085164849353376        0.00000000    
   91.228380517355504        0.00000000    
   91.371596185357632        0.00000000    
   91.514811853359760        0.00000000    
   91.658027521361888        0.00000000    
   91.801243189364016        0.00000000    
   91.944458857366143        0.00000000    
   92.087674525368271        0.00000000    
   92.230890193370399        0.00000000    
   92.374105861372527        0.00000000    
   92.517321529374655        0.00000000    
   92.660537197376783        0.00000000    
   92.803752865378911        0.00000000    
   92.946968533381039        0.00000000    
   93.090184201383167        0.00000000    
   93.233399869385295        0.00000000    
   93.376615537387423        0.00000000    
   93.519831205389551        0.00000000    
   93.663046873391679        0.00000000    
   93.806262541393806        0.00000000    
   93.949478209395934        0.00000000    
   94.092693877398062        0.00000000    
   94.235909545400190        0.00000000    
   94.379125213402318        0.00000000    
   94.522340881404446        0.00000000    
   94.665556549406574        0.00000000    
   94.808772217408702        0.00000000    
   94.951987885410830        0.00000000    
   95.095203553412958        0.00000000    
   95.238419221415086        0.00000000    
   95.381634889417214        0.00000000    
   95.524850557419342        0.00000000    
   95.668066225421470        0.00000000    
   95.811281893423597        0.00000000    
   95.954497561425725        0.00000000    
   96.097713229427853        0.00000000    
   96.240928897429981        0.00000000    
   96.384144565432109        0.00000000    
   96.527360233434237        0.00000000    
   96.670575901436365        0.00000000    
   96.813791569438493        0.00000000    
   96.957007237440621        0.00000000    
   97.100222905442749        0.00000000    
   97.243438573444877        0.00000000    
   97.386654241447005        0.00000000    
   97.529869909449133        0.00000000    
   97.673085577451261        0.00000000    
   97.816301245453388        0.00000000    
   97.959516913455516        0.00000000    
   98.102732581457644        0.00000000    
   98.245948249459772        0.00000000    
   98.389163917461900        0.00000000    
   98.532379585464028        0.00000000    
   98.675595253466156        0.00000000    
   98.818810921468284        0.00000000    
   98.962026589470412        0.00000000    
   99.105242257472540        0.00000000    
   99.248457925474668        0.00000000    
   99.391673593476796        0.00000000    
   99.534889261478924        0.00000000    
   99.678104929481051        0.00000000    
   99.821320597483179        0.00000000    
   99.964536265485307        0.00000000    
   100.10775193348744        0.00000000    
   100.25096760148956        0.00000000    
   100.39418326949169        0.00000000    
   100.53739893749382        0.00000000    
   100.68061460549595        0.00000000    
   100.82383027349807        0.00000000    
   100.96704594150020        0.00000000    
   101.11026160950233        0.00000000    
   101.25347727750446        0.00000000    
   101.39669294550659        0.00000000    
   101.53990861350871        0.00000000    
   101.68312428151084        0.00000000    
   101.82633994951297        0.00000000    
   101.96955561751510        0.00000000    
   102.11277128551723        0.00000000    
   102.25598695351935        0.00000000    
   102.39920262152148        0.00000000    
   102.54241828952361        0.00000000    
   102.68563395752574        0.00000000    
   102.82884962552787        0.00000000    
   102.97206529352999        0.00000000    
   103.11528096153212        0.00000000    
   103.25849662953425        0.00000000    
   103.40171229753638        0.00000000    
   103.54492796553851        0.00000000    
   103.68814363354063        0.00000000    
   103.83135930154276        0.00000000    
   103.97457496954489        0.00000000    
   104.11779063754702        0.00000000    
   104.26100630554915        0.00000000    
   104.40422197355127        0.00000000    
   104.54743764155340        0.00000000    
   104.69065330955553        0.00000000    
   104.83386897755766        0.00000000    
   104.97708464555978        0.00000000    
   105.12030031356191        0.00000000    
   105.26351598156404        0.00000000    
   105.40673164956617        0.00000000    
   105.54994731756830        0.00000000    
   105.69316298557042        0.00000000    
   105.83637865357255        0.00000000    
   105.97959432157468        0.00000000    
   106.12280998957681        0.00000000    
   106.26602565757894        0.00000000    
   106.40924132558106        0.00000000    
   106.55245699358319        0.00000000    
   106.69567266158532        0.00000000    
   106.83888832958745        0.00000000    
   106.98210399758958        0.00000000    
   107.12531966559170        0.00000000    
   107.26853533359383        0.00000000    
   107.41175100159596        0.00000000    
   107.55496666959809        0.00000000    
   107.69818233760022        0.00000000    
   107.84139800560234        0.00000000    
   107.98461367360447        0.00000000    
   108.12782934160660        0.00000000    
   108.27104500960873        0.00000000    
   108.41426067761086        0.00000000    
   108.55747634561298        0.00000000    
   108.70069201361511        0.00000000    
   108.84390768161724        0.00000000    
   108.98712334961937        0.00000000    
   109.13033901762149        0.00000000    
   109.27355468562362        0.00000000    
   109.41677035362575        0.00000000    
   109.55998602162788        0.00000000    
   109.70320168963001        0.00000000    
   109.84641735763213        0.00000000    
   109.98963302563426        0.00000000    
   110.13284869363639        0.00000000    
   110.27606436163852        0.00000000    
   110.41928002964065        0.00000000    
   110.56249569764277        0.00000000    
   110.70571136564490        0.00000000    
   110.84892703364703        0.00000000    
   110.99214270164916        0.00000000    
   111.13535836965129        0.00000000    
   111.27857403765341        0.00000000    
   111.42178970565554        0.00000000    
   111.56500537365767        0.00000000    
   111.70822104165980        0.00000000    
   111.85143670966193        0.00000000    
   111.99465237766405        0.00000000    
   112.13786804566618        0.00000000    
   112.28108371366831        0.00000000    
   112.42429938167044        0.00000000    
   112.56751504967256        0.00000000    
   112.71073071767469        0.00000000    
   112.85394638567682        0.00000000    
   112.99716205367895        0.00000000    
   113.14037772168108        0.00000000    
   113.28359338968320        0.00000000    
   113.42680905768533        0.00000000    
   113.57002472568746        0.00000000    
   113.71324039368959        0.00000000    
   113.85645606169172        0.00000000    
   113.99967172969384        0.00000000    
   114.14288739769597        0.00000000    
   114.28610306569810        0.00000000    
   114.42931873370023        0.00000000    
   114.57253440170236        0.00000000    
   114.71575006970448        0.00000000    
   114.85896573770661        0.00000000    
   115.00218140570874        0.00000000    
   115.14539707371087        0.00000000    
   115.28861274171300        0.00000000    
   115.43182840971512        0.00000000    
   115.57504407771725        0.00000000    
   115.71825974571938        0.00000000    
   115.86147541372151        0.00000000    
   116.00469108172364        0.00000000    
   116.14790674972576        0.00000000    
   116.29112241772789        0.00000000    
   116.43433808573002        0.00000000    
   116.57755375373215        0.00000000    
   116.72076942173427        0.00000000    
   116.86398508973640        0.00000000    
   117.00720075773853        0.00000000    
   117.15041642574066        0.00000000    
   117.29363209374279        0.00000000    
   117.43684776174491        0.00000000    
   117.58006342974704        0.00000000    
   117.72327909774917        0.00000000    
   117.86649476575130        0.00000000    
   118.00971043375343        0.00000000    
   118.15292610175555        0.00000000    
   118.29614176975768        0.00000000    
   118.43935743775981        0.00000000    
   118.58257310576194        0.00000000    
   118.72578877376407        0.00000000    
   118.86900444176619        0.00000000    
   119.01222010976832        0.00000000    
   119.15543577777045        0.00000000    
   119.29865144577258        0.00000000    
   119.44186711377471        0.00000000    
   119.58508278177683        0.00000000    
   119.72829844977896        0.00000000    
   119.87151411778109        0.00000000    
   120.01472978578322        0.00000000    
   120.15794545378535        0.00000000    
   120.30116112178747        0.00000000    
   120.44437678978960        0.00000000    
   120.58759245779173        0.00000000    
   120.73080812579386        0.00000000    
   120.87402379379598        0.00000000    
   121.01723946179811        0.00000000    
   121.16045512980024        0.00000000    
   121.30367079780237        0.00000000    
   121.44688646580450        0.00000000    
   121.59010213380662        0.00000000    
   121.73331780180875        0.00000000    
   121.87653346981088        0.00000000    
   122.01974913781301        0.00000000    
   122.16296480581514        0.00000000    
   122.30618047381726        0.00000000    
   122.44939614181939        0.00000000    
   122.59261180982152        0.00000000    
   122.73582747782365        0.00000000    
   122.87904314582578        0.00000000    
   123.02225881382790        0.00000000    
   123.16547448183003        0.00000000    
   123.30869014983216        0.00000000    
   123.45190581783429        0.00000000    
   123.59512148583642        0.00000000    
   123.73833715383854        0.00000000    
   123.88155282184067        0.00000000    
   124.02476848984280        0.00000000    
   124.16798415784493        0.00000000    
   124.31119982584705        0.00000000    
   124.45441549384918        0.00000000    
   124.59763116185131        0.00000000    
   124.74084682985344        0.00000000    
   124.88406249785557        0.00000000    
   125.02727816585769        0.00000000    
   125.17049383385982        0.00000000    
   125.31370950186195        0.00000000    
   125.45692516986408        0.00000000    
   125.60014083786621        0.00000000    
   125.74335650586833        0.00000000    
   125.88657217387046        0.00000000    
   126.02978784187259        0.00000000    
   126.17300350987472        0.00000000    
   126.31621917787685        0.00000000    
   126.45943484587897        0.00000000    
   126.60265051388110        0.00000000    
   126.74586618188323        0.00000000    
   126.88908184988536        0.00000000    
   127.03229751788749        0.00000000    
   127.17551318588961        0.00000000    
   127.31872885389174        0.00000000    
   127.46194452189387        0.00000000    
   127.60516018989600        0.00000000    
   127.74837585789813        0.00000000    
   127.89159152590025        0.00000000    
   128.03480719390240        0.00000000    
   128.17802286190454        0.00000000    
   128.32123852990668        0.00000000    
   128.46445419790882        0.00000000    
   128.60766986591096        0.00000000    
   128.75088553391311        0.00000000    
   128.89410120191525        0.00000000    
   129.03731686991739        0.00000000    
   129.18053253791953        0.00000000    
   129.32374820592167        0.00000000    
   129.46696387392382        0.00000000    
   129.61017954192596        0.00000000    
   129.75339520992810        0.00000000    
   129.89661087793024        0.00000000    
   130.03982654593239        0.00000000    
   130.18304221393453        0.00000000    
   130.32625788193667        0.00000000    
   130.46947354993881        0.00000000    
   130.61268921794095        0.00000000    
   130.75590488594310        0.00000000    
   130.89912055394524        0.00000000    
   131.04233622194738        0.00000000    
   131.18555188994952        0.00000000    
   131.32876755795166        0.00000000    
   131.47198322595381        0.00000000    
   131.61519889395595        0.00000000    
   131.75841456195809        0.00000000    
   131.90163022996023        0.00000000    
   132.04484589796238        0.00000000    
   132.18806156596452        0.00000000    
   132.33127723396666        0.00000000    
   132.47449290196880        0.00000000    
   132.61770856997094        0.00000000    
   132.76092423797309        0.00000000    
   132.90413990597523        0.00000000    
   133.04735557397737        0.00000000    
   133.19057124197951        0.00000000    
   133.33378690998165        0.00000000    
   133.47700257798380        0.00000000    
   133.62021824598594        0.00000000    
   133.76343391398808        0.00000000    
   133.90664958199022        0.00000000    
   134.04986524999237        0.00000000    
   134.19308091799451        0.00000000    
   134.33629658599665        0.00000000    
   134.47951225399879        0.00000000    
   134.62272792200093        0.00000000    
   134.76594359000308        0.00000000    
   134.90915925800522        0.00000000    
   135.05237492600736        0.00000000    
   135.19559059400950        0.00000000    
   135.33880626201164        0.00000000    
   135.48202193001379        0.00000000    
   135.62523759801593        0.00000000    
   135.76845326601807        0.00000000    
   135.91166893402021        0.00000000    
   136.05488460202236        0.00000000    
   136.19810027002450        0.00000000    
   136.34131593802664        0.00000000    
   136.48453160602878        0.00000000    
   136.62774727403092        0.00000000    
   136.77096294203307        0.00000000    
   136.91417861003521        0.00000000    
   137.05739427803735        0.00000000    
   137.20060994603949        0.00000000    
   137.34382561404163        0.00000000    
   137.48704128204378        0.00000000    
   137.63025695004592        0.00000000    
   137.77347261804806        0.00000000    
   137.91668828605020        0.00000000    
   138.05990395405234        0.00000000    
   138.20311962205449        0.00000000    
   138.34633529005663        0.00000000    
   138.48955095805877        0.00000000    
   138.63276662606091        0.00000000    
   138.77598229406306        0.00000000    
   138.91919796206520        0.00000000    
   139.06241363006734        0.00000000    
   139.20562929806948        0.00000000    
   139.34884496607162        0.00000000    
   139.49206063407377        0.00000000    
   139.63527630207591        0.00000000    
   139.77849197007805        0.00000000    
   139.92170763808019        0.00000000    
   140.06492330608233        0.00000000    
   140.20813897408448        0.00000000    
   140.35135464208662        0.00000000    
   140.49457031008876        0.00000000    
   140.63778597809090        0.00000000    
   140.78100164609305        0.00000000    
   140.92421731409519        0.00000000    
   141.06743298209733        0.00000000    
   141.21064865009947        0.00000000    
   141.35386431810161        0.00000000    
   141.49707998610376        0.00000000    
   141.64029565410590        0.00000000    
   141.78351132210804        0.00000000    
   141.92672699011018        0.00000000    
   142.06994265811232        0.00000000    
   142.21315832611447        0.00000000    
   142.35637399411661        0.00000000    
   142.49958966211875        0.00000000    
   142.64280533012089        0.00000000    
   142.78602099812304        0.00000000    
   142.92923666612518        0.00000000    
   143.07245233412732        0.00000000    
   143.21566800212946        0.00000000    
   143.35888367013160        0.00000000    
   143.50209933813375        0.00000000    
   143.64531500613589        0.00000000    
   143.78853067413803        0.00000000    
   143.93174634214017        0.00000000    
   144.07496201014231        0.00000000    
   144.21817767814446        0.00000000    
   144.36139334614660        0.00000000    
   144.50460901414874        0.00000000    
   144.64782468215088        0.00000000    
   144.79104035015303        0.00000000    
   144.93425601815517        0.00000000    
   145.07747168615731        0.00000000    
   145.22068735415945        0.00000000    
   145.36390302216159        0.00000000    
   145.50711869016374        0.00000000    
   145.65033435816588        0.00000000    
   145.79355002616802        0.00000000    
   145.93676569417016        0.00000000    
   146.07998136217230        0.00000000    
   146.22319703017445        0.00000000    
   146.36641269817659        0.00000000    
   146.50962836617873        0.00000000    
   146.65284403418087        0.00000000    
   146.79605970218302        0.00000000    
   146.93927537018516        0.00000000    
   147.08249103818730        0.00000000    
   147.22570670618944        0.00000000    
   147.36892237419158        0.00000000    
   147.51213804219373        0.00000000    
   147.65535371019587        0.00000000    
   147.79856937819801        0.00000000    
   147.94178504620015        0.00000000    
   148.08500071420229        0.00000000    
   148.22821638220444        0.00000000    
   148.37143205020658        0.00000000    
   148.51464771820872        0.00000000    
   148.65786338621086        0.00000000    
   148.80107905421301        0.00000000    
   148.94429472221515        0.00000000    
   149.08751039021729        0.00000000    
   149.23072605821943        0.00000000    
   149.37394172622157        0.00000000    
   149.51715739422372        0.00000000    
   149.66037306222586        0.00000000    
   149.80358873022800        0.00000000    
   149.94680439823014        0.00000000    
   150.09002006623228        0.00000000    
   150.23323573423443        0.00000000    
   150.37645140223657        0.00000000    
   150.51966707023871        0.00000000    
   150.66288273824085        0.00000000    
   150.80609840624300        0.00000000    
   150.94931407424514        0.00000000    
   151.09252974224728        0.00000000    
   151.23574541024942        0.00000000    
   151.37896107825156        0.00000000    
   151.52217674625371        0.00000000    
   151.66539241425585        0.00000000    
   151.80860808225799        0.00000000    
   151.95182375026013        0.00000000    
   152.09503941826227        0.00000000    
   152.23825508626442        0.00000000    
   152.38147075426656        0.00000000    
   152.52468642226870        0.00000000    
   152.66790209027084        0.00000000    
   152.81111775827299        0.00000000    
   152.95433342627513        0.00000000    
   153.09754909427727        0.00000000    
   153.24076476227941        0.00000000    
   153.38398043028155        0.00000000    
   153.52719609828370        0.00000000    
   153.67041176628584        0.00000000    
   153.81362743428798        0.00000000    
   153.95684310229012        0.00000000    
   154.10005877029226        0.00000000    
   154.24327443829441        0.00000000    
   154.38649010629655        0.00000000    
   154.52970577429869        0.00000000    
   154.67292144230083        0.00000000    
   154.81613711030298        0.00000000    
   154.95935277830512        0.00000000    
   155.10256844630726        0.00000000    
   155.24578411430940        0.00000000    
   155.38899978231154        0.00000000    
   155.53221545031369        0.00000000    
   155.67543111831583        0.00000000    
   155.81864678631797        0.00000000    
   155.96186245432011        0.00000000    
   156.10507812232225        0.00000000    
   156.24829379032440        0.00000000    
   156.39150945832654        0.00000000    
   156.53472512632868        0.00000000    
   156.67794079433082        0.00000000    
   156.82115646233297        0.00000000    
   156.96437213033511        0.00000000    
   157.10758779833725        0.00000000    
   157.25080346633939        0.00000000    
   157.39401913434153        0.00000000    
   157.53723480234368        0.00000000    
   157.68045047034582        0.00000000    
   157.82366613834796        0.00000000    
   157.96688180635010        0.00000000    
   158.11009747435224        0.00000000    
   158.25331314235439        0.00000000    
   158.39652881035653        0.00000000    
   158.53974447835867        0.00000000    
   158.68296014636081        0.00000000    
   158.82617581436295        0.00000000    
   158.96939148236510        0.00000000    
   159.11260715036724        0.00000000    
   159.25582281836938        0.00000000    
   159.39903848637152        0.00000000    
   159.54225415437367        0.00000000    
   159.68546982237581        0.00000000    
   159.82868549037795        0.00000000    
   159.97190115838009        0.00000000    
   160.11511682638223        0.00000000    
   160.25833249438438        0.00000000    
   160.40154816238652        0.00000000    
   160.54476383038866        0.00000000    
   160.68797949839080        0.00000000    
   160.83119516639294        0.00000000    
   160.97441083439509        0.00000000    
   161.11762650239723        0.00000000    
   161.26084217039937        0.00000000    
   161.40405783840151        0.00000000    
   161.54727350640366        0.00000000    
   161.69048917440580        0.00000000    
   161.83370484240794        0.00000000    
   161.97692051041008        0.00000000    
   162.12013617841222        0.00000000    
   162.26335184641437        0.00000000    
   162.40656751441651        0.00000000    
   162.54978318241865        0.00000000    
   162.69299885042079        0.00000000    
   162.83621451842293        0.00000000    
   162.97943018642508        0.00000000    
   163.12264585442722        0.00000000    
   163.26586152242936        0.00000000    
   163.40907719043150        0.00000000    
   163.55229285843365        0.00000000    
   163.69550852643579        0.00000000    
   163.83872419443793        0.00000000    
   163.98193986244007        0.00000000    
   164.12515553044221        0.00000000    
   164.26837119844436        0.00000000    
   164.41158686644650        0.00000000    
   164.55480253444864        0.00000000    
   164.69801820245078        0.00000000    
   164.84123387045292        0.00000000    
   164.98444953845507        0.00000000    
   165.12766520645721        0.00000000    
   165.27088087445935        0.00000000    
   165.41409654246149        0.00000000    
   165.55731221046364        0.00000000    
   165.70052787846578        0.00000000    
   165.84374354646792        0.00000000    
   165.98695921447006        0.00000000    
   166.13017488247220        0.00000000    
   166.27339055047435        0.00000000    
   166.41660621847649        0.00000000    
   166.55982188647863        0.00000000    
   166.70303755448077        0.00000000    
   166.84625322248291        0.00000000    
   166.98946889048506        0.00000000    
   167.13268455848720        0.00000000    
   167.27590022648934        0.00000000    
   167.41911589449148        0.00000000    
   167.56233156249363        0.00000000    
   167.70554723049577        0.00000000    
   167.84876289849791        0.00000000    
   167.99197856650005        0.00000000    
   168.13519423450219        0.00000000    
   168.27840990250434        0.00000000    
   168.42162557050648        0.00000000    
   168.56484123850862        0.00000000    
   168.70805690651076        0.00000000    
   168.85127257451290        0.00000000    
   168.99448824251505        0.00000000    
   169.13770391051719        0.00000000    
   169.28091957851933        0.00000000    
   169.42413524652147        0.00000000    
   169.56735091452362        0.00000000    
   169.71056658252576        0.00000000    
   169.85378225052790        0.00000000    
   169.99699791853004        0.00000000    
   170.14021358653218        0.00000000    
   170.28342925453433        0.00000000    
   170.42664492253647        0.00000000    
   170.56986059053861        0.00000000    
   170.71307625854075        0.00000000    
   170.85629192654289        0.00000000    
   170.99950759454504        0.00000000    
   171.14272326254718        0.00000000    
   171.28593893054932        0.00000000    
   171.42915459855146        0.00000000    
   171.57237026655361        0.00000000    
   171.71558593455575        0.00000000    
   171.85880160255789        0.00000000    
   172.00201727056003        0.00000000    
   172.14523293856217        0.00000000    
   172.28844860656432        0.00000000    
   172.43166427456646        0.00000000    
   172.57487994256860        0.00000000    
   172.71809561057074        0.00000000    
   172.86131127857288        0.00000000    
   173.00452694657503        0.00000000    
   173.14774261457717        0.00000000    
   173.29095828257931        0.00000000    
   173.43417395058145        0.00000000    
   173.57738961858360        0.00000000    
   173.72060528658574        0.00000000    
   173.86382095458788        0.00000000    
   174.00703662259002        0.00000000    
   174.15025229059216        0.00000000    
   174.29346795859431        0.00000000    
   174.43668362659645        0.00000000    
   174.57989929459859        0.00000000    
   174.72311496260073        0.00000000    
   174.86633063060287        0.00000000    
   175.00954629860502        0.00000000    
   175.15276196660716        0.00000000    
   175.29597763460930        0.00000000    
   175.43919330261144        0.00000000    
   175.58240897061359        0.00000000    
   175.72562463861573        0.00000000    
   175.86884030661787        0.00000000    
   176.01205597462001        0.00000000    
   176.15527164262215        0.00000000    
   176.29848731062430        0.00000000    
   176.44170297862644        0.00000000    
   176.58491864662858        0.00000000    
   176.72813431463072        0.00000000    
   176.87134998263286        0.00000000    
   177.01456565063501        0.00000000    
   177.15778131863715        0.00000000    
   177.30099698663929        0.00000000    
   177.44421265464143        0.00000000    
   177.58742832264358        0.00000000    
   177.73064399064572        0.00000000    
   177.87385965864786        0.00000000    
   178.01707532665000        0.00000000    
   178.16029099465214        0.00000000    
   178.30350666265429        0.00000000    
   178.44672233065643        0.00000000    
   178.58993799865857        0.00000000    
   178.73315366666071        0.00000000    
   178.87636933466285        0.00000000    
   179.01958500266500        0.00000000    
   179.16280067066714        0.00000000    
   179.30601633866928        0.00000000    
   179.44923200667142        0.00000000    
   179.59244767467356        0.00000000    
   179.73566334267571        0.00000000    
   179.87887901067785        0.00000000    
   180.02209467867999        0.00000000    
   180.16531034668213        0.00000000    
   180.30852601468428        0.00000000    
   180.45174168268642        0.00000000    
   180.59495735068856        0.00000000    
   180.73817301869070        0.00000000    
   180.88138868669284        0.00000000    
   181.02460435469499        0.00000000    
   181.16782002269713        0.00000000    
   181.31103569069927        0.00000000    
   181.45425135870141        0.00000000    
   181.59746702670355        0.00000000    
   181.74068269470570        0.00000000    
   181.88389836270784        0.00000000    
   182.02711403070998        0.00000000    
   182.17032969871212        0.00000000    
   182.31354536671427        0.00000000    
   182.45676103471641        0.00000000    
   182.59997670271855        0.00000000    
   182.74319237072069        0.00000000    
   182.88640803872283        0.00000000    
   183.02962370672498        0.00000000    
   183.17283937472712        0.00000000    
   183.31605504272926        0.00000000    
   183.45927071073140        0.00000000    
   183.60248637873354        0.00000000    
   183.74570204673569        0.00000000    
   183.88891771473783        0.00000000    
   184.03213338273997        0.00000000    
   184.17534905074211        0.00000000    
   184.31856471874426        0.00000000    
   184.46178038674640        0.00000000    
   184.60499605474854        0.00000000    
   184.74821172275068        0.00000000    
   184.89142739075282        0.00000000    
   185.03464305875497        0.00000000    
   185.17785872675711        0.00000000    
   185.32107439475925        0.00000000    
   185.46429006276139        0.00000000    
   185.60750573076353        0.00000000    
   185.75072139876568        0.00000000    
   185.89393706676782        0.00000000    
   186.03715273476996        0.00000000    
   186.18036840277210        0.00000000    
   186.32358407077425        0.00000000    
   186.46679973877639        0.00000000    
   186.61001540677853        0.00000000    
   186.75323107478067        0.00000000    
   186.89644674278281        0.00000000    
   187.03966241078496        0.00000000    
   187.18287807878710        0.00000000    
   187.32609374678924        0.00000000    
   187.46930941479138        0.00000000    
   187.61252508279352        0.00000000    
   187.75574075079567        0.00000000    
   187.89895641879781        0.00000000    
   188.04217208679995        0.00000000    
   188.18538775480209        0.00000000    
   188.32860342280424        0.00000000    
   188.47181909080638        0.00000000    
   188.61503475880852        0.00000000    
   188.75825042681066        0.00000000    
   188.90146609481280        0.00000000    
   189.04468176281495        0.00000000    
   189.18789743081709        0.00000000    
   189.33111309881923        0.00000000    
   189.47432876682137        0.00000000    
   189.61754443482351        0.00000000    
   189.76076010282566        0.00000000    
   189.90397577082780        0.00000000    
   190.04719143882994        0.00000000    
   190.19040710683208        0.00000000    
   190.33362277483423        0.00000000    
   190.47683844283637        0.00000000    
   190.62005411083851        0.00000000    
   190.76326977884065        0.00000000    
   190.90648544684279        0.00000000    
   191.04970111484494        0.00000000    
   191.19291678284708        0.00000000    
   191.33613245084922        0.00000000    
   191.47934811885136        0.00000000    
   191.62256378685350        0.00000000    
   191.76577945485565        0.00000000    
   191.90899512285779        0.00000000    
   192.05221079085993        0.00000000    
   192.19542645886207        0.00000000    
   192.33864212686422        0.00000000    
   192.48185779486636        0.00000000    
   192.62507346286850        0.00000000    
   192.76828913087064        0.00000000    
   192.91150479887278        0.00000000    
   193.05472046687493        0.00000000    
   193.19793613487707        0.00000000    
   193.34115180287921        0.00000000    
   193.48436747088135        0.00000000    
   193.62758313888349        0.00000000    
   193.77079880688564        0.00000000    
   193.91401447488778        0.00000000    
   194.05723014288992        0.00000000    
   194.20044581089206        0.00000000    
   194.34366147889421        0.00000000    
   194.48687714689635        0.00000000    
   194.63009281489849        0.00000000    
   194.77330848290063        0.00000000    
   194.91652415090277        0.00000000    
   195.05973981890492        0.00000000    
   195.20295548690706        0.00000000    
   195.34617115490920        0.00000000    
   195.48938682291134        0.00000000    
   195.63260249091348        0.00000000    
   195.77581815891563        0.00000000    
   195.91903382691777        0.00000000    
   196.06224949491991        0.00000000    
   196.20546516292205        0.00000000    
   196.34868083092420        0.00000000    
   196.49189649892634        0.00000000    
   196.63511216692848        0.00000000    
   196.77832783493062        0.00000000    
   196.92154350293276        0.00000000    
   197.06475917093491        0.00000000    
   197.20797483893705        0.00000000    
   197.35119050693919        0.00000000    
   197.49440617494133        0.00000000    
   197.63762184294347        0.00000000    
   197.78083751094562        0.00000000    
   197.92405317894776        0.00000000    
   198.06726884694990        0.00000000    
   198.21048451495204        0.00000000    
   198.35370018295419        0.00000000    
   198.49691585095633        0.00000000    
   198.64013151895847        0.00000000    
   198.78334718696061        0.00000000    
   198.92656285496275        0.00000000    
   199.06977852296490        0.00000000    
   199.21299419096704        0.00000000    
   199.35620985896918        0.00000000    
   199.49942552697132        0.00000000    
   199.64264119497346        0.00000000    
   199.78585686297561        0.00000000    
   199.92907253097775        0.00000000    
   200.07228819897989        0.00000000    
   200.21550386698203        0.00000000    
   200.35871953498417        0.00000000    
   200.50193520298632        0.00000000    
   200.64515087098846        0.00000000    
   200.78836653899060        0.00000000    
   200.93158220699274        0.00000000    
   201.07479787499489        0.00000000    
   201.21801354299703        0.00000000    
   201.36122921099917        0.00000000    
   201.50444487900131        0.00000000    
   201.64766054700345        0.00000000    
   201.79087621500560        0.00000000    
   201.93409188300774        0.00000000    
   202.07730755100988        0.00000000    
   202.22052321901202        0.00000000    
   202.36373888701416        0.00000000    
   202.50695455501631        0.00000000    
   202.65017022301845        0.00000000    
   202.79338589102059        0.00000000    
   202.93660155902273        0.00000000    
   203.07981722702488        0.00000000    
   203.22303289502702        0.00000000    
   203.36624856302916        0.00000000    
   203.50946423103130        0.00000000    
   203.65267989903344        0.00000000    
   203.79589556703559        0.00000000    
   203.93911123503773        0.00000000    
   204.08232690303987        0.00000000    
   204.22554257104201        0.00000000    
   204.36875823904415        0.00000000    
   204.51197390704630        0.00000000    
   204.65518957504844        0.00000000    
   204.79840524305058        0.00000000    
   204.94162091105272        0.00000000    
   205.08483657905487        0.00000000    
   205.22805224705701        0.00000000    
   205.37126791505915        0.00000000    
   205.51448358306129        0.00000000    
   205.65769925106343        0.00000000    
   205.80091491906558        0.00000000    
   205.94413058706772        0.00000000    
   206.08734625506986        0.00000000    
   206.23056192307200        0.00000000    
   206.37377759107414        0.00000000    
   206.51699325907629        0.00000000    
   206.66020892707843        0.00000000    
   206.80342459508057        0.00000000    
   206.94664026308271        0.00000000    
   207.08985593108486        0.00000000    
   207.23307159908700        0.00000000    
   207.37628726708914        0.00000000    
   207.51950293509128        0.00000000    
   207.66271860309342        0.00000000    
   207.80593427109557        0.00000000    
   207.94914993909771        0.00000000    
   208.09236560709985        0.00000000    
   208.23558127510199        0.00000000    
   208.37879694310413        0.00000000    
   208.52201261110628        0.00000000    
   208.66522827910842        0.00000000    
   208.80844394711056        0.00000000    
   208.95165961511270        0.00000000    
   209.09487528311485        0.00000000    
   209.23809095111699        0.00000000    
   209.38130661911913        0.00000000    
   209.52452228712127        0.00000000    
   209.66773795512341        0.00000000    
   209.81095362312556        0.00000000    
   209.95416929112770        0.00000000    
   210.09738495912984        0.00000000    
   210.24060062713198        0.00000000    
   210.38381629513412        0.00000000    
   210.52703196313627        0.00000000    
   210.67024763113841        0.00000000    
   210.81346329914055        0.00000000    
   210.95667896714269        0.00000000    
   211.09989463514484        0.00000000    
   211.24311030314698        0.00000000    
   211.38632597114912        0.00000000    
   211.52954163915126        0.00000000    
   211.67275730715340        0.00000000    
   211.81597297515555        0.00000000    
   211.95918864315769        0.00000000    
   212.10240431115983        0.00000000    
   212.24561997916197        0.00000000    
   212.38883564716411        0.00000000    
   212.53205131516626        0.00000000    
   212.67526698316840        0.00000000    
   212.81848265117054        0.00000000    
   212.96169831917268        0.00000000    
   213.10491398717483        0.00000000    
   213.24812965517697        0.00000000    
   213.39134532317911        0.00000000    
   213.53456099118125        0.00000000    
   213.67777665918339        0.00000000    
   213.82099232718554        0.00000000    
   213.96420799518768        0.00000000    
   214.10742366318982        0.00000000    
   214.25063933119196        0.00000000    
   214.39385499919410        0.00000000    
   214.53707066719625        0.00000000    
   214.68028633519839        0.00000000    
   214.82350200320053        0.00000000    
   214.96671767120267        0.00000000    
   215.10993333920482        0.00000000    
   215.25314900720696        0.00000000    
   215.39636467520910        0.00000000    
   215.53958034321124        0.00000000    
   215.68279601121338        0.00000000    
   215.82601167921553        0.00000000    
   215.96922734721767        0.00000000    
   216.11244301521981        0.00000000    
   216.25565868322195        0.00000000    
   216.39887435122409        0.00000000    
   216.54209001922624        0.00000000    
   216.68530568722838        0.00000000    
   216.82852135523052        0.00000000    
   216.97173702323266        0.00000000    
   217.11495269123481        0.00000000    
   217.25816835923695        0.00000000    
   217.40138402723909        0.00000000    
   217.54459969524123        0.00000000    
   217.68781536324337        0.00000000    
   217.83103103124552        0.00000000    
   217.97424669924766        0.00000000    
   218.11746236724980        0.00000000    
   218.26067803525194        0.00000000    
   218.40389370325408        0.00000000    
   218.54710937125623        0.00000000    
   218.69032503925837        0.00000000    
   218.83354070726051        0.00000000    
   218.97675637526265        0.00000000    
   219.11997204326480        0.00000000    
   219.26318771126694        0.00000000    
   219.40640337926908        0.00000000    
   219.54961904727122        0.00000000    
   219.69283471527336        0.00000000    
   219.83605038327551        0.00000000    
   219.97926605127765        0.00000000    
   220.12248171927979        0.00000000    
   220.26569738728193        0.00000000    
   220.40891305528407        0.00000000    
   220.55212872328622        0.00000000    
   220.69534439128836        0.00000000    
   220.83856005929050        0.00000000    
   220.98177572729264        0.00000000    
   221.12499139529478        0.00000000    
   221.26820706329693        0.00000000    
   221.41142273129907        0.00000000    
   221.55463839930121        0.00000000    
   221.69785406730335        0.00000000    
   221.84106973530550        0.00000000    
   221.98428540330764        0.00000000    
   222.12750107130978        0.00000000    
   222.27071673931192        0.00000000    
   222.41393240731406        0.00000000    
   222.55714807531621        0.00000000    
   222.70036374331835        0.00000000    
   222.84357941132049        0.00000000    
   222.98679507932263        0.00000000    
   223.13001074732477        0.00000000    
   223.27322641532692        0.00000000    
   223.41644208332906        0.00000000    
   223.55965775133120        0.00000000    
   223.70287341933334        0.00000000    
   223.84608908733549        0.00000000    
   223.98930475533763        0.00000000    
   224.13252042333977        0.00000000    
   224.27573609134191        0.00000000    
   224.41895175934405        0.00000000    
   224.56216742734620        0.00000000    
   224.70538309534834        0.00000000    
   224.84859876335048        0.00000000    
   224.99181443135262        0.00000000    
   225.13503009935476        0.00000000    
   225.27824576735691        0.00000000    
   225.42146143535905        0.00000000    
   225.56467710336119        0.00000000    
   225.70789277136333        0.00000000    
   225.85110843936548        0.00000000    
   225.99432410736762        0.00000000    
   226.13753977536976        0.00000000    
   226.28075544337190        0.00000000    
   226.42397111137404        0.00000000    
   226.56718677937619        0.00000000    
   226.71040244737833        0.00000000    
   226.85361811538047        0.00000000    
   226.99683378338261        0.00000000    
   227.14004945138475        0.00000000    
   227.28326511938690        0.00000000    
   227.42648078738904        0.00000000    
   227.56969645539118        0.00000000    
   227.71291212339332        0.00000000    
   227.85612779139547        0.00000000    
   227.99934345939761        0.00000000    
   228.14255912739975        0.00000000    
   228.28577479540189        0.00000000    
   228.42899046340403        0.00000000    
   228.57220613140618        0.00000000    
   228.71542179940832        0.00000000    
   228.85863746741046        0.00000000    
   229.00185313541260        0.00000000    
   229.14506880341474        0.00000000    
   229.28828447141689        0.00000000    
   229.43150013941903        0.00000000    
   229.57471580742117        0.00000000    
   229.71793147542331        0.00000000    
   229.86114714342546        0.00000000    
   230.00436281142760        0.00000000    
   230.14757847942974        0.00000000    
   230.29079414743188        0.00000000    
   230.43400981543402        0.00000000    
   230.57722548343617        0.00000000    
   230.72044115143831        0.00000000    
   230.86365681944045        0.00000000    
   231.00687248744259        0.00000000    
   231.15008815544473        0.00000000    
   231.29330382344688        0.00000000    
   231.43651949144902        0.00000000    
   231.57973515945116        0.00000000    
   231.72295082745330        0.00000000    
   231.86616649545545        0.00000000    
   232.00938216345759        0.00000000    
   232.15259783145973        0.00000000    
   232.29581349946187        0.00000000    
   232.43902916746401        0.00000000    
   232.58224483546616        0.00000000    
   232.72546050346830        0.00000000    
   232.86867617147044        0.00000000    
   233.01189183947258        0.00000000    
   233.15510750747472        0.00000000    
   233.29832317547687        0.00000000    
   233.44153884347901        0.00000000    
   233.58475451148115        0.00000000    
   233.72797017948329        0.00000000    
   233.87118584748544        0.00000000    
   234.01440151548758        0.00000000    
   234.15761718348972        0.00000000    
   234.30083285149186        0.00000000    
   234.44404851949400        0.00000000    
   234.58726418749615        0.00000000    
   234.73047985549829        0.00000000    
   234.87369552350043        0.00000000    
   235.01691119150257        0.00000000    
   235.16012685950471        0.00000000    
   235.30334252750686        0.00000000    
   235.44655819550900        0.00000000    
   235.58977386351114        0.00000000    
   235.73298953151328        0.00000000    
   235.87620519951543        0.00000000    
   236.01942086751757        0.00000000    
   236.16263653551971        0.00000000    
   236.30585220352185        0.00000000    
   236.44906787152399        0.00000000    
   236.59228353952614        0.00000000    
   236.73549920752828        0.00000000    
   236.87871487553042        0.00000000    
   237.02193054353256        0.00000000    
   237.16514621153470        0.00000000    
   237.30836187953685        0.00000000    
   237.45157754753899        0.00000000    
   237.59479321554113        0.00000000    
   237.73800888354327        0.00000000    
   237.88122455154542        0.00000000    
   238.02444021954756        0.00000000    
   238.16765588754970        0.00000000    
   238.31087155555184        0.00000000    
   238.45408722355398        0.00000000    
   238.59730289155613        0.00000000    
   238.74051855955827        0.00000000    
   238.88373422756041        0.00000000    
   239.02694989556255        0.00000000    
   239.17016556356469        0.00000000    
   239.31338123156684        0.00000000    
   239.45659689956898        0.00000000    
   239.59981256757112        0.00000000    
   239.74302823557326        0.00000000    
   239.88624390357541        0.00000000    
   240.02945957157755        0.00000000    
   240.17267523957969        0.00000000    
   240.31589090758183        0.00000000    
   240.45910657558397        0.00000000    
   240.60232224358612        0.00000000    
   240.74553791158826        0.00000000    
   240.88875357959040        0.00000000    
   241.03196924759254        0.00000000    
   241.17518491559468        0.00000000    
   241.31840058359683        0.00000000    
   241.46161625159897        0.00000000    
   241.60483191960111        0.00000000    
   241.74804758760325        0.00000000    
   241.89126325560539        0.00000000    
   242.03447892360754        0.00000000    
   242.17769459160968        0.00000000    
   242.32091025961182        0.00000000    
   242.46412592761396        0.00000000    
   242.60734159561611        0.00000000    
   242.75055726361825        0.00000000    
   242.89377293162039        0.00000000    
   243.03698859962253        0.00000000    
   243.18020426762467        0.00000000    
   243.32341993562682        0.00000000    
   243.46663560362896        0.00000000    
   243.60985127163110        0.00000000    
   243.75306693963324        0.00000000    
   243.89628260763538        0.00000000    
   244.03949827563753        0.00000000    
   244.18271394363967        0.00000000    
   244.32592961164181        0.00000000    
   244.46914527964395        0.00000000    
   244.61236094764610        0.00000000    
   244.75557661564824        0.00000000    
   244.89879228365038        0.00000000    
   245.04200795165252        0.00000000    
   245.18522361965466        0.00000000    
   245.32843928765681        0.00000000    
   245.47165495565895        0.00000000    
   245.61487062366109        0.00000000    
   245.75808629166323        0.00000000    
   245.90130195966537        0.00000000    
   246.04451762766752        0.00000000    
   246.18773329566966        0.00000000    
   246.33094896367180        0.00000000    
   246.47416463167394        0.00000000    
   246.61738029967609        0.00000000    
   246.76059596767823        0.00000000    
   246.90381163568037        0.00000000    
   247.04702730368251        0.00000000    
   247.19024297168465        0.00000000    
   247.33345863968680        0.00000000    
   247.47667430768894        0.00000000    
   247.61988997569108        0.00000000    
   247.76310564369322        0.00000000    
   247.90632131169536        0.00000000    
   248.04953697969751        0.00000000    
   248.19275264769965        0.00000000    
   248.33596831570179        0.00000000    
   248.47918398370393        0.00000000    
   248.62239965170608        0.00000000    
   248.76561531970822        0.00000000    
   248.90883098771036        0.00000000    
   249.05204665571250        0.00000000    
   249.19526232371464        0.00000000    
   249.33847799171679        0.00000000    
   249.48169365971893        0.00000000    
   249.62490932772107        0.00000000    
   249.76812499572321        0.00000000    
   249.91134066372535        0.00000000    
   250.05455633172750        0.00000000    
   250.19777199972964        0.00000000    
   250.34098766773178        0.00000000    
   250.48420333573392        0.00000000    
   250.62741900373607        0.00000000    
   250.77063467173821        0.00000000    
   250.91385033974035        0.00000000    
   251.05706600774249        0.00000000    
   251.20028167574463        0.00000000    
   251.34349734374678        0.00000000    
   251.48671301174892        0.00000000    
   251.62992867975106        0.00000000    
   251.77314434775320        0.00000000    
   251.91636001575534        0.00000000    
   252.05957568375749        0.00000000    
   252.20279135175963        0.00000000    
   252.34600701976177        0.00000000    
   252.48922268776391        0.00000000    
   252.63243835576606        0.00000000    
   252.77565402376820        0.00000000    
   252.91886969177034        0.00000000    
   253.06208535977248        0.00000000    
   253.20530102777462        0.00000000    
   253.34851669577677        0.00000000    
   253.49173236377891        0.00000000    
   253.63494803178105        0.00000000    
   253.77816369978319        0.00000000    
   253.92137936778533        0.00000000    
   254.06459503578748        0.00000000    
   254.20781070378962        0.00000000    
   254.35102637179176        0.00000000    
   254.49424203979390        0.00000000    
   254.63745770779605        0.00000000    
   254.78067337579819        0.00000000    
   254.92388904380033        0.00000000    
   255.06710471180247        0.00000000    
   255.21032037980461        0.00000000    
   255.35353604780676        0.00000000    
   255.49675171580890        0.00000000    
   255.63996738381104        0.00000000    
   255.78318305181318        0.00000000    
   255.92639871981532        0.00000000    
   256.06961438781747        0.00000000    
   256.21283005581961        0.00000000    
   256.35604572382175        0.00000000    
   256.49926139182389        0.00000000    
   256.64247705982604        0.00000000    
   256.78569272782818        0.00000000    
   256.92890839583032        0.00000000    
   257.07212406383246        0.00000000    
   257.21533973183460        0.00000000    
   257.35855539983675        0.00000000    
   257.50177106783889        0.00000000    
   257.64498673584103        0.00000000    
   257.78820240384317        0.00000000    
   257.93141807184531        0.00000000    
   258.07463373984746        0.00000000    
   258.21784940784960        0.00000000    
   258.36106507585174        0.00000000    
   258.50428074385388        0.00000000    
   258.64749641185603        0.00000000    
   258.79071207985817        0.00000000    
   258.93392774786031        0.00000000    
   259.07714341586245        0.00000000    
   259.22035908386459        0.00000000    
   259.36357475186674        0.00000000    
   259.50679041986888        0.00000000    
   259.65000608787102        0.00000000    
   259.79322175587316        0.00000000    
   259.93643742387530        0.00000000    
   260.07965309187745        0.00000000    
   260.22286875987959        0.00000000    
   260.36608442788173        0.00000000    
   260.50930009588387        0.00000000    
   260.65251576388602        0.00000000    
   260.79573143188816        0.00000000    
   260.93894709989030        0.00000000    
   261.08216276789244        0.00000000    
   261.22537843589458        0.00000000    
   261.36859410389673        0.00000000    
   261.51180977189887        0.00000000    
   261.65502543990101        0.00000000    
   261.79824110790315        0.00000000    
   261.94145677590529        0.00000000    
   262.08467244390744        0.00000000    
   262.22788811190958        0.00000000    
   262.37110377991172        0.00000000    
   262.51431944791386        0.00000000    
   262.65753511591600        0.00000000    
   262.80075078391815        0.00000000    
   262.94396645192029        0.00000000    
   263.08718211992243        0.00000000    
   263.23039778792457        0.00000000    
   263.37361345592672        0.00000000    
   263.51682912392886        0.00000000    
   263.66004479193100        0.00000000    
   263.80326045993314        0.00000000    
   263.94647612793528        0.00000000    
   264.08969179593743        0.00000000    
   264.23290746393957        0.00000000    
   264.37612313194171        0.00000000    
   264.51933879994385        0.00000000    
   264.66255446794599        0.00000000    
   264.80577013594814        0.00000000    
   264.94898580395028        0.00000000    
   265.09220147195242        0.00000000    
   265.23541713995456        0.00000000    
   265.37863280795671        0.00000000    
   265.52184847595885        0.00000000    
   265.66506414396099        0.00000000    
   265.80827981196313        0.00000000    
   265.95149547996527        0.00000000    
   266.09471114796742        0.00000000    
   266.23792681596956        0.00000000    
   266.38114248397170        0.00000000    
   266.52435815197384        0.00000000    
   266.66757381997598        0.00000000    
   266.81078948797813        0.00000000    
   266.95400515598027        0.00000000    
   267.09722082398241        0.00000000    
   267.24043649198455        0.00000000    
   267.38365215998670        0.00000000    
   267.52686782798884        0.00000000    
   267.67008349599098        0.00000000    
   267.81329916399312        0.00000000    
   267.95651483199526        0.00000000    
   268.09973049999741        0.00000000    
   268.24294616799955        0.00000000    
   268.38616183600169        0.00000000    
   268.52937750400383        0.00000000    
   268.67259317200597        0.00000000    
   268.81580884000812        0.00000000    
   268.95902450801026        0.00000000    
   269.10224017601240        0.00000000    
   269.24545584401454        0.00000000    
   269.38867151201669        0.00000000    
   269.53188718001883        0.00000000    
   269.67510284802097        0.00000000    
   269.81831851602311        0.00000000    
   269.96153418402525        0.00000000    
   270.10474985202740        0.00000000    
   270.24796552002954        0.00000000    
   270.39118118803168        0.00000000    
   270.53439685603382        0.00000000    
   270.67761252403596        0.00000000    
   270.82082819203811        0.00000000    
   270.96404386004025        0.00000000    
   271.10725952804239        0.00000000    
   271.25047519604453        0.00000000    
   271.39369086404668        0.00000000    
   271.53690653204882        0.00000000    
   271.68012220005096        0.00000000    
   271.82333786805310        0.00000000    
   271.96655353605524        0.00000000    
   272.10976920405739        0.00000000    
   272.25298487205953        0.00000000    
   272.39620054006167        0.00000000    
   272.53941620806381        0.00000000    
   272.68263187606595        0.00000000    
   272.82584754406810        0.00000000    
   272.96906321207024        0.00000000    
   273.11227888007238        0.00000000    
   273.25549454807452        0.00000000    
   273.39871021607667        0.00000000    
   273.54192588407881        0.00000000    
   273.68514155208095        0.00000000    
   273.82835722008309        0.00000000    
   273.97157288808523        0.00000000    
   274.11478855608738        0.00000000    
   274.25800422408952        0.00000000    
   274.40121989209166        0.00000000    
   274.54443556009380        0.00000000    
   274.68765122809594        0.00000000    
   274.83086689609809        0.00000000    
   274.97408256410023        0.00000000    
   275.11729823210237        0.00000000    
   275.26051390010451        0.00000000    
   275.40372956810666        0.00000000    
   275.54694523610880        0.00000000    
   275.69016090411094        0.00000000    
   275.83337657211308        0.00000000    
   275.97659224011522        0.00000000    
   276.11980790811737        0.00000000    
   276.26302357611951        0.00000000    
   276.40623924412165        0.00000000    
   276.54945491212379        0.00000000    
   276.69267058012593        0.00000000    
   276.83588624812808        0.00000000    
   276.97910191613022        0.00000000    
   277.12231758413236        0.00000000    
   277.26553325213450        0.00000000    
   277.40874892013665        0.00000000    
   277.55196458813879        0.00000000    
   277.69518025614093        0.00000000    
   277.83839592414307        0.00000000    
   277.98161159214521        0.00000000    
   278.12482726014736        0.00000000    
   278.26804292814950        0.00000000    
   278.41125859615164        0.00000000    
   278.55447426415378        0.00000000    
   278.69768993215592        0.00000000    
   278.84090560015807        0.00000000    
   278.98412126816021        0.00000000    
   279.12733693616235        0.00000000    
   279.27055260416449        0.00000000    
   279.41376827216664        0.00000000    
   279.55698394016878        0.00000000    
   279.70019960817092        0.00000000    
   279.84341527617306        0.00000000    
   279.98663094417520        0.00000000    
   280.12984661217735        0.00000000    
   280.27306228017949        0.00000000    
   280.41627794818163        0.00000000    
   280.55949361618377        0.00000000    
   280.70270928418591        0.00000000    
   280.84592495218806        0.00000000    
   280.98914062019020        0.00000000    
   281.13235628819234        0.00000000    
   281.27557195619448        0.00000000    
   281.41878762419663        0.00000000    
   281.56200329219877        0.00000000    
   281.70521896020091        0.00000000    
   281.84843462820305        0.00000000    
   281.99165029620519        0.00000000    
   282.13486596420734        0.00000000    
   282.27808163220948        0.00000000    
   282.42129730021162        0.00000000    
   282.56451296821376        0.00000000    
   282.70772863621590        0.00000000    
   282.85094430421805        0.00000000    
   282.99415997222019        0.00000000    
   283.13737564022233        0.00000000    
   283.28059130822447        0.00000000    
   283.42380697622662        0.00000000    
   283.56702264422876        0.00000000    
   283.71023831223090        0.00000000    
   283.85345398023304        0.00000000    
   283.99666964823518        0.00000000    
   284.13988531623733        0.00000000    
   284.28310098423947        0.00000000    
   284.42631665224161        0.00000000    
   284.56953232024375        0.00000000    
   284.71274798824589        0.00000000    
   284.85596365624804        0.00000000    
   284.99917932425018        0.00000000    
   285.14239499225232        0.00000000    
   285.28561066025446        0.00000000    
   285.42882632825660        0.00000000    
   285.57204199625875        0.00000000    
   285.71525766426089        0.00000000    
   285.85847333226303        0.00000000    
   286.00168900026517        0.00000000    
   286.14490466826732        0.00000000    
   286.28812033626946        0.00000000    
   286.43133600427160        0.00000000    
   286.57455167227374        0.00000000    
   286.71776734027588        0.00000000    
   286.86098300827803        0.00000000    
   287.00419867628017        0.00000000    
   287.14741434428231        0.00000000    
   287.29063001228445        0.00000000    
   287.43384568028659        0.00000000    
   287.57706134828874        0.00000000    
   287.72027701629088        0.00000000    
   287.86349268429302        0.00000000    
   288.00670835229516        0.00000000    
   288.14992402029731        0.00000000    
   288.29313968829945        0.00000000    
   288.43635535630159        0.00000000    
   288.57957102430373        0.00000000    
   288.72278669230587        0.00000000    
   288.86600236030802        0.00000000    
   289.00921802831016        0.00000000    
   289.15243369631230        0.00000000    
   289.29564936431444        0.00000000    
   289.43886503231658        0.00000000    
   289.58208070031873        0.00000000    
   289.72529636832087        0.00000000    
   289.86851203632301        0.00000000    
   290.01172770432515        0.00000000    
   290.15494337232730        0.00000000    
   290.29815904032944        0.00000000    
   290.44137470833158        0.00000000    
   290.58459037633372        0.00000000    
   290.72780604433586        0.00000000    
   290.87102171233801        0.00000000    
   291.01423738034015        0.00000000    
   291.15745304834229        0.00000000    
   291.30066871634443        0.00000000    
   291.44388438434657        0.00000000    
   291.58710005234872        0.00000000    
   291.73031572035086        0.00000000    
   291.87353138835300        0.00000000    
   292.01674705635514        0.00000000    
   292.15996272435729        0.00000000    
   292.30317839235943        0.00000000    
   292.44639406036157        0.00000000    
   292.58960972836371        0.00000000    
   292.73282539636585        0.00000000    
   292.87604106436800        0.00000000    
   293.01925673237014        0.00000000    
   293.16247240037228        0.00000000    
   293.30568806837442        0.00000000    
   293.44890373637656        0.00000000    
   293.59211940437871        0.00000000    
   293.73533507238085        0.00000000    
   293.87855074038299        0.00000000    
   294.02176640838513        0.00000000    
   294.16498207638728        0.00000000    
   294.30819774438942        0.00000000    
   294.45141341239156        0.00000000    
   294.59462908039370        0.00000000    
   294.73784474839584        0.00000000    
   294.88106041639799        0.00000000    
   295.02427608440013        0.00000000    
   295.16749175240227        0.00000000    
   295.31070742040441        0.00000000    
   295.45392308840655        0.00000000    
   295.59713875640870        0.00000000    
   295.74035442441084        0.00000000    
   295.88357009241298        0.00000000    
   296.02678576041512        0.00000000    
   296.17000142841727        0.00000000    
   296.31321709641941        0.00000000    
   296.45643276442155        0.00000000    
   296.59964843242369        0.00000000    
   296.74286410042583        0.00000000    
   296.88607976842798        0.00000000    
   297.02929543643012        0.00000000    
   297.17251110443226        0.00000000    
   297.31572677243440        0.00000000    
   297.45894244043654        0.00000000    
   297.60215810843869        0.00000000    
   297.74537377644083        0.00000000    
   297.88858944444297        0.00000000    
   298.03180511244511        0.00000000    
   298.17502078044726        0.00000000    
   298.31823644844940        0.00000000    
   298.46145211645154        0.00000000    
   298.60466778445368        0.00000000    
   298.74788345245582        0.00000000    
   298.89109912045797        0.00000000    
   299.03431478846011        0.00000000    
   299.17753045646225        0.00000000    
   299.32074612446439        0.00000000    
   299.46396179246653        0.00000000    
   299.60717746046868        0.00000000    
   299.75039312847082        0.00000000    
   299.89360879647296        0.00000000    
   300.03682446447510        0.00000000    
   300.18004013247725        0.00000000    
   300.32325580047939        0.00000000    
   300.46647146848153        0.00000000    
   300.60968713648367        0.00000000    
   300.75290280448581        0.00000000    
   300.89611847248796        0.00000000    
   301.03933414049010        0.00000000    
   301.18254980849224        0.00000000    
   301.32576547649438        0.00000000    
   301.46898114449652        0.00000000    
   301.61219681249867        0.00000000    
   301.75541248050081        0.00000000    
   301.89862814850295        0.00000000    
   302.04184381650509        0.00000000    
   302.18505948450724        0.00000000    
   302.32827515250938        0.00000000    
   302.47149082051152        0.00000000    
   302.61470648851366        0.00000000    
   302.75792215651580        0.00000000    
   302.90113782451795        0.00000000    
   303.04435349252009        0.00000000    
   303.18756916052223        0.00000000    
   303.33078482852437        0.00000000    
   303.47400049652651        0.00000000    
   303.61721616452866        0.00000000    
   303.76043183253080        0.00000000    
   303.90364750053294        0.00000000    
   304.04686316853508        0.00000000    
   304.19007883653723        0.00000000    
   304.33329450453937        0.00000000    
   304.47651017254151        0.00000000    
   304.61972584054365        0.00000000    
   304.76294150854579        0.00000000    
   304.90615717654794        0.00000000    
   305.04937284455008        0.00000000    
   305.19258851255222        0.00000000    
   305.33580418055436        0.00000000    
   305.47901984855650        0.00000000    
   305.62223551655865        0.00000000    
   305.76545118456079        0.00000000    
   305.90866685256293        0.00000000    
   306.05188252056507        0.00000000    
   306.19509818856721        0.00000000    
   306.33831385656936        0.00000000    
   306.48152952457150        0.00000000    
   306.62474519257364        0.00000000    
   306.76796086057578        0.00000000    
   306.91117652857793        0.00000000    
   307.05439219658007        0.00000000    
   307.19760786458221        0.00000000    
   307.34082353258435        0.00000000    
   307.48403920058649        0.00000000    
   307.62725486858864        0.00000000    
   307.77047053659078        0.00000000    
   307.91368620459292        0.00000000    
   308.05690187259506        0.00000000    
   308.20011754059720        0.00000000    
   308.34333320859935        0.00000000    
   308.48654887660149        0.00000000    
   308.62976454460363        0.00000000    
   308.77298021260577        0.00000000    
   308.91619588060792        0.00000000    
   309.05941154861006        0.00000000    
   309.20262721661220        0.00000000    
   309.34584288461434        0.00000000    
   309.48905855261648        0.00000000    
   309.63227422061863        0.00000000    
   309.77548988862077        0.00000000    
   309.91870555662291        0.00000000    
   310.06192122462505        0.00000000    
   310.20513689262719        0.00000000    
   310.34835256062934        0.00000000    
   310.49156822863148        0.00000000    
   310.63478389663362        0.00000000    
   310.77799956463576        0.00000000    
   310.92121523263791        0.00000000    
   311.06443090064005        0.00000000    
   311.20764656864219        0.00000000    
   311.35086223664433        0.00000000    
   311.49407790464647        0.00000000    
   311.63729357264862        0.00000000    
   311.78050924065076        0.00000000    
   311.92372490865290        0.00000000    
   312.06694057665504        0.00000000    
   312.21015624465718        0.00000000    
   312.35337191265933        0.00000000    
   312.49658758066147        0.00000000    
   312.63980324866361        0.00000000    
   312.78301891666575        0.00000000    
   312.92623458466790        0.00000000    
   313.06945025267004        0.00000000    
   313.21266592067218        0.00000000    
   313.35588158867432        0.00000000    
   313.49909725667646        0.00000000    
   313.64231292467861        0.00000000    
   313.78552859268075        0.00000000    
   313.92874426068289        0.00000000    
   314.07195992868503        0.00000000    
   314.21517559668717        0.00000000    
   314.35839126468932        0.00000000    
   314.50160693269146        0.00000000    
   314.64482260069360        0.00000000    
   314.78803826869574        0.00000000    
   314.93125393669789        0.00000000    
   315.07446960470003        0.00000000    
   315.21768527270217        0.00000000    
   315.36090094070431        0.00000000    
   315.50411660870645        0.00000000    
   315.64733227670860        0.00000000    
   315.79054794471074        0.00000000    
   315.93376361271288        0.00000000    
   316.07697928071502        0.00000000    
   316.22019494871716        0.00000000    
   316.36341061671931        0.00000000    
   316.50662628472145        0.00000000    
   316.64984195272359        0.00000000    
   316.79305762072573        0.00000000    
   316.93627328872788        0.00000000    
   317.07948895673002        0.00000000    
   317.22270462473216        0.00000000    
   317.36592029273430        0.00000000    
   317.50913596073644        0.00000000    
   317.65235162873859        0.00000000    
   317.79556729674073        0.00000000    
   317.93878296474287        0.00000000    
   318.08199863274501        0.00000000    
   318.22521430074715        0.00000000    
   318.36842996874930        0.00000000    
   318.51164563675144        0.00000000    
   318.65486130475358        0.00000000    
   318.79807697275572        0.00000000    
   318.94129264075787        0.00000000    
   319.08450830876001        0.00000000    
   319.22772397676215        0.00000000    
   319.37093964476429        0.00000000    
   319.51415531276643        0.00000000    
   319.65737098076858        0.00000000    
   319.80058664877072        0.00000000    
   319.94380231677286        0.00000000    
   320.08701798477500        0.00000000    
   320.23023365277714        0.00000000    
   320.37344932077929        0.00000000    
   320.51666498878143        0.00000000    
   320.65988065678357        0.00000000    
   320.80309632478571        0.00000000    
   320.94631199278786        0.00000000    
   321.08952766079000        0.00000000    
   321.23274332879214        0.00000000    
   321.37595899679428        0.00000000    
   321.51917466479642        0.00000000    
   321.66239033279857        0.00000000    
   321.80560600080071        0.00000000    
   321.94882166880285        0.00000000    
   322.09203733680499        0.00000000    
   322.23525300480713        0.00000000    
   322.37846867280928        0.00000000    
   322.52168434081142        0.00000000    
   322.66490000881356        0.00000000    
   322.80811567681570        0.00000000    
   322.95133134481785        0.00000000    
   323.09454701281999        0.00000000    
   323.23776268082213        0.00000000    
   323.38097834882427        0.00000000    
   323.52419401682641        0.00000000    
   323.66740968482856        0.00000000    
   323.81062535283070        0.00000000    
   323.95384102083284        0.00000000    
   324.09705668883498        0.00000000    
   324.24027235683712        0.00000000    
   324.38348802483927        0.00000000    
   324.52670369284141        0.00000000    
   324.66991936084355        0.00000000    
   324.81313502884569        0.00000000    
   324.95635069684784        0.00000000    
   325.09956636484998        0.00000000    
   325.24278203285212        0.00000000    
   325.38599770085426        0.00000000    
   325.52921336885640        0.00000000    
   325.67242903685855        0.00000000    
   325.81564470486069        0.00000000    
   325.95886037286283        0.00000000    
   326.10207604086497        0.00000000    
   326.24529170886711        0.00000000    
   326.38850737686926        0.00000000    
   326.53172304487140        0.00000000    
   326.67493871287354        0.00000000    
   326.81815438087568        0.00000000    
   326.96137004887782        0.00000000    
   327.10458571687997        0.00000000    
   327.24780138488211        0.00000000    
   327.39101705288425        0.00000000    
   327.53423272088639        0.00000000    
   327.67744838888854        0.00000000    
   327.82066405689068        0.00000000    
   327.96387972489282        0.00000000    
   328.10709539289496        0.00000000    
   328.25031106089710        0.00000000    
   328.39352672889925        0.00000000    
   328.53674239690139        0.00000000    
   328.67995806490353        0.00000000    
   328.82317373290567        0.00000000    
   328.96638940090781        0.00000000    
   329.10960506890996        0.00000000    
   329.25282073691210        0.00000000    
   329.39603640491424        0.00000000    
   329.53925207291638        0.00000000    
   329.68246774091853        0.00000000    
   329.82568340892067        0.00000000    
   329.96889907692281        0.00000000    
   330.11211474492495        0.00000000    
   330.25533041292709        0.00000000    
   330.39854608092924        0.00000000    
   330.54176174893138        0.00000000    
   330.68497741693352        0.00000000    
   330.82819308493566        0.00000000    
   330.97140875293780        0.00000000    
   331.11462442093995        0.00000000    
   331.25784008894209        0.00000000    
   331.40105575694423        0.00000000    
   331.54427142494637        0.00000000    
   331.68748709294852        0.00000000    
   331.83070276095066        0.00000000    
   331.97391842895280        0.00000000    
   332.11713409695494        0.00000000    
   332.26034976495708        0.00000000    
   332.40356543295923        0.00000000    
   332.54678110096137        0.00000000    
   332.68999676896351        0.00000000    
   332.83321243696565        0.00000000    
   332.97642810496779        0.00000000    
   333.11964377296994        0.00000000    
   333.26285944097208        0.00000000    
   333.40607510897422        0.00000000    
   333.54929077697636        0.00000000    
   333.69250644497851        0.00000000    
   333.83572211298065        0.00000000    
   333.97893778098279        0.00000000    
   334.12215344898493        0.00000000    
   334.26536911698707        0.00000000    
   334.40858478498922        0.00000000    
   334.55180045299136        0.00000000    
   334.69501612099350        0.00000000    
   334.83823178899564        0.00000000    
   334.98144745699778        0.00000000    
   335.12466312499993        0.00000000    
   335.26787879300207        0.00000000    
   335.41109446100421        0.00000000    
   335.55431012900635        0.00000000    
   335.69752579700850        0.00000000    
   335.84074146501064        0.00000000    
   335.98395713301278        0.00000000    
   336.12717280101492        0.00000000    
   336.27038846901706        0.00000000    
   336.41360413701921        0.00000000    
   336.55681980502135        0.00000000    
   336.70003547302349        0.00000000    
   336.84325114102563        0.00000000    
   336.98646680902777        0.00000000    
   337.12968247702992        0.00000000    
   337.27289814503206        0.00000000    
   337.41611381303420        0.00000000    
   337.55932948103634        0.00000000    
   337.70254514903849        0.00000000    
   337.84576081704063        0.00000000    
   337.98897648504277        0.00000000    
   338.13219215304491        0.00000000    
   338.27540782104705        0.00000000    
   338.41862348904920        0.00000000    
   338.56183915705134        0.00000000    
   338.70505482505348        0.00000000    
   338.84827049305562        0.00000000    
   338.99148616105776        0.00000000    
   339.13470182905991        0.00000000    
   339.27791749706205        0.00000000    
   339.42113316506419        0.00000000    
   339.56434883306633        0.00000000    
   339.70756450106848        0.00000000    
   339.85078016907062        0.00000000    
   339.99399583707276        0.00000000    
   340.13721150507490        0.00000000    
   340.28042717307704        0.00000000    
   340.42364284107919        0.00000000    
   340.56685850908133        0.00000000    
   340.71007417708347        0.00000000    
   340.85328984508561        0.00000000    
   340.99650551308775        0.00000000    
   341.13972118108990        0.00000000    
   341.28293684909204        0.00000000    
   341.42615251709418        0.00000000    
   341.56936818509632        0.00000000    
   341.71258385309847        0.00000000    
   341.85579952110061        0.00000000    
   341.99901518910275        0.00000000    
   342.14223085710489        0.00000000    
   342.28544652510703        0.00000000    
   342.42866219310918        0.00000000    
   342.57187786111132        0.00000000    
   342.71509352911346        0.00000000    
   342.85830919711560        0.00000000    
   343.00152486511774        0.00000000    
   343.14474053311989        0.00000000    
   343.28795620112203        0.00000000    
   343.43117186912417        0.00000000    
   343.57438753712631        0.00000000    
   343.71760320512846        0.00000000    
   343.86081887313060        0.00000000    
   344.00403454113274        0.00000000    
   344.14725020913488        0.00000000    
   344.29046587713702        0.00000000    
   344.43368154513917        0.00000000    
   344.57689721314131        0.00000000    
   344.72011288114345        0.00000000    
   344.86332854914559        0.00000000    
   345.00654421714773        0.00000000    
   345.14975988514988        0.00000000    
   345.29297555315202        0.00000000    
   345.43619122115416        0.00000000    
   345.57940688915630        0.00000000    
   345.72262255715845        0.00000000    
   345.86583822516059        0.00000000    
   346.00905389316273        0.00000000    
   346.15226956116487        0.00000000    
   346.29548522916701        0.00000000    
   346.43870089716916        0.00000000    
   346.58191656517130        0.00000000    
   346.72513223317344        0.00000000    
   346.86834790117558        0.00000000    
   347.01156356917772        0.00000000    
   347.15477923717987        0.00000000    
   347.29799490518201        0.00000000    
   347.44121057318415        0.00000000    
   347.58442624118629        0.00000000    
   347.72764190918843        0.00000000    
   347.87085757719058        0.00000000    
   348.01407324519272        0.00000000    
   348.15728891319486        0.00000000    
   348.30050458119700        0.00000000    
   348.44372024919915        0.00000000    
   348.58693591720129        0.00000000    
   348.73015158520343        0.00000000    
   348.87336725320557        0.00000000    
   349.01658292120771        0.00000000    
   349.15979858920986        0.00000000    
   349.30301425721200        0.00000000    
   349.44622992521414        0.00000000    
   349.58944559321628        0.00000000    
   349.73266126121842        0.00000000    
   349.87587692922057        0.00000000    
   350.01909259722271        0.00000000    
   350.16230826522485        0.00000000    
   350.30552393322699        0.00000000    
   350.44873960122914        0.00000000    
   350.59195526923128        0.00000000    
   350.73517093723342        0.00000000    
   350.87838660523556        0.00000000    
   351.02160227323770        0.00000000    
   351.16481794123985        0.00000000    
   351.30803360924199        0.00000000    
   351.45124927724413        0.00000000    
   351.59446494524627        0.00000000    
   351.73768061324841        0.00000000    
   351.88089628125056        0.00000000    
   352.02411194925270        0.00000000    
   352.16732761725484        0.00000000    
   352.31054328525698        0.00000000    
   352.45375895325913        0.00000000    
   352.59697462126127        0.00000000    
   352.74019028926341        0.00000000    
   352.88340595726555        0.00000000    
   353.02662162526769        0.00000000    
   353.16983729326984        0.00000000    
   353.31305296127198        0.00000000    
   353.45626862927412        0.00000000    
   353.59948429727626        0.00000000    
   353.74269996527840        0.00000000    
   353.88591563328055        0.00000000    
   354.02913130128269        0.00000000    
   354.17234696928483        0.00000000    
   354.31556263728697        0.00000000    
   354.45877830528912        0.00000000    
   354.60199397329126        0.00000000    
   354.74520964129340        0.00000000    
   354.88842530929554        0.00000000    
   355.03164097729768        0.00000000    
   355.17485664529983        0.00000000    
   355.31807231330197        0.00000000    
   355.46128798130411        0.00000000    
   355.60450364930625        0.00000000    
   355.74771931730839        0.00000000    
   355.89093498531054        0.00000000    
   356.03415065331268        0.00000000    
   356.17736632131482        0.00000000    
   356.32058198931696        0.00000000    
   356.46379765731911        0.00000000    
   356.60701332532125        0.00000000    
   356.75022899332339        0.00000000    
   356.89344466132553        0.00000000    
   357.03666032932767        0.00000000    
   357.17987599732982        0.00000000    
   357.32309166533196        0.00000000    
   357.46630733333410        0.00000000    
   357.60952300133624        0.00000000    
   357.75273866933838        0.00000000    
   357.89595433734053        0.00000000    
   358.03917000534267        0.00000000    
   358.18238567334481        0.00000000    
   358.32560134134695        0.00000000    
   358.46881700934910        0.00000000    
   358.61203267735124        0.00000000    
   358.75524834535338        0.00000000    
   358.89846401335552        0.00000000    
   359.04167968135766        0.00000000    
   359.18489534935981        0.00000000    
   359.32811101736195        0.00000000    
   359.47132668536409        0.00000000    
   359.61454235336623        0.00000000    
   359.75775802136837        0.00000000    
   359.90097368937052        0.00000000    
   360.04418935737266        0.00000000    
   360.18740502537480        0.00000000    
   360.33062069337694        0.00000000    
   360.47383636137909        0.00000000    
   360.61705202938123        0.00000000    
   360.76026769738337        0.00000000    
   360.90348336538551        0.00000000    
   361.04669903338765        0.00000000    
   361.18991470138980        0.00000000    
   361.33313036939194        0.00000000    
   361.47634603739408        0.00000000    
   361.61956170539622        0.00000000    
   361.76277737339836        0.00000000    
   361.90599304140051        0.00000000    
   362.04920870940265        0.00000000    
   362.19242437740479        0.00000000    
   362.33564004540693        0.00000000    
   362.47885571340908        0.00000000    
   362.62207138141122        0.00000000    
   362.76528704941336        0.00000000    
   362.90850271741550        0.00000000    
   363.05171838541764        0.00000000    
   363.19493405341979        0.00000000    
   363.33814972142193        0.00000000    
   363.48136538942407        0.00000000    
   363.62458105742621        0.00000000    
   363.76779672542835        0.00000000    
   363.91101239343050        0.00000000    
   364.05422806143264        0.00000000    
   364.19744372943478        0.00000000    
   364.34065939743692        0.00000000    
   364.48387506543907        0.00000000    
   364.62709073344121        0.00000000    
   364.77030640144335        0.00000000    
   364.91352206944549        0.00000000    
   365.05673773744763        0.00000000    
   365.19995340544978        0.00000000    
   365.34316907345192        0.00000000    
   365.48638474145406        0.00000000    
   365.62960040945620        0.00000000    
   365.77281607745834        0.00000000    
   365.91603174546049        0.00000000    
   366.05924741346263        0.00000000    
   366.20246308146477        0.00000000    
   366.34567874946691        0.00000000    
   366.48889441746906        0.00000000    
   366.63211008547120        0.00000000    
   366.77532575347334        0.00000000    
   366.91854142147548        0.00000000    
   367.06175708947762        0.00000000    
   367.20497275747977        0.00000000    
   367.34818842548191        0.00000000    
   367.49140409348405        0.00000000    
   367.63461976148619        0.00000000    
   367.77783542948833        0.00000000    
   367.92105109749048        0.00000000    
   368.06426676549262        0.00000000    
   368.20748243349476        0.00000000    
   368.35069810149690        0.00000000    
   368.49391376949904        0.00000000    
   368.63712943750119        0.00000000    
   368.78034510550333        0.00000000    
   368.92356077350547        0.00000000    
   369.06677644150761        0.00000000    
   369.20999210950976        0.00000000    
   369.35320777751190        0.00000000    
   369.49642344551404        0.00000000    
   369.63963911351618        0.00000000    
   369.78285478151832        0.00000000    
   369.92607044952047        0.00000000    
   370.06928611752261        0.00000000    
   370.21250178552475        0.00000000    
   370.35571745352689        0.00000000    
   370.49893312152903        0.00000000    
   370.64214878953118        0.00000000    
   370.78536445753332        0.00000000    
   370.92858012553546        0.00000000    
   371.07179579353760        0.00000000    
   371.21501146153975        0.00000000    
   371.35822712954189        0.00000000    
   371.50144279754403        0.00000000    
   371.64465846554617        0.00000000    
   371.78787413354831        0.00000000    
   371.93108980155046        0.00000000    
   372.07430546955260        0.00000000    
   372.21752113755474        0.00000000    
   372.36073680555688        0.00000000    
   372.50395247355902        0.00000000    
   372.64716814156117        0.00000000    
   372.79038380956331        0.00000000    
   372.93359947756545        0.00000000    
   373.07681514556759        0.00000000    
   373.22003081356974        0.00000000    
   373.36324648157188        0.00000000    
   373.50646214957402        0.00000000    
   373.64967781757616        0.00000000    
   373.79289348557830        0.00000000    
   373.93610915358045        0.00000000    
   374.07932482158259        0.00000000    
   374.22254048958473        0.00000000    
   374.36575615758687        0.00000000    
   374.50897182558901        0.00000000    
   374.65218749359116        0.00000000    
   374.79540316159330        0.00000000    
   374.93861882959544        0.00000000    
   375.08183449759758        0.00000000    
   375.22505016559973        0.00000000    
   375.36826583360187        0.00000000    
   375.51148150160401        0.00000000    
   375.65469716960615        0.00000000    
   375.79791283760829        0.00000000    
   375.94112850561044        0.00000000    
   376.08434417361258        0.00000000    
   376.22755984161472        0.00000000    
   376.37077550961686        0.00000000    
   376.51399117761900        0.00000000    
   376.65720684562115        0.00000000    
   376.80042251362329        0.00000000    
   376.94363818162543        0.00000000    
   377.08685384962757        0.00000000    
   377.23006951762972        0.00000000    
   377.37328518563186        0.00000000    
   377.51650085363400        0.00000000    
   377.65971652163614        0.00000000    
   377.80293218963828        0.00000000    
   377.94614785764043        0.00000000    
   378.08936352564257        0.00000000    
   378.23257919364471        0.00000000    
   378.37579486164685        0.00000000    
   378.51901052964899        0.00000000    
   378.66222619765114        0.00000000    
   378.80544186565328        0.00000000    
   378.94865753365542        0.00000000    
   379.09187320165756        0.00000000    
   379.23508886965971        0.00000000    
   379.37830453766185        0.00000000    
   379.52152020566399        0.00000000    
   379.66473587366613        0.00000000    
   379.80795154166827        0.00000000    
   379.95116720967042        0.00000000    
   380.09438287767256        0.00000000    
   380.23759854567470        0.00000000    
   380.38081421367684        0.00000000    
   380.52402988167898        0.00000000    
   380.66724554968113        0.00000000    
   380.81046121768327        0.00000000    
   380.95367688568541        0.00000000    
   381.09689255368755        0.00000000    
   381.24010822168970        0.00000000    
   381.38332388969184        0.00000000    
   381.52653955769398        0.00000000    
   381.66975522569612        0.00000000    
   381.81297089369826        0.00000000    
   381.95618656170041        0.00000000    
   382.09940222970255        0.00000000    
   382.24261789770469        0.00000000    
   382.38583356570683        0.00000000    
   382.52904923370897        0.00000000    
   382.67226490171112        0.00000000    
   382.81548056971326        0.00000000    
   382.95869623771540        0.00000000    
   383.10191190571754        0.00000000    
   383.24512757371969        0.00000000    
   383.38834324172183        0.00000000    
   383.53155890972397        0.00000000    
   383.67477457772611        0.00000000    
   383.81799024572825        0.00000000    
   383.96120591373040        0.00000000    
   384.10442158173254        0.00000000    
   384.24763724973468        0.00000000    
   384.39085291773682        0.00000000    
   384.53406858573896        0.00000000    
   384.67728425374111        0.00000000    
   384.82049992174325        0.00000000    
   384.96371558974539        0.00000000    
   385.10693125774753        0.00000000    
   385.25014692574968        0.00000000    
   385.39336259375182        0.00000000    
   385.53657826175396        0.00000000    
   385.67979392975610        0.00000000    
   385.82300959775824        0.00000000    
   385.96622526576039        0.00000000    
   386.10944093376253        0.00000000    
   386.25265660176467        0.00000000    
   386.39587226976681        0.00000000    
   386.53908793776895        0.00000000    
   386.68230360577110        0.00000000    
   386.82551927377324        0.00000000    
   386.96873494177538        0.00000000    
   387.11195060977752        0.00000000    
   387.25516627777967        0.00000000    
   387.39838194578181        0.00000000    
   387.54159761378395        0.00000000    
   387.68481328178609        0.00000000    
   387.82802894978823        0.00000000    
   387.97124461779038        0.00000000    
   388.11446028579252        0.00000000    
   388.25767595379466        0.00000000    
   388.40089162179680        0.00000000    
   388.54410728979894        0.00000000    
   388.68732295780109        0.00000000    
   388.83053862580323        0.00000000    
   388.97375429380537        0.00000000    
   389.11696996180751        0.00000000    
   389.26018562980965        0.00000000    
   389.40340129781180        0.00000000    
   389.54661696581394        0.00000000    
   389.68983263381608        0.00000000    
   389.83304830181822        0.00000000    
   389.97626396982037        0.00000000    
   390.11947963782251        0.00000000    
   390.26269530582465        0.00000000    
   390.40591097382679        0.00000000    
   390.54912664182893        0.00000000    
   390.69234230983108        0.00000000    
   390.83555797783322        0.00000000    
   390.97877364583536        0.00000000    
   391.12198931383750        0.00000000    
   391.26520498183964        0.00000000    
   391.40842064984179        0.00000000    
   391.55163631784393        0.00000000    
   391.69485198584607        0.00000000    
   391.83806765384821        0.00000000    
   391.98128332185036        0.00000000    
   392.12449898985250        0.00000000    
   392.26771465785464        0.00000000    
   392.41093032585678        0.00000000    
   392.55414599385892        0.00000000    
   392.69736166186107        0.00000000    
   392.84057732986321        0.00000000    
   392.98379299786535        0.00000000    
   393.12700866586749        0.00000000    
   393.27022433386963        0.00000000    
   393.41344000187178        0.00000000    
   393.55665566987392        0.00000000    
   393.69987133787606        0.00000000    
   393.84308700587820        0.00000000    
   393.98630267388035        0.00000000    
   394.12951834188249        0.00000000    
   394.27273400988463        0.00000000    
   394.41594967788677        0.00000000    
   394.55916534588891        0.00000000    
   394.70238101389106        0.00000000    
   394.84559668189320        0.00000000    
   394.98881234989534        0.00000000    
   395.13202801789748        0.00000000    
   395.27524368589962        0.00000000    
   395.41845935390177        0.00000000    
   395.56167502190391        0.00000000    
   395.70489068990605        0.00000000    
   395.84810635790819        0.00000000    
   395.99132202591034        0.00000000    
   396.13453769391248        0.00000000    
   396.27775336191462        0.00000000    
   396.42096902991676        0.00000000    
   396.56418469791890        0.00000000    
   396.70740036592105        0.00000000    
   396.85061603392319        0.00000000    
   396.99383170192533        0.00000000    
   397.13704736992747        0.00000000    
   397.28026303792961        0.00000000    
   397.42347870593176        0.00000000    
   397.56669437393390        0.00000000    
   397.70991004193604        0.00000000    
   397.85312570993818        0.00000000    
   397.99634137794033        0.00000000    
   398.13955704594247        0.00000000    
   398.28277271394461        0.00000000    
   398.42598838194675        0.00000000    
   398.56920404994889        0.00000000    
   398.71241971795104        0.00000000    
   398.85563538595318        0.00000000    
   398.99885105395532        0.00000000    
   399.14206672195746        0.00000000    
   399.28528238995960        0.00000000    
   399.42849805796175        0.00000000    
   399.57171372596389        0.00000000    
   399.71492939396603        0.00000000    
   399.85814506196817        0.00000000    
   400.00136072997032        0.00000000    
   400.14457639797246        0.00000000    
   400.28779206597460        0.00000000    
   400.43100773397674        0.00000000    
   400.57422340197888        0.00000000    
   400.71743906998103        0.00000000    
   400.86065473798317        0.00000000    
   401.00387040598531        0.00000000    
   401.14708607398745        0.00000000    
   401.29030174198959        0.00000000    
   401.43351740999174        0.00000000    
   401.57673307799388        0.00000000    
   401.71994874599602        0.00000000    
   401.86316441399816        0.00000000    
   402.00638008200031        0.00000000    
   402.14959575000245        0.00000000    
   402.29281141800459        0.00000000    
   402.43602708600673        0.00000000    
   402.57924275400887        0.00000000    
   402.72245842201102        0.00000000    
   402.86567409001316        0.00000000    
   403.00888975801530        0.00000000    
   403.15210542601744        0.00000000    
   403.29532109401958        0.00000000    
   403.43853676202173        0.00000000    
   403.58175243002387        0.00000000    
   403.72496809802601        0.00000000    
   403.86818376602815        0.00000000    
   404.01139943403030        0.00000000    
   404.15461510203244        0.00000000    
   404.29783077003458        0.00000000    
   404.44104643803672        0.00000000    
   404.58426210603886        0.00000000    
   404.72747777404101        0.00000000    
   404.87069344204315        0.00000000    
   405.01390911004529        0.00000000    
   405.15712477804743        0.00000000    
   405.30034044604957        0.00000000    
   405.44355611405172        0.00000000    
   405.58677178205386        0.00000000    
   405.72998745005600        0.00000000    
   405.87320311805814        0.00000000    
   406.01641878606029        0.00000000    
   406.15963445406243        0.00000000    
   406.30285012206457        0.00000000    
   406.44606579006671        0.00000000    
   406.58928145806885        0.00000000    
   406.73249712607100        0.00000000    
   406.87571279407314        0.00000000    
   407.01892846207528        0.00000000    
   407.16214413007742        0.00000000    
   407.30535979807956        0.00000000    
   407.44857546608171        0.00000000    
   407.59179113408385        0.00000000    
   407.73500680208599        0.00000000    
   407.87822247008813        0.00000000    
   408.02143813809028        0.00000000    
   408.16465380609242        0.00000000    
   408.30786947409456        0.00000000    
   408.45108514209670        0.00000000    
   408.59430081009884        0.00000000    
   408.73751647810099        0.00000000    
   408.88073214610313        0.00000000    
   409.02394781410527        0.00000000    
   409.16716348210741        0.00000000    
   409.31037915010955        0.00000000    
   409.45359481811170        0.00000000    
   409.59681048611384        0.00000000    
   409.74002615411598        0.00000000    
   409.88324182211812        0.00000000    
   410.02645749012026        0.00000000    
   410.16967315812241        0.00000000    
   410.31288882612455        0.00000000    
   410.45610449412669        0.00000000    
   410.59932016212883        0.00000000    
   410.74253583013098        0.00000000    
   410.88575149813312        0.00000000    
   411.02896716613526        0.00000000    
   411.17218283413740        0.00000000    
   411.31539850213954        0.00000000    
   411.45861417014169        0.00000000    
   411.60182983814383        0.00000000    
   411.74504550614597        0.00000000    
   411.88826117414811        0.00000000    
   412.03147684215025        0.00000000    
   412.17469251015240        0.00000000    
   412.31790817815454        0.00000000    
   412.46112384615668        0.00000000    
   412.60433951415882        0.00000000    
   412.74755518216097        0.00000000    
   412.89077085016311        0.00000000    
   413.03398651816525        0.00000000    
   413.17720218616739        0.00000000    
   413.32041785416953        0.00000000    
   413.46363352217168        0.00000000    
   413.60684919017382        0.00000000    
   413.75006485817596        0.00000000    
   413.89328052617810        0.00000000    
   414.03649619418024        0.00000000    
   414.17971186218239        0.00000000    
   414.32292753018453        0.00000000    
   414.46614319818667        0.00000000    
   414.60935886618881        0.00000000    
   414.75257453419096        0.00000000    
   414.89579020219310        0.00000000    
   415.03900587019524        0.00000000    
   415.18222153819738        0.00000000    
   415.32543720619952        0.00000000    
   415.46865287420167        0.00000000    
   415.61186854220381        0.00000000    
   415.75508421020595        0.00000000    
   415.89829987820809        0.00000000    
   416.04151554621023        0.00000000    
   416.18473121421238        0.00000000    
   416.32794688221452        0.00000000    
   416.47116255021666        0.00000000    
   416.61437821821880        0.00000000    
   416.75759388622095        0.00000000    
   416.90080955422309        0.00000000    
   417.04402522222523        0.00000000    
   417.18724089022737        0.00000000    
   417.33045655822951        0.00000000    
   417.47367222623166        0.00000000    
   417.61688789423380        0.00000000    
   417.76010356223594        0.00000000    
   417.90331923023808        0.00000000    
   418.04653489824022        0.00000000    
   418.18975056624237        0.00000000    
   418.33296623424451        0.00000000    
   418.47618190224665        0.00000000    
   418.61939757024879        0.00000000    
   418.76261323825094        0.00000000    
   418.90582890625308        0.00000000    
   419.04904457425522        0.00000000    
   419.19226024225736        0.00000000    
   419.33547591025950        0.00000000    
   419.47869157826165        0.00000000    
   419.62190724626379        0.00000000    
   419.76512291426593        0.00000000    
   419.90833858226807        0.00000000    
   420.05155425027021        0.00000000    
   420.19476991827236        0.00000000    
   420.33798558627450        0.00000000    
   420.48120125427664        0.00000000    
   420.62441692227878        0.00000000    
   420.76763259028093        0.00000000    
   420.91084825828307        0.00000000    
   421.05406392628521        0.00000000    
   421.19727959428735        0.00000000    
   421.34049526228949        0.00000000    
   421.48371093029164        0.00000000    
   421.62692659829378        0.00000000    
   421.77014226629592        0.00000000    
   421.91335793429806        0.00000000    
   422.05657360230020        0.00000000    
   422.19978927030235        0.00000000    
   422.34300493830449        0.00000000    
   422.48622060630663        0.00000000    
   422.62943627430877        0.00000000    
   422.77265194231092        0.00000000    
   422.91586761031306        0.00000000    
   423.05908327831520        0.00000000    
   423.20229894631734        0.00000000    
   423.34551461431948        0.00000000    
   423.48873028232163        0.00000000    
   423.63194595032377        0.00000000    
   423.77516161832591        0.00000000    
   423.91837728632805        0.00000000    
   424.06159295433019        0.00000000    
   424.20480862233234        0.00000000    
   424.34802429033448        0.00000000    
   424.49123995833662        0.00000000    
   424.63445562633876        0.00000000    
   424.77767129434091        0.00000000    
   424.92088696234305        0.00000000    
   425.06410263034519        0.00000000    
   425.20731829834733        0.00000000    
   425.35053396634947        0.00000000    
   425.49374963435162        0.00000000    
   425.63696530235376        0.00000000    
   425.78018097035590        0.00000000    
   425.92339663835804        0.00000000    
   426.06661230636018        0.00000000    
   426.20982797436233        0.00000000    
   426.35304364236447        0.00000000    
   426.49625931036661        0.00000000    
   426.63947497836875        0.00000000    
   426.78269064637090        0.00000000    
   426.92590631437304        0.00000000    
   427.06912198237518        0.00000000    
   427.21233765037732        0.00000000    
   427.35555331837946        0.00000000    
   427.49876898638161        0.00000000    
   427.64198465438375        0.00000000    
   427.78520032238589        0.00000000    
   427.92841599038803        0.00000000    
   428.07163165839017        0.00000000    
   428.21484732639232        0.00000000    
   428.35806299439446        0.00000000    
   428.50127866239660        0.00000000    
   428.64449433039874        0.00000000    
   428.78770999840089        0.00000000    
   428.93092566640303        0.00000000    
   429.07414133440517        0.00000000    
   429.21735700240731        0.00000000    
   429.36057267040945        0.00000000    
   429.50378833841160        0.00000000    
   429.64700400641374        0.00000000    
   429.79021967441588        0.00000000    
   429.93343534241802        0.00000000    
   430.07665101042016        0.00000000    
   430.21986667842231        0.00000000    
   430.36308234642445        0.00000000    
   430.50629801442659        0.00000000    
   430.64951368242873        0.00000000    
   430.79272935043088        0.00000000    
   430.93594501843302        0.00000000    
   431.07916068643516        0.00000000    
   431.22237635443730        0.00000000    
   431.36559202243944        0.00000000    
   431.50880769044159        0.00000000    
   431.65202335844373        0.00000000    
   431.79523902644587        0.00000000    
   431.93845469444801        0.00000000    
   432.08167036245015        0.00000000    
   432.22488603045230        0.00000000    
   432.36810169845444        0.00000000    
   432.51131736645658        0.00000000    
   432.65453303445872        0.00000000    
   432.79774870246086        0.00000000    
   432.94096437046301        0.00000000    
   433.08418003846515        0.00000000    
   433.22739570646729        0.00000000    
   433.37061137446943        0.00000000    
   433.51382704247158        0.00000000    
   433.65704271047372        0.00000000    
   433.80025837847586        0.00000000    
   433.94347404647800        0.00000000    
   434.08668971448014        0.00000000    
   434.22990538248229        0.00000000    
   434.37312105048443        0.00000000    
   434.51633671848657        0.00000000    
   434.65955238648871        0.00000000    
   434.80276805449085        0.00000000    
   434.94598372249300        0.00000000    
   435.08919939049514        0.00000000    
   435.23241505849728        0.00000000    
   435.37563072649942        0.00000000    
   435.51884639450157        0.00000000    
   435.66206206250371        0.00000000    
   435.80527773050585        0.00000000    
   435.94849339850799        0.00000000    
   436.09170906651013        0.00000000    
   436.23492473451228        0.00000000    
   436.37814040251442        0.00000000    
   436.52135607051656        0.00000000    
   436.66457173851870        0.00000000    
   436.80778740652084        0.00000000    
   436.95100307452299        0.00000000    
   437.09421874252513        0.00000000    
   437.23743441052727        0.00000000    
   437.38065007852941        0.00000000    
   437.52386574653156        0.00000000    
   437.66708141453370        0.00000000    
   437.81029708253584        0.00000000    
   437.95351275053798        0.00000000    
   438.09672841854012        0.00000000    
   438.23994408654227        0.00000000    
   438.38315975454441        0.00000000    
   438.52637542254655        0.00000000    
   438.66959109054869        0.00000000    
   438.81280675855083        0.00000000    
   438.95602242655298        0.00000000    
   439.09923809455512        0.00000000    
   439.24245376255726        0.00000000    
   439.38566943055940        0.00000000    
   439.52888509856155        0.00000000    
   439.67210076656369        0.00000000    
   439.81531643456583        0.00000000    
   439.95853210256797        0.00000000    
   440.10174777057011        0.00000000    
   440.24496343857226        0.00000000    
   440.38817910657440        0.00000000    
   440.53139477457654        0.00000000    
   440.67461044257868        0.00000000    
   440.81782611058082        0.00000000    
   440.96104177858297        0.00000000    
   441.10425744658511        0.00000000    
   441.24747311458725        0.00000000    
   441.39068878258939        0.00000000    
   441.53390445059154        0.00000000    
   441.67712011859368        0.00000000    
   441.82033578659582        0.00000000    
   441.96355145459796        0.00000000    
   442.10676712260010        0.00000000    
   442.24998279060225        0.00000000    
   442.39319845860439        0.00000000    
   442.53641412660653        0.00000000    
   442.67962979460867        0.00000000    
   442.82284546261081        0.00000000    
   442.96606113061296        0.00000000    
   443.10927679861510        0.00000000    
   443.25249246661724        0.00000000    
   443.39570813461938        0.00000000    
   443.53892380262153        0.00000000    
   443.68213947062367        0.00000000    
   443.82535513862581        0.00000000    
   443.96857080662795        0.00000000    
   444.11178647463009        0.00000000    
   444.25500214263224        0.00000000    
   444.39821781063438        0.00000000    
   444.54143347863652        0.00000000    
   444.68464914663866        0.00000000    
   444.82786481464080        0.00000000    
   444.97108048264295        0.00000000    
   445.11429615064509        0.00000000    
   445.25751181864723        0.00000000    
   445.40072748664937        0.00000000    
   445.54394315465152        0.00000000    
   445.68715882265366        0.00000000    
   445.83037449065580        0.00000000    
   445.97359015865794        0.00000000    
   446.11680582666008        0.00000000    
   446.26002149466223        0.00000000    
   446.40323716266437        0.00000000    
   446.54645283066651        0.00000000    
   446.68966849866865        0.00000000    
   446.83288416667079        0.00000000    
   446.97609983467294        0.00000000    
   447.11931550267508        0.00000000    
   447.26253117067722        0.00000000    
   447.40574683867936        0.00000000    
   447.54896250668151        0.00000000    
   447.69217817468365        0.00000000    
   447.83539384268579        0.00000000    
   447.97860951068793       -0.00000000    
   448.12182517869007       -0.00000000    
   448.26504084669222       -0.00000000    
   448.40825651469436       -0.00000000    
   448.55147218269650       -0.00000000    
   448.69468785069864        0.00000000    
   448.83790351870078        0.00000000    
   448.98111918670293        0.00000000    
   449.12433485470507        0.00000000    
   449.26755052270721        0.00000000    
   449.41076619070935       -0.00000000    
   449.55398185871150       -0.00000000    
   449.69719752671364       -0.00000000    
   449.84041319471578       -0.00000000    
   449.98362886271792       -0.00000000    
   450.12684453072006       -0.00000000    
   450.27006019872221       -0.00000000    
   450.41327586672435       -0.00000000    
   450.55649153472649       -0.00000000    
   450.69970720272863       -0.00000000    
   450.84292287073077       -0.00000000    
   450.98613853873292       -0.00000000    
   451.12935420673506       -0.00000000    
   451.27256987473720       -0.00000000    
   451.41578554273934       -0.00000000    
   451.55900121074149       -0.00000000    
   451.70221687874363       -1.40129846E-45
   451.84543254674577       -2.80259693E-45
   451.98864821474791       -4.20389539E-45
   452.13186388275005       -4.20389539E-45
   452.27507955075220       -4.20389539E-45
   452.41829521875434       -2.80259693E-45
   452.56151088675648       -1.40129846E-45
   452.70472655475862        0.00000000    
   452.84794222276076        1.40129846E-45
   452.99115789076291        2.80259693E-45
   453.13437355876505        4.20389539E-45
   453.27758922676719        5.60519386E-45
   453.42080489476933        7.00649232E-45
   453.56402056277147        7.00649232E-45
   453.70723623077362        8.40779079E-45
   453.85045189877576        9.80908925E-45
   453.99366756677790        1.12103877E-44
   454.13688323478004        1.26116862E-44
   454.28009890278219        1.26116862E-44
   454.42331457078433        1.12103877E-44
   454.56653023878647        9.80908925E-45
   454.70974590678861        7.00649232E-45
   454.85296157479075        4.20389539E-45
   454.99617724279290        0.00000000    
   455.13939291079504       -4.20389539E-45
   455.28260857879718       -7.00649232E-45
   455.42582424679932       -8.40779079E-45
   455.56903991480146       -8.40779079E-45
   455.71225558280361       -5.60519386E-45
   455.85547125080575       -1.40129846E-45
   455.99868691880789        2.80259693E-45
   456.14190258681003        7.00649232E-45
   456.28511825481218        1.12103877E-44
   456.42833392281432        1.26116862E-44
   456.57154959081646        1.26116862E-44
   456.71476525881860        9.80908925E-45
   456.85798092682074        5.60519386E-45
   457.00119659482289       -0.00000000    
   457.14441226282503       -5.60519386E-45
   457.28762793082717       -1.12103877E-44
   457.43084359882931       -1.54142831E-44
   457.57405926683145       -1.82168800E-44
   457.71727493483360       -1.96181785E-44
   457.86049060283574       -1.96181785E-44
   458.00370627083788       -1.96181785E-44
   458.14692193884002       -2.10194770E-44
   458.29013760684217       -2.38220739E-44
   458.43335327484431       -2.80259693E-44
   458.57656894284645       -3.22298647E-44
   458.71978461084859       -3.78350585E-44
   458.86300027885073       -4.34402524E-44
   459.00621594685288       -4.76441478E-44
   459.14943161485502       -4.90454463E-44
   459.29264728285716       -4.76441478E-44
   459.43586295085930       -4.20389539E-44
   459.57907861886144       -3.22298647E-44
   459.72229428686359       -1.82168800E-44
   459.86550995486573       -1.40129846E-45
   460.00872562286787        1.54142831E-44
   460.15194129087001        3.22298647E-44
   460.29515695887216        4.76441478E-44
   460.43837262687430        6.02558340E-44
   460.58158829487644        7.00649232E-44
   460.72480396287858        7.70714155E-44
   460.86801963088072        8.26766094E-44
   461.01123529888287        8.82818033E-44
   461.15445096688501        9.38869971E-44
   461.29766663488715        9.80908925E-44
   461.44088230288929        1.02294788E-43
   461.58409797089143        1.03696086E-43
   461.72731363889358        1.00893489E-43
   461.87052930689572        9.38869971E-44
   462.01374497489786        8.26766094E-44
   462.15696064290000        6.58610278E-44
   462.30017631090215        4.34402524E-44
   462.44339197890429        1.68155816E-44
   462.58660764690643       -1.26116862E-44
   462.72982331490857       -4.34402524E-44
   462.87303898291071       -7.56701171E-44
   463.01625465091286       -1.06498683E-43
   463.15947031891500       -1.34524653E-43
   463.30268598691714       -1.61149323E-43
   463.44590165491928       -1.84971397E-43
   463.58911732292142       -2.05990874E-43
   463.73233299092357       -2.24207754E-43
   463.87554865892571       -2.41023336E-43
   464.01876432692785       -2.56437619E-43
   464.16197999492999       -2.69049305E-43
   464.30519566293214       -2.77457096E-43
   464.44841133093428       -2.80259693E-43
   464.59162699893642       -2.76055797E-43
   464.73484266693856       -2.63444111E-43
   464.87805833494070       -2.42424634E-43
   465.02127400294285       -2.10194770E-43
   465.16448967094499       -1.68155816E-43
   465.30770533894713       -1.16307773E-43
   465.45092100694927       -5.46506401E-44
   465.59413667495141        1.40129846E-44
   465.73735234295356        8.82818033E-44
   465.88056801095570        1.68155816E-43
   466.02378367895784        2.50832425E-43
   466.16699934695998        3.33509035E-43
   466.31021501496213        4.16185644E-43
   466.45343068296427        4.96059656E-43
   466.59664635096641        5.73131072E-43
   466.73986201896855        6.44597294E-43
   466.88307768697069        7.07655724E-43
   467.02629335497284        7.62306365E-43
   467.16950902297498        8.05746617E-43
   467.31272469097712        8.33772586E-43
   467.45594035897926        8.46384272E-43
   467.59915602698140        8.39377780E-43
   467.74237169498355        8.11351811E-43
   467.88558736298569        7.59503768E-43
   468.02880303098783        6.83833651E-43
   468.17201869898997        5.84341460E-43
   468.31523436699212        4.61027195E-43
   468.45845003499426        3.15292154E-43
   468.60166570299640        1.48537637E-43
   468.74488137099854       -3.78350585E-44
   468.88809703900068       -2.42424634E-43
   469.03131270700283       -4.61027195E-43
   469.17452837500497       -6.90840143E-43
   469.31774404300711       -9.26258285E-43
   469.46095971100925       -1.16307773E-42
   469.60417537901139       -1.39569327E-42
   469.74739104701354       -1.61849973E-42
   469.89060671501568       -1.82589190E-42
   470.03382238301782       -2.01086330E-42
   470.17703805101996       -2.16640743E-42
   470.32025371902211       -2.28691909E-42
   470.46346938702425       -2.36539181E-42
   470.60668505502639       -2.39622037E-42
   470.74990072302853       -2.37520090E-42
   470.89311639103067       -2.29953078E-42
   471.03633205903282       -2.16640743E-42
   471.17954772703496       -1.97442954E-42
   471.32276339503710       -1.72499841E-42
   471.46597906303924       -1.42091664E-42
   471.60919473104138       -1.06498683E-42
   471.75241039904353       -6.58610278E-43
   471.89562606704567       -2.08793471E-43
   472.03884173504781        2.80259693E-43
   472.18205740304995        8.01542722E-43
   472.32527307105210        1.34384523E-42
   472.46848873905424        1.89875942E-42
   472.61170440705638        2.45647621E-42
   472.75492007505852        3.00298261E-42
   472.89813574306066        3.52566694E-42
   473.04135141106281        4.01331880E-42
   473.18456707906495        4.45192522E-42
   473.32778274706709        4.82887451E-42
   473.47099841506923        5.13155498E-42
   473.61421408307137        5.34735494E-42
   473.75742975107352        5.46646531E-42
   473.90064541907566        5.47907700E-42
   474.04386108707780        5.37818351E-42
   474.18707675507994        5.15817965E-42
   474.33029242308208        4.81626282E-42
   474.47350809108423        4.35103173E-42
   474.61672375908637        3.76528897E-42
   474.75993942708851        3.06183714E-42
   474.90315509509065        2.24768274E-42
   475.04637076309280        1.33263484E-42
   475.18958643109494        3.30706438E-43
   475.33280209909708       -7.42688186E-43
   475.47601776709922       -1.87073345E-42
   475.61923343510136       -3.03381118E-42
   475.76244910310351       -4.21090189E-42
   475.90566477110565       -5.38098610E-42
   476.04888043910779       -6.52024175E-42
   476.19209610710993       -7.60624806E-42
   476.33531177511207       -8.61238036E-42
   476.47852744311422       -9.51341527E-42
   476.62174311111636       -1.02855307E-41
   476.76495877911850       -1.09035034E-41
   476.90817444712064       -1.13449124E-41
   477.05139011512279       -1.15915409E-41
   477.19460578312493       -1.16265734E-41
   477.33782145112707       -1.14359968E-41
   477.48103711912921       -1.10114033E-41
   477.62425278713135       -1.03471879E-41
   477.76746845513350       -9.44615295E-42
   477.91068412313564       -8.31390379E-42
   478.05389979113778       -6.96024947E-42
   478.19711545913992       -5.40200558E-42
   478.34033112714206       -3.66019159E-42
   478.48354679514421       -1.75862957E-42
   478.62676246314635        2.76055797E-43
   478.76997813114849        2.41443725E-42
   478.91319379915063        4.62428493E-42
   479.05640946715278        6.87196767E-42
   479.19962513515492        9.12245300E-42
   479.34284080315706        1.13379059E-41
   479.48605647115920        1.34776886E-41
   479.62927213916134        1.55011636E-41
   479.77248780716349        1.73662919E-41
   479.91570347516563        1.90338370E-41
   480.05891914316777        2.04645628E-41
   480.20213481116991        2.16220353E-41
   480.34535047917205        2.24740248E-41
   480.48856614717420        2.29911039E-41
   480.63178181517634        2.31494506E-41
   480.77499748317848        2.29308481E-41
   480.91821315118062        2.23268884E-41
   481.06142881918277        2.13319665E-41
   481.20464448718491        1.99474836E-41
   481.34786015518705        1.81818476E-41
   481.49107582318919        1.60476700E-41
   481.63429149119133        1.35617665E-41
   481.77750715919348        1.07451566E-41
   481.92072282719562        7.62726754E-42
   482.06393849519776        4.23892785E-42
   482.20715416319990        6.19373921E-43
   482.35036983120204       -3.18655271E-42
   482.49358549920419       -7.13120788E-42
   482.63680116720633       -1.11613423E-41
   482.78001683520847       -1.52223052E-41
   482.92323250321061       -1.92538409E-41
   483.06644817121276       -2.31970948E-41
   483.20966383921490       -2.69932123E-41
   483.35287950721704       -3.05833390E-41
   483.49609517521918       -3.39128241E-41
   483.63931084322132       -3.69284184E-41
   483.78252651122347       -3.95810764E-41
   483.92574217922561       -4.18273579E-41
   484.06895784722775       -4.36266251E-41
   484.21217351522989       -4.49410430E-41
   484.35538918323203       -4.57355793E-41
   484.49860485123418       -4.59766026E-41
   484.64182051923632       -4.56332845E-41
   484.78503618723846       -4.46790002E-41
   484.92825185524060       -4.30871252E-41
   485.07146752324275       -4.08366398E-41
   485.21468319124489       -3.79093274E-41
   485.35789885924703       -3.42939773E-41
   485.50111452724917       -2.99849845E-41
   485.64433019525131       -2.49823490E-41
   485.78754586325346       -1.92944786E-41
   485.93076153125560       -1.29367874E-41
   486.07397719925774       -5.93449900E-42
   486.21719286725988        1.68015686E-42
   486.36040853526202        9.86514119E-42
   486.50362420326417        1.85672047E-41
   486.64683987126631        2.77246901E-41
   486.79005553926845        3.72647301E-41
   486.93327120727059        4.71032466E-41
   487.07648687527274        5.71435501E-41
   487.21970254327488        6.72721354E-41
   487.36291821127702        7.73572804E-41
   487.50613387927916        8.72532502E-41
   487.64934954728130        9.67946914E-41
   487.79256521528345        1.05796633E-40
   487.93578088328559        1.14061491E-40
   488.07899655128773        1.21376269E-40
   488.22221221928987        1.27516759E-40
   488.36542788729201        1.32250345E-40
   488.50864355529416        1.35340208E-40
   488.65185922329630        1.36550930E-40
   488.79507489129844        1.35651297E-40
   488.93829055930058        1.32421304E-40
   489.08150622730273        1.26659164E-40
   489.22472189530487        1.18185512E-40
   489.36793756330701        1.06850409E-40
   489.51115323130915        9.25403493E-41
   489.65436889931129        7.51838665E-41
   489.79758456731344        5.47571388E-41
   489.94080023531558        3.12923960E-41
   490.08401590331772        4.88632775E-42
   490.22723157131986       -2.42971141E-41
   490.37044723932200       -5.60183074E-41
   490.51366290732415       -8.99591575E-41
   490.65687857532629       -1.25721696E-40
   490.80009424332843       -1.62825276E-40
   490.94330991133057       -2.00706578E-40
   491.08652557933272       -2.38726608E-40
   491.22974124733486       -2.76172105E-40
   491.37295691533700       -3.12262547E-40
   491.51617258333914       -3.46161358E-40
   491.65938825134128       -3.76988523E-40
   491.80260391934343       -4.03831797E-40
   491.94581958734557       -4.25766322E-40
   492.08903525534771       -4.41867241E-40
   492.23225092334985       -4.51236322E-40
   492.37546659135199       -4.53018774E-40
   492.51868225935414       -4.46422862E-40
   492.66189792735628       -4.30745135E-40
   492.80511359535842       -4.05397047E-40
   492.94832926336056       -3.69925979E-40
   493.09154493136271       -3.24040461E-40
   493.23476059936485       -2.67633994E-40
   493.37797626736699       -2.00803267E-40
   493.52119193536913       -1.23867778E-40
   493.66440760337127       -3.73852417E-41
   493.80762327137342        5.78399954E-41
   493.95083893937556        1.60747151E-40
   494.09405460737770        2.70021806E-40
   494.23727027537984        3.84093106E-40
   494.38048594338198        5.01147771E-40
   494.52370161138413        6.19142707E-40
   494.66691727938627        7.35831633E-40
   494.81013294738841        8.48787499E-40
   494.95334861539055        9.55440325E-40
   495.09656428339269        1.05311643E-39
   495.23977995139484        1.13908609E-39
   495.38299561939698        1.21061397E-39
   495.52621128739912        1.26501378E-39
   495.66942695540126        1.29971133E-39
   495.81264262340341        1.31230480E-39
   495.95585829140555        1.30062918E-39
   496.09907395940769        1.26282355E-39
   496.24228962740983        1.19739412E-39
   496.38550529541197        1.10327451E-39
   496.52872096341412        9.79883175E-40
   496.67193663141626        8.27176674E-40
   496.81515229941840        6.45691708E-40
   496.95836796742054        4.36587148E-40
   497.10158363542268        2.01667868E-40
   497.24479930342483       -5.65942411E-41
   497.38801497142697       -3.35057469E-40
   497.53123063942911       -6.29920093E-40
   497.67444630743125       -9.36744201E-40
   497.81766197543340       -1.25049493E-39
   497.96087764343554       -1.56559651E-39
   498.10409331143768       -1.87600513E-39
   498.24730897943982       -2.17529166E-39
   498.39052464744196       -2.45674245E-39
   498.53374031544411       -2.71347295E-39
   498.67695598344625       -2.93855091E-39
   498.82017165144839       -3.12513380E-39
   498.96338731945053       -3.26661309E-39
   499.10660298745267       -3.35675722E-39
   499.24981865545482       -3.38987131E-39
   499.39303432345696       -3.36094570E-39
   499.53624999145910       -3.26580595E-39
   499.67946565946124       -3.10125567E-39
   499.82268132746339       -2.86521675E-39
   499.96589699546553       -2.55684561E-39
   500.10911266346767       -2.17664671E-39
   500.25232833146981       -1.72655946E-39
   500.39554399947195       -1.21002263E-39
   500.53875966747410       -6.32013633E-40
   500.68197533547624        9.38869971E-43
   500.82519100347838        6.80774616E-40
   500.96840667148052        1.39795216E-39
   501.11162233948266        2.14153017E-39
   501.25483800748481        2.89928933E-39
   501.39805367548695        3.65787805E-39
   501.54126934348909        4.40299748E-39
   501.68448501149123        5.11961171E-39
   501.82770067949338        5.79218873E-39
   501.97091634749552        6.40496814E-39
   502.11413201549766        6.94224699E-39
   502.25734768349980        7.38868106E-39
   502.40056335150194        7.72960577E-39
   502.54377901950409        7.95135845E-39
   502.68699468750623        8.04160207E-39
   502.83021035550837        7.98964893E-39
   502.97342602351051        7.78676894E-39
   503.11664169151265        7.42648249E-39
   503.25985735951480        6.90482672E-39
   503.40307302751694        6.22059370E-39
   503.54628869551908        5.37552524E-39
   503.68950436352122        4.37446985E-39
   503.83272003152337        3.22548358E-39
   503.97593569952551        1.93987492E-39
   504.11915136752765        5.32200545E-40
   504.26236703552979       -9.79810307E-40
   504.40558270353193       -2.57538619E-39
   504.54879837153408       -4.23091663E-39
   504.69201403953622       -5.92021556E-39
   504.83522970753836       -7.61484503E-39
   504.97844537554050       -9.28450196E-39
   505.12166104354264       -1.08974610E-38
   505.26487671154479       -1.24210661E-38
   505.40809237954693       -1.38222721E-38
   505.55130804754907       -1.50682156E-38
   505.69452371555121       -1.61268238E-38
   505.83773938355336       -1.69674375E-38
   505.98095505155550       -1.75614423E-38
   506.12417071955764       -1.78829030E-38
   506.26738638755978       -1.79091787E-38
   506.41060205556192       -1.76215132E-38
   506.55381772356407       -1.70055878E-38
   506.69703339156621       -1.60520252E-38
   506.84024905956835       -1.47568261E-38
   506.98346472757049       -1.31217448E-38
   507.12668039557263       -1.11545712E-38
   507.26989606357478       -8.86933366E-39
   507.41311173157692       -6.28639307E-39
   507.55632739957906       -3.43244135E-39
   507.69954306758120       -3.40382403E-40
   507.84275873558335        2.95089354E-39
   507.98597440358549        6.39685182E-39
   508.12919007158763        9.94776875E-39
   508.27240573958977        1.35492964E-38
   508.41562140759191        1.71431351E-38
   508.55883707559406        2.06678043E-38
   508.70205274359620        2.40595015E-38
   508.84526841159834        2.72530495E-38
   508.98848407960048        3.01829039E-38
   509.13169974760262        3.27842268E-38
   509.27491541560477        3.49939960E-38
   509.41813108360691        3.67521267E-38
   509.56134675160905        3.80026174E-38
   509.70456241961119        3.86946795E-38
   509.84777808761334        3.87838301E-38
   509.99099375561548        3.82329376E-38
   510.13420942361762        3.70132110E-38
   510.27742509161976        3.51050965E-38
   510.42064075962190        3.24990709E-38
   510.56385642762405        2.91963226E-38
   510.70707209562619        2.52092977E-38
   510.85028776362833        2.05620945E-38
   510.99350343163047        1.52907096E-38
   511.13671909963261        9.44310232E-39
   511.27993476763476        3.07909133E-39
   511.42315043563690       -3.72993421E-39
   511.56636610363904       -1.09014925E-38
   511.70958177164118       -1.83426732E-38
   511.85279743964333       -2.59509910E-38
   511.99601310764547       -3.36154210E-38
   512.13922877564755       -4.12176081E-38
   512.28244444364964       -4.86332571E-38
   512.42566011165172       -5.57336589E-38
   512.56887577965381       -6.23873771E-38
   512.71209144765589       -6.84620620E-38
   512.85530711565798       -7.38263614E-38
   512.99852278366006       -7.83519389E-38
   513.14173845166215       -8.19155306E-38
   513.28495411966423       -8.44010753E-38
   513.42816978766632       -8.57018670E-38
   513.57138545566841       -8.57226567E-38
   513.71460112367049       -8.43817654E-38
   513.85781679167258       -8.16130967E-38
   514.00103245967466       -7.73680648E-38
   514.14424812767675       -7.16174106E-38
   514.28746379567883       -6.43528327E-38
   514.43067946368092       -5.55884451E-38
   514.57389513168300       -4.53620295E-38
   514.71711079968509       -3.37360027E-38
   514.86032646768717       -2.07981363E-38
   515.00354213568926       -6.66194806E-39
   515.14675780369134        8.53323082E-39
   515.28997347169343        2.46225572E-38
   515.43318913969551        4.14163570E-38
   515.57640480769760        5.87011942E-38
   515.71962047569968        7.62413816E-38
   515.86283614370177        9.37808964E-38
   516.00605181170386        1.11045762E-37
   516.14926747970594        1.27746819E-37
   516.29248314770803        1.43582982E-37
   516.43569881571011        1.58244891E-37
   516.57891448371220        1.71418991E-37
   516.72213015171428        1.82791975E-37
   516.86534581971637        1.92055555E-37
   517.00856148771845        1.98911604E-37
   517.15177715572054        2.03077451E-37
   517.29499282372262        2.04291514E-37
   517.43820849172471        2.02318957E-37
   517.58142415972679        1.96957409E-37
   517.72463982772888        1.88042741E-37
   517.86785549573096        1.75454585E-37
   518.01107116373305        1.59121757E-37
   518.15428683173513        1.39027294E-37
   518.29750249973722        1.15213056E-37
   518.44071816773931        8.77837986E-38
   518.58393383574139        5.69105422E-38
   518.72714950374348        2.28331804E-38
   518.87036517174556       -1.41378151E-38
   519.01358083974765       -5.36207194E-38
   519.15679650774973       -9.51629746E-38
   519.30001217575182       -1.38242824E-37
   519.44322784375390       -1.82272283E-37
   519.58644351175599       -2.26601396E-37
   519.72965917975807       -2.70523942E-37
   519.87287484776016       -3.13284621E-37
   520.01609051576224       -3.54087607E-37
   520.15930618376433       -3.92106628E-37
   520.30252185176641       -4.26496286E-37
   520.44573751976850       -4.56404883E-37
   520.58895318777058       -4.80988232E-37
   520.73216885577267       -4.99424701E-37
   520.87538452377476       -5.10930953E-37
   521.01860019177684       -5.14778717E-37
   521.16181585977893       -5.10311512E-37
   521.30503152778101       -4.96961958E-37
   521.44824719578310       -4.74268860E-37
   521.59146286378518       -4.41893798E-37
   521.73467853178727       -3.99637049E-37
   521.87789419978935       -3.47452223E-37
   522.02110986779144       -2.85459676E-37
   522.16432553579352       -2.13957828E-37
   522.30754120379561       -1.33432357E-37
   522.45075687179769       -4.45628550E-38
   522.59397253979978        5.17734941E-38
   522.73718820780186        1.54501429E-37
   522.88040387580395        2.62350650E-37
   523.02361954380603        3.73862619E-37
   523.16683521180812        4.87401246E-37
   523.31005087981021        6.01167713E-37
   523.45326654781229        7.13219350E-37
   523.59648221581438        8.21492817E-37
   523.73969788381646        9.23830922E-37
   523.88291355181855        1.01801387E-36
   524.02612921982063        1.10179341E-36
   524.16934488782272        1.17293094E-36
   524.31256055582480        1.22923794E-36
   524.45577622382689        1.26861904E-36
   524.59899189182897        1.28911647E-36
   524.74220755983106        1.28895549E-36
   524.88542322783314        1.26659032E-36
   525.02863889583523        1.22074934E-36
   525.17185456383731        1.15047851E-36
   525.31507023183940        1.05518295E-36
   525.45828589984148        9.34664461E-37
   525.60150156784357        7.89155333E-37
   525.74471723584566        6.19346478E-37
   525.88793290384774        4.26409383E-37
   526.03114857184983        2.12011166E-37
   526.17436423985191       -2.16783689E-38
   526.31757990785400       -2.71988288E-37
   526.46079557585608       -5.35757478E-37
   526.60401124385817       -8.09355017E-37
   526.74722691186025       -1.08871088E-36
   526.89044257986234       -1.36935675E-36
   527.03365824786442       -1.64647682E-36
   527.17687391586651       -1.91496955E-36
   527.32008958386859       -2.16951764E-36
   527.46330525187068       -2.40466798E-36
   527.60652091987276       -2.61492033E-36
   527.74973658787485       -2.79482104E-36
   527.89295225587693       -2.93906555E-36
   528.03616792387902       -3.04260254E-36
   528.17938359188111       -3.10074338E-36
   528.32259925988319       -3.10927045E-36
   528.46581492788528       -3.06454620E-36
   528.60903059588736       -2.96361917E-36
   528.75224626388945       -2.80432369E-36
   528.89546193189153       -2.58537334E-36
   529.03867759989362       -2.30644490E-36
   529.18189326789570       -1.96825010E-36
   529.32510893589779       -1.57259444E-36
   529.46832460389987       -1.12241935E-36
   529.61154027190196       -6.21827472E-37
   529.75475593990404       -7.60885672E-38
   529.89797160790613        5.08375433E-37
   530.04118727590821        1.12402683E-36
   530.18440294391030        1.76227098E-36
   530.32761861191238        2.41353854E-36
   530.47083427991447        3.06738987E-36
   530.61404994791656        3.71264150E-36
   530.75726561591864        4.33751568E-36
   530.90048128392073        4.92980907E-36
   531.04369695192281        5.47708011E-36
   531.18691261992490        5.96685280E-36
   531.33012828792698        6.38683446E-36
   531.47334395592907        6.72514423E-36
   531.61655962393115        6.97054877E-36
   531.75977529193324        7.11269936E-36
   531.90299095993532        7.14237227E-36
   532.04620662793741        7.05170050E-36
   532.18942229593949        6.83440049E-36
   532.33263796394158        6.48597877E-36
   532.47585363194366        6.00392708E-36
   532.61906929994575        5.38788776E-36
   532.76228496794783        4.63979688E-36
   532.90550063594992        3.76399296E-36
   533.04871630395201        2.76729156E-36
   533.19193197195409        1.65902008E-36
   533.33514763995618        4.51011565E-37
   533.47836330795826       -8.42445929E-37
   533.62157897596035       -2.20470570E-36
   533.76479464396243       -3.61690550E-36
   533.90801031196452       -5.05815779E-36
   534.05122597996660       -6.50578583E-36
   534.19444164796869       -7.93560567E-36
   534.33765731597077       -9.32224991E-36
   534.48087298397286       -1.06395304E-35
   534.62408865197494       -1.18608392E-35
   534.76730431997703       -1.29595755E-35
   534.91051998797911       -1.39095994E-35
   535.05373565598120       -1.46857055E-35
   535.19695132398328       -1.52641070E-35
   535.34016699198537       -1.56229197E-35
   535.48338265998746       -1.57426474E-35
   535.62659832798954       -1.56066462E-35
   535.76981399599163       -1.52015799E-35
   535.91302966399371       -1.45178273E-35
   536.05624533199580       -1.35498683E-35
   536.19946099999788       -1.22966065E-35
   536.34267666799997       -1.07616458E-35
   536.48589233600205       -8.95350098E-36
   536.62910800400414       -6.88573438E-36
   536.77232367200622       -4.57702014E-36
   536.91553934000831       -2.05112464E-36
   537.05875500801039        6.63197883E-37
   537.20197067601248        3.53239927E-36
   537.34518634401456        6.51841966E-36
   537.48840201201665        9.57906142E-36
   537.63161768001873        1.26684498E-35
   537.77483334802082        1.57375806E-35
   537.91804901602291        1.87349449E-35
   538.06126468402499        2.16072335E-35
   538.20448035202708        2.43001056E-35
   538.34769602002916        2.67590154E-35
   538.49091168803125        2.89300926E-35
   538.63412735603333        3.07610456E-35
   538.77734302403542        3.22020995E-35
   538.92055869203750        3.32069377E-35
   539.06377436003959        3.37336429E-35
   539.20699002804167        3.37456045E-35
   539.35020569604376        3.32124105E-35
   539.49342136404584        3.21106687E-35
   539.63663703204793        3.04247698E-35
   539.77985270005001        2.81475652E-35
   539.92306836805210        2.52809460E-35
   540.06628403605418        2.18363114E-35
   540.20949970405627        1.78349125E-35
   540.35271537205836        1.33080568E-35
   540.49593104006044        8.29717278E-36
   540.63914670806253        2.85371235E-36
   540.78236237606461       -2.96110230E-36
   540.92557804406670       -9.07669902E-36
   541.06879371206878       -1.54137429E-35
   541.21200938007087       -2.18848895E-35
   541.35522504807295       -2.83956990E-35
   541.49844071607504       -3.48457134E-35
   541.64165638407712       -4.11296806E-35
   541.78487205207921       -4.71389105E-35
   541.92808772008129       -5.27627642E-35
   542.07130338808338       -5.78902556E-35
   542.21451905608546       -6.24117246E-35
   542.35773472408755       -6.62206190E-35
   542.50095039208963       -6.92152770E-35
   542.64416606009172       -7.13007693E-35
   542.78738172809381       -7.23907361E-35
   542.93059739609589       -7.24091778E-35
   543.07381306409798       -7.12922056E-35
   543.21702873210006       -6.89897061E-35
   543.36024440010215       -6.54668849E-35
   543.50346006810423       -6.07056679E-35
   543.64667573610632       -5.47059401E-35
   543.78989140410840       -4.74865882E-35
   543.93310707211049       -3.90863093E-35
   544.07632274011257       -2.95641794E-35
   544.21953840811466       -1.89999534E-35
   544.36275407611674       -7.49407710E-36
   544.50596974411883        4.83261340E-36
   544.64918541212091        1.78395029E-35
   544.79240108012300        3.13671455E-35
   544.93561674812508        4.52385270E-35
   545.07883241612717        5.92606823E-35
   545.22204808412926        7.32266515E-35
   545.36526375213134        8.69177168E-35
   545.50847942013343        1.00106006E-34
   545.65169508813551        1.12557349E-34
   545.79491075613760        1.24034422E-34
   545.93812642413968        1.34300092E-34
   546.08134209214177        1.43121040E-34
   546.22455776014385        1.50271478E-34
   546.36777342814594        1.55537062E-34
   546.51098909614802        1.58718771E-34
   546.65420476415011        1.59636920E-34
   546.79742043215219        1.58135088E-34
   546.94063610015428        1.54083960E-34
   547.08385176815636        1.47384997E-34
   547.22706743615845        1.37973890E-34
   547.37028310416054        1.25823756E-34
   547.51349877216262        1.10947944E-34
   547.65671444016471        9.34024278E-35
   547.79993010816679        7.32877565E-35
   547.94314577616888        5.07504074E-35
   548.08636144417096        2.59835593E-35
   548.22957711217305       -7.72784131E-37
   548.37279278017513       -2.92323778E-35
   548.51600844817722       -5.90640740E-35
   548.65922411617930       -8.98939158E-35
   548.80243978418139       -1.21308044E-34
   548.94565545218347       -1.52856418E-34
   549.08887112018556       -1.84057333E-34
   549.23208678818764       -2.14402731E-34
   549.37530245618973       -2.43364271E-34
   549.51851812419181       -2.70400251E-34
   549.66173379219390       -2.94962986E-34
   549.80494946019599       -3.16506997E-34
   549.94816512819807       -3.34497662E-34
   550.09138079620016       -3.48420245E-34
   550.23459646420224       -3.57789394E-34
   550.37781213220433       -3.62158629E-34
   550.52102780020641       -3.61130071E-34
   550.66424346820850       -3.54364022E-34
   550.80745913621058       -3.41588212E-34
   550.95067480421267       -3.22606825E-34
   551.09389047221475       -2.97308671E-34
   551.23710614021684       -2.65674902E-34
   551.38032180821892       -2.27785436E-34
   551.52353747622101       -1.83824610E-34
   551.66675314422309       -1.34085300E-34
   551.80996881222518       -7.89717137E-35
   551.95318448022726       -1.90005590E-35
   552.09640014822935        4.51995170E-35
   552.23961581623144        1.12890368E-34
   552.38283148423352        1.83228644E-34
   552.52604715223561        2.55272190E-34
   552.66926282023769        3.27988431E-34
   552.81247848823978        4.00264826E-34
   552.95569415624186        4.70921358E-34
   553.09890982424395        5.38724974E-34
   553.24212549224603        6.02405911E-34
   553.38534116024812        6.60675717E-34
   553.52855682825020        7.12246905E-34
   553.67177249625229        7.55853934E-34
   553.81498816425437        7.90275117E-34
   553.95820383225646        8.14355578E-34
   554.10141950025854        8.27030438E-34
   554.24463516826063        8.27348281E-34
   554.38785083626271        8.14494342E-34
   554.53106650426480        7.87812641E-34
   554.67428217226689        7.46827607E-34
   554.81749784026897        6.91263871E-34
   554.96071350827106        6.21063900E-34
   555.10392917627314        5.36403557E-34
   555.24714484427523        4.37704643E-34
   555.39036051227731        3.25644169E-34
   555.53357618027940        2.01160213E-34
   555.67679184828148        6.54536147E-35
   555.82000751628357       -8.00144541E-35
   555.96322318428565       -2.33529470E-34
   556.10643885228774       -3.93135224E-34
   556.24965452028982       -5.56650253E-34
   556.39287018829191       -7.21688971E-34
   556.53608585629399       -8.85687790E-34
   556.67930152429608       -1.04593586E-33
   556.82251719229816       -1.19961008E-33
   556.96573286030025       -1.34381431E-33
   557.10894852830234       -1.47562249E-33
   557.25216419630442       -1.59212481E-33
   557.39537986430651       -1.69047641E-33
   557.53859553230859       -1.76794865E-33
   557.68181120031068       -1.82198116E-33
   557.82502686831276       -1.85023417E-33
   557.96824253631485       -1.85064137E-33
   558.11145820431693       -1.82146046E-33
   558.25467387231902       -1.76132198E-33
   558.39788954032110       -1.66927526E-33
   558.54110520832319       -1.54482935E-33
   558.68432087632527       -1.38798975E-33
   558.82753654432736       -1.19928847E-33
   558.97075221232944       -9.79807510E-34
   559.11396788033153       -7.31194404E-34
   559.25718354833361       -4.55669549E-34
   559.40039921633570       -1.56024284E-34
   559.54361488433779        1.64390520E-34
   559.68683055233987        5.01685836E-34
   559.83004622034196        8.51466027E-34
   559.97326188834404        1.20887077E-33
   560.11647755634613        1.56862687E-33
   560.25969322434821        1.92510985E-33
   560.40290889235030        2.27241554E-33
   560.54612456035238        2.60443943E-33
   560.68934022835447        2.91496499E-33
   560.83255589635655        3.19775753E-33
   560.97577156435864        3.44666552E-33
   561.11898723236072        3.65572425E-33
   561.26220290036281        3.81926380E-33
   561.40541856836489        3.93201758E-33
   561.54863423636698        3.98923036E-33
   561.69184990436906        3.98676403E-33
   561.83506557237115        3.92119936E-33
   561.97828124037324        3.78993154E-33
   562.12149690837532        3.59125683E-33
   562.26471257637741        3.32445084E-33
   562.40792824437949        2.98983388E-33
   562.55114391238158        2.58882335E-33
   562.69435958038366        2.12397136E-33
   562.83757524838575        1.59898566E-33
   562.98079091638783        1.01873336E-33
   563.12400658438992        3.89226292E-34
   563.26722225239200       -2.82413298E-34
   563.41043792039409       -9.88006124E-34
   563.55365358839617       -1.71838944E-33
   563.69686925639826       -2.46350978E-33
   563.84008492440034       -3.21253459E-33
   563.98330059240243       -3.95398243E-33
   564.12651626040451       -4.67587004E-33
   564.26973192840660       -5.36587457E-33
   564.41294759640869       -6.01150897E-33
   564.55616326441077       -6.60030968E-33
   564.69937893241286       -7.12003247E-33
   564.84259460041494       -7.55885626E-33
   564.98581026841703       -7.90558742E-33
   565.12902593641911       -8.14986764E-33
   565.27224160442120       -8.28237524E-33
   565.41545727242328       -8.29502356E-33
   565.55867294042537       -8.18114975E-33
   565.70188860842745       -7.93568669E-33
   565.84510427642954       -7.55532317E-33
   565.98831994443162       -7.03864271E-33
   566.13153561243371       -6.38623820E-33
   566.27475128043579       -5.60080410E-33
   566.41796694843788       -4.68719997E-33
   566.56118261643996       -3.65248356E-33
   566.70439828444205       -2.50591133E-33
   566.84761395244414       -1.25890780E-33
   566.99082962044622        7.50013896E-35
   567.13404528844831        1.48028993E-33
   567.27726095645039        2.93956625E-33
   567.42047662445248        4.43374392E-33
   567.56369229245456        5.94224296E-33
   567.70690796045665        7.44322582E-33
   567.85012362845873        8.91386109E-33
   567.99333929646082        1.03306110E-32
   568.13655496446290        1.16695490E-32
   568.27977063246499        1.29066914E-32
   568.42298630046707        1.40183476E-32
   568.56620196846916        1.49814845E-32
   568.70941763647124        1.57740895E-32
   568.85263330447333        1.63755458E-32
   568.99584897247541        1.67669987E-32
   569.13906464047750        1.69317090E-32
   569.28228030847959        1.68554047E-32
   569.42549597648167        1.65266013E-32
   569.56871164448376        1.59368998E-32
   569.71192731248584        1.50812604E-32
   569.85514298048793        1.39582328E-32
   569.99835864849001        1.25701547E-32
   570.14157431649210        1.09232996E-32
   570.28478998449418        9.02797735E-33
   570.42800565249627        6.89858476E-33
   570.57122132049835        4.55360283E-33
   570.71443698850044        2.01553494E-33
   570.85765265650252       -6.89212909E-34
   571.00086832450461       -3.53051132E-33
   571.14408399250669       -6.47474484E-33
   571.28729966050878       -9.48511020E-33
   571.43051532851086       -1.25219697E-32
   571.57373099651295       -1.55432635E-32
   571.71694666451504       -1.85049686E-32
   571.86016233251712       -2.13616138E-32
   572.00337800051921       -2.40668333E-32
   572.14659366852129       -2.65739629E-32
   572.28980933652338       -2.88366661E-32
   572.43302500452546       -3.08095982E-32
   572.57624067252755       -3.24490661E-32
   572.71945634052963       -3.37137246E-32
   572.86267200853172       -3.45652674E-32
   573.00588767653380       -3.49690997E-32
   573.14910334453589       -3.48950259E-32
   573.29231901253797       -3.43178787E-32
   573.43553468054006       -3.32181391E-32
   573.57875034854214       -3.15825122E-32
   573.72196601654423       -2.94044358E-32
   573.86518168454631       -2.66845358E-32
   574.00839735254840       -2.34310187E-32
   574.15161302055049       -1.96599667E-32
   574.29482868855257       -1.53955627E-32
   574.43804435655466       -1.06702069E-32
   574.58126002455674       -5.52453325E-33
   574.72447569255883       -7.31921801E-36
   574.86769136056091        5.82471998E-33
   575.01090702856300        1.19072560E-32
   575.15412269656508        1.81687948E-32
   575.29733836456717        2.45312417E-32
   575.44055403256925        3.09105967E-32
   575.58376970057134        3.72177645E-32
   575.72698536857342        4.33594845E-32
   575.87020103657551        4.92393719E-32
   576.01341670457759        5.47590643E-32
   576.15663237257968        5.98194675E-32
   576.29984804058176        6.43220928E-32
   576.44306370858385        6.81704498E-32
   576.58627937658594        7.12715273E-32
   576.72949504458802        7.35372868E-32
   576.87271071259011        7.48862077E-32
   577.01592638059219        7.52448099E-32
   577.15914204859428        7.45491993E-32
   577.30235771659636        7.27465435E-32
   577.44557338459845        6.97965052E-32
   577.58878905260053        6.56725830E-32
   577.73200472060262        6.03633394E-32
   577.87522038860470        5.38735115E-32
   578.01843605660679        4.62249547E-32
   578.16165172460887        3.74573832E-32
   578.30486739261096        2.76289426E-32
   578.44808306061304        1.68165252E-32
   578.59129872861513        5.11584105E-33
   578.73451439661721       -7.35876435E-33
   578.87773006461930       -2.04747885E-32
   579.02094573262139       -3.40823332E-32
   579.16416140062347       -4.80151797E-32
   579.30737706862556       -6.20921624E-32
   579.45059273662764       -7.61188604E-32
   579.59380840462973       -8.98895828E-32
   579.73702407263181       -1.03189643E-31
   579.88023974063390       -1.15797937E-31
   580.02345540863598       -1.27489768E-31
   580.16667107663807       -1.38039912E-31
   580.30988674464015       -1.47225860E-31
   580.45310241264224       -1.54831308E-31
   580.59631808064432       -1.60649676E-31
   580.73953374864641       -1.64487806E-31
   580.88274941664849       -1.66169621E-31
   581.02596508465058       -1.65539815E-31
   581.16918075265266       -1.62467460E-31
   581.31239642065475       -1.56849432E-31
   581.45561208865684       -1.48613707E-31
   581.59882775665892       -1.37722329E-31
   581.74204342466101       -1.24174110E-31
   581.88525909266309       -1.08006913E-31
   582.02847476066518       -8.92995199E-32
   582.17169042866726       -6.81729477E-32
   582.31490609666935       -4.47912542E-32
   582.45812176467143       -1.93617217E-32
   582.60133743267352        7.86560592E-33
   582.74455310067560        3.65990489E-32
   582.88776876867769        6.65071311E-32
   583.03098443667977        9.72211176E-32
   583.17420010468186        1.28338299E-31
   583.31741577268394        1.59425951E-31
   583.46063144068603        1.90026044E-31
   583.60384710868811        2.19660586E-31
   583.74706277669020        2.47837561E-31
   583.89027844469229        2.74057527E-31
   584.03349411269437        2.97820545E-31
   584.17670978069646        3.18633778E-31
   584.31992544869854        3.36019127E-31
   584.46314111670063        3.49521373E-31
   584.60635678470271        3.58716254E-31
   584.74957245270480        3.63218609E-31
   584.89278812070688        3.62690365E-31
   585.03600378870897        3.56848370E-31
   585.17921945671105        3.45471630E-31
   585.32243512471314        3.28408272E-31
   585.46565079271522        3.05581629E-31
   585.60886646071731        2.76995652E-31
   585.75208212871939        2.42739372E-31
   585.89529779672148        2.02990360E-31
   586.03851346472356        1.58016980E-31
   586.18172913272565        1.08179452E-31
   586.32494480072774        5.39295884E-32
   586.46816046872982       -4.19089119E-33
   586.61137613673191       -6.55534526E-32
   586.75459180473399       -1.29447307E-31
   586.89780747273608       -1.95085454E-31
   587.04102314073816       -2.61612169E-31
   587.18423880874025       -3.28111883E-31
   587.32745447674233       -3.93619432E-31
   587.47067014474442       -4.57131603E-31
   587.61388581274650       -5.17619816E-31
   587.75710148074859       -5.74043732E-31
   587.90031714875067       -6.25366004E-31
   588.04353281675276       -6.70567335E-31
   588.18674848475484       -7.08662427E-31
   588.32996415275693       -7.38715915E-31
   588.47317982075901       -7.59858544E-31
   588.61639548876110       -7.71303110E-31
   588.75961115676319       -7.72360068E-31
   588.90282682476527       -7.62452390E-31
   589.04604249276736       -7.41129581E-31
   589.18925816076944       -7.08080604E-31
   589.33247382877153       -6.63145264E-31
   589.47568949677361       -6.06324171E-31
   589.61890516477570       -5.37786738E-31
   589.76212083277778       -4.57877290E-31
   589.90533650077987       -3.67118782E-31
   590.04855216878195       -2.66214417E-31
   590.19176783678404       -1.56046593E-31
   590.33498350478612       -3.76734331E-32
   590.47819917278821        8.76774259E-32
   590.62141484079029        2.18617617E-31
   590.76463050879238        3.53609460E-31
   590.90784617679446        4.90980057E-31
   591.05106184479655        6.28937814E-31
   591.19427751279864        7.65591336E-31
   591.33749318080072        8.98970684E-31
   591.48070884880281        1.02705039E-30
   591.62392451680489        1.14777460E-30
   591.76714018480698        1.25908366E-30
   591.91035585280906        1.35894200E-30
   592.05357152081115        1.44536679E-30
   592.19678718881323        1.51645749E-30
   592.34000285681532        1.57042528E-30
   592.48321852481740        1.60562278E-30
   592.62643419281949        1.62057300E-30
   592.76964986082157        1.61399719E-30
   592.91286552882366        1.58484173E-30
   593.05608119682574        1.53230353E-30
   593.19929686482783        1.45585239E-30
   593.34251253282991        1.35525217E-30
   593.48572820083200        1.23057802E-30
   593.62894386883409        1.08223119E-30
   593.77215953683617        9.10949817E-31
   593.91537520483826        7.17816472E-31
   594.05859087284034        5.04261169E-31
   594.20180654084243        2.72060503E-31
   594.34502220884451        2.33321332E-32
   594.48823787684660       -2.39475118E-31
   594.63145354484868       -5.13595957E-31
   594.77466921285077       -7.95967850E-31
   594.91788488085285       -1.08325519E-30
   595.06110054885494       -1.37187789E-30
   595.20431621685702       -1.65804456E-30
   595.34753188485911       -1.93778984E-30
   595.49074755286119       -2.20701603E-30
   595.63396322086328       -2.46153859E-30
   595.77717888886536       -2.69713474E-30
   595.92039455686745       -2.90959584E-30
   596.06361022486954       -3.09478209E-30
   596.20682589287162       -3.24867894E-30
   596.35004156087371       -3.36745616E-30
   596.49325722887579       -3.44752745E-30
   596.63647289687788       -3.48560857E-30
   596.77968856487996       -3.47877942E-30
   596.92290423288205       -3.42454004E-30
   597.06611990088413       -3.32086897E-30
   597.20933556888622       -3.16627698E-30
   597.35255123688830       -2.95985735E-30
   597.49576690489039       -2.70133247E-30
   597.63898257289247       -2.39109525E-30
   597.78219824089456       -2.03024444E-30
   597.92541390889664       -1.62061325E-30
   598.06862957689873       -1.16479105E-30
   598.21184524490081       -6.66135533E-31
   598.35506091290290       -1.28777146E-31
   598.49827658090499        4.42386767E-31
   598.64149224890707        1.04170814E-30
   598.78470791690916        1.66281519E-30
   598.92792358491124        2.29865005E-30
   599.07113925291333        2.94151907E-30
   599.21435492091541        3.58315354E-30
   599.35757058891750        4.21478296E-30
   599.50078625691958        4.82721927E-30
   599.64400192492167        5.41095322E-30
   599.78721759292375        5.95626185E-30
   599.93043326092584        6.45332406E-30
   600.07364892892792        6.89234957E-30
   600.21686459693001        7.26371024E-30
   600.36008026493209        7.55808487E-30
   600.50329593293418        7.76660590E-30
   600.64651160093626        7.88101216E-30
   600.78972726893835        7.89380154E-30
   600.93294293694044        7.79838601E-30
   601.07615860494252        7.58924506E-30
   601.21937427294461        7.26207244E-30
   601.36258994094669        6.81391983E-30
   601.50580560894878        6.24332848E-30
   601.64902127695086        5.55045073E-30
   601.79223694495295        4.73715609E-30
   601.93545261295503        3.80712227E-30
   602.07866828095712        2.76590341E-30
   602.22188394895920        1.62098019E-30
   602.36509961696129        3.81782674E-31
   602.50831528496337       -9.40311127E-31
   602.65153095296546       -2.33200682E-30
   602.79474662096754       -3.77815395E-30
   602.93796228896963       -5.26183809E-30
   603.08117795697171       -6.76450468E-30
   603.22439362497380       -8.26611540E-30
   603.36760929297589       -9.74533868E-30
   603.51082496097797       -1.11797698E-29
   603.65404062898006       -1.25461855E-29
   603.79725629698214       -1.38208239E-29
   603.94047196498423       -1.49796950E-29
   604.08368763298631       -1.59989137E-29
   604.22690330098840       -1.68550573E-29
   604.37011896899048       -1.75255367E-29
   604.51333463699257       -1.79889831E-29
   604.65655030499465       -1.82256393E-29
   604.79976597299674       -1.82177580E-29
   604.94298164099882       -1.79499921E-29
   605.08619730900091       -1.74097778E-29
   605.22941297700299       -1.65877021E-29
   605.37262864500508       -1.54778473E-29
   605.51584431300716       -1.40781070E-29
   605.65905998100925       -1.23904575E-29
   605.80227564901134       -1.04211971E-29
   605.94549131701342       -8.18112998E-30
   606.08870698501551       -5.68569314E-30
   606.23192265301759       -2.95502691E-30
   606.37513832101968       -1.39734466E-32
   606.51835398902176        3.10799164E-30
   606.66156965702385        6.37690300E-30
   606.80478532502593        9.75452822E-30
   606.94800099302802        1.31986627E-29
   607.09121666103010        1.66635130E-29
   607.23443232903219        2.01001469E-29
   607.37764799703427        2.34570308E-29
   607.52086366503636        2.66806267E-29
   607.66407933303844        2.97160669E-29
   607.80729500104053        3.25078859E-29
   607.95051066904261        3.50008066E-29
   608.09372633704470        3.71405749E-29
   608.23694200504679        3.88748177E-29
   608.38015767304887        4.01539421E-29
   608.52337334105096        4.09320359E-29
   608.66658900905304        4.11677697E-29
   608.80980467705513        4.08252822E-29
   608.95302034505721        3.98750344E-29
   609.09623601305930        3.82946223E-29
   609.23945168106138        3.60695382E-29
   609.38266734906347        3.31938389E-29
   609.52588301706555        2.96707473E-29
   609.66909868506764        2.55131340E-29
   609.81231435306972        2.07438920E-29
   609.95553002107181        1.53961834E-29
   610.09874568907389        9.51354398E-30
   610.24196135707598        3.14983999E-30
   610.38517702507806       -3.63093015E-30
   610.52839269308015       -1.07549947E-29
   610.67160836108224       -1.81393366E-29
   610.81482402908432       -2.56923809E-29
   610.95803969708641       -3.33148535E-29
   611.10125536508849       -4.09007997E-29
   611.24447103309058       -4.83387562E-29
   611.38768670109266       -5.55130769E-29
   611.53090236909475       -6.23053684E-29
   611.67411803709683       -6.85960816E-29
   611.81733370509892       -7.42661818E-29
   611.96054937310100       -7.91988977E-29
   612.10376504110309       -8.32815562E-29
   612.24698070910517       -8.64074308E-29
   612.39019637710726       -8.84776309E-29
   612.53341204510934       -8.94029500E-29
   612.67662771311143       -8.91056947E-29
   612.81984338111351       -8.75214187E-29
   612.96305904911560       -8.46006015E-29
   613.10627471711769       -8.03101412E-29
   613.24949038511977       -7.46347506E-29
   613.39270605312186       -6.75781192E-29
   613.53592172112394       -5.91638998E-29
   613.67913738912603       -4.94364309E-29
   613.82235305712811       -3.84612333E-29
   613.96556872513020       -2.63251994E-29
   614.10878439313228       -1.31365078E-29
   614.25200006113437        9.75779553E-31
   614.39521572913645        1.58624345E-29
   614.53843139713854        3.13551055E-29
   614.68164706514062        4.72676894E-29
   614.82486273314271        6.33980087E-29
   614.96807840114479        7.95298386E-29
   615.11129406914688        9.54351852E-29
   615.25450973714896        1.10876918E-28
   615.39772540515105        1.25611582E-28
   615.54094107315314        1.39392526E-28
   615.68415674115522        1.51973194E-28
   615.82737240915731        1.63110594E-28
   615.97058807715939        1.72568884E-28
   616.11380374516148        1.80123092E-28
   616.25701941316356        1.85562808E-28
   616.40023508116565        1.88695935E-28
   616.54345074916773        1.89352328E-28
   616.68666641716982        1.87387338E-28
   616.82988208517190        1.82685180E-28
   616.97309775317399        1.75162089E-28
   617.11631342117607        1.64769217E-28
   617.25952908917816        1.51495154E-28
   617.40274475718024        1.35368079E-28
   617.54596042518233        1.16457505E-28
   617.68917609318441        9.48755461E-29
   617.83239176118650        7.07776005E-29
   617.97560742918859        4.43625565E-29
   618.11882309719067        1.58723575E-29
   618.26203876519276       -1.44090269E-29
   618.40525443319484       -4.61572644E-29
   618.54847010119693       -7.90099699E-29
   618.69168576919901       -1.12569666E-28
   618.83490143720110       -1.46407377E-28
   618.97811710520318       -1.80066830E-28
   619.12133277320527       -2.13069313E-28
   619.26454844120735       -2.44919067E-28
   619.40776410920944       -2.75109150E-28
   619.55097977721152       -3.03127916E-28
   619.69419544521361       -3.28465787E-28
   619.83741111321569       -3.50622383E-28
   619.98062678121778       -3.69114007E-28
   620.12384244921986       -3.83481180E-28
   620.26705811722195       -3.93296417E-28
   620.41027378522404       -3.98171836E-28
   620.55348945322612       -3.97766789E-28
   620.69670512122821       -3.91795106E-28
   620.83992078923029       -3.80032176E-28
   620.98313645723238       -3.62321469E-28
   621.12635212523446       -3.38580434E-28
   621.26956779323655       -3.08805894E-28
   621.41278346123863       -2.73078473E-28
   621.55599912924072       -2.31566161E-28
   621.69921479724280       -1.84526875E-28
   621.84243046524489       -1.32309991E-28
   621.98564613324697       -7.53565651E-29
   622.12886180124906       -1.41983904E-29
   622.27207746925114        5.05443221E-29
   622.41529313725323        1.18166587E-28
   622.55850880525531        1.87883686E-28
   622.70172447325740        2.58837642E-28
   622.84494014125949        3.30105067E-28
   622.98815580926157        4.00706384E-28
   623.13137147726366        4.69616350E-28
   623.27458714526574        5.35775848E-28
   623.41780281326783        5.98104911E-28
   623.56101848126991        6.55516594E-28
   623.70423414927200        7.06931990E-28
   623.84744981727408        7.51295786E-28
   623.99066548527617        7.87592536E-28
   624.13388115327825        8.14863367E-28
   624.27709682128034        8.32222544E-28
   624.42031248928242        8.38874417E-28
   624.56352815728451        8.34129503E-28
   624.70674382528659        8.17420713E-28
   624.84995949328868        7.88317937E-28
   624.99317516129076        7.46542254E-28
   625.13639082929285        6.91978348E-28
   625.27960649729494        6.24685537E-28
   625.42282216529702        5.44906778E-28
   625.56603783329911        4.53075693E-28
   625.70925350130119        3.49821124E-28
   625.85246916930328        2.35969318E-28
   625.99568483730536        1.12543221E-28
   626.13890050530745       -1.92410197E-29
   626.28211617330953       -1.57980506E-28
   626.42533184131162       -3.02095184E-28
   626.56854750931370       -4.49840516E-28
   626.71176317731579       -5.99323254E-28
   626.85497884531787       -7.48520328E-28
   626.99819451331996       -8.95300505E-28
   627.14141018132204       -1.03744906E-27
   627.28462584932413       -1.17269518E-27
   627.42784151732621       -1.29874113E-27
   627.57105718532830       -1.41329410E-27
   627.71427285333039       -1.51409968E-27
   627.85748852133247       -1.59897628E-27
   628.00070418933456       -1.66585063E-27
   628.14391985733664       -1.71279402E-27
   628.28713552533873       -1.73805779E-27
   628.43035119334081       -1.74010871E-27
   628.57356686134290       -1.71766258E-27
   628.71678252934498       -1.66971732E-27
   628.85999819734707       -1.59558192E-27
   629.00321386534915       -1.49490413E-27
   629.14642953335124       -1.36769366E-27
   629.28964520135332       -1.21434168E-27
   629.43286086935541       -1.03563561E-27
   629.57607653735749       -8.32769412E-28
   629.71929220535958       -6.07347930E-28
   629.86250787336166       -3.61385804E-28
   630.00572354136375       -9.73001053E-29
   630.14893920936584        1.82103176E-28
   630.29215487736792        4.73649199E-28
   630.43537054537001        7.73820741E-28
   630.57858621337209        1.07879107E-27
   630.72180188137418        1.38446312E-27
   630.86501754937626        1.68651470E-27
   631.00823321737835        1.98044975E-27
   631.15144888538043        2.26165382E-27
   631.29466455338252        2.52545537E-27
   631.43788022138460        2.76719040E-27
   631.58109588938669        2.98227055E-27
   631.72431155738877        3.16625310E-27
   631.86752722539086        3.31491370E-27
   632.01074289339294        3.42431808E-27
   632.15395856139503        3.49089401E-27
   632.29717422939711        3.51150185E-27
   632.44038989739920        3.48350229E-27
   632.58360556540129        3.40481919E-27
   632.72682123340337        3.27399886E-27
   632.87003690140546        3.09026168E-27
   633.01325256940754        2.85354852E-27
   633.15646823740963        2.56455657E-27
   633.29968390541171        2.22476725E-27
   633.44289957341380        1.83646395E-27
   633.58611524141588        1.40273913E-27
   633.72933090941797        9.27489246E-28
   633.87254657742005        4.15398437E-28
   634.01576224542214       -1.28090555E-28
   634.15897791342422       -6.96817584E-28
   634.30219358142631       -1.28395885E-27
   634.44540924942839       -1.88209270E-27
   634.58862491743048       -2.48327789E-27
   634.73184058543256       -3.07914251E-27
   634.87505625343465       -3.66098367E-27
   635.01827192143674       -4.21987660E-27
   635.16148758943882       -4.74679293E-27
   635.30470325744091       -5.23272354E-27
   635.44791892544299       -5.66881147E-27
   635.59113459344508       -6.04648441E-27
   635.73435026144716       -6.35759104E-27
   635.87756592944925       -6.59453897E-27
   636.02078159745133       -6.75042914E-27
   636.16399726545342       -6.81918561E-27
   636.30721293345550       -6.79568310E-27
   636.45042860145759       -6.67586252E-27
   636.59364426945967       -6.45684076E-27
   636.73685993746176       -6.13700466E-27
   636.88007560546384       -5.71609305E-27
   637.02329127346593       -5.19526266E-27
   637.16650694146801       -4.57713699E-27
   637.30972260947010       -3.86583559E-27
   637.45293827747219       -3.06698470E-27
   637.59615394547427       -2.18770542E-27
   637.73936961347636       -1.23658011E-27
   637.88258528147844       -2.23597409E-28
   638.02580094948053        8.39926071E-28
   638.16901661748261        1.94144639E-27
   638.31223228548470        3.06731403E-27
   638.45544795348678        4.20291840E-27
   638.59866362148887        5.33284994E-27
   638.74187928949095        6.44108357E-27
   638.88509495749304        7.51117532E-27
   639.02831062549512        8.52647782E-27
   639.17152629349721        9.47036299E-27
   639.31474196149929        1.03264573E-26
   639.45795762950138        1.10788835E-26
   639.60117329750346        1.17125037E-26
   639.74438896550555        1.22131653E-26
   639.88760463350764        1.25679409E-26
   640.03082030150972        1.27653618E-26
   640.17403596951181        1.27956436E-26
   640.31725163751389        1.26508915E-26
   640.46046730551598        1.23252961E-26
   640.60368297351806        1.18153006E-26
   640.74689864152015        1.11197471E-26
   640.89011430952223        1.02399985E-26
   641.03332997752432        9.18002289E-27
   641.17654564552640        7.94645320E-27
   641.31976131352849        6.54860709E-27
   641.46297698153057        4.99847307E-27
   641.60619264953266        3.31065701E-27
   641.74940831753474        1.50229132E-27
   641.89262398553683       -4.07093538E-28
   642.03583965353891       -2.39573802E-27
   642.17905532154100       -4.43985824E-27
   642.32227098954309       -6.51388719E-27
   642.46548665754517       -8.59075072E-27
   642.60870232554726       -1.06421766E-26
   642.75191799354934       -1.26390300E-26
   642.89513366155143       -1.45516780E-26
   643.03834932955351       -1.63503702E-26
   643.18156499755560       -1.80056439E-26
   643.32478066555768       -1.94887362E-26
   643.46799633355977       -2.07720034E-26
   643.61121200156185       -2.18293451E-26
   643.75442766956394       -2.26366225E-26
   643.89764333756602       -2.31720726E-26
   644.04085900556811       -2.34166981E-26
   644.18407467357019       -2.33546416E-26
   644.32729034157228       -2.29735324E-26
   644.47050600957436       -2.22647994E-26
   644.61372167757645       -2.12239437E-26
   644.75693734557854       -1.98507741E-26
   644.90015301358062       -1.81495863E-26
   645.04336868158271       -1.61292935E-26
   645.18658434958479       -1.38035051E-26
   645.32980001758688       -1.11905312E-26
   645.47301568558896       -8.31334055E-27
   645.61623135359105       -5.19944578E-27
   645.75944702159313       -1.88072221E-27
   645.90266268959522        1.60683523E-27
   646.04587835759730        5.22342284E-27
   646.18909402559939        8.92580245E-27
   646.33230969360147        1.26677372E-26
   646.47552536160356        1.64004860E-26
   646.61874102960564        2.00733500E-26
   646.76195669760773        2.36342758E-26
   646.90517236560981        2.70304946E-26
   647.04838803361190        3.02091973E-26
   647.19160370161399        3.31182513E-26
   647.33481936961607        3.57069261E-26
   647.47803503761816        3.79266358E-26
   647.62125070562024        3.97316852E-26
   647.76446637362233        4.10800118E-26
   647.90768204162441        4.19339075E-26
   648.05089770962650        4.22607177E-26
   648.19411337762858        4.20334950E-26
   648.33732904563067        4.12316148E-26
   648.48054471363275        3.98413276E-26
   648.62376038163484        3.78562423E-26
   648.76697604963692        3.52777303E-26
   648.91019171763901        3.21152424E-26
   649.05340738564109        2.83865341E-26
   649.19662305364318        2.41177828E-26
   649.33983872164526        1.93435982E-26
   649.48305438964735        1.41069207E-26
   649.62627005764944        8.45879602E-27
   649.76948572565152        2.45803550E-27
   649.91270139365361       -3.82925140E-27
   650.05591706165569       -1.03302429E-26
   650.19913272965778       -1.69661054E-26
   650.34234839765986       -2.36528156E-26
   650.48556406566195       -3.03020825E-26
   650.62877973366403       -3.68223754E-26
   650.77199540166612       -4.31200430E-26
   650.91521106966820       -4.91005085E-26
   651.05842673767029       -5.46695275E-26
   651.20164240567237       -5.97345014E-26
   651.34485807367446       -6.42058328E-26
   651.48807374167654       -6.79982693E-26
   651.63128940967863       -7.10322838E-26
   651.77450507768071       -7.32353997E-26
   651.91772074568280       -7.45435037E-26
   652.06093641368489       -7.49020718E-26
   652.20415208168697       -7.42673346E-26
   652.34736774968906       -7.26073185E-26
   652.49058341769114       -6.99027891E-26
   652.63379908569323       -6.61480515E-26
   652.77701475369531       -6.13515677E-26
   652.92023042169740       -5.55364240E-26
   653.06344608969948       -4.87406154E-26
   653.20666175770157       -4.10171032E-26
   653.34987742570365       -3.24336895E-26
   653.49309309370574       -2.30726638E-26
   653.63630876170782       -1.30302380E-26
   653.77952442970991       -2.41575151E-27
   653.92274009771199        8.64933366E-27
   654.06595576571408        2.00326466E-26
   654.20917143371616        3.15923323E-26
   654.35238710171825        4.31786529E-26
   654.49560276972034        5.46357667E-26
   654.63881843772242        6.58036644E-26
   654.78203410572451        7.65202289E-26
   654.92524977372659        8.66233985E-26
   655.06846544172868        9.59534290E-26
   655.21168110973076        1.04355167E-25
   655.35489677773285        1.11680394E-25
   655.49811244573493        1.17790097E-25
   655.64132811373702        1.22556715E-25
   655.78454378173910        1.25866344E-25
   655.92775944974119        1.27620746E-25
   656.07097511774327        1.27739273E-25
   656.21419078574536        1.26160589E-25
   656.35740645374744        1.22844157E-25
   656.50062212174953        1.17771534E-25
   656.64383778975161        1.10947370E-25
   656.78705345775370        1.02400105E-25
   656.93026912575579        9.21824335E-26
   657.07348479375787        8.03713492E-26
   657.21670046175996        6.70679311E-26
   657.35991612976204        5.23967823E-26
   657.50313179776413        3.65051054E-26
   657.64634746576621        1.95614624E-26
   657.78956313376830        1.75421191E-27
   657.93277880177038       -1.67103928E-26
   658.07599446977247       -3.56103769E-26
   658.21921013777455       -5.47105113E-26
   658.36242580577664       -7.37650336E-26
   658.50564147377872       -9.25205652E-26
   658.64885714178081       -1.10719253E-25
   658.79207280978289       -1.28102050E-25
   658.93528847778498       -1.44412107E-25
   659.07850414578706       -1.59398208E-25
   659.22171981378915       -1.72818285E-25
   659.36493548179124       -1.84442915E-25
   659.50815114979332       -1.94058686E-25
   659.65136681779541       -2.01471575E-25
   659.79458248579749       -2.06510042E-25
   659.93779815379958       -2.09028049E-25
   660.08101382180166       -2.08907747E-25
   660.22422948980375       -2.06061944E-25
   660.36744515780583       -2.00436232E-25
   660.51066082580792       -1.92010741E-25
   660.65387649381000       -1.80801533E-25
   660.79709216181209       -1.66861547E-25
   660.94030782981417       -1.50281109E-25
   661.08352349781626       -1.31187975E-25
   661.22673916581834       -1.09746958E-25
   661.36995483382043       -8.61589382E-26
   661.51317050182251       -6.06594840E-26
   661.65638616982460       -3.35169373E-26
   661.79960183782669       -5.02999284E-27
   661.94281750582877        2.44751599E-26
   662.08603317383086        5.46481790E-26
   662.22924884183294        8.51183382E-26
   662.37246450983503        1.15498678E-25
   662.51568017783711        1.45390565E-25
   662.65889584583920        1.74388488E-25
   662.80211151384128        2.02085185E-25
   662.94532718184337        2.28076944E-25
   663.08854284984545        2.51969125E-25
   663.23175851784754        2.73381596E-25
   663.37497418584962        2.91954364E-25
   663.51818985385171        3.07353028E-25
   663.66140552185379        3.19274096E-25
   663.80462118985588        3.27450073E-25
   663.94783685785796        3.31654282E-25
   664.09105252586005        3.31705287E-25
   664.23426819386214        3.27470805E-25
   664.37748386186422        3.18871210E-25
   664.52069952986631        3.05882246E-25
   664.66391519786839        2.88537191E-25
   664.80713086587048        2.66928319E-25
   664.95034653387256        2.41207460E-25
   665.09356220187465        2.11585856E-25
   665.23677786987673        1.78333113E-25
   665.37999353787882        1.41775339E-25
   665.52320920588090        1.02292345E-25
   665.66642487388299        6.03140492E-26
   665.80964054188507        1.63160409E-26
   665.95285620988716       -2.91856533E-26
   666.09607187788924       -7.56405257E-26
   666.23928754589133       -1.22470261E-25
   666.38250321389341       -1.69075929E-25
   666.52571888189550       -2.14845676E-25
   666.66893454989759       -2.59162797E-25
   666.81215021789967       -3.01414138E-25
   666.95536588590176       -3.40998611E-25
   667.09858155390384       -3.77335640E-25
   667.24179722190593       -4.09873637E-25
   667.38501288990801       -4.38098144E-25
   667.52822855791010       -4.61539589E-25
   667.67144422591218       -4.79780519E-25
   667.81465989391427       -4.92462247E-25
   667.95787556191635       -4.99290873E-25
   668.10109122991844       -5.00042066E-25
   668.24430689792052       -4.94565350E-25
   668.38752256592261       -4.82787213E-25
   668.53073823392469       -4.64713029E-25
   668.67395390192678       -4.40428192E-25
   668.81716956992886       -4.10097871E-25
   668.96038523793095       -3.73965724E-25
   669.10360090593304       -3.32351685E-25
   669.24681657393512       -2.85648580E-25
   669.39003224193721       -2.34317820E-25
   669.53324790993929       -1.78884268E-25
   669.67646357794138       -1.19930228E-25
   669.81967924594346       -5.80888143E-26
   669.96289491394555        5.96334972E-27
   670.10611058194763        7.15137724E-26
   670.24932624994972        1.37822185E-25
   670.39254191795180        2.04128766E-25
   670.53575758595389        2.69662486E-25
   670.67897325395597        3.33649435E-25
   670.82218892195806        3.95321003E-25
   670.96540458996014        4.53921954E-25
   671.10862025796223        5.08718057E-25
   671.25183592596431        5.59003453E-25
   671.39505159396640        6.04107808E-25
   671.53826726196849        6.43402596E-25
   671.68148292997057        6.76307316E-25
   671.82469859797266        7.02295352E-25
   671.96791426597474        7.20899010E-25
   672.11112993397683        7.31714490E-25
   672.25434560197891        7.34406379E-25
   672.39756126998100        7.28711790E-25
   672.54077693798308        7.14444155E-25
   672.68399260598517        6.91496833E-25
   672.82720827398725        6.59846550E-25
   672.97042394198934        6.19556367E-25
   673.11363960999142        5.70778434E-25
   673.25685527799351        5.13756659E-25
   673.40007094599559        4.48828822E-25
   673.54328661399768        3.76428450E-25
   673.68650228199976        2.97086003E-25
   673.82971795000185        2.11429464E-25
   673.97293361800394        1.20184389E-25
   674.11614928600602        2.41728644E-26
   674.25936495400811       -7.56885476E-26
   674.40258062201019       -1.78392044E-25
   674.54579629001228       -2.82843144E-25
   674.68901195801436       -3.87867056E-25
   674.83222762601645       -4.92216566E-25
   674.97544329401853       -5.94581770E-25
   675.11865896202062       -6.93601957E-25
   675.26187463002270       -7.87879266E-25
   675.40509029802479       -8.75994635E-25
   675.54830596602687       -9.56525501E-25
   675.69152163402896       -1.02806572E-24
   675.83473730203104       -1.08924701E-24
   675.97795297003313       -1.13876184E-24
   676.12116863803521       -1.17538766E-24
   676.26438430603730       -1.19801209E-24
   676.40759997403939       -1.20565813E-24
   676.55081564204147       -1.19750910E-24
   676.69403131004356       -1.17293332E-24
   676.83724697804564       -1.13150747E-24
   676.98046264604773       -1.07303740E-24
   677.12367831404981       -9.97577230E-25
   677.26689398205190       -9.05444390E-25
   677.41010965005398       -7.97231508E-25
   677.55332531805607       -6.73813825E-25
   677.69654098605815       -5.36351065E-25
   677.83975665406024       -3.86284626E-25
   677.98297232206232       -2.25328775E-25
   678.12618799006441       -5.54559417E-26
   678.26940365806649        1.21124156E-25
   678.41261932606858        3.01991239E-25
   678.55583499407066        4.84547211E-25
   678.69905066207275        6.66054195E-25
   678.84226633007484        8.43677370E-25
   678.98548199807692        1.01453251E-24
   679.12869766607901        1.17573663E-24
   679.27191333408109        1.32446098E-24
   679.41512900208318        1.45798604E-24
   679.55834467008526        1.57375581E-24
   679.70156033808735        1.66943202E-24
   679.84477600608943        1.74294498E-24
   679.98799167409152        1.79254185E-24
   680.13120734209360        1.81682969E-24
   680.27442301009569        1.81481257E-24
   680.41763867809777        1.78592074E-24
   680.56085434609986        1.73003310E-24
   680.70407001410194        1.64748956E-24
   680.84728568210403        1.53909474E-24
   680.99050135010611        1.40611123E-24
   681.13371701810820        1.25024356E-24
   681.27693268611029        1.07361139E-24
   681.42014835411237        8.78713641E-25
   681.56336402211446        6.68384391E-25
   681.70657969011654        4.45739938E-25
   681.84979535811863        2.14120195E-25
   681.99301102612071       -2.29758712E-26
   682.13622669412280       -2.61958446E-25
   682.27944236212488       -4.99217115E-25
   682.42265803012697       -7.31191278E-25
   682.56587369812905       -9.54438668E-25
   682.70908936613114       -1.16570104E-24
   682.85230503413322       -1.36196392E-24
   682.99552070213531       -1.54051006E-24
   683.13873637013739       -1.69896421E-24
   683.28195203813948       -1.83532887E-24
   683.42516770614156       -1.94800918E-24
   683.56838337414365       -2.03582695E-24
   683.71159904214574       -2.09802212E-24
   683.85481471014782       -2.13424523E-24
   683.99803037814991       -2.14453612E-24
   684.14124604615199       -2.12929474E-24
   684.28446171415408       -2.08924289E-24
   684.42767738215616       -2.02537691E-24
   684.57089305015825       -1.93891755E-24
   684.71410871816033       -1.83125421E-24
   684.85732438616242       -1.70388848E-24
   685.00054005416450       -1.55838052E-24
   685.14375572216659       -1.39629623E-24
   685.28697139016867       -1.21916274E-24
   685.43018705817076       -1.02842997E-24
   685.57340272617284       -8.25443146E-25
   685.71661839417493       -6.11426070E-25
   685.85983406217701       -3.87478074E-25
   686.00304973017910       -1.54582829E-25
   686.14626539818119        8.63680849E-26
   686.28948106618327        3.34540404E-25
   686.43269673418536        5.89108406E-25
   686.57591240218744        8.49196734E-25
   686.71912807018953        1.11381441E-24
   686.86234373819161        1.38178168E-24
   687.00555940619370        1.65165494E-24
   687.14877507419578        1.92165294E-24
   687.29199074219787        2.18958737E-24
   687.43520641019995        2.45280285E-24
   687.57842207820204        2.70813030E-24
   687.72163774620412        2.95185400E-24
   687.86485341420621        3.17970188E-24
   688.00806908220829        3.38685557E-24
   688.15128475021038        3.56798908E-24
   688.29450041821246        3.71733386E-24
   688.43771608621455        3.82877230E-24
   688.58093175421664        3.89595879E-24
   688.72414742221872        3.91247202E-24
   688.86736309022081        3.87198807E-24
   689.01057875822289        3.76847847E-24
   689.15379442622498        3.59642712E-24
   689.29701009422706        3.35105864E-24
   689.44022576222915        3.02857546E-24
   689.58344143023123        2.62639169E-24
   689.72665709823332        2.14336427E-24
   689.86987276623540        1.58000428E-24
   690.01308843423749        9.38665493E-25
   690.15630410223957        2.23699604E-25
   690.29951977024166       -5.58427979E-25
   690.44273543824374       -1.39907105E-24
   690.58595110624583       -2.28738936E-24
   690.72916677424791       -3.21039350E-24
   690.87238244225000       -4.15305329E-24
   691.01559811025209       -5.09847035E-24
   691.15881377825417       -6.02811887E-24
   691.30202944625626       -6.92214952E-24
   691.44524511425834       -7.75975572E-24
   691.58846078226043       -8.51959286E-24
   691.73167645026251       -9.18024651E-24
   691.87489211826460       -9.72073850E-24
   692.01810778626668       -1.01210562E-23
   692.16132345426877       -1.03627009E-23
   692.30453912227085       -1.04292334E-23
   692.44775479027294       -1.03067990E-23
   692.59097045827502       -9.98462668E-24
   692.73418612627711       -9.45547850E-24
   692.87740179427919       -8.71603658E-24
   693.02061746228128       -7.76721204E-24
   693.16383313028336       -6.61436598E-24
   693.30704879828545       -5.26742345E-24
   693.45026446628754       -3.74088609E-24
   693.59348013428962       -2.05372423E-24
   693.73669580229171       -2.29152359E-25
   693.87991147029379        1.70571173E-24
   694.02312713829588        3.72030234E-24
   694.16634280629796        5.78116833E-24
   694.30955847430005        7.85262595E-24
   694.45277414230213        9.89749462E-24
   694.59598981030422        1.18778897E-23
   694.73920547830630        1.37560618E-23
   694.88242114630839        1.54952508E-23
   695.02563681431047        1.70605276E-23
   695.16885248231256        1.84196134E-23
   695.31206815031464        1.95436313E-23
   695.45528381831673        2.04077859E-23
   695.59849948631881        2.09919326E-23
   695.74171515432090        2.12810170E-23
   695.88493082232299        2.12653755E-23
   696.02814649032507        2.09408776E-23
   696.17136215832716        2.03089069E-23
   696.31457782632924        1.93761625E-23
   696.45779349433133        1.81543163E-23
   696.60100916233341        1.66594959E-23
   696.74422483033550        1.49116326E-23
   696.88744049833758        1.29336909E-23
   697.03065616633967        1.07508023E-23
   697.17387183434175        8.38933851E-24
   697.31708750234384        5.87595312E-24
   697.46030317034592        3.23663713E-24
   697.60351883834801        4.95831422E-25
   697.74673450635009       -2.32436643E-24
   697.88995017435218       -5.20486284E-24
   698.03316584235426       -8.13004388E-24
   698.17638151035635       -1.10880498E-23
   698.31959717835844       -1.40708015E-23
   698.46281284636052       -1.70737694E-23
   698.60602851436261       -2.00954664E-23
   698.74924418236469       -2.31366577E-23
   698.89245985036678       -2.61993108E-23
   699.03567551836886       -2.92852747E-23
   699.17889118637095       -3.23947561E-23
   699.32210685437303       -3.55245964E-23
   699.46532252237512       -3.86664496E-23
   699.60853819037720       -4.18048790E-23
   699.75175385837929       -4.49154838E-23
   699.89496952638137       -4.79631312E-23
   700.03818519438346       -5.09003601E-23
   700.18140086238554       -5.36660875E-23
   700.32461653038763       -5.61846805E-23
   700.46783219838971       -5.83654960E-23
   700.61104786639180       -6.01029779E-23
   700.75426353439389       -6.12773709E-23
   700.89747920239597       -6.17561464E-23
   701.04069487039806       -6.13961481E-23
   701.18391053840014       -6.00465081E-23
   701.32712620640223       -5.75523255E-23
   701.47034187440431       -5.37590784E-23
   701.61355754240640       -4.85177256E-23
   701.75677321040848       -4.16904690E-23
   701.89998887841057       -3.31569819E-23
   702.04320454641265       -2.28210297E-23
   702.18642021441474       -1.06173026E-23
   702.32963588241682        3.48173897E-24
   702.47285155041891        1.94591790E-23
   702.61606721842099        3.72473929E-23
   702.75928288642308        5.67224439E-23
   702.90249855442516        7.76993660E-23
   703.04571422242725        9.99286144E-23
   703.18892989042934        1.23093894E-22
   703.33214555843142        1.46811584E-22
   703.47536122643351        1.70632040E-22
   703.61857689443559        1.94042844E-22
   703.76179256243768        2.16474161E-22
   703.90500823043976        2.37306400E-22
   704.04822389844185        2.55879997E-22
   704.19143956644393        2.71507445E-22
   704.33465523444602        2.83487529E-22
   704.47787090244810        2.91121456E-22
   704.62108657045019        2.93730705E-22
   704.76430223845227        2.90676387E-22
   704.90751790645436        2.81379617E-22
   705.05073357445644        2.65342466E-22
   705.19394924245853        2.42169115E-22
   705.33716491046061        2.11586593E-22
   705.48038057846270        1.73464543E-22
   705.62359624646479        1.27833307E-22
   705.76681191446687        7.48998438E-23
   705.91002758246896        1.50607746E-23
   706.05324325047104       -5.10880679E-23
   706.19645891847313       -1.22746113E-22
   706.33967458647521       -1.98907062E-22
   706.48289025447730       -2.78362886E-22
   706.62610592247938       -3.59713227E-22
   706.76932159048147       -4.41380374E-22
   706.91253725848355       -5.21629919E-22
   707.05575292648564       -5.98597146E-22
   707.19896859448772       -6.70319017E-22
   707.34218426248981       -7.34771401E-22
   707.48539993049189       -7.89910986E-22
   707.62861559849398       -8.33721368E-22
   707.77183126649606       -8.64262477E-22
   707.91504693449815       -8.79722232E-22
   708.05826260250024       -8.78469950E-22
   708.20147827050232       -8.59109461E-22
   708.34469393850441       -8.20531007E-22
   708.48790960650649       -7.61960976E-22
   708.63112527450858       -6.83007384E-22
   708.77434094251066       -5.83700120E-22
   708.91755661051275       -4.64524266E-22
   709.06077227851483       -3.26445461E-22
   709.20398794651692       -1.70925736E-22
   709.34720361451900        7.09305639E-26
   709.49041928252109        1.84084630E-22
   709.63363495052317        3.78177545E-22
   709.77685061852526        5.78964683E-22
   709.92006628652734        7.82657202E-22
   710.06328195452943        9.85118694E-22
   710.20649762253151        1.18193366E-21
   710.34971329053360        1.36848742E-21
   710.49292895853569        1.54005662E-21
   710.63614462653777        1.69190878E-21
   710.77936029453986        1.81940920E-21
   710.92257596254194        1.91813329E-21
   711.06579163054403        1.98398159E-21
   711.20900729854611        2.01329561E-21
   711.35222296654820        2.00297120E-21
   711.49543863455028        1.95056741E-21
   711.63865430255237        1.85440666E-21
   711.78186997055445        1.71366458E-21
   711.92508563855654        1.52844580E-21
   712.06830130655862        1.29984395E-21
   712.21151697456071        1.02998203E-21
   712.35473264256279        7.22031992E-22
   712.49794831056488        3.80211418E-22
   712.64116397856696        9.75576866E-24
   712.78437964656905       -3.83134646E-22
   712.92759531457114       -7.91373295E-22
   713.07081098257322       -1.20709148E-21
   713.21402665057531       -1.62176736E-21
   713.35724231857739       -2.02637722E-21
   713.50045798657948       -2.41156894E-21
   713.64367365458156       -2.76785316E-21
   713.78688932258365       -3.08580919E-21
   713.93010499058573       -3.35630250E-21
   714.07332065858782       -3.57070889E-21
   714.21653632658990       -3.72114024E-21
   714.35975199459199       -3.80066712E-21
   714.50296766259407       -3.80353196E-21
   714.64618333059616       -3.72535046E-21
   714.78939899859824       -3.56329011E-21
   714.93261466660033       -3.31622645E-21
   715.07583033460241       -2.98486751E-21
   715.21904600260450       -2.57184468E-21
   715.36226167060659       -2.08176440E-21
   715.50547733860867       -1.52121665E-21
   715.64869300661076       -8.98739813E-22
   715.79190867461284       -2.24737990E-22
   715.93512434261493        4.88649020E-22
   716.07834001061701        1.22772283E-21
   716.22155567861910        1.97744917E-21
   716.36477134662118        2.72172451E-21
   716.50798701462327        3.44368093E-21
   716.65120268262535        4.12602617E-21
   716.79441835062744        4.75141389E-21
   716.93763401862952        5.30283236E-21
   717.08084968663161        5.76401100E-21
   717.22406535463369        6.11982872E-21
   717.36728102263578        6.35672145E-21
   717.51049669063786        6.46307515E-21
   717.65371235863995        6.42959533E-21
   717.79692802664204        6.24964558E-21
   717.94014369464412        5.91954155E-21
   718.08335936264621        5.43879613E-21
   718.22657503064829        4.81030285E-21
   718.36979069865038        4.04045377E-21
   718.51300636665246        3.13918274E-21
   718.65622203465455        2.11993224E-21
   718.79943770265663        9.99537204E-22
   718.94265337065872       -2.01973484E-22
   719.08586903866080       -1.46165884E-21
   719.22908470666289       -2.75402838E-21
   719.37230037466497       -4.05148136E-21
   719.51551604266706       -5.32481687E-21
   719.65873171066914       -6.54380725E-21
   719.80194737867123       -7.67782421E-21
   719.94516304667331       -8.69650602E-21
   720.08837871467540       -9.57045545E-21
   720.23159438267749       -1.02719490E-20
   720.37481005067957       -1.07756479E-20
   720.51802571868166       -1.10592909E-20
   720.66124138668374       -1.11043537E-20
   720.80445705468583       -1.08966586E-20
   720.94767272268791       -1.04269202E-20
   721.09088839069000       -9.69120444E-21
   721.23410405869208       -8.69129656E-21
   721.37731972669417       -7.43495865E-21
   721.52053539469625       -5.93606699E-21
   721.66375106269834       -4.21462053E-21
   721.80696673070042       -2.29661487E-21
   721.95018239870251       -2.13778327E-22
   722.09339806670459        1.99683278E-21
   722.23661373470668        4.29337515E-21
   722.37982940270876        6.62989058E-21
   722.52304507071085        8.95710345E-21
   722.66626073871294        1.12233239E-20
   722.80947640671502        1.33754523E-20
   722.95269207471711        1.53600606E-20
   723.09590774271919        1.71245289E-20
   723.23912341072128        1.86182232E-20
   723.38233907872336        1.97936792E-20
   723.52555474672545        2.06077752E-20
   723.66877041472753        2.10228680E-20
   723.81198608272962        2.10078592E-20
   723.95520175073170        2.05391660E-20
   724.09841741873379        1.96015875E-20
   724.24163308673587        1.81890118E-20
   724.38484875473796        1.63049787E-20
   724.52806442274004        1.39630511E-20
   724.67128009074213        1.11869942E-20
   724.81449575874421        8.01074744E-21
   724.95771142674630        4.47818216E-21
   725.10092709474839        6.42636386E-22
   725.24414276275047       -3.43376041E-21
   725.38735843075256       -7.68097702E-21
   725.53057409875464       -1.20221687E-20
   725.67378976675673       -1.63749482E-20
   725.81700543475881       -2.06528177E-20
   725.96022110276090       -2.47667456E-20
   726.10343677076298       -2.86268437E-20
   726.24665243876507       -3.21441384E-20
   726.38986810676715       -3.52323623E-20
   726.53308377476924       -3.78097796E-20
   726.67629944277132       -3.98009616E-20
   726.81951511077341       -4.11385094E-20
   726.96273077877549       -4.17646658E-20
   727.10594644677758       -4.16327854E-20
   727.24916211477966       -4.07086276E-20
   727.39237778278175       -3.89714578E-20
   727.53559345078384       -3.64149010E-20
   727.67880911878592       -3.30475457E-20
   727.82202478678801       -2.88932702E-20
   727.96524045479009       -2.39912993E-20
   728.10845612279218       -1.83959427E-20
   728.25167179079426       -1.21760679E-20
   728.39488745879635       -5.41426789E-21
   728.53810312679843        1.79423452E-21
   728.68131879480052        9.34294201E-21
   728.82453446280260        1.71156707E-20
   728.96775013080469        2.49883379E-20
   729.11096579880677        3.28309245E-20
   729.25418146680886        4.05095711E-20
   729.39739713481094        4.78887653E-20
   729.54061280281303        5.48335831E-20
   729.68382847081511        6.12119405E-20
   729.82704413881720        6.68968168E-20
   729.97025980681929        7.17684001E-20
   730.11347547482137        7.57161195E-20
   730.25669114282346        7.86405520E-20
   730.39990681082554        8.04551213E-20
   730.54312247882763        8.10876107E-20
   730.68633814682971        8.04814489E-20
   730.82955381483180        7.85967308E-20
   730.97276948283388        7.54110256E-20
   731.11598515083597        7.09198808E-20
   731.25920081883805        6.51371064E-20
   731.40241648684014        5.80947879E-20
   731.54563215484222        4.98430732E-20
   731.68884782284431        4.04497459E-20
   731.83206349084639        2.99995725E-20
   731.97527915884848        1.85934837E-20
   732.11849482685057        6.34760429E-21
   732.26171049485265       -6.60785114E-21
   732.40492616285474       -2.01297973E-20
   732.54814183085682       -3.40635723E-20
   732.69135749885891       -4.82443043E-20
   732.83457316686099       -6.24983162E-20
   732.97778883486308       -7.66445845E-20
   733.12100450286516       -9.04962086E-20
   733.26422017086725       -1.03861909E-19
   733.40743583886933       -1.16547564E-19
   733.55065150687142       -1.28357764E-19
   733.69386717487350       -1.39097412E-19
   733.83708284287559       -1.48573387E-19
   733.98029851087767       -1.56596315E-19
   734.12351417887976       -1.62982356E-19
   734.26672984688184       -1.67555165E-19
   734.40994551488393       -1.70147976E-19
   734.55316118288602       -1.70605820E-19
   734.69637685088810       -1.68787858E-19
   734.83959251889019       -1.64569948E-19
   734.98280818689227       -1.57847257E-19
   735.12602385489436       -1.48537133E-19
   735.26923952289644       -1.36581995E-19
   735.41245519089853       -1.21952310E-19
   735.55567085890061       -1.04649637E-19
   735.69888652690270       -8.47096537E-20
   735.84210219490478       -6.22050160E-20
   735.98531786290687       -3.72481175E-20
   736.12853353090895       -9.99354541E-21
   736.27174919891104        1.93598165E-20
   736.41496486691312        5.05671503E-20
   736.55818053491521        8.33366243E-20
   736.70139620291729        1.17328991E-19
   736.84461187091938        1.52157974E-19
   736.98782753892147        1.87391499E-19
   737.13104320692355        2.22553874E-19
   737.27425887492564        2.57129042E-19
   737.41747454292772        2.90564845E-19
   737.56069021092981        3.22278485E-19
   737.70390587893189        3.51662990E-19
   737.84712154693398        3.78094952E-19
   737.99033721493606        4.00943180E-19
   738.13355288293815        4.19578422E-19
   738.27676855094023        4.33384015E-19
   738.41998421894232        4.41767283E-19
   738.56319988694440        4.44171587E-19
   738.70641555494649        4.40088624E-19
   738.84963122294857        4.29071250E-19
   738.99284689095066        4.10746097E-19
   739.13606255895274        3.84826005E-19
   739.27927822695483        3.51121962E-19
   739.42249389495692        3.09554250E-19
   739.56570956295900        2.60162546E-19
   739.70892523096109        2.03114807E-19
   739.85214089896317        1.38714453E-19
   739.99535656696526        6.74058754E-20
   740.13857223496734       -1.02221607E-20
   740.28178790296943       -9.34352782E-20
   740.42500357097151       -1.81354696E-19
   740.56821923897360       -2.72960917E-19
   740.71143490697568       -3.67100042E-19
   740.85465057497777       -4.62492759E-19
   740.99786624297985       -5.57746122E-19
   741.14108191098194       -6.51367716E-19
   741.28429757898402       -7.41782796E-19
   741.42751324698611       -8.27353493E-19
   741.57072891498819       -9.06400527E-19
   741.71394458299028       -9.77227040E-19
   741.85716025099237       -1.03814393E-18
   742.00037591899445       -1.08749725E-18
   742.14359158699654       -1.12369632E-18
   742.28680725499862       -1.14524304E-18
   742.43002292300071       -1.15076126E-18
   742.57323859100279       -1.13902698E-18
   742.71645425900488       -1.10899732E-18
   742.85966992700696       -1.05983922E-18
   743.00288559500905       -9.90956790E-19
   743.14610126301113       -9.02016573E-19
   743.28931693101322       -7.92971318E-19
   743.43253259901530       -6.64080345E-19
   743.57574826701739       -5.15927024E-19
   743.71896393501947       -3.49432834E-19
   743.86217960302156       -1.65867006E-19
   744.00539527102364        3.31480578E-20
   744.14861093902573        2.45636401E-19
   744.29182660702782        4.69273417E-19
   744.43504227502990        7.01396272E-19
   744.57825794303199        9.39020291E-19
   744.72147361103407        1.17886162E-18
   744.86468927903616        1.41736550E-18
   745.00790494703824        1.65074210E-18
   745.15112061504033        1.87500752E-18
   745.29433628304241        2.08603184E-18
   745.43755195104450        2.27959334E-18
   745.58076761904658        2.45143763E-18
   745.72398328704867        2.59734299E-18
   745.86719895505075        2.71319025E-18
   746.01041462305284        2.79503605E-18
   746.15363029105492        2.83919054E-18
   746.29684595905701        2.84229578E-18
   746.44006162705909        2.80140596E-18
   746.58327729506118        2.71406686E-18
   746.72649296306327        2.57839435E-18
   746.86970863106535        2.39314808E-18
   747.01292429906744        2.15780216E-18
   747.15613996706952        1.87260745E-18
   747.29935563507161        1.53864641E-18
   747.44257130307369        1.15787822E-18
   747.58578697107578        7.33170864E-19
   747.72900263907786        2.68320873E-19
   747.87221830707995       -2.31942529E-19
   748.01543397508203       -7.61969415E-19
   748.15864964308412       -1.31521872E-18
   748.30186531108620       -1.88430627E-18
   748.44508097908829       -2.46107160E-18
   748.58829664709037       -3.03666461E-18
   748.73151231509246       -3.60165027E-18
   748.87472798309454       -4.14613405E-18
   749.01794365109663       -4.65990171E-18
   749.16115931909872       -5.13257877E-18
   749.30437498710080       -5.55380272E-18
   749.44759065510289       -5.91340667E-18
   749.59080632310497       -6.20161335E-18
   749.73402199110706       -6.40923485E-18
   749.87723765910914       -6.52787406E-18
   750.02045332711123       -6.55012687E-18
   750.16366899511331       -6.46977620E-18
   750.30688466311540       -6.28197808E-18
   750.45010033111748       -5.98343247E-18
   750.59331599911957       -5.57253712E-18
   750.73653166712165       -5.04951702E-18
   750.87974733512374       -4.41652739E-18
   751.02296300312582       -3.67772648E-18
   751.16617867112791       -2.83931338E-18
   751.30939433912999       -1.90953093E-18
   751.45261000713208       -8.98628028E-19
   751.59582567513417        1.81217772E-19
   751.73904134313625        1.31601871E-18
   751.88225701113834        2.49013624E-18
   752.02547267914042        3.68647971E-18
   752.16868834714251        4.88674318E-18
   752.31190401514459        6.07167734E-18
   752.45511968314668        7.22139097E-18
   752.59833535114876        8.31567979E-18
   752.74155101915085        9.33437587E-18
   752.88476668715293        1.02577096E-17
   753.02798235515502        1.10666832E-17
   753.17119802315710        1.17434385E-17
   753.31441369115919        1.22716256E-17
   753.45762935916127        1.26367456E-17
   753.60084502716336        1.28264810E-17
   753.74406069516544        1.28309874E-17
   753.88727636316753        1.26431537E-17
   754.03049203116962        1.22588117E-17
   754.17370769917170        1.16769017E-17
   754.31692336717379        1.08995794E-17
   754.46013903517587        9.93226202E-18
   754.60335470317796        8.78361917E-18
   754.74657037118004        7.46549280E-18
   754.88978603918213        5.99276182E-18
   755.03300170718421        4.38313866E-18
   755.17621737518630        2.65691281E-18
   755.31943304318838        8.36636166E-19
   755.46264871119047       -1.05323770E-18
   755.60586437919255       -2.98675584E-18
   755.74908004719464       -4.93690217E-18
   755.89229571519672       -6.87605754E-18
   756.03551138319881       -8.77647398E-18
   756.17872705120089       -1.06107520E-17
   756.32194271920298       -1.23523137E-17
   756.46515838720507       -1.39758567E-17
   756.60837405520715       -1.54577805E-17
   756.75158972320924       -1.67765744E-17
   756.89480539121132       -1.79131620E-17
   757.03802105921341       -1.88511881E-17
   757.18123672721549       -1.95772475E-17
   757.32445239521758       -2.00810419E-17
   757.46766806321966       -2.03554739E-17
   757.61088373122175       -2.03966675E-17
   757.75409939922383       -2.02039162E-17
   757.89731506722592       -1.97795676E-17
   758.04053073522800       -1.91288329E-17
   758.18374640323009       -1.82595521E-17
   758.32696207123217       -1.71818996E-17
   758.47017773923426       -1.59080513E-17
   758.61339340723634       -1.44518230E-17
   758.75660907523843       -1.28282875E-17
   758.89982474324052       -1.10533895E-17
   759.04304041124260       -9.14356185E-18
   759.18625607924469       -7.11536627E-18
   759.32947174724677       -4.98516361E-18
   759.47268741524886       -2.76882745E-18
   759.61590308325094       -4.81512433E-19
   759.75911875125303        1.86251461E-18
   759.90233441925511        4.24997292E-18
   760.04555008725720        6.66859444E-18
   760.18876575525928        9.10706995E-18
   760.33198142326137        1.15549215E-17
   760.47519709126345        1.40022983E-17
   760.61841275926554        1.64397068E-17
   760.76162842726762        1.88576814E-17
   760.90484409526971        2.12463987E-17
   761.04805976327179        2.35952674E-17
   761.19127543127388        2.58924869E-17
   761.33449109927597        2.81246107E-17
   761.47770676727805        3.02761107E-17
   761.62092243528014        3.23289944E-17
   761.76413810328222        3.42624529E-17
   761.90735377128431        3.60525942E-17
   762.05056943928639        3.76722602E-17
   762.19378510728848        3.90909477E-17
   762.33700077529056        4.02748582E-17
   762.48021644329265        4.11870730E-17
   762.62343211129473        4.17878675E-17
   762.76664777929682        4.20351780E-17
   762.90986344729890        4.18852168E-17
   763.05307911530099        4.12932367E-17
   763.19629478330307        4.02144310E-17
   763.33951045130516        3.86049791E-17
   763.48272611930724        3.64231810E-17
   763.62594178730933        3.36307252E-17
   763.76915745531142        3.01940081E-17
   763.91237312331350        2.60855178E-17
   764.05558879131559        2.12852282E-17
   764.19880445931767        1.57819956E-17
   764.34202012731976        9.57491420E-18
   764.48523579532184        2.67458863E-18
   764.62845146332393       -4.89569534E-18
   764.77166713132601       -1.30989451E-17
   764.91488279932810       -2.18836090E-17
   765.05809846733018       -3.11829356E-17
   765.20131413533227       -4.09145666E-17
   765.34452980333435       -5.09803952E-17
   765.48774547133644       -6.12667070E-17
   765.63096113933852       -7.16446407E-17
   765.77417680734061       -8.19709253E-17
   765.91739247534269       -9.20890184E-17
   766.06060814334478       -1.01830493E-16
   766.20382381134687       -1.11016836E-16
   766.34703947934895       -1.19461503E-16
   766.49025514735104       -1.26972356E-16
   766.63347081535312       -1.33354326E-16
   766.77668648335521       -1.38412397E-16
   766.91990215135729       -1.41954834E-16
   767.06311781935938       -1.43796575E-16
   767.20633348736146       -1.43762852E-16
   767.34954915536355       -1.41692929E-16
   767.49276482336563       -1.37443867E-16
   767.63598049136772       -1.30894370E-16
   767.77919615936980       -1.21948577E-16
   767.92241182737189       -1.10539778E-16
   768.06562749537397       -9.66339258E-17
   768.20884316337606       -8.02329725E-17
   768.35205883137814       -6.13778867E-17
   768.49527449938023       -4.01513072E-17
   768.63849016738232       -1.66797645E-17
   768.78170583538440        8.86462579E-18
   768.92492150338649        3.62630554E-17
   769.06813717138857        6.52495751E-17
   769.21135283939066        9.55113623E-17
   769.35456850739274        1.26689791E-16
   769.49778417539483        1.58382350E-16
   769.64099984339691        1.90145437E-16
   769.78421551139900        2.21498083E-16
   769.92743117940108        2.51926683E-16
   770.07064684740317        2.80890657E-16
   770.21386251540525        3.07829084E-16
   770.35707818340734        3.32168232E-16
   770.50029385140942        3.53330106E-16
   770.64350951941151        3.70741715E-16
   770.78672518741359        3.83845183E-16
   770.92994085541568        3.92108386E-16
   771.07315652341777        3.95036129E-16
   771.21637219141985        3.92181707E-16
   771.35958785942194        3.83158583E-16
   771.50280352742402        3.67651898E-16
   771.64601919542611        3.45429803E-16
   771.78923486342819        3.16354206E-16
   771.93245053143028        2.80390590E-16
   772.07566619943236        2.37616909E-16
   772.21888186743445        1.88230983E-16
   772.36209753543653        1.32556249E-16
   772.50531320343862        7.10456495E-17
   772.64852887144070        4.28325660E-18
   772.79174453944279       -6.70164461E-17
   772.93496020744487       -1.42011890E-16
   773.07817587544696       -2.19740556E-16
   773.22139154344904       -2.99127912E-16
   773.36460721145113       -3.78999360E-16
   773.50782287945322       -4.58095006E-16
   773.65103854745530       -5.35087389E-16
   773.79425421545739       -6.08601749E-16
   773.93746988345947       -6.77238999E-16
   774.08068555146156       -7.39600582E-16
   774.22390121946364       -7.94315470E-16
   774.36711688746573       -8.40068272E-16
   774.51033255546781       -8.75628250E-16
   774.65354822346990       -8.99878698E-16
   774.79676389147198       -9.11846003E-16
   774.93997955947407       -9.10727496E-16
   775.08319522747615       -8.95917760E-16
   775.22641089547824       -8.67032613E-16
   775.36962656348032       -8.23929965E-16
   775.51284223148241       -7.66726865E-16
   775.65605789948449       -6.95812102E-16
   775.79927356748658       -6.11854249E-16
   775.94248923548867       -5.15803731E-16
   776.08570490349075       -4.08889776E-16
   776.22892057149284       -2.92610682E-16
   776.37213623949492       -1.68718388E-16
   776.51535190749701       -3.91966349E-17
   776.65856757549909        9.37668517E-17
   776.80178324350118        2.27813826E-16
   776.94499891150326        3.60454262E-16
   777.08821457950535        4.89109699E-16
   777.23143024750743        6.11160424E-16
   777.37464591550952        7.23995377E-16
   777.51786158351160        8.25064301E-16
   777.66107725151369        9.11930388E-16
   777.80429291951577        9.82322214E-16
   777.94750858751786        1.03418445E-15
   778.09072425551994        1.06572553E-15
   778.23393992352203        1.07546037E-15
   778.37715559152412        1.06224835E-15
   778.52037125952620        1.02532459E-15
   778.66358692752829        9.64323082E-16
   778.80680259553037        8.79292250E-16
   778.95001826353246        7.70700403E-16
   779.09323393153454        6.39432583E-16
   779.23644959953663        4.86776865E-16
   779.37966526753871        3.14401478E-16
   779.52288093554080        1.24322123E-16
   779.66609660354288       -8.11395690E-17
   779.80931227154497       -2.99405606E-16
   779.95252793954705       -5.27698297E-16
   780.09574360754914       -7.63102782E-16
   780.23895927555122       -1.00263353E-15
   780.38217494355331       -1.24330365E-15
   780.52539061155539       -1.48219511E-15
   780.66860627955748       -1.71652794E-15
   780.81182194755957       -1.94372589E-15
   780.95503761556165       -2.16147858E-15
   781.09825328356374       -2.36779548E-15
   781.24146895156582       -2.56105324E-15
   781.38468461956791       -2.74003215E-15
   781.52790028756999       -2.90394192E-15
   781.67111595557208       -3.05243633E-15
   781.81433162357416       -3.18561468E-15
   781.95754729157625       -3.30401083E-15
   782.10076295957833       -3.40856964E-15
   782.24397862758042       -3.50061078E-15
   782.38719429558250       -3.58178173E-15
   782.53040996358459       -3.65400146E-15
   782.67362563158667       -3.71939282E-15
   782.81684129958876       -3.78021191E-15
   782.96005696759084       -3.83876983E-15
   783.10327263559293       -3.89735360E-15
   783.24648830359502       -3.95814558E-15
   783.38970397159710       -4.02314688E-15
   783.53291963959919       -4.09410495E-15
   783.67613530760127       -4.17244703E-15
   783.81935097560336       -4.25922301E-15
   783.96256664360544       -4.35505971E-15
   784.10578231160753       -4.46012610E-15
   784.24899797960961       -4.57411175E-15
   784.39221364761170       -4.69621917E-15
   784.53542931561378       -4.82516808E-15
   784.67864498361587       -4.95921358E-15
   784.82186065161795       -5.09617584E-15
   784.96507631962004       -5.23347946E-15
   785.10829198762212       -5.36820005E-15
   785.25150765562421       -5.49711889E-15
   785.39472332362629       -5.61677627E-15
   785.53793899162838       -5.72352656E-15
   785.68115465963047       -5.81358861E-15
   785.82437032763255       -5.88308724E-15
   785.96758599563464       -5.92808544E-15
   786.11080166363672       -5.94460089E-15
   786.25401733163881       -5.92860467E-15
   786.39723299964089       -5.87600139E-15
   786.54044866764298       -5.78258424E-15
   786.68366433564506       -5.64396815E-15
   786.82688000364715       -5.45549654E-15
   786.97009567164923       -5.21212322E-15
   787.11331133965132       -4.90827006E-15
   787.25652700765340       -4.53766011E-15
   787.39974267565549       -4.09313002E-15
   787.54295834365757       -3.56642418E-15
   787.68617401165966       -2.94797091E-15
   787.82938967966174       -2.22665078E-15
   787.97260534766383       -1.38955448E-15
   788.11582101566592       -4.21738949E-16
   788.25903668366800        6.94012951E-16
   788.40225235167009        1.97742743E-15
   788.54546801967217        3.45096236E-15
   788.68868368767426        5.14001488E-15
   788.83189935567634        7.07311220E-15
   788.97511502367843        9.28207842E-15
   789.11833069168051        1.18021802E-14
   789.26154635968260        1.46722471E-14
   789.40476202768468        1.79347673E-14
   789.54797769568677        2.16359676E-14
   789.69119336368885        2.58258702E-14
   789.83440903169094        3.05583331E-14
   789.97762469969302        3.58910865E-14
   790.12084036769511        4.18857691E-14
   790.26405603569719        4.86079547E-14
   790.40727170369928        5.61272152E-14
   790.55048737170137        6.45171850E-14
   790.69370303970345        7.38556826E-14
   790.83691870770554        8.42248363E-14
   790.98013437570762        9.57113214E-14
   791.12335004370971        1.08406604E-13
   791.26656571171179        1.22407320E-13
   791.40978137971388        1.37815649E-13
   791.55299704771596        1.54739868E-13
   791.69621271571805        1.73294972E-13
   791.83942838372013        1.93603380E-13
   791.98264405172222        2.15795751E-13
   792.12585971972430        2.40011949E-13
   792.26907538772639        2.66402026E-13
   792.41229105572847        2.95127448E-13
   792.55550672373056        3.26362282E-13
   792.69872239173264        3.60294585E-13
   792.84193805973473        3.97127887E-13
   792.98515372773682        4.37082635E-13
   793.12836939573890        4.80397894E-13
   793.27158506374099        5.27332952E-13
   793.41480073174307        5.78169023E-13
   793.55801639974516        6.33211148E-13
   793.70123206774724        6.92789847E-13
   793.84444773574933        7.57262905E-13
   793.98766340375141        8.27017274E-13
   794.13087907175350        9.02470752E-13
   794.27409473975558        9.84073825E-13
   794.41731040775767        1.07231108E-12
   794.56052607575975        1.16770330E-12
   794.70374174376184        1.27080876E-12
   794.84695741176392        1.38222485E-12
   794.99017307976601        1.50258939E-12
   795.13338874776809        1.63258231E-12
   795.27660441577018        1.77292653E-12
   795.41982008377227        1.92438947E-12
   795.56303575177435        2.08778416E-12
   795.70625141977644        2.26397026E-12
   795.84946708777852        2.45385504E-12
   795.99268275578061        2.65839390E-12
   796.13589842378269        2.87859211E-12
   796.27911409178478        3.11550503E-12
   796.42232975978686        3.37023920E-12
   796.56554542778895        3.64395276E-12
   796.70876109579103        3.93785698E-12
   796.85197676379312        4.25321627E-12
   796.99519243179520        4.59134944E-12
   797.13840809979729        4.95362995E-12
   797.28162376779937        5.34148767E-12
   797.42483943580146        5.75640967E-12
   797.56805510380354        6.19994030E-12
   797.71127077180563        6.67368244E-12
   797.85448643980772        7.17929969E-12
   797.99770210780980        7.71851593E-12
   798.14091777581189        8.29311619E-12
   798.28413344381397        8.90494883E-12
   798.42734911181606        9.55592550E-12
   798.57056477981814        1.02480229E-11
   798.71378044782023        1.09832811E-11
   798.85699611582231        1.17638052E-11
   799.00021178382440        1.25917644E-11
   799.14342745182648        1.34693905E-11
   799.28664311982857        1.43989777E-11
   799.42985878783065        1.53828790E-11
   799.57307445583274        1.64235049E-11
   799.71629012383482        1.75233161E-11
   799.85950579183691        1.86848211E-11
   800.00272145983899        1.99105663E-11
   800.14593712784108        2.12031261E-11
   800.28915279584317        2.25650974E-11
   800.43236846384525        2.39990822E-11
   800.57558413184734        2.55076724E-11
   800.71879979984942        2.70934334E-11
   800.86201546785151        2.87588772E-11
   801.00523113585359        3.05064446E-11
   801.14844680385568        3.23384722E-11
   801.29166247185776        3.42571596E-11
   801.43487813985985        3.62645365E-11
   801.57809380786193        3.83624105E-11
   801.72130947586402        4.05523323E-11
   801.86452514386610        4.28355303E-11
   802.00774081186819        4.52128647E-11
   802.15095647987027        4.76847520E-11
   802.29417214787236        5.02510915E-11
   802.43738781587444        5.29111928E-11
   802.58060348387653        5.56636785E-11
   802.72381915187862        5.85063872E-11
   802.86703481988070        6.14362589E-11
   803.01025048788279        6.44492237E-11
   803.15346615588487        6.75400638E-11
   803.29668182388696        7.07022912E-11
   803.43989749188904        7.39279540E-11
   803.58311315989113        7.72075043E-11
   803.72632882789321        8.05295969E-11
   803.86954449589530        8.38808675E-11
   804.01276016389738        8.72457454E-11
   804.15597583189947        9.06061823E-11
   804.29919149990155        9.39414102E-11
   804.44240716790364        9.72276565E-11
   804.58562283590572        1.00437818E-10
   804.72883850390781        1.03541127E-10
   804.87205417190989        1.06502786E-10
   805.01526983991198        1.09283575E-10
   805.15848550791407        1.11839406E-10
   805.30170117591615        1.14120859E-10
   805.44491684391824        1.16072665E-10
   805.58813251192032        1.17633167E-10
   805.73134817992241        1.18733731E-10
   805.87456384792449        1.19298058E-10
   806.01777951592658        1.19241506E-10
   806.16099518392866        1.18470331E-10
   806.30421085193075        1.16880852E-10
   806.44742651993283        1.14358564E-10
   806.59064218793492        1.10777179E-10
   806.73385785593700        1.05997586E-10
   806.87707352393909        9.98667329E-11
   807.02028919194117        9.22163804E-11
   807.16350485994326        8.28618146E-11
   807.30672052794534        7.16004270E-11
   807.44993619594743        5.82101867E-11
   807.59315186394952        4.24479930E-11
   807.73636753195160        2.40479164E-11
   807.87958319995369        2.71929484E-12
   808.02279886795577       -2.18553266E-11
   808.16601453595786       -5.00224029E-11
   808.30923020395994       -8.21597651E-11
   808.45244587196203       -1.18679191E-10
   808.59566153996411       -1.60029157E-10
   808.73887720796620       -2.06697784E-10
   808.88209287596828       -2.59216038E-10
   809.02530854397037       -3.18161164E-10
   809.16852421197245       -3.84160315E-10
   809.31173987997454       -4.57894528E-10
   809.45495554797662       -5.40102907E-10
   809.59817121597871       -6.31587116E-10
   809.74138688398079       -7.33216265E-10
   809.88460255198288       -8.45932047E-10
   810.02781821998497       -9.70754477E-10
   810.17103388798705       -1.10878762E-09
   810.31424955598914       -1.26122612E-09
   810.45746522399122       -1.42936196E-09
   810.60068089199331       -1.61459179E-09
   810.74389655999539       -1.81842497E-09
   810.88711222799748       -2.04249173E-09
   811.03032789599956       -2.28855224E-09
   811.17354356400165       -2.55850585E-09
   811.31675923200373       -2.85440138E-09
   811.45997490000582       -3.17844839E-09
   811.60319056800790       -3.53302787E-09
   811.74640623600999       -3.92070554E-09
   811.88962190401207       -4.34424408E-09
   812.03283757201416       -4.80661866E-09
   812.17605324001624       -5.31103073E-09
   812.31926890801833       -5.86092508E-09
   812.46248457602042       -6.46000542E-09
   812.60570024402250       -7.11225390E-09
   812.74891591202459       -7.82194931E-09
   812.89213158002667       -8.59368932E-09
   813.03534724802876       -9.43241041E-09
   813.17856291603084       -1.03434115E-08
   813.32177858403293       -1.13323821E-08
   813.46499425203501       -1.24054242E-08
   813.60820992003710       -1.35690836E-08
   813.75142558803918       -1.48303778E-08
   813.89464125604127       -1.61968270E-08
   814.03785692404335       -1.76764932E-08
   814.18107259204544       -1.92780067E-08
   814.32428826004752       -2.10106155E-08
   814.46750392804961       -2.28842172E-08
   814.61071959605169       -2.49094025E-08
   814.75393526405378       -2.70975065E-08
   814.89715093205587       -2.94606473E-08
   815.04036660005795       -3.20117906E-08
   815.18358226806004       -3.47647884E-08
   815.32679793606212       -3.77344520E-08
   815.47001360406421       -4.09366052E-08
   815.61322927206629       -4.43881483E-08
   815.75644494006838       -4.81071254E-08
   815.89966060807046       -5.21127994E-08
   816.04287627607255       -5.64257334E-08
   816.18609194407463       -6.10678583E-08
   816.32930761207672       -6.60625759E-08
   816.47252328007880       -7.14348403E-08
   816.61573894808089       -7.72112543E-08
   816.75895461608297       -8.34201757E-08
   816.90217028408506       -9.00918238E-08
   817.04538595208714       -9.72583862E-08
   817.18860162008923       -1.04954154E-07
   817.33181728809132       -1.13215620E-07
   817.47503295609340       -1.22081644E-07
   817.61824862409549       -1.31593566E-07
   817.76146429209757       -1.41795383E-07
   817.90467996009966       -1.52733875E-07
   818.04789562810174       -1.64458797E-07
   818.19111129610383       -1.77023040E-07
   818.33432696410591       -1.90482822E-07
   818.47754263210800       -2.04897887E-07
   818.62075830011008       -2.20331714E-07
   818.76397396811217       -2.36851704E-07
   818.90718963611425       -2.54529454E-07
   819.05040530411634       -2.73440975E-07
   819.19362097211842       -2.93666915E-07
   819.33683664012051       -3.15292851E-07
   819.48005230812259       -3.38409592E-07
   819.62326797612468       -3.63113372E-07
   819.76648364412677       -3.89506312E-07
   819.90969931212885       -4.17696583E-07
   820.05291498013094       -4.47798868E-07
   820.19613064813302       -4.79934670E-07
   820.33934631613511       -5.14232738E-07
   820.48256198413719       -5.50829327E-07
   820.62577765213928       -5.89868819E-07
   820.76899332014136       -6.31504008E-07
   820.91220898814345       -6.75896558E-07
   821.05542465614553       -7.23217568E-07
   821.19864032414762       -7.73648082E-07
   821.34185599214970       -8.27379438E-07
   821.48507166015179       -8.84613996E-07
   821.62828732815387       -9.45565716E-07
   821.77150299615596       -1.01046066E-06
   821.91471866415804       -1.07953758E-06
   822.05793433216013       -1.15304886E-06
   822.20115000016222       -1.23126097E-06
   822.34436566816430       -1.31445529E-06
   822.48758133616639       -1.40292889E-06
   822.63079700416847       -1.49699508E-06
   822.77401267217056       -1.59698459E-06
   822.91722834017264       -1.70324631E-06
   823.06044400817473       -1.81614803E-06
   823.20365967617681       -1.93607775E-06
   823.34687534417890       -2.06344430E-06
   823.49009101218098       -2.19867866E-06
   823.63330668018307       -2.34223512E-06
   823.77652234818515       -2.49459185E-06
   823.91973801618724       -2.65625249E-06
   824.06295368418932       -2.82774772E-06
   824.20616935219141       -3.00963575E-06
   824.34938502019349       -3.20250433E-06
   824.49260068819558       -3.40697193E-06
   824.63581635619767       -3.62368883E-06
   824.77903202419975       -3.85333897E-06
   824.92224769220184       -4.09664153E-06
   825.06546336020392       -4.35435277E-06
   825.20867902820601       -4.62726757E-06
   825.35189469620809       -4.91622040E-06
   825.49511036421018       -5.22208848E-06
   825.63832603221226       -5.54579265E-06
   825.78154170021435       -5.88830062E-06
   825.92475736821643       -6.25062694E-06
   826.06797303621852       -6.63383753E-06
   826.21118870422060       -7.03905016E-06
   826.35440437222269       -7.46743808E-06
   826.49762004022477       -7.92023093E-06
   826.64083570822686       -8.39871791E-06
   826.78405137622894       -8.90425054E-06
   826.92726704423103       -9.43824489E-06
   827.07048271223312       -1.00021871E-05
   827.21369838023520       -1.05976305E-05
   827.35691404823729       -1.12262042E-05
   827.50012971623937       -1.18896123E-05
   827.64334538424146       -1.25896386E-05
   827.78656105224354       -1.33281510E-05
   827.92977672024563       -1.41071014E-05
   828.07299238824771       -1.49285343E-05
   828.21620805624980       -1.57945851E-05
   828.35942372425188       -1.67074868E-05
   828.50263939225397       -1.76695739E-05
   828.64585506025605       -1.86832876E-05
   828.78907072825814       -1.97511763E-05
   828.93228639626022       -2.08759011E-05
   829.07550206426231       -2.20602415E-05
   829.21871773226439       -2.33071005E-05
   829.36193340026648       -2.46195050E-05
   829.50514906826857       -2.60006127E-05
   829.64836473627065       -2.74537197E-05
   829.79158040427274       -2.89822619E-05
   829.93479607227482       -3.05898211E-05
   830.07801174027691       -3.22801316E-05
   830.22122740827899       -3.40570841E-05
   830.36444307628108       -3.59247351E-05
   830.50765874428316       -3.78873046E-05
   830.65087441228525       -3.99491946E-05
   830.79409008028733       -4.21149780E-05
   830.93730574828942       -4.43894205E-05
   831.08052141629150       -4.67774771E-05
   831.22373708429359       -4.92843028E-05
   831.36695275229567       -5.19152600E-05
   831.51016842029776       -5.46759220E-05
   831.65338408829984       -5.75720842E-05
   831.79659975630193       -6.06097638E-05
   831.93981542430402       -6.37952107E-05
   832.08303109230610       -6.71349189E-05
   832.22624676030819       -7.06356368E-05
   832.36946242831027       -7.43043493E-05
   832.51267809631236       -7.81483250E-05
   832.65589376431444       -8.21750946E-05
   832.79910943231653       -8.63924724E-05
   832.94232510031861       -9.08085567E-05
   833.08554076832070       -9.54317438E-05
   833.22875643632278       -1.00270736E-04
   833.37197210432487       -1.05334548E-04
   833.51518777232695       -1.10632514E-04
   833.65840344032904       -1.16174313E-04
   833.80161910833112       -1.21969941E-04
   833.94483477633321       -1.28029758E-04
   834.08805044433529       -1.34364469E-04
   834.23126611233738       -1.40985154E-04
   834.37448178033947       -1.47903251E-04
   834.51769744834155       -1.55130605E-04
   834.66091311634364       -1.62679440E-04
   834.80412878434572       -1.70562402E-04
   834.94734445234781       -1.78792558E-04
   835.09056012034989       -1.87383368E-04
   835.23377578835198       -1.96348759E-04
   835.37699145635406       -2.05703080E-04
   835.52020712435615       -2.15461128E-04
   835.66342279235823       -2.25638170E-04
   835.80663846036032       -2.36249936E-04
   835.94985412836240       -2.47312622E-04
   836.09306979636449       -2.58842949E-04
   836.23628546436657       -2.70858116E-04
   836.37950113236866       -2.83375848E-04
   836.52271680037074       -2.96414364E-04
   836.66593246837283       -3.09992407E-04
   836.80914813637492       -3.24129302E-04
   836.95236380437700       -3.38844897E-04
   837.09557947237909       -3.54159623E-04
   837.23879514038117       -3.70094465E-04
   837.38201080838326       -3.86670959E-04
   837.52522647638534       -4.03911254E-04
   837.66844214438743       -4.21838049E-04
   837.81165781238951       -4.40474658E-04
   837.95487348039160       -4.59845003E-04
   838.09808914839368       -4.79973591E-04
   838.24130481639577       -5.00885537E-04
   838.38452048439785       -5.22606599E-04
   838.52773615239994       -5.45163231E-04
   838.67095182040202       -5.68582444E-04
   838.81416748840411       -5.92892000E-04
   838.95738315640619       -6.18120190E-04
   839.10059882440828       -6.44296117E-04
   839.24381449241037       -6.71449408E-04
   839.38703016041245       -6.99610391E-04
   839.53024582841454       -7.28810090E-04
   839.67346149641662       -7.59080227E-04
   839.81667716441871       -7.90453108E-04
   839.95989283242079       -8.22961796E-04
   840.10310850042288       -8.56639992E-04
   840.24632416842496       -8.91522039E-04
   840.38953983642705       -9.27642977E-04
   840.53275550442913       -9.65038547E-04
   840.67597117243122       -1.00374513E-03
   840.81918684043330       -1.04379980E-03
   840.96240250843539       -1.08524039E-03
   841.10561817643747       -1.12810533E-03
   841.24883384443956       -1.17243372E-03
   841.39204951244164       -1.21826539E-03
   841.53526518044373       -1.26564060E-03
   841.67848084844582       -1.31460058E-03
   841.82169651644790       -1.36518688E-03
   841.96491218444999       -1.41744188E-03
   842.10812785245207       -1.47140853E-03
   842.25134352045416       -1.52713025E-03
   842.39455918845624       -1.58465118E-03
   842.53777485645833       -1.64401613E-03
   842.68099052446041       -1.70527026E-03
   842.82420619246250       -1.76845945E-03
   842.96742186046458       -1.83363014E-03
   843.11063752846667       -1.90082926E-03
   843.25385319646875       -1.97010417E-03
   843.39706886447084       -2.04150262E-03
   843.54028453247292       -2.11507315E-03
   843.68350020047501       -2.19086441E-03
   843.82671586847709       -2.26892577E-03
   843.96993153647918       -2.34930683E-03
   844.11314720448127       -2.43205763E-03
   844.25636287248335       -2.51722825E-03
   844.39957854048544       -2.60486919E-03
   844.54279420848752       -2.69503123E-03
   844.68600987648961       -2.78776558E-03
   844.82922554449169       -2.88312370E-03
   844.97244121249378       -2.98115704E-03
   845.11565688049586       -3.08191706E-03
   845.25887254849795       -3.18545569E-03
   845.40208821650003       -3.29182483E-03
   845.54530388450212       -3.40107642E-03
   845.68851955250420       -3.51326214E-03
   845.83173522050629       -3.62843391E-03
   845.97495088850837       -3.74664320E-03
   846.11816655651046       -3.86794144E-03
   846.26138222451254       -3.99238011E-03
   846.40459789251463       -4.12001088E-03
   846.54781356051672       -4.25088406E-03
   846.69102922851880       -4.38505039E-03
   846.83424489652089       -4.52256016E-03
   846.97746056452297       -4.66346322E-03
   847.12067623252506       -4.80780844E-03
   847.26389190052714       -4.95564425E-03
   847.40710756852923       -5.10701863E-03
   847.55032323653131       -5.26197907E-03
   847.69353890453340       -5.42057259E-03
   847.83675457253548       -5.58284484E-03
   847.97997024053757       -5.74884145E-03
   848.12318590853965       -5.91860665E-03
   848.26640157654174       -6.09218422E-03
   848.40961724454382       -6.26961561E-03
   848.55283291254591       -6.45094272E-03
   848.69604858054799       -6.63620466E-03
   848.83926424855008       -6.82544010E-03
   848.98247991655217       -7.01868581E-03
   849.12569558455425       -7.21597858E-03
   849.26891125255634       -7.41735240E-03
   849.41212692055842       -7.62284035E-03
   849.55534258856051       -7.83247408E-03
   849.69855825656259       -8.04628432E-03
   849.84177392456468       -8.26430041E-03
   849.98498959256676       -8.48654844E-03
   850.12820526056885       -8.71305447E-03
   850.27142092857093       -8.94384086E-03
   850.41463659657302       -9.17892903E-03
   850.55785226457510       -9.41833761E-03
   850.70106793257719       -9.66208242E-03
   850.84428360057927       -9.91017837E-03
   850.98749926858136       -1.01626366E-02
   851.13071493658344       -1.04194665E-02
   851.27393060458553       -1.06806764E-02
   851.41714627258762       -1.09462710E-02
   851.56036194058970       -1.12162530E-02
   851.70357760859179       -1.14906235E-02
   851.84679327659387       -1.17693795E-02
   851.99000894459596       -1.20525165E-02
   852.13322461259804       -1.23400269E-02
   852.27644028060013       -1.26318997E-02
   852.41965594860221       -1.29281217E-02
   852.56287161660430       -1.32286754E-02
   852.70608728460638       -1.35335419E-02
   852.84930295260847       -1.38426973E-02
   852.99251862061055       -1.41561152E-02
   853.13573428861264       -1.44737670E-02
   853.27894995661472       -1.47956200E-02
   853.42216562461681       -1.51216388E-02
   853.56538129261889       -1.54517852E-02
   853.70859696062098       -1.57860164E-02
   853.85181262862307       -1.61242876E-02
   853.99502829662515       -1.64665505E-02
   854.13824396462724       -1.68127529E-02
   854.28145963262932       -1.71628390E-02
   854.42467530063141       -1.75167508E-02
   854.56789096863349       -1.78744234E-02
   854.71110663663558       -1.82357896E-02
   854.85432230463766       -1.86007787E-02
   854.99753797263975       -1.89693179E-02
   855.14075364064183       -1.93413273E-02
   855.28396930864392       -1.97167266E-02
   855.42718497664600       -2.00954303E-02
   855.57040064464809       -2.04773527E-02
   855.71361631265017       -2.08624005E-02
   855.85683198065226       -2.12504808E-02
   856.00004764865434       -2.16414928E-02
   856.14326331665643       -2.20353343E-02
   856.28647898465852       -2.24318970E-02
   856.42969465266060       -2.28310730E-02
   856.57291032066269       -2.32327469E-02
   856.71612598866477       -2.36367993E-02
   856.85934165666686       -2.40431093E-02
   857.00255732466894       -2.44515538E-02
   857.14577299267103       -2.48620044E-02
   857.28898866067311       -2.52743289E-02
   857.43220432867520       -2.56883949E-02
   857.57541999667728       -2.61040647E-02
   857.71863566467937       -2.65211966E-02
   857.86185133268145       -2.69396491E-02
   858.00506700068354       -2.73592733E-02
   858.14828266868562       -2.77799182E-02
   858.29149833668771       -2.82014310E-02
   858.43471400468979       -2.86236554E-02
   858.57792967269188       -2.90464293E-02
   858.72114534069397       -2.94695906E-02
   858.86436100869605       -2.98929736E-02
   859.00757667669814       -3.03164124E-02
   859.15079234470022       -3.07397377E-02
   859.29400801270231       -3.11627761E-02
   859.43722368070439       -3.15853581E-02
   859.58043934870648       -3.20073031E-02
   859.72365501670856       -3.24284360E-02
   859.86687068471065       -3.28485779E-02
   860.01008635271273       -3.32675427E-02
   860.15330202071482       -3.36851440E-02
   860.29651768871690       -3.41011994E-02
   860.43973335671899       -3.45155150E-02
   860.58294902472107       -3.49279009E-02
   860.72616469272316       -3.53381708E-02
   860.86938036072524       -3.57461385E-02
   861.01259602872733       -3.61516103E-02
   861.15581169672942       -3.65543962E-02
   861.29902736473150       -3.69543061E-02
   861.44224303273359       -3.73511463E-02
   861.58545870073567       -3.77447270E-02
   861.72867436873776       -3.81348543E-02
   861.87189003673984       -3.85213345E-02
   862.01510570474193       -3.89039740E-02
   862.15832137274401       -3.92825790E-02
   862.30153704074610       -3.96569557E-02
   862.44475270874818       -4.00269069E-02
   862.58796837675027       -4.03922424E-02
   862.73118404475235       -4.07527685E-02
   862.87439971275444       -4.11082990E-02
   863.01761538075652       -4.14586477E-02
   863.16083104875861       -4.18036319E-02
   863.30404671676069       -4.21430692E-02
   863.44726238476278       -4.24767807E-02
   863.59047805276487       -4.28045914E-02
   863.73369372076695       -4.31263223E-02
   863.87690938876904       -4.34418023E-02
   864.02012505677112       -4.37508523E-02
   864.16334072477321       -4.40533049E-02
   864.30655639277529       -4.43489887E-02
   864.44977206077738       -4.46377397E-02
   864.59298772877946       -4.49193940E-02
   864.73620339678155       -4.51937951E-02
   864.87941906478363       -4.54607904E-02
   865.02263473278572       -4.57202271E-02
   865.16585040078780       -4.59719598E-02
   865.30906606878989       -4.62158546E-02
   865.45228173679197       -4.64517698E-02
   865.59549740479406       -4.66795787E-02
   865.73871307279614       -4.68991548E-02
   865.88192874079823       -4.71103750E-02
   866.02514440880032       -4.73131202E-02
   866.16836007680240       -4.75072712E-02
   866.31157574480449       -4.76927161E-02
   866.45479141280657       -4.78693545E-02
   866.59800708080866       -4.80370820E-02
   866.74122274881074       -4.81958054E-02
   866.88443841681283       -4.83454354E-02
   867.02765408481491       -4.84858900E-02
   867.17086975281700       -4.86170948E-02
   867.31408542081908       -4.87389788E-02
   867.45730108882117       -4.88514826E-02
   867.60051675682325       -4.89545502E-02
   867.74373242482534       -4.90481332E-02
   867.88694809282742       -4.91321832E-02
   868.03016376082951       -4.92066629E-02
   868.17337942883159       -4.92715389E-02
   868.31659509683368       -4.93267775E-02
   868.45981076483577       -4.93723601E-02
   868.60302643283785       -4.94082682E-02
   868.74624210083994       -4.94344905E-02
   868.88945776884202       -4.94510308E-02
   869.03267343684411       -4.94578928E-02
   869.17588910484619       -4.94550914E-02
   869.31910477284828       -4.94426489E-02
   869.46232044085036       -4.94205952E-02
   869.60553610885245       -4.93889600E-02
   869.74875177685453       -4.93477881E-02
   869.89196744485662       -4.92971241E-02
   870.03518311285870       -4.92370203E-02
   870.17839878086079       -4.91675362E-02
   870.32161444886287       -4.90887351E-02
   870.46483011686496       -4.90006879E-02
   870.60804578486704       -4.89034764E-02
   870.75126145286913       -4.87971790E-02
   870.89447712087122       -4.86818887E-02
   871.03769278887330       -4.85576987E-02
   871.18090845687539       -4.84247208E-02
   871.32412412487747       -4.82830629E-02
   871.46733979287956       -4.81328480E-02
   871.61055546088164       -4.79741991E-02
   871.75377112888373       -4.78072427E-02
   871.89698679688581       -4.76321168E-02
   872.04020246488790       -4.74489592E-02
   872.18341813288998       -4.72579151E-02
   872.32663380089207       -4.70591336E-02
   872.46984946889415       -4.68527675E-02
   872.61306513689624       -4.66389805E-02
   872.75628080489832       -4.64179367E-02
   872.89949647290041       -4.61898036E-02
   873.04271214090249       -4.59547639E-02
   873.18592780890458       -4.57130000E-02
   873.32914347690667       -4.54646982E-02
   873.47235914490875       -4.52100523E-02
   873.61557481291084       -4.49492559E-02
   873.75879048091292       -4.46825065E-02
   873.90200614891501       -4.44100052E-02
   874.04522181691709       -4.41319533E-02
   874.18843748491918       -4.38485630E-02
   874.33165315292126       -4.35600430E-02
   874.47486882092335       -4.32666056E-02
   874.61808448892543       -4.29684669E-02
   874.76130015692752       -4.26658466E-02
   874.90451582492960       -4.23589647E-02
   875.04773149293169       -4.20480445E-02
   875.19094716093377       -4.17333134E-02
   875.33416282893586       -4.14150022E-02
   875.47737849693794       -4.10933383E-02
   875.62059416494003       -4.07685563E-02
   875.76380983294212       -4.04408909E-02
   875.90702550094420       -4.01105806E-02
   876.05024116894629       -3.97778563E-02
   876.19345683694837       -3.94429490E-02
   876.33667250495046       -3.91060971E-02
   876.47988817295254       -3.87675315E-02
   876.62310384095463       -3.84274870E-02
   876.76631950895671       -3.80861983E-02
   876.90953517695880       -3.77438962E-02
   877.05275084496088       -3.74008156E-02
   877.19596651296297       -3.70571911E-02
   877.33918218096505       -3.67132574E-02
   877.48239784896714       -3.63692418E-02
   877.62561351696922       -3.60253714E-02
   877.76882918497131       -3.56818773E-02
   877.91204485297339       -3.53389829E-02
   878.05526052097548       -3.49969082E-02
   878.19847618897757       -3.46558765E-02
   878.34169185697965       -3.43161039E-02
   878.48490752498174       -3.39778066E-02
   878.62812319298382       -3.36411931E-02
   878.77133886098591       -3.33064683E-02
   878.91455452898799       -3.29738408E-02
   879.05777019699008       -3.26435119E-02
   879.20098586499216       -3.23156826E-02
   879.34420153299425       -3.19905467E-02
   879.48741720099633       -3.16682979E-02
   879.63063286899842       -3.13491225E-02
   879.77384853700050       -3.10332011E-02
   879.91706420500259       -3.07207126E-02
   880.06027987300467       -3.04118283E-02
   880.20349554100676       -3.01067177E-02
   880.34671120900884       -2.98055466E-02
   880.48992687701093       -2.95084752E-02
   880.63314254501302       -2.92156599E-02
   880.77635821301510       -2.89272517E-02
   880.91957388101719       -2.86433976E-02
   881.06278954901927       -2.83642393E-02
   881.20600521702136       -2.80899145E-02
   881.34922088502344       -2.78205536E-02
   881.49243655302553       -2.75562815E-02
   881.63565222102761       -2.72972155E-02
   881.77886788902970       -2.70434655E-02
   881.92208355703178       -2.67951377E-02
   882.06529922503387       -2.65523270E-02
   882.20851489303595       -2.63151284E-02
   882.35173056103804       -2.60836259E-02
   882.49494622904012       -2.58579049E-02
   882.63816189704221       -2.56380457E-02
   882.78137756504429       -2.54241247E-02
   882.92459323304638       -2.52162106E-02
   883.06780890104847       -2.50143670E-02
   883.21102456905055       -2.48186495E-02
   883.35424023705264       -2.46291086E-02
   883.49745590505472       -2.44457871E-02
   883.64067157305681       -2.42687203E-02
   883.78388724105889       -2.40979381E-02
   883.92710290906098       -2.39334647E-02
   884.07031857706306       -2.37753205E-02
   884.21353424506515       -2.36235205E-02
   884.35674991306723       -2.34780759E-02
   884.49996558106932       -2.33389921E-02
   884.64318124907140       -2.32062694E-02
   884.78639691707349       -2.30799038E-02
   884.92961258507557       -2.29598843E-02
   885.07282825307766       -2.28461977E-02
   885.21604392107974       -2.27388218E-02
   885.35925958908183       -2.26377286E-02
   885.50247525708392       -2.25428827E-02
   885.64569092508600       -2.24542413E-02
   885.78890659308809       -2.23717578E-02
   885.93212226109017       -2.22953800E-02
   886.07533792909226       -2.22250577E-02
   886.21855359709434       -2.21607350E-02
   886.36176926509643       -2.21023560E-02
   886.50498493309851       -2.20498629E-02
   886.64820060110060       -2.20031925E-02
   886.79141626910268       -2.19622795E-02
   886.93463193710477       -2.19270512E-02
   887.07784760510685       -2.18974315E-02
   887.22106327310894       -2.18733363E-02
   887.36427894111102       -2.18546782E-02
   887.50749460911311       -2.18413658E-02
   887.65071027711519       -2.18333043E-02
   887.79392594511728       -2.18303930E-02
   887.93714161311937       -2.18325295E-02
   888.08035728112145       -2.18396131E-02
   888.22357294912354       -2.18515433E-02
   888.36678861712562       -2.18682159E-02
   888.51000428512771       -2.18895283E-02
   888.65321995312979       -2.19153780E-02
   888.79643562113188       -2.19456609E-02
   888.93965128913396       -2.19802670E-02
   889.08286695713605       -2.20190845E-02
   889.22608262513813       -2.20619943E-02
   889.36929829314022       -2.21088752E-02
   889.51251396114230       -2.21596044E-02
   889.65572962914439       -2.22140588E-02
   889.79894529714647       -2.22721156E-02
   889.94216096514856       -2.23336518E-02
   890.08537663315064       -2.23985463E-02
   890.22859230115273       -2.24666800E-02
   890.37180796915482       -2.25379355E-02
   890.51502363715690       -2.26121955E-02
   890.65823930515899       -2.26893425E-02
   890.80145497316107       -2.27692593E-02
   890.94467064116316       -2.28518303E-02
   891.08788630916524       -2.29369365E-02
   891.23110197716733       -2.30244566E-02
   891.37431764516941       -2.31142696E-02
   891.51753331317150       -2.32062526E-02
   891.66074898117358       -2.33002808E-02
   891.80396464917567       -2.33962350E-02
   891.94718031717775       -2.34939959E-02
   892.09039598517984       -2.35934500E-02
   892.23361165318192       -2.36944836E-02
   892.37682732118401       -2.37969905E-02
   892.52004298918609       -2.39008628E-02
   892.66325865718818       -2.40059942E-02
   892.80647432519027       -2.41122805E-02
   892.94968999319235       -2.42196154E-02
   893.09290566119444       -2.43278947E-02
   893.23612132919652       -2.44370159E-02
   893.37933699719861       -2.45468784E-02
   893.52255266520069       -2.46573817E-02
   893.66576833320278       -2.47684289E-02
   893.80898400120486       -2.48799268E-02
   893.95219966920695       -2.49917824E-02
   894.09541533720903       -2.51039080E-02
   894.23863100521112       -2.52162218E-02
   894.38184667321320       -2.53286418E-02
   894.52506234121529       -2.54410915E-02
   894.66827800921737       -2.55534966E-02
   894.81149367721946       -2.56657824E-02
   894.95470934522154       -2.57778801E-02
   895.09792501322363       -2.58897170E-02
   895.24114068122572       -2.60012206E-02
   895.38435634922780       -2.61123218E-02
   895.52757201722989       -2.62229536E-02
   895.67078768523197       -2.63330508E-02
   895.81400335323406       -2.64425538E-02
   895.95721902123614       -2.65514050E-02
   896.10043468923823       -2.66595501E-02
   896.24365035724031       -2.67669391E-02
   896.38686602524240       -2.68735271E-02
   896.53008169324448       -2.69792732E-02
   896.67329736124657       -2.70841364E-02
   896.81651302924865       -2.71880794E-02
   896.95972869725074       -2.72910669E-02
   897.10294436525282       -2.73930673E-02
   897.24616003325491       -2.74940450E-02
   897.38937570125699       -2.75939684E-02
   897.53259136925908       -2.76928060E-02
   897.67580703726117       -2.77905278E-02
   897.81902270526325       -2.78871078E-02
   897.96223837326534       -2.79825237E-02
   898.10545404126742       -2.80767567E-02
   898.24866970926951       -2.81697921E-02
   898.39188537727159       -2.82616168E-02
   898.53510104527368       -2.83522215E-02
   898.67831671327576       -2.84415986E-02
   898.82153238127785       -2.85297390E-02
   898.96474804927993       -2.86166389E-02
   899.10796371728202       -2.87022963E-02
   899.25117938528410       -2.87867077E-02
   899.39439505328619       -2.88698711E-02
   899.53761072128827       -2.89517883E-02
   899.68082638929036       -2.90324613E-02
   899.82404205729244       -2.91118901E-02
   899.96725772529453       -2.91900802E-02
   900.11047339329662       -2.92670373E-02
   900.25368906129870       -2.93427706E-02
   900.39690472930079       -2.94172931E-02
   900.54012039730287       -2.94906180E-02
   900.68333606530496       -2.95627583E-02
   900.82655173330704       -2.96337269E-02
   900.96976740130913       -2.97035370E-02
   901.11298306931121       -2.97722016E-02
   901.25619873731330       -2.98397318E-02
   901.39941440531538       -2.99061425E-02
   901.54263007331747       -2.99714506E-02
   901.68584574131955       -3.00356764E-02
   901.82906140932164       -3.00988406E-02
   901.97227707732372       -3.01609654E-02
   902.11549274532581       -3.02220732E-02
   902.25870841332789       -3.02821901E-02
   902.40192408132998       -3.03413402E-02
   902.54513974933207       -3.03995498E-02
   902.68835541733415       -3.04568466E-02
   902.83157108533624       -3.05132531E-02
   902.97478675333832       -3.05687916E-02
   903.11800242134041       -3.06234863E-02
   903.26121808934249       -3.06773577E-02
   903.40443375734458       -3.07304244E-02
   903.54764942534666       -3.07827089E-02
   903.69086509334875       -3.08342315E-02
   903.83408076135083       -3.08850184E-02
   903.97729642935292       -3.09350993E-02
   904.12051209735500       -3.09845041E-02
   904.26372776535709       -3.10332645E-02
   904.40694343335917       -3.10814083E-02
   904.55015910136126       -3.11289653E-02
   904.69337476936334       -3.11759617E-02
   904.83659043736543       -3.12224217E-02
   904.97980610536752       -3.12683657E-02
   905.12302177336960       -3.13138142E-02
   905.26623744137169       -3.13587897E-02
   905.40945310937377       -3.14033106E-02
   905.55266877737586       -3.14473994E-02
   905.69588444537794       -3.14910784E-02
   905.83910011338003       -3.15343700E-02
   905.98231578138211       -3.15773003E-02
   906.12553144938420       -3.16199027E-02
   906.26874711738628       -3.16621996E-02
   906.41196278538837       -3.17042246E-02
   906.55517845339045       -3.17460038E-02
   906.69839412139254       -3.17875594E-02
   906.84160978939462       -3.18289101E-02
   906.98482545739671       -3.18700746E-02
   907.12804112539879       -3.19110714E-02
   907.27125679340088       -3.19519155E-02
   907.41447246140297       -3.19926217E-02
   907.55768812940505       -3.20332125E-02
   907.70090379740714       -3.20737101E-02
   907.84411946540922       -3.21141370E-02
   907.98733513341131       -3.21545154E-02
   908.13055080141339       -3.21948715E-02
   908.27376646941548       -3.22352275E-02
   908.41698213741756       -3.22756097E-02
   908.56019780541965       -3.23160365E-02
   908.70341347342173       -3.23565304E-02
   908.84662914142382       -3.23971063E-02
   908.98984480942590       -3.24377790E-02
   909.13306047742799       -3.24785635E-02
   909.27627614543007       -3.25194784E-02
   909.41949181343216       -3.25605348E-02
   909.56270748143424       -3.26017514E-02
   909.70592314943633       -3.26431505E-02
   909.84913881743842       -3.26847509E-02
   909.99235448544050       -3.27265821E-02
   910.13557015344259       -3.27686630E-02
   910.27878582144467       -3.28110196E-02
   910.42200148944676       -3.28536741E-02
   910.56521715744884       -3.28966416E-02
   910.70843282545093       -3.29399370E-02
   910.85164849345301       -3.29835750E-02
   910.99486416145510       -3.30275707E-02
   911.13807982945718       -3.30719389E-02
   911.28129549745927       -3.31166945E-02
   911.42451116546135       -3.31618562E-02
   911.56772683346344       -3.32074501E-02
   911.71094250146552       -3.32534984E-02
   911.85415816946761       -3.33000310E-02
   911.99737383746969       -3.33470739E-02
   912.14058950547178       -3.33946534E-02
   912.28380517347387       -3.34427990E-02
   912.42702084147595       -3.34915295E-02
   912.57023650947804       -3.35408635E-02
   912.71345217748012       -3.35908160E-02
   912.85666784548221       -3.36414017E-02
   912.99988351348429       -3.36926356E-02
   913.14309918148638       -3.37445363E-02
   913.28631484948846       -3.37971188E-02
   913.42953051749055       -3.38504054E-02
   913.57274618549263       -3.39044221E-02
   913.71596185349472       -3.39591950E-02
   913.85917752149680       -3.40147577E-02
   914.00239318949889       -3.40711363E-02
   914.14560885750097       -3.41283642E-02
   914.28882452550306       -3.41864675E-02
   914.43204019350514       -3.42454724E-02
   914.57525586150723       -3.43053974E-02
   914.71847152950932       -3.43662687E-02
   914.86168719751140       -3.44281048E-02
   915.00490286551349       -3.44909243E-02
   915.14811853351557       -3.45547423E-02
   915.29133420151766       -3.46195847E-02
   915.43454986951974       -3.46854739E-02
   915.57776553752183       -3.47524360E-02
   915.72098120552391       -3.48204970E-02
   915.86419687352600       -3.48896869E-02
   916.00741254152808       -3.49600352E-02
   916.15062820953017       -3.50315683E-02
   916.29384387753225       -3.51043195E-02
   916.43705954553434       -3.51783112E-02
   916.58027521353642       -3.52535695E-02
   916.72349088153851       -3.53301130E-02
   916.86670654954060       -3.54079679E-02
   917.00992221754268       -3.54871526E-02
   917.15313788554477       -3.55676897E-02
   917.29635355354685       -3.56496014E-02
   917.43956922154894       -3.57329063E-02
   917.58278488955102       -3.58176306E-02
   917.72600055755311       -3.59038003E-02
   917.86921622555519       -3.59914340E-02
   918.01243189355728       -3.60805541E-02
   918.15564756155936       -3.61711867E-02
   918.29886322956145       -3.62633504E-02
   918.44207889756353       -3.63570638E-02
   918.58529456556562       -3.64523456E-02
   918.72851023356770       -3.65492105E-02
   918.87172590156979       -3.66476737E-02
   919.01494156957187       -3.67477462E-02
   919.15815723757396       -3.68494429E-02
   919.30137290557605       -3.69527787E-02
   919.44458857357813       -3.70577686E-02
   919.58780424158022       -3.71644273E-02
   919.73101990958230       -3.72727700E-02
   919.87423557758439       -3.73828150E-02
   920.01745124558647       -3.74945775E-02
   920.16066691358856       -3.76080684E-02
   920.30388258159064       -3.77232954E-02
   920.44709824959273       -3.78402621E-02
   920.59031391759481       -3.79589759E-02
   920.73352958559690       -3.80794369E-02
   920.87674525359898       -3.82016413E-02
   921.01996092160107       -3.83255929E-02
   921.16317658960315       -3.84512879E-02
   921.30639225760524       -3.85787226E-02
   921.44960792560732       -3.87078971E-02
   921.59282359360941       -3.88388149E-02
   921.73603926161150       -3.89714800E-02
   921.87925492961358       -3.91058885E-02
   922.02247059761567       -3.92420404E-02
   922.16568626561775       -3.93799283E-02
   922.30890193361984       -3.95195447E-02
   922.45211760162192       -3.96608748E-02
   922.59533326962401       -3.98038961E-02
   922.73854893762609       -3.99485901E-02
   922.88176460562818       -4.00949307E-02
   923.02498027363026       -4.02428955E-02
   923.16819594163235       -4.03924622E-02
   923.31141160963443       -4.05436046E-02
   923.45462727763652       -4.06963080E-02
   923.59784294563860       -4.08505537E-02
   923.74105861364069       -4.10063230E-02
   923.88427428164277       -4.11635973E-02
   924.02748994964486       -4.13223580E-02
   924.17070561764695       -4.14825790E-02
   924.31392128564903       -4.16442305E-02
   924.45713695365112       -4.18072753E-02
   924.60035262165320       -4.19716761E-02
   924.74356828965529       -4.21373844E-02
   924.88678395765737       -4.23043557E-02
   925.02999962565946       -4.24725413E-02
   925.17321529366154       -4.26418968E-02
   925.31643096166363       -4.28123809E-02
   925.45964662966571       -4.29839529E-02
   925.60286229766780       -4.31565754E-02
   925.74607796566988       -4.33302075E-02
   925.88929363367197       -4.35048081E-02
   926.03250930167405       -4.36803289E-02
   926.17572496967614       -4.38567251E-02
   926.31894063767822       -4.40339446E-02
   926.46215630568031       -4.42119278E-02
   926.60537197368240       -4.43906114E-02
   926.74858764168448       -4.45699282E-02
   926.89180330968657       -4.47498113E-02
   927.03501897768865       -4.49301973E-02
   927.17823464569074       -4.51110266E-02
   927.32145031369282       -4.52922322E-02
   927.46466598169491       -4.54737619E-02
   927.60788164969699       -4.56555597E-02
   927.75109731769908       -4.58375700E-02
   927.89431298570116       -4.60197367E-02
   928.03752865370325       -4.62019965E-02
   928.18074432170533       -4.63842861E-02
   928.32395998970742       -4.65665348E-02
   928.46717565770950       -4.67486680E-02
   928.61039132571159       -4.69306074E-02
   928.75360699371367       -4.71122786E-02
   928.89682266171576       -4.72936071E-02
   929.04003832971785       -4.74745184E-02
   929.18325399771993       -4.76549417E-02
   929.32646966572202       -4.78348099E-02
   929.46968533372410       -4.80140485E-02
   929.61290100172619       -4.81925942E-02
   929.75611666972827       -4.83703762E-02
   929.89933233773036       -4.85473201E-02
   930.04254800573244       -4.87233587E-02
   930.18576367373453       -4.88984138E-02
   930.32897934173661       -4.90724035E-02
   930.47219500973870       -4.92452495E-02
   930.61541067774078       -4.94168736E-02
   930.75862634574287       -4.95871976E-02
   930.90184201374495       -4.97561432E-02
   931.04505768174704       -4.99236397E-02
   931.18827334974912       -5.00896201E-02
   931.33148901775121       -5.02540171E-02
   931.47470468575330       -5.04167676E-02
   931.61792035375538       -5.05778044E-02
   931.76113602175747       -5.07370569E-02
   931.90435168975955       -5.08944578E-02
   932.04756735776164       -5.10499366E-02
   932.19078302576372       -5.12034185E-02
   932.33399869376581       -5.13548255E-02
   932.47721436176789       -5.15040830E-02
   932.62043002976998       -5.16511165E-02
   932.76364569777206       -5.17958552E-02
   932.90686136577415       -5.19382358E-02
   933.05007703377623       -5.20781949E-02
   933.19329270177832       -5.22156768E-02
   933.33650836978040       -5.23506291E-02
   933.47972403778249       -5.24829999E-02
   933.62293970578457       -5.26127368E-02
   933.76615537378666       -5.27397878E-02
   933.90937104178875       -5.28640896E-02
   934.05258670979083       -5.29855862E-02
   934.19580237779292       -5.31042181E-02
   934.33901804579500       -5.32199219E-02
   934.48223371379709       -5.33326417E-02
   934.62544938179917       -5.34423217E-02
   934.76866504980126       -5.35489134E-02
   934.91188071780334       -5.36523685E-02
   935.05509638580543       -5.37526533E-02
   935.19831205380751       -5.38497269E-02
   935.34152772180960       -5.39435595E-02
   935.48474338981168       -5.40341176E-02
   935.62795905781377       -5.41213714E-02
   935.77117472581585       -5.42052835E-02
   935.91439039381794       -5.42858206E-02
   936.05760606182002       -5.43629490E-02
   936.20082172982211       -5.44366315E-02
   936.34403739782420       -5.45068346E-02
   936.48725306582628       -5.45735247E-02
   936.63046873382837       -5.46366721E-02
   936.77368440183045       -5.46962544E-02
   936.91690006983254       -5.47522530E-02
   937.06011573783462       -5.48046567E-02
   937.20333140583671       -5.48534617E-02
   937.34654707383879       -5.48986606E-02
   937.48976274184088       -5.49402498E-02
   937.63297840984296       -5.49782291E-02
   937.77619407784505       -5.50125912E-02
   937.91940974584713       -5.50433323E-02
   938.06262541384922       -5.50704412E-02
   938.20584108185130       -5.50939180E-02
   938.34905674985339       -5.51137552E-02
   938.49227241785547       -5.51299527E-02
   938.63548808585756       -5.51425144E-02
   938.77870375385965       -5.51514514E-02
   938.92191942186173       -5.51567748E-02
   939.06513508986382       -5.51584959E-02
   939.20835075786590       -5.51566370E-02
   939.35156642586799       -5.51512204E-02
   939.49478209387007       -5.51422648E-02
   939.63799776187216       -5.51297963E-02
   939.78121342987424       -5.51138334E-02
   939.92442909787633       -5.50944023E-02
   940.06764476587841       -5.50715216E-02
   940.21086043388050       -5.50452136E-02
   940.35407610188258       -5.50155044E-02
   940.49729176988467       -5.49824275E-02
   940.64050743788675       -5.49460165E-02
   940.78372310588884       -5.49063087E-02
   940.92693877389092       -5.48633523E-02
   941.07015444189301       -5.48171960E-02
   941.21337010989510       -5.47678843E-02
   941.35658577789718       -5.47154732E-02
   941.49980144589927       -5.46600074E-02
   941.64301711390135       -5.46015352E-02
   941.78623278190344       -5.45401052E-02
   941.92944844990552       -5.44757620E-02
   942.07266411790761       -5.44085503E-02
   942.21587978590969       -5.43385148E-02
   942.35909545391178       -5.42657003E-02
   942.50231112191386       -5.41901588E-02
   942.64552678991595       -5.41119501E-02
   942.78874245791803       -5.40311299E-02
   942.93195812592012       -5.39477691E-02
   943.07517379392220       -5.38619310E-02
   943.21838946192429       -5.37736900E-02
   943.36160512992637       -5.36831133E-02
   943.50482079792846       -5.35902716E-02
   943.64803646593055       -5.34952283E-02
   943.79125213393263       -5.33980504E-02
   943.93446780193472       -5.32987975E-02
   944.07768346993680       -5.31975292E-02
   944.22089913793889       -5.30943088E-02
   944.36411480594097       -5.29891998E-02
   944.50733047394306       -5.28822690E-02
   944.65054614194514       -5.27735837E-02
   944.79376180994723       -5.26632145E-02
   944.93697747794931       -5.25512435E-02
   945.08019314595140       -5.24377488E-02
   945.22340881395348       -5.23228124E-02
   945.36662448195557       -5.22065200E-02
   945.50984014995765       -5.20889461E-02
   945.65305581795974       -5.19701689E-02
   945.79627148596182       -5.18502556E-02
   945.93948715396391       -5.17292805E-02
   946.08270282196600       -5.16073033E-02
   946.22591848996808       -5.14843911E-02
   946.36913415797017       -5.13606071E-02
   946.51234982597225       -5.12360185E-02
   946.65556549397434       -5.11106960E-02
   946.79878116197642       -5.09847142E-02
   946.94199682997851       -5.08581549E-02
   947.08521249798059       -5.07310964E-02
   947.22842816598268       -5.06036207E-02
   947.37164383398476       -5.04758060E-02
   947.51485950198685       -5.03477268E-02
   947.65807516998893       -5.02194576E-02
   947.80129083799102       -5.00910692E-02
   947.94450650599310       -4.99626249E-02
   948.08772217399519       -4.98341918E-02
   948.23093784199727       -4.97058332E-02
   948.37415350999936       -4.95776087E-02
   948.51736917800145       -4.94495854E-02
   948.66058484600353       -4.93218265E-02
   948.80380051400562       -4.91944030E-02
   948.94701618200770       -4.90673855E-02
   949.09023185000979       -4.89408411E-02
   949.23344751801187       -4.88148369E-02
   949.37666318601396       -4.86894399E-02
   949.51987885401604       -4.85647134E-02
   949.66309452201813       -4.84407172E-02
   949.80631019002021       -4.83175069E-02
   949.94952585802230       -4.81951386E-02
   950.09274152602438       -4.80736643E-02
   950.23595719402647       -4.79531400E-02
   950.37917286202855       -4.78336215E-02
   950.52238853003064       -4.77151647E-02
   950.66560419803272       -4.75978218E-02
   950.80881986603481       -4.74816523E-02
   950.95203553403690       -4.73667122E-02
   951.09525120203898       -4.72530536E-02
   951.23846687004107       -4.71407212E-02
   951.38168253804315       -4.70297672E-02
   951.52489820604524       -4.69202287E-02
   951.66811387404732       -4.68121469E-02
   951.81132954204941       -4.67055552E-02
   951.95454521005149       -4.66004983E-02
   952.09776087805358       -4.64970097E-02
   952.24097654605566       -4.63951342E-02
   952.38419221405775       -4.62949127E-02
   952.52740788205983       -4.61963899E-02
   952.67062355006192       -4.60996106E-02
   952.81383921806400       -4.60046157E-02
   952.95705488606609       -4.59114425E-02
   953.10027055406817       -4.58201244E-02
   953.24348622207026       -4.57306914E-02
   953.38670189007235       -4.56431657E-02
   953.52991755807443       -4.55575697E-02
   953.67313322607652       -4.54739183E-02
   953.81634889407860       -4.53922264E-02
   953.95956456208069       -4.53125164E-02
   954.10278023008277       -4.52348106E-02
   954.24599589808486       -4.51591350E-02
   954.38921156608694       -4.50855196E-02
   954.53242723408903       -4.50139903E-02
   954.67564290209111       -4.49445769E-02
   954.81885857009320       -4.48773056E-02
   954.96207423809528       -4.48121987E-02
   955.10528990609737       -4.47492711E-02
   955.24850557409945       -4.46885377E-02
   955.39172124210154       -4.46300022E-02
   955.53493691010362       -4.45736647E-02
   955.67815257810571       -4.45195287E-02
   955.82136824610780       -4.44675945E-02
   955.96458391410988       -4.44178618E-02
   956.10779958211197       -4.43703420E-02
   956.25101525011405       -4.43250425E-02
   956.39423091811614       -4.42819744E-02
   956.53744658611822       -4.42411490E-02
   956.68066225412031       -4.42025773E-02
   956.82387792212239       -4.41662669E-02
   956.96709359012448       -4.41322252E-02
   957.11030925812656       -4.41004485E-02
   957.25352492612865       -4.40709367E-02
   957.39674059413073       -4.40436788E-02
   957.53995626213282       -4.40186672E-02
   957.68317193013490       -4.39958945E-02
   957.82638759813699       -4.39753532E-02
   957.96960326613907       -4.39570360E-02
   958.11281893414116       -4.39409353E-02
   958.25603460214325       -4.39270474E-02
   958.39925027014533       -4.39153723E-02
   958.54246593814742       -4.39059027E-02
   958.68568160614950       -4.38986421E-02
   958.82889727415159       -4.38935794E-02
   958.97211294215367       -4.38907072E-02
   959.11532861015576       -4.38900143E-02
   959.25854427815784       -4.38914821E-02
   959.40175994615993       -4.38950919E-02
   959.54497561416201       -4.39008251E-02
   959.68819128216410       -4.39086631E-02
   959.83140695016618       -4.39185835E-02
   959.97462261816827       -4.39305678E-02
   960.11783828617035       -4.39446010E-02
   960.26105395417244       -4.39606756E-02
   960.40426962217452       -4.39787768E-02
   960.54748529017661       -4.39988934E-02
   960.69070095817870       -4.40210178E-02
   960.83391662618078       -4.40451354E-02
   960.97713229418287       -4.40712348E-02
   961.12034796218495       -4.40992936E-02
   961.26356363018704       -4.41292860E-02
   961.40677929818912       -4.41611893E-02
   961.54999496619121       -4.41949703E-02
   961.69321063419329       -4.42305952E-02
   961.83642630219538       -4.42680381E-02
   961.97964197019746       -4.43072729E-02
   962.12285763819955       -4.43482772E-02
   962.26607330620163       -4.43910286E-02
   962.40928897420372       -4.44355085E-02
   962.55250464220580       -4.44816984E-02
   962.69572031020789       -4.45295870E-02
   962.83893597820997       -4.45791520E-02
   962.98215164621206       -4.46303748E-02
   963.12536731421415       -4.46832292E-02
   963.26858298221623       -4.47376855E-02
   963.41179865021832       -4.47937101E-02
   963.55501431822040       -4.48512733E-02
   963.69822998622249       -4.49103341E-02
   963.84144565422457       -4.49708626E-02
   963.98466132222666       -4.50328253E-02
   964.12787699022874       -4.50961962E-02
   964.27109265823083       -4.51609455E-02
   964.41430832623291       -4.52270545E-02
   964.55752399423500       -4.52945009E-02
   964.70073966223708       -4.53632623E-02
   964.84395533023917       -4.54333164E-02
   964.98717099824125       -4.55046333E-02
   965.13038666624334       -4.55771871E-02
   965.27360233424542       -4.56509404E-02
   965.41681800224751       -4.57258597E-02
   965.56003367024960       -4.58019078E-02
   965.70324933825168       -4.58790474E-02
   965.84646500625377       -4.59572449E-02
   965.98968067425585       -4.60364707E-02
   966.13289634225794       -4.61166985E-02
   966.27611201026002       -4.61978987E-02
   966.41932767826211       -4.62800525E-02
   966.56254334626419       -4.63631339E-02
   966.70575901426628       -4.64471206E-02
   966.84897468226836       -4.65319864E-02
   966.99219035027045       -4.66176979E-02
   967.13540601827253       -4.67042290E-02
   967.27862168627462       -4.67915386E-02
   967.42183735427670       -4.68795933E-02
   967.56505302227879       -4.69683520E-02
   967.70826869028087       -4.70577776E-02
   967.85148435828296       -4.71478403E-02
   967.99470002628505       -4.72385101E-02
   968.13791569428713       -4.73297611E-02
   968.28113136228922       -4.74215709E-02
   968.42434703029130       -4.75139208E-02
   968.56756269829339       -4.76067886E-02
   968.71077836629547       -4.77001518E-02
   968.85399403429756       -4.77939807E-02
   968.99720970229964       -4.78882492E-02
   969.14042537030173       -4.79829200E-02
   969.28364103830381       -4.80779633E-02
   969.42685670630590       -4.81733456E-02
   969.57007237430798       -4.82690334E-02
   969.71328804231007       -4.83649969E-02
   969.85650371031215       -4.84612063E-02
   969.99971937831424       -4.85576428E-02
   970.14293504631632       -4.86542881E-02
   970.28615071431841       -4.87511270E-02
   970.42936638232050       -4.88481373E-02
   970.57258205032258       -4.89453040E-02
   970.71579771832467       -4.90426011E-02
   970.85901338632675       -4.91400063E-02
   971.00222905432884       -4.92374972E-02
   971.14544472233092       -4.93350402E-02
   971.28866039033301       -4.94326092E-02
   971.43187605833509       -4.95301783E-02
   971.57509172633718       -4.96277250E-02
   971.71830739433926       -4.97252345E-02
   971.86152306234135       -4.98226918E-02
   972.00473873034343       -4.99200858E-02
   972.14795439834552       -5.00174090E-02
   972.29117006634760       -5.01146466E-02
   972.43438573434969       -5.02117872E-02
   972.57760140235177       -5.03088124E-02
   972.72081707035386       -5.04057072E-02
   972.86403273835595       -5.05024530E-02
   973.00724840635803       -5.05990274E-02
   973.15046407436012       -5.06954081E-02
   973.29367974236220       -5.07915802E-02
   973.43689541036429       -5.08875288E-02
   973.58011107836637       -5.09832427E-02
   973.72332674636846       -5.10787219E-02
   973.86654241437054       -5.11739664E-02
   974.00975808237263       -5.12689762E-02
   974.15297375037471       -5.13637550E-02
   974.29618941837680       -5.14582954E-02
   974.43940508637888       -5.15525974E-02
   974.58262075438097       -5.16466498E-02
   974.72583642238305       -5.17404377E-02
   974.86905209038514       -5.18339537E-02
   975.01226775838722       -5.19271865E-02
   975.15548342638931       -5.20201251E-02
   975.29869909439140       -5.21127656E-02
   975.44191476239348       -5.22051118E-02
   975.58513043039557       -5.22971675E-02
   975.72834609839765       -5.23889400E-02
   975.87156176639974       -5.24804406E-02
   976.01477743440182       -5.25716804E-02
   976.15799310240391       -5.26626669E-02
   976.30120877040599       -5.27534075E-02
   976.44442443840808       -5.28439023E-02
   976.58764010641016       -5.29341549E-02
   976.73085577441225       -5.30241542E-02
   976.87407144241433       -5.31139001E-02
   977.01728711041642       -5.32033928E-02
   977.16050277841850       -5.32926321E-02
   977.30371844642059       -5.33816218E-02
   977.44693411442267       -5.34703769E-02
   977.59014978242476       -5.35589084E-02
   977.73336545042685       -5.36472388E-02
   977.87658111842893       -5.37353903E-02
   978.01979678643102       -5.38233779E-02
   978.16301245443310       -5.39112166E-02
   978.30622812243519       -5.39989136E-02
   978.44944379043727       -5.40864840E-02
   978.59265945843936       -5.41739315E-02
   978.73587512644144       -5.42612597E-02
   978.87909079444353       -5.43484762E-02
   979.02230646244561       -5.44355847E-02
   979.16552213044770       -5.45226000E-02
   979.30873779844978       -5.46095334E-02
   979.45195346645187       -5.46964034E-02
   979.59516913445395       -5.47832288E-02
   979.73838480245604       -5.48700280E-02
   979.88160047045812       -5.49568236E-02
   980.02481613846021       -5.50436303E-02
   980.16803180646230       -5.51304668E-02
   980.31124747446438       -5.52173443E-02
   980.45446314246647       -5.53042702E-02
   980.59767881046855       -5.53912595E-02
   980.74089447847064       -5.54783158E-02
   980.88411014647272       -5.55654503E-02
   981.02732581447481       -5.56526743E-02
   981.17054148247689       -5.57400025E-02
   981.31375715047898       -5.58274500E-02
   981.45697281848106       -5.59150316E-02
   981.60018848648315       -5.60027659E-02
   981.74340415448523       -5.60906753E-02
   981.88661982248732       -5.61787710E-02
   982.02983549048940       -5.62670715E-02
   982.17305115849149       -5.63555881E-02
   982.31626682649357       -5.64443320E-02
   982.45948249449566       -5.65333106E-02
   982.60269816249775       -5.66225275E-02
   982.74591383049983       -5.67119904E-02
   982.88912949850192       -5.68017028E-02
   983.03234516650400       -5.68916760E-02
   983.17556083450609       -5.69819175E-02
   983.31877650250817       -5.70724346E-02
   983.46199217051026       -5.71632385E-02
   983.60520783851234       -5.72543405E-02
   983.74842350651443       -5.73457517E-02
   983.89163917451651       -5.74374795E-02
   984.03485484251860       -5.75295277E-02
   984.17807051052068       -5.76219037E-02
   984.32128617852277       -5.77146038E-02
   984.46450184652485       -5.78076355E-02
   984.60771751452694       -5.79009987E-02
   984.75093318252902       -5.79946898E-02
   984.89414885053111       -5.80887124E-02
   985.03736451853320       -5.81830628E-02
   985.18058018653528       -5.82777411E-02
   985.32379585453737       -5.83727509E-02
   985.46701152253945       -5.84680885E-02
   985.61022719054154       -5.85637540E-02
   985.75344285854362       -5.86597472E-02
   985.89665852654571       -5.87560683E-02
   986.03987419454779       -5.88527136E-02
   986.18308986254988       -5.89496754E-02
   986.32630553055196       -5.90469465E-02
   986.46952119855405       -5.91445155E-02
   986.61273686655613       -5.92423677E-02
   986.75595253455822       -5.93404919E-02
   986.89916820256030       -5.94388731E-02
   987.04238387056239       -5.95375039E-02
   987.18559953856447       -5.96363731E-02
   987.32881520656656       -5.97354732E-02
   987.47203087456865       -5.98347969E-02
   987.61524654257073       -5.99343330E-02
   987.75846221057282       -6.00340702E-02
   987.90167787857490       -6.01339936E-02
   988.04489354657699       -6.02340885E-02
   988.18810921457907       -6.03343397E-02
   988.33132488258116       -6.04347326E-02
   988.47454055058324       -6.05352446E-02
   988.61775621858533       -6.06358536E-02
   988.76097188658741       -6.07365370E-02
   988.90418755458950       -6.08372726E-02
   989.04740322259158       -6.09380454E-02
   989.19061889059367       -6.10388331E-02
   989.33383455859575       -6.11396171E-02
   989.47705022659784       -6.12403862E-02
   989.62026589459992       -6.13411181E-02
   989.76348156260201       -6.14417978E-02
   989.90669723060410       -6.15424067E-02
   990.04991289860618       -6.16429225E-02
   990.19312856660827       -6.17433190E-02
   990.33634423461035       -6.18435703E-02
   990.47955990261244       -6.19436465E-02
   990.62277557061452       -6.20435253E-02
   990.76599123861661       -6.21431768E-02
   990.90920690661869       -6.22425787E-02
   991.05242257462078       -6.23417087E-02
   991.19563824262286       -6.24405444E-02
   991.33885391062495       -6.25390708E-02
   991.48206957862703       -6.26372620E-02
   991.62528524662912       -6.27351031E-02
   991.76850091463120       -6.28325790E-02
   991.91171658263329       -6.29296675E-02
   992.05493225063537       -6.30263388E-02
   992.19814791863746       -6.31225705E-02
   992.34136358663955       -6.32183254E-02
   992.48457925464163       -6.33135736E-02
   992.62779492264372       -6.34082854E-02
   992.77101059064580       -6.35024309E-02
   992.91422625864789       -6.35959953E-02
   993.05744192664997       -6.36889488E-02
   993.20065759465206       -6.37812838E-02
   993.34387326265414       -6.38729930E-02
   993.48708893065623       -6.39640614E-02
   993.63030459865831       -6.40544742E-02
   993.77352026666040       -6.41442165E-02
   993.91673593466248       -6.42332733E-02
   994.05995160266457       -6.43216223E-02
   994.20316727066665       -6.44092485E-02
   994.34638293866874       -6.44961149E-02
   994.48959860667082       -6.45822063E-02
   994.63281427467291       -6.46674931E-02
   994.77602994267500       -6.47519529E-02
   994.91924561067708       -6.48355708E-02
   995.06246127867917       -6.49183318E-02
   995.20567694668125       -6.50002360E-02
   995.34889261468334       -6.50812760E-02
   995.49210828268542       -6.51614368E-02
   995.63532395068751       -6.52407259E-02
   995.77853961868959       -6.53191209E-02
   995.92175528669168       -6.53966218E-02
   996.06497095469376       -6.54732063E-02
   996.20818662269585       -6.55488670E-02
   996.35140229069793       -6.56235889E-02
   996.49461795870002       -6.56973571E-02
   996.63783362670210       -6.57701641E-02
   996.78104929470419       -6.58420101E-02
   996.92426496270627       -6.59128875E-02
   997.06748063070836       -6.59827963E-02
   997.21069629871045       -6.60517514E-02
   997.35391196671253       -6.61197454E-02
   997.49712763471462       -6.61868006E-02
   997.64034330271670       -6.62529096E-02
   997.78355897071879       -6.63180798E-02
   997.92677463872087       -6.63823113E-02
   998.06999030672296       -6.64455965E-02
   998.21320597472504       -6.65079281E-02
   998.35642164272713       -6.65693060E-02
   998.49963731072921       -6.66297227E-02
   998.64285297873130       -6.66891858E-02
   998.78606864673338       -6.67477027E-02
   998.92928431473547       -6.68052882E-02
   999.07249998273755       -6.68619573E-02
   999.21571565073964       -6.69177249E-02
   999.35893131874172       -6.69725984E-02
   999.50214698674381       -6.70265928E-02
   999.64536265474590       -6.70797154E-02
   999.78857832274798       -6.71319738E-02
   999.93179399075007       -6.71833679E-02
   1000.0750096587522       -6.72339126E-02
   1000.2182253267542       -6.72836006E-02
   1000.3614409947563       -6.73324540E-02
   1000.5046566627584       -6.73804805E-02
   1000.6478723307605       -6.74277022E-02
   1000.7910879987626       -6.74741343E-02
   1000.9343036667647       -6.75198063E-02
   1001.0775193347667       -6.75647408E-02
   1001.2207350027688       -6.76089674E-02
   1001.3639506707709       -6.76524937E-02
   1001.5071663387730       -6.76953420E-02
   1001.6503820067751       -6.77375272E-02
   1001.7935976747772       -6.77790493E-02
   1001.9368133427793       -6.78199157E-02
   1002.0800290107813       -6.78601339E-02
   1002.2232446787834       -6.78997114E-02
   1002.3664603467855       -6.79386556E-02
   1002.5096760147876       -6.79769963E-02
   1002.6528916827897       -6.80147484E-02
   1002.7961073507918       -6.80519417E-02
   1002.9393230187939       -6.80886060E-02
   1003.0825386867959       -6.81247711E-02
   1003.2257543547980       -6.81604519E-02
   1003.3689700228001       -6.81956708E-02
   1003.5121856908022       -6.82304427E-02
   1003.6554013588043       -6.82647824E-02
   1003.7986170268064       -6.82986975E-02
   1003.9418326948085       -6.83321878E-02
   1004.0850483628105       -6.83652684E-02
   1004.2282640308126       -6.83979392E-02
   1004.3714796988147       -6.84302151E-02
   1004.5146953668168       -6.84621185E-02
   1004.6579110348189       -6.84936717E-02
   1004.8011267028210       -6.85248971E-02
   1004.9443423708231       -6.85558245E-02
   1005.0875580388251       -6.85864761E-02
   1005.2307737068272       -6.86168671E-02
   1005.3739893748293       -6.86470121E-02
   1005.5172050428314       -6.86769113E-02
   1005.6604207108335       -6.87065721E-02
   1005.8036363788356       -6.87359944E-02
   1005.9468520468376       -6.87651783E-02
   1006.0900677148397       -6.87941313E-02
   1006.2332833828418       -6.88228533E-02
   1006.3764990508439       -6.88513592E-02
   1006.5197147188460       -6.88796639E-02
   1006.6629303868481       -6.89077750E-02
   1006.8061460548502       -6.89357221E-02
   1006.9493617228522       -6.89635128E-02
   1007.0925773908543       -6.89911693E-02
   1007.2357930588564       -6.90186992E-02
   1007.3790087268585       -6.90461099E-02
   1007.5222243948606       -6.90734014E-02
   1007.6654400628627       -6.91005588E-02
   1007.8086557308648       -6.91275820E-02
   1007.9518713988668       -6.91544637E-02
   1008.0950870668689       -6.91811964E-02
   1008.2383027348710       -6.92077726E-02
   1008.3815184028731       -6.92341924E-02
   1008.5247340708752       -6.92604557E-02
   1008.6679497388773       -6.92865774E-02
   1008.8111654068794       -6.93125650E-02
   1008.9543810748814       -6.93384260E-02
   1009.0975967428835       -6.93641677E-02
   1009.2408124108856       -6.93897903E-02
   1009.3840280788877       -6.94152936E-02
   1009.5272437468898       -6.94406703E-02
   1009.6704594148919       -6.94659054E-02
   1009.8136750828940       -6.94909990E-02
   1009.9568907508960       -6.95159286E-02
   1010.1001064188981       -6.95406869E-02
   1010.2433220869002       -6.95652589E-02
   1010.3865377549023       -6.95896372E-02
   1010.5297534229044       -6.96138144E-02
   1010.6729690909065       -6.96377903E-02
   1010.8161847589085       -6.96615726E-02
   1010.9594004269106       -6.96851537E-02
   1011.1026160949127       -6.97085336E-02
   1011.2458317629148       -6.97317123E-02
   1011.3890474309169       -6.97546750E-02
   1011.5322630989190       -6.97774142E-02
   1011.6754787669211       -6.97999224E-02
   1011.8186944349231       -6.98221773E-02
   1011.9619101029252       -6.98441640E-02
   1012.1051257709273       -6.98658749E-02
   1012.2483414389294       -6.98873028E-02
   1012.3915571069315       -6.99084401E-02
   1012.5347727749336       -6.99292719E-02
   1012.6779884429357       -6.99498057E-02
   1012.8212041109377       -6.99700266E-02
   1012.9644197789398       -6.99899271E-02
   1013.1076354469419       -7.00095072E-02
   1013.2508511149440       -7.00287521E-02
   1013.3940667829461       -7.00476542E-02
   1013.5372824509482       -7.00661913E-02
   1013.6804981189503       -7.00843483E-02
   1013.8237137869523       -7.01021180E-02
   1013.9669294549544       -7.01194853E-02
   1014.1101451229565       -7.01364502E-02
   1014.2533607909586       -7.01530129E-02
   1014.3965764589607       -7.01691732E-02
   1014.5397921269628       -7.01849386E-02
   1014.6830077949649       -7.02003017E-02
   1014.8262234629669       -7.02152625E-02
   1014.9694391309690       -7.02298135E-02
   1015.1126547989711       -7.02439398E-02
   1015.2558704669732       -7.02576339E-02
   1015.3990861349753       -7.02708811E-02
   1015.5423018029774       -7.02836663E-02
   1015.6855174709794       -7.02959746E-02
   1015.8287331389815       -7.03077987E-02
   1015.9719488069836       -7.03191385E-02
   1016.1151644749857       -7.03299940E-02
   1016.2583801429878       -7.03403652E-02
   1016.4015958109899       -7.03502670E-02
   1016.5448114789920       -7.03597143E-02
   1016.6880271469940       -7.03687146E-02
   1016.8312428149961       -7.03772679E-02
   1016.9744584829982       -7.03853816E-02
   1017.1176741510003       -7.03930557E-02
   1017.2608898190024       -7.04002902E-02
   1017.4041054870045       -7.04070702E-02
   1017.5473211550066       -7.04133809E-02
   1017.6905368230086       -7.04192221E-02
   1017.8337524910107       -7.04245865E-02
   1017.9769681590128       -7.04294816E-02
   1018.1201838270149       -7.04339147E-02
   1018.2633994950170       -7.04378933E-02
   1018.4066151630191       -7.04414397E-02
   1018.5498308310212       -7.04445690E-02
   1018.6930464990232       -7.04472959E-02
   1018.8362621670253       -7.04496428E-02
   1018.9794778350274       -7.04516172E-02
   1019.1226935030295       -7.04532266E-02
   1019.2659091710316       -7.04544708E-02
   1019.4091248390337       -7.04553574E-02
   1019.5523405070358       -7.04558939E-02
   1019.6955561750378       -7.04560727E-02
   1019.8387718430399       -7.04559013E-02
   1019.9819875110420       -7.04553872E-02
   1020.1252031790441       -7.04545528E-02
   1020.2684188470462       -7.04534054E-02
   1020.4116345150483       -7.04519600E-02
   1020.5548501830503       -7.04502389E-02
   1020.6980658510524       -7.04482645E-02
   1020.8412815190545       -7.04460517E-02
   1020.9844971870566       -7.04436153E-02
   1021.1277128550587       -7.04409704E-02
   1021.2709285230608       -7.04381242E-02
   1021.4141441910629       -7.04350919E-02
   1021.5573598590649       -7.04318807E-02
   1021.7005755270670       -7.04285055E-02
   1021.8437911950691       -7.04249740E-02
   1021.9870068630712       -7.04213008E-02
   1022.1302225310733       -7.04175010E-02
   1022.2734381990754       -7.04135895E-02
   1022.4166538670775       -7.04095885E-02
   1022.5598695350795       -7.04055130E-02
   1022.7030852030816       -7.04013854E-02
   1022.8463008710837       -7.03972280E-02
   1022.9895165390858       -7.03930482E-02
   1023.1327322070879       -7.03888610E-02
   1023.2759478750900       -7.03846812E-02
   1023.4191635430921       -7.03805164E-02
   1023.5623792110941       -7.03763887E-02
   1023.7055948790962       -7.03723058E-02
   1023.8488105470983       -7.03682825E-02
   1023.9920262151004       -7.03643337E-02
   1024.1352418831025       -7.03604743E-02
   1024.2784575511046       -7.03567266E-02
   1024.4216732191067       -7.03530982E-02
   1024.5648888871087       -7.03496039E-02
   1024.7081045551108       -7.03462511E-02
   1024.8513202231129       -7.03430623E-02
   1024.9945358911150       -7.03400522E-02
   1025.1377515591171       -7.03372210E-02
   1025.2809672271192       -7.03345835E-02
   1025.4241828951212       -7.03321472E-02
   1025.5673985631233       -7.03299195E-02
   1025.7106142311254       -7.03279078E-02
   1025.8538298991275       -7.03261122E-02
   1025.9970455671296       -7.03245550E-02
   1026.1402612351317       -7.03232363E-02
   1026.2834769031338       -7.03221783E-02
   1026.4266925711358       -7.03213885E-02
   1026.5699082391379       -7.03208819E-02
   1026.7131239071400       -7.03206658E-02
   1026.8563395751421       -7.03207403E-02
   1026.9995552431442       -7.03211203E-02
   1027.1427709111463       -7.03217983E-02
   1027.2859865791484       -7.03227893E-02
   1027.4292022471504       -7.03240857E-02
   1027.5724179151525       -7.03256875E-02
   1027.7156335831546       -7.03275949E-02
   1027.8588492511567       -7.03298077E-02
   1028.0020649191588       -7.03323260E-02
   1028.1452805871609       -7.03351498E-02
   1028.2884962551630       -7.03382865E-02
   1028.4317119231650       -7.03417361E-02
   1028.5749275911671       -7.03455061E-02
   1028.7181432591692       -7.03495964E-02
   1028.8613589271713       -7.03540072E-02
   1029.0045745951734       -7.03587383E-02
   1029.1477902631755       -7.03637823E-02
   1029.2910059311776       -7.03691319E-02
   1029.4342215991796       -7.03747869E-02
   1029.5774372671817       -7.03807324E-02
   1029.7206529351838       -7.03869537E-02
   1029.8638686031859       -7.03934506E-02
   1030.0070842711880       -7.04002157E-02
   1030.1502999391901       -7.04072416E-02
   1030.2935156071921       -7.04145133E-02
   1030.4367312751942       -7.04220384E-02
   1030.5799469431963       -7.04298019E-02
   1030.7231626111984       -7.04378039E-02
   1030.8663782792005       -7.04460368E-02
   1031.0095939472026       -7.04544932E-02
   1031.1528096152047       -7.04631582E-02
   1031.2960252832067       -7.04720244E-02
   1031.4392409512088       -7.04810694E-02
   1031.5824566192109       -7.04902783E-02
   1031.7256722872130       -7.04996288E-02
   1031.8688879552151       -7.05091134E-02
   1032.0121036232172       -7.05187246E-02
   1032.1553192912193       -7.05284476E-02
   1032.2985349592213       -7.05382749E-02
   1032.4417506272234       -7.05481917E-02
   1032.5849662952255       -7.05581903E-02
   1032.7281819632276       -7.05682561E-02
   1032.8713976312297       -7.05783665E-02
   1033.0146132992318       -7.05885142E-02
   1033.1578289672339       -7.05986694E-02
   1033.3010446352359       -7.06088170E-02
   1033.4442603032380       -7.06189349E-02
   1033.5874759712401       -7.06290007E-02
   1033.7306916392422       -7.06389919E-02
   1033.8739073072443       -7.06488937E-02
   1034.0171229752464       -7.06586912E-02
   1034.1603386432485       -7.06683770E-02
   1034.3035543112505       -7.06779361E-02
   1034.4467699792526       -7.06873611E-02
   1034.5899856472547       -7.06966296E-02
   1034.7332013152568       -7.07057267E-02
   1034.8764169832589       -7.07146376E-02
   1035.0196326512610       -7.07233325E-02
   1035.1628483192630       -7.07317889E-02
   1035.3060639872651       -7.07399920E-02
   1035.4492796552672       -7.07479119E-02
   1035.5924953232693       -7.07555339E-02
   1035.7357109912714       -7.07628354E-02
   1035.8789266592735       -7.07698092E-02
   1036.0221423272756       -7.07764328E-02
   1036.1653579952776       -7.07826912E-02
   1036.3085736632797       -7.07885697E-02
   1036.4517893312818       -7.07940534E-02
   1036.5950049992839       -7.07991198E-02
   1036.7382206672860       -7.08037540E-02
   1036.8814363352881       -7.08079413E-02
   1037.0246520032902       -7.08116516E-02
   1037.1678676712922       -7.08148628E-02
   1037.3110833392943       -7.08175525E-02
   1037.4542990072964       -7.08197057E-02
   1037.5975146752985       -7.08212927E-02
   1037.7407303433006       -7.08223060E-02
   1037.8839460113027       -7.08227232E-02
   1038.0271616793048       -7.08225369E-02
   1038.1703773473068       -7.08217323E-02
   1038.3135930153089       -7.08203018E-02
   1038.4568086833110       -7.08182231E-02
   1038.6000243513131       -7.08154812E-02
   1038.7432400193152       -7.08120614E-02
   1038.8864556873173       -7.08079413E-02
   1039.0296713553194       -7.08030909E-02
   1039.1728870233214       -7.07974955E-02
   1039.3161026913235       -7.07911402E-02
   1039.4593183593256       -7.07840100E-02
   1039.6025340273277       -7.07760826E-02
   1039.7457496953298       -7.07673430E-02
   1039.8889653633319       -7.07577765E-02
   1040.0321810313339       -7.07473755E-02
   1040.1753966993360       -7.07361326E-02
   1040.3186123673381       -7.07240328E-02
   1040.4618280353402       -7.07110688E-02
   1040.6050437033423       -7.06972331E-02
   1040.7482593713444       -7.06825107E-02
   1040.8914750393465       -7.06668869E-02
   1041.0346907073485       -7.06503391E-02
   1041.1779063753506       -7.06328452E-02
   1041.3211220433527       -7.06143901E-02
   1041.4643377113548       -7.05949590E-02
   1041.6075533793569       -7.05745369E-02
   1041.7507690473590       -7.05531165E-02
   1041.8939847153611       -7.05306828E-02
   1042.0372003833631       -7.05072284E-02
   1042.1804160513652       -7.04827458E-02
   1042.3236317193673       -7.04572275E-02
   1042.4668473873694       -7.04306662E-02
   1042.6100630553715       -7.04030469E-02
   1042.7532787233736       -7.03743622E-02
   1042.8964943913757       -7.03445971E-02
   1043.0397100593777       -7.03137442E-02
   1043.1829257273798       -7.02817962E-02
   1043.3261413953819       -7.02487305E-02
   1043.4693570633840       -7.02145398E-02
   1043.6125727313861       -7.01792166E-02
   1043.7557883993882       -7.01427534E-02
   1043.8990040673903       -7.01051429E-02
   1044.0422197353923       -7.00663775E-02
   1044.1854354033944       -7.00264499E-02
   1044.3286510713965       -6.99853599E-02
   1044.4718667393986       -6.99431002E-02
   1044.6150824074007       -6.98996559E-02
   1044.7582980754028       -6.98550269E-02
   1044.9015137434048       -6.98092058E-02
   1045.0447294114069       -6.97621852E-02
   1045.1879450794090       -6.97139651E-02
   1045.3311607474111       -6.96645305E-02
   1045.4743764154132       -6.96138740E-02
   1045.6175920834153       -6.95619807E-02
   1045.7608077514174       -6.95088506E-02
   1045.9040234194194       -6.94544762E-02
   1046.0472390874215       -6.93988502E-02
   1046.1904547554236       -6.93419799E-02
   1046.3336704234257       -6.92838579E-02
   1046.4768860914278       -6.92244992E-02
   1046.6201017594299       -6.91639036E-02
   1046.7633174274320       -6.91020638E-02
   1046.9065330954340       -6.90389872E-02
   1047.0497487634361       -6.89746663E-02
   1047.1929644314382       -6.89091012E-02
   1047.3361800994403       -6.88422918E-02
   1047.4793957674424       -6.87742382E-02
   1047.6226114354445       -6.87049404E-02
   1047.7658271034466       -6.86343983E-02
   1047.9090427714486       -6.85626194E-02
   1048.0522584394507       -6.84896111E-02
   1048.1954741074528       -6.84153736E-02
   1048.3386897754549       -6.83399066E-02
   1048.4819054434570       -6.82632178E-02
   1048.6251211114591       -6.81853071E-02
   1048.7683367794612       -6.81061894E-02
   1048.9115524474632       -6.80258647E-02
   1049.0547681154653       -6.79443404E-02
   1049.1979837834674       -6.78616241E-02
   1049.3411994514695       -6.77777231E-02
   1049.4844151194716       -6.76926523E-02
   1049.6276307874737       -6.76064268E-02
   1049.7708464554757       -6.75190613E-02
   1049.9140621234778       -6.74305856E-02
   1050.0572777914799       -6.73410073E-02
   1050.2004934594820       -6.72503561E-02
   1050.3437091274841       -6.71586394E-02
   1050.4869247954862       -6.70658648E-02
   1050.6301404634883       -6.69720545E-02
   1050.7733561314903       -6.68772161E-02
   1050.9165717994924       -6.67813569E-02
   1051.0597874674945       -6.66845068E-02
   1051.2030031354966       -6.65866733E-02
   1051.3462188034987       -6.64878935E-02
   1051.4894344715008       -6.63881823E-02
   1051.6326501395029       -6.62875772E-02
   1051.7758658075049       -6.61861226E-02
   1051.9190814755070       -6.60838485E-02
   1052.0622971435091       -6.59807995E-02
   1052.2055128115112       -6.58770055E-02
   1052.3487284795133       -6.57725111E-02
   1052.4919441475154       -6.56673536E-02
   1052.6351598155175       -6.55615479E-02
   1052.7783754835195       -6.54551312E-02
   1052.9215911515216       -6.53481260E-02
   1053.0648068195237       -6.52405545E-02
   1053.2080224875258       -6.51324540E-02
   1053.3512381555279       -6.50238693E-02
   1053.4944538235300       -6.49148449E-02
   1053.6376694915321       -6.48054406E-02
   1053.7808851595341       -6.46957085E-02
   1053.9241008275362       -6.45857081E-02
   1054.0673164955383       -6.44754991E-02
   1054.2105321635404       -6.43651485E-02
   1054.3537478315425       -6.42547011E-02
   1054.4969634995446       -6.41442239E-02
   1054.6401791675466       -6.40337691E-02
   1054.7833948355487       -6.39233887E-02
   1054.9266105035508       -6.38131350E-02
   1055.0698261715529       -6.37030676E-02
   1055.2130418395550       -6.35932460E-02
   1055.3562575075571       -6.34837300E-02
   1055.4994731755592       -6.33746013E-02
   1055.6426888435612       -6.32659420E-02
   1055.7859045115633       -6.31578267E-02
   1055.9291201795654       -6.30503446E-02
   1056.0723358475675       -6.29435778E-02
   1056.2155515155696       -6.28376082E-02
   1056.3587671835717       -6.27325103E-02
   1056.5019828515738       -6.26283512E-02
   1056.6451985195758       -6.25252128E-02
   1056.7884141875779       -6.24231771E-02
   1056.9316298555800       -6.23223297E-02
   1057.0748455235821       -6.22227564E-02
   1057.2180611915842       -6.21245578E-02
   1057.3612768595863       -6.20278344E-02
   1057.5044925275884       -6.19326942E-02
   1057.6477081955904       -6.18392415E-02
   1057.7909238635925       -6.17475882E-02
   1057.9341395315946       -6.16578460E-02
   1058.0773551995967       -6.15701228E-02
   1058.2205708675988       -6.14845231E-02
   1058.3637865356009       -6.14011548E-02
   1058.5070022036030       -6.13201186E-02
   1058.6502178716050       -6.12415150E-02
   1058.7934335396071       -6.11654520E-02
   1058.9366492076092       -6.10920340E-02
   1059.0798648756113       -6.10213764E-02
   1059.2230805436134       -6.09535985E-02
   1059.3662962116155       -6.08888268E-02
   1059.5095118796175       -6.08271956E-02
   1059.6527275476196       -6.07688390E-02
   1059.7959432156217       -6.07138909E-02
   1059.9391588836238       -6.06624857E-02
   1060.0823745516259       -6.06147572E-02
   1060.2255902196280       -6.05708323E-02
   1060.3688058876301       -6.05308451E-02
   1060.5120215556321       -6.04949221E-02
   1060.6552372236342       -6.04631864E-02
   1060.7984528916363       -6.04357719E-02
   1060.9416685596384       -6.04128018E-02
   1061.0848842276405       -6.03944138E-02
   1061.2280998956426       -6.03807420E-02
   1061.3713155636447       -6.03719279E-02
   1061.5145312316467       -6.03681207E-02
   1061.6577468996488       -6.03694730E-02
   1061.8009625676509       -6.03761338E-02
   1061.9441782356530       -6.03882559E-02
   1062.0873939036551       -6.04059882E-02
   1062.2306095716572       -6.04294762E-02
   1062.3738252396593       -6.04588576E-02
   1062.5170409076613       -6.04942702E-02
   1062.6602565756634       -6.05358556E-02
   1062.8034722436655       -6.05837479E-02
   1062.9466879116676       -6.06380887E-02
   1063.0899035796697       -6.06990159E-02
   1063.2331192476718       -6.07666709E-02
   1063.3763349156739       -6.08411990E-02
   1063.5195505836759       -6.09227419E-02
   1063.6627662516780       -6.10114522E-02
   1063.8059819196801       -6.11074753E-02
   1063.9491975876822       -6.12109601E-02
   1064.0924132556843       -6.13220483E-02
   1064.2356289236864       -6.14408851E-02
   1064.3788445916884       -6.15676120E-02
   1064.5220602596905       -6.17023595E-02
   1064.6652759276926       -6.18452542E-02
   1064.8084915956947       -6.19964227E-02
   1064.9517072636968       -6.21559955E-02
   1065.0949229316989       -6.23240955E-02
   1065.2381385997010       -6.25008494E-02
   1065.3813542677030       -6.26863912E-02
   1065.5245699357051       -6.28808364E-02
   1065.6677856037072       -6.30843043E-02
   1065.8110012717093       -6.32969141E-02
   1065.9542169397114       -6.35187775E-02
   1066.0974326077135       -6.37500137E-02
   1066.2406482757156       -6.39907271E-02
   1066.3838639437176       -6.42410219E-02
   1066.5270796117197       -6.45010099E-02
   1066.6702952797218       -6.47707880E-02
   1066.8135109477239       -6.50504455E-02
   1066.9567266157260       -6.53400645E-02
   1067.0999422837281       -6.56397417E-02
   1067.2431579517302       -6.59495518E-02
   1067.3863736197322       -6.62695765E-02
   1067.5295892877343       -6.65998906E-02
   1067.6728049557364       -6.69405684E-02
   1067.8160206237385       -6.72916695E-02
   1067.9592362917406       -6.76532611E-02
   1068.1024519597427       -6.80253878E-02
   1068.2456676277448       -6.84081018E-02
   1068.3888832957468       -6.88014328E-02
   1068.5320989637489       -6.92054257E-02
   1068.6753146317510       -6.96201026E-02
   1068.8185302997531       -7.00454935E-02
   1068.9617459677552       -7.04816207E-02
   1069.1049616357573       -7.09285140E-02
   1069.2481773037593       -7.13861734E-02
   1069.3913929717614       -7.18546137E-02
   1069.5346086397635       -7.23338276E-02
   1069.6778243077656       -7.28238076E-02
   1069.8210399757677       -7.33245313E-02
   1069.9642556437698       -7.38359764E-02
   1070.1074713117719       -7.43581131E-02
   1070.2506869797739       -7.48909041E-02
   1070.3939026477760       -7.54342973E-02
   1070.5371183157781       -7.59882405E-02
   1070.6803339837802       -7.65526667E-02
   1070.8235496517823       -7.71275163E-02
   1070.9667653197844       -7.77127221E-02
   1071.1099809877865       -7.83082172E-02
   1071.2531966557885       -7.89139122E-02
   1071.3964123237906       -7.95297250E-02
   1071.5396279917927       -8.01555589E-02
   1071.6828436597948       -8.07912946E-02
   1071.8260593277969       -8.14368129E-02
   1071.9692749957990       -8.20919871E-02
   1072.1124906638011       -8.27566609E-02
   1072.2557063318031       -8.34306926E-02
   1072.3989219998052       -8.41139257E-02
   1072.5421376678073       -8.48062038E-02
   1072.6853533358094       -8.55073631E-02
   1072.8285690038115       -8.62172395E-02
   1072.9717846718136       -8.69356692E-02
   1073.1150003398157       -8.76624808E-02
   1073.2582160078177       -8.83974880E-02
   1073.4014316758198       -8.91405046E-02
   1073.5446473438219       -8.98913369E-02
   1073.6878630118240       -9.06497613E-02
   1073.8310786798261       -9.14155617E-02
   1073.9742943478282       -9.21884924E-02
   1074.1175100158302       -9.29683149E-02
   1074.2607256838323       -9.37547684E-02
   1074.4039413518344       -9.45475921E-02
   1074.5471570198365       -9.53465328E-02
   1074.6903726878386       -9.61513221E-02
   1074.8335883558407       -9.69616994E-02
   1074.9768040238428       -9.77773890E-02
   1075.1200196918448       -9.85981300E-02
   1075.2632353598469       -9.94236320E-02
   1075.4064510278490      -0.100253612    
   1075.5496666958511      -0.101087779    
   1075.6928823638532      -0.101925820    
   1075.8360980318553      -0.102767438    
   1075.9793136998574      -0.103612311    
   1076.1225293678594      -0.104460120    
   1076.2657450358615      -0.105310529    
   1076.4089607038636      -0.106163219    
   1076.5521763718657      -0.107017860    
   1076.6953920398678      -0.107874125    
   1076.8386077078699      -0.108731672    
   1076.9818233758720      -0.109590165    
   1077.1250390438740      -0.110449277    
   1077.2682547118761      -0.111308664    
   1077.4114703798782      -0.112167969    
   1077.5546860478803      -0.113026850    
   1077.6979017158824      -0.113884941    
   1077.8411173838845      -0.114741877    
   1077.9843330518866      -0.115597300    
   1078.1275487198886      -0.116450839    
   1078.2707643878907      -0.117302142    
   1078.4139800558928      -0.118150845    
   1078.5571957238949      -0.118996590    
   1078.7004113918970      -0.119839020    
   1078.8436270598991      -0.120677784    
   1078.9868427279011      -0.121512532    
   1079.1300583959032      -0.122342907    
   1079.2732740639053      -0.123168550    
   1079.4164897319074      -0.123989128    
   1079.5597053999095      -0.124804281    
   1079.7029210679116      -0.125613660    
   1079.8461367359137      -0.126416937    
   1079.9893524039157      -0.127213746    
   1080.1325680719178      -0.128003761    
   1080.2757837399199      -0.128786653    
   1080.4189994079220      -0.129562080    
   1080.5622150759241      -0.130329728    
   1080.7054307439262      -0.131089285    
   1080.8486464119283      -0.131840423    
   1080.9918620799303      -0.132582843    
   1081.1350777479324      -0.133316234    
   1081.2782934159345      -0.134040296    
   1081.4215090839366      -0.134754732    
   1081.5647247519387      -0.135459229    
   1081.7079404199408      -0.136153519    
   1081.8511560879429      -0.136837304    
   1081.9943717559449      -0.137510329    
   1082.1375874239470      -0.138172358    
   1082.2808030919491      -0.138823122    
   1082.4240187599512      -0.139462382    
   1082.5672344279533      -0.140089929    
   1082.7104500959554      -0.140705541    
   1082.8536657639575      -0.141308993    
   1082.9968814319595      -0.141900092    
   1083.1400970999616      -0.142478645    
   1083.2833127679637      -0.143044442    
   1083.4265284359658      -0.143597305    
   1083.5697441039679      -0.144137055    
   1083.7129597719700      -0.144663528    
   1083.8561754399720      -0.145176575    
   1083.9993911079741      -0.145676047    
   1084.1426067759762      -0.146161824    
   1084.2858224439783      -0.146633789    
   1084.4290381119804      -0.147091851    
   1084.5722537799825      -0.147535920    
   1084.7154694479846      -0.147965908    
   1084.8586851159866      -0.148381755    
   1085.0019007839887      -0.148783401    
   1085.1451164519908      -0.149170786    
   1085.2883321199929      -0.149543867    
   1085.4315477879950      -0.149902612    
   1085.5747634559971      -0.150246993    
   1085.7179791239992      -0.150577009    
   1085.8611947920012      -0.150892660    
   1086.0044104600033      -0.151193962    
   1086.1476261280054      -0.151480943    
   1086.2908417960075      -0.151753649    
   1086.4340574640096      -0.152012140    
   1086.5772731320117      -0.152256474    
   1086.7204888000138      -0.152486727    
   1086.8637044680158      -0.152702972    
   1087.0069201360179      -0.152905315    
   1087.1501358040200      -0.153093860    
   1087.2933514720221      -0.153268695    
   1087.4365671400242      -0.153429970    
   1087.5797828080263      -0.153577805    
   1087.7229984760284      -0.153712347    
   1087.8662141440304      -0.153833747    
   1088.0094298120325      -0.153942183    
   1088.1526454800346      -0.154037818    
   1088.2958611480367      -0.154120848    
   1088.4390768160388      -0.154191449    
   1088.5822924840409      -0.154249847    
   1088.7255081520429      -0.154296234    
   1088.8687238200450      -0.154330850    
   1089.0119394880471      -0.154353902    
   1089.1551551560492      -0.154365644    
   1089.2983708240513      -0.154366300    
   1089.4415864920534      -0.154356137    
   1089.5848021600555      -0.154335395    
   1089.7280178280575      -0.154304355    
   1089.8712334960596      -0.154263288    
   1090.0144491640617      -0.154212475    
   1090.1576648320638      -0.154152200    
   1090.3008805000659      -0.154082760    
   1090.4440961680680      -0.154004455    
   1090.5873118360701      -0.153917596    
   1090.7305275040721      -0.153822467    
   1090.8737431720742      -0.153719366    
   1091.0169588400763      -0.153608620    
   1091.1601745080784      -0.153490528    
   1091.3033901760805      -0.153365403    
   1091.4466058440826      -0.153233573    
   1091.5898215120847      -0.153095365    
   1091.7330371800867      -0.152951106    
   1091.8762528480888      -0.152801111    
   1092.0194685160909      -0.152645722    
   1092.1626841840930      -0.152485281    
   1092.3058998520951      -0.152320117    
   1092.4491155200972      -0.152150556    
   1092.5923311880993      -0.151976958    
   1092.7355468561013      -0.151799634    
   1092.8787625241034      -0.151618943    
   1093.0219781921055      -0.151435196    
   1093.1651938601076      -0.151248738    
   1093.3084095281097      -0.151059911    
   1093.4516251961118      -0.150869012    
   1093.5948408641138      -0.150676370    
   1093.7380565321159      -0.150482312    
   1093.8812722001180      -0.150287136    
   1094.0244878681201      -0.150091171    
   1094.1677035361222      -0.149894714    
   1094.3109192041243      -0.149698094    
   1094.4541348721264      -0.149501607    
   1094.5973505401284      -0.149305567    
   1094.7405662081305      -0.149110287    
   1094.8837818761326      -0.148916051    
   1095.0269975441347      -0.148723140    
   1095.1702132121368      -0.148531854    
   1095.3134288801389      -0.148342460    
   1095.4566445481410      -0.148155212    
   1095.5998602161430      -0.147970378    
   1095.7430758841451      -0.147788197    
   1095.8862915521472      -0.147608936    
   1096.0295072201493      -0.147432834    
   1096.1727228881514      -0.147260129    
   1096.3159385561535      -0.147091076    
   1096.4591542241556      -0.146925882    
   1096.6023698921576      -0.146764785    
   1096.7455855601597      -0.146607995    
   1096.8888012281618      -0.146455720    
   1097.0320168961639      -0.146308169    
   1097.1752325641660      -0.146165505    
   1097.3184482321681      -0.146027908    
   1097.4616639001702      -0.145895541    
   1097.6048795681722      -0.145768553    
   1097.7480952361743      -0.145647109    
   1097.8913109041764      -0.145531356    
   1098.0345265721785      -0.145421416    
   1098.1777422401806      -0.145317435    
   1098.3209579081827      -0.145219550    
   1098.4641735761847      -0.145127878    
   1098.6073892441868      -0.145042539    
   1098.7506049121889      -0.144963637    
   1098.8938205801910      -0.144891247    
   1099.0370362481931      -0.144825429    
   1099.1802519161952      -0.144766256    
   1099.3234675841973      -0.144713774    
   1099.4666832521993      -0.144668028    
   1099.6098989202014      -0.144629046    
   1099.7531145882035      -0.144596875    
   1099.8963302562056      -0.144571558    
   1100.0395459242077      -0.144553125    
   1100.1827615922098      -0.144541606    
   1100.3259772602119      -0.144537017    
   1100.4691929282139      -0.144539386    
   1100.6124085962160      -0.144548729    
   1100.7556242642181      -0.144565031    
   1100.8988399322202      -0.144588262    
   1101.0420556002223      -0.144618377    
   1101.1852712682244      -0.144655332    
   1101.3284869362265      -0.144699067    
   1101.4717026042285      -0.144749522    
   1101.6149182722306      -0.144806623    
   1101.7581339402327      -0.144870311    
   1101.9013496082348      -0.144940510    
   1102.0445652762369      -0.145017162    
   1102.1877809442390      -0.145100191    
   1102.3309966122411      -0.145189539    
   1102.4742122802431      -0.145285130    
   1102.6174279482452      -0.145386860    
   1102.7606436162473      -0.145494625    
   1102.9038592842494      -0.145608336    
   1103.0470749522515      -0.145727858    
   1103.1902906202536      -0.145853087    
   1103.3335062882556      -0.145983875    
   1103.4767219562577      -0.146120101    
   1103.6199376242598      -0.146261632    
   1103.7631532922619      -0.146408334    
   1103.9063689602640      -0.146560088    
   1104.0495846282661      -0.146716759    
   1104.1928002962682      -0.146878228    
   1104.3360159642702      -0.147044346    
   1104.4792316322723      -0.147214994    
   1104.6224473002744      -0.147390008    
   1104.7656629682765      -0.147569224    
   1104.9088786362786      -0.147752479    
   1105.0520943042807      -0.147939622    
   1105.1953099722828      -0.148130476    
   1105.3385256402848      -0.148324877    
   1105.4817413082869      -0.148522675    
   1105.6249569762890      -0.148723722    
   1105.7681726442911      -0.148927867    
   1105.9113883122932      -0.149134949    
   1106.0546039802953      -0.149344832    
   1106.1978196482974      -0.149557352    
   1106.3410353162994      -0.149772346    
   1106.4842509843015      -0.149989650    
   1106.6274666523036      -0.150209099    
   1106.7706823203057      -0.150430515    
   1106.9138979883078      -0.150653750    
   1107.0571136563099      -0.150878608    
   1107.2003293243120      -0.151104942    
   1107.3435449923140      -0.151332587    
   1107.4867606603161      -0.151561379    
   1107.6299763283182      -0.151791185    
   1107.7731919963203      -0.152021855    
   1107.9164076643224      -0.152253255    
   1108.0596233323245      -0.152485237    
   1108.2028390003265      -0.152717650    
   1108.3460546683286      -0.152950361    
   1108.4892703363307      -0.153183207    
   1108.6324860043328      -0.153416052    
   1108.7757016723349      -0.153648749    
   1108.9189173403370      -0.153881148    
   1109.0621330083391      -0.154113129    
   1109.2053486763411      -0.154344529    
   1109.3485643443432      -0.154575244    
   1109.4917800123453      -0.154805124    
   1109.6349956803474      -0.155034065    
   1109.7782113483495      -0.155261949    
   1109.9214270163516      -0.155488655    
   1110.0646426843537      -0.155714065    
   1110.2078583523557      -0.155938059    
   1110.3510740203578      -0.156160504    
   1110.4942896883599      -0.156381294    
   1110.6375053563620      -0.156600326    
   1110.7807210243641      -0.156817496    
   1110.9239366923662      -0.157032683    
   1111.0671523603683      -0.157245815    
   1111.2103680283703      -0.157456800    
   1111.3535836963724      -0.157665566    
   1111.4967993643745      -0.157872021    
   1111.6400150323766      -0.158076078    
   1111.7832307003787      -0.158277661    
   1111.9264463683808      -0.158476681    
   1112.0696620363829      -0.158673063    
   1112.2128777043849      -0.158866733    
   1112.3560933723870      -0.159057617    
   1112.4993090403891      -0.159245640    
   1112.6425247083912      -0.159430742    
   1112.7857403763933      -0.159612864    
   1112.9289560443954      -0.159791932    
   1113.0721717123974      -0.159967899    
   1113.2153873803995      -0.160140708    
   1113.3586030484016      -0.160310298    
   1113.5018187164037      -0.160476640    
   1113.6450343844058      -0.160639673    
   1113.7882500524079      -0.160799369    
   1113.9314657204100      -0.160955697    
   1114.0746813884120      -0.161108613    
   1114.2178970564141      -0.161258087    
   1114.3611127244162      -0.161404073    
   1114.5043283924183      -0.161546528    
   1114.6475440604204      -0.161685437    
   1114.7907597284225      -0.161820740    
   1114.9339753964246      -0.161952421    
   1115.0771910644266      -0.162080467    
   1115.2204067324287      -0.162204862    
   1115.3636224004308      -0.162325591    
   1115.5068380684329      -0.162442639    
   1115.6500537364350      -0.162556008    
   1115.7932694044371      -0.162665680    
   1115.9364850724392      -0.162771642    
   1116.0797007404412      -0.162873879    
   1116.2229164084433      -0.162972376    
   1116.3661320764454      -0.163067117    
   1116.5093477444475      -0.163158104    
   1116.6525634124496      -0.163245320    
   1116.7957790804517      -0.163328737    
   1116.9389947484538      -0.163408369    
   1117.0822104164558      -0.163484216    
   1117.2254260844579      -0.163556278    
   1117.3686417524600      -0.163624570    
   1117.5118574204621      -0.163689092    
   1117.6550730884642      -0.163749859    
   1117.7982887564663      -0.163806871    
   1117.9415044244683      -0.163860157    
   1118.0847200924704      -0.163909703    
   1118.2279357604725      -0.163955539    
   1118.3711514284746      -0.163997665    
   1118.5143670964767      -0.164036080    
   1118.6575827644788      -0.164070785    
   1118.8007984324809      -0.164101779    
   1118.9440141004829      -0.164129063    
   1119.0872297684850      -0.164152652    
   1119.2304454364871      -0.164172560    
   1119.3736611044892      -0.164188802    
   1119.5168767724913      -0.164201424    
   1119.6600924404934      -0.164210439    
   1119.8033081084955      -0.164215863    
   1119.9465237764975      -0.164217740    
   1120.0897394444996      -0.164216086    
   1120.2329551125017      -0.164210930    
   1120.3761707805038      -0.164202273    
   1120.5193864485059      -0.164190128    
   1120.6626021165080      -0.164174512    
   1120.8058177845101      -0.164155424    
   1120.9490334525121      -0.164132863    
   1121.0922491205142      -0.164106846    
   1121.2354647885163      -0.164077401    
   1121.3786804565184      -0.164044544    
   1121.5218961245205      -0.164008304    
   1121.6651117925226      -0.163968712    
   1121.8083274605247      -0.163925797    
   1121.9515431285267      -0.163879588    
   1122.0947587965288      -0.163830116    
   1122.2379744645309      -0.163777396    
   1122.3811901325330      -0.163721457    
   1122.5244058005351      -0.163662314    
   1122.6676214685372      -0.163599983    
   1122.8108371365392      -0.163534507    
   1122.9540528045413      -0.163465902    
   1123.0972684725434      -0.163394213    
   1123.2404841405455      -0.163319468    
   1123.3836998085476      -0.163241714    
   1123.5269154765497      -0.163160980    
   1123.6701311445518      -0.163077325    
   1123.8133468125538      -0.162990764    
   1123.9565624805559      -0.162901357    
   1124.0997781485580      -0.162809119    
   1124.2429938165601      -0.162714064    
   1124.3862094845622      -0.162616238    
   1124.5294251525643      -0.162515655    
   1124.6726408205664      -0.162412345    
   1124.8158564885684      -0.162306339    
   1124.9590721565705      -0.162197649    
   1125.1022878245726      -0.162086338    
   1125.2455034925747      -0.161972433    
   1125.3887191605768      -0.161855981    
   1125.5319348285789      -0.161737040    
   1125.6751504965810      -0.161615655    
   1125.8183661645830      -0.161491871    
   1125.9615818325851      -0.161365747    
   1126.1047975005872      -0.161237344    
   1126.2480131685893      -0.161106706    
   1126.3912288365914      -0.160973892    
   1126.5344445045935      -0.160838947    
   1126.6776601725956      -0.160701931    
   1126.8208758405976      -0.160562873    
   1126.9640915085997      -0.160421804    
   1127.1073071766018      -0.160278782    
   1127.2505228446039      -0.160133854    
   1127.3937385126060      -0.159987077    
   1127.5369541806081      -0.159838498    
   1127.6801698486101      -0.159688190    
   1127.8233855166122      -0.159536213    
   1127.9666011846143      -0.159382626    
   1128.1098168526164      -0.159227490    
   1128.2530325206185      -0.159070864    
   1128.3962481886206      -0.158912808    
   1128.5394638566227      -0.158753365    
   1128.6826795246247      -0.158592612    
   1128.8258951926268      -0.158430591    
   1128.9691108606289      -0.158267379    
   1129.1123265286310      -0.158103049    
   1129.2555421966331      -0.157937661    
   1129.3987578646352      -0.157771274    
   1129.5419735326373      -0.157603964    
   1129.6851892006393      -0.157435805    
   1129.8284048686414      -0.157266855    
   1129.9716205366435      -0.157097176    
   1130.1148362046456      -0.156926841    
   1130.2580518726477      -0.156755924    
   1130.4012675406498      -0.156584501    
   1130.5444832086519      -0.156412631    
   1130.6876988766539      -0.156240404    
   1130.8309145446560      -0.156067893    
   1130.9741302126581      -0.155895159    
   1131.1173458806602      -0.155722305    
   1131.2605615486623      -0.155549392    
   1131.4037772166644      -0.155376494    
   1131.5469928846665      -0.155203685    
   1131.6902085526685      -0.155031040    
   1131.8334242206706      -0.154858634    
   1131.9766398886727      -0.154686511    
   1132.1198555566748      -0.154514760    
   1132.2630712246769      -0.154343426    
   1132.4062868926790      -0.154172584    
   1132.5495025606810      -0.154002309    
   1132.6927182286831      -0.153832674    
   1132.8359338966852      -0.153663754    
   1132.9791495646873      -0.153495640    
   1133.1223652326894      -0.153328404    
   1133.2655809006915      -0.153162122    
   1133.4087965686936      -0.152996868    
   1133.5520122366956      -0.152832732    
   1133.6952279046977      -0.152669787    
   1133.8384435726998      -0.152508110    
   1133.9816592407019      -0.152347758    
   1134.1248749087040      -0.152188808    
   1134.2680905767061      -0.152031302    
   1134.4113062447082      -0.151875317    
   1134.5545219127102      -0.151720911    
   1134.6977375807123      -0.151568159    
   1134.8409532487144      -0.151417106    
   1134.9841689167165      -0.151267841    
   1135.1273845847186      -0.151120424    
   1135.2706002527207      -0.150974929    
   1135.4138159207228      -0.150831416    
   1135.5570315887248      -0.150689960    
   1135.7002472567269      -0.150550619    
   1135.8434629247290      -0.150413454    
   1135.9866785927311      -0.150278509    
   1136.1298942607332      -0.150145844    
   1136.2731099287353      -0.150015518    
   1136.4163255967374      -0.149887562    
   1136.5595412647394      -0.149762049    
   1136.7027569327415      -0.149639010    
   1136.8459726007436      -0.149518520    
   1136.9891882687457      -0.149400622    
   1137.1324039367478      -0.149285406    
   1137.2756196047499      -0.149172917    
   1137.4188352727519      -0.149063230    
   1137.5620509407540      -0.148956388    
   1137.7052666087561      -0.148852438    
   1137.8484822767582      -0.148751438    
   1137.9916979447603      -0.148653418    
   1138.1349136127624      -0.148558423    
   1138.2781292807645      -0.148466468    
   1138.4213449487665      -0.148377568    
   1138.5645606167686      -0.148291752    
   1138.7077762847707      -0.148209035    
   1138.8509919527728      -0.148129448    
   1138.9942076207749      -0.148053035    
   1139.1374232887770      -0.147979826    
   1139.2806389567791      -0.147909850    
   1139.4238546247811      -0.147843167    
   1139.5670702927832      -0.147779807    
   1139.7102859607853      -0.147719815    
   1139.8535016287874      -0.147663221    
   1139.9967172967895      -0.147610039    
   1140.1399329647916      -0.147560284    
   1140.2831486327937      -0.147513971    
   1140.4263643007957      -0.147471100    
   1140.5695799687978      -0.147431687    
   1140.7127956367999      -0.147395730    
   1140.8560113048020      -0.147363275    
   1140.9992269728041      -0.147334322    
   1141.1424426408062      -0.147308901    
   1141.2856583088083      -0.147287026    
   1141.4288739768103      -0.147268727    
   1141.5720896448124      -0.147254005    
   1141.7153053128145      -0.147242874    
   1141.8585209808166      -0.147235334    
   1142.0017366488187      -0.147231385    
   1142.1449523168208      -0.147231013    
   1142.2881679848228      -0.147234201    
   1142.4313836528249      -0.147240952    
   1142.5745993208270      -0.147251233    
   1142.7178149888291      -0.147265032    
   1142.8610306568312      -0.147282347    
   1143.0042463248333      -0.147303164    
   1143.1474619928354      -0.147327498    
   1143.2906776608374      -0.147355348    
   1143.4338933288395      -0.147386715    
   1143.5771089968416      -0.147421584    
   1143.7203246648437      -0.147459954    
   1143.8635403328458      -0.147501811    
   1144.0067560008479      -0.147547126    
   1144.1499716688500      -0.147595882    
   1144.2931873368520      -0.147648051    
   1144.4364030048541      -0.147703618    
   1144.5796186728562      -0.147762552    
   1144.7228343408583      -0.147824824    
   1144.8660500088604      -0.147890404    
   1145.0092656768625      -0.147959277    
   1145.1524813448646      -0.148031414    
   1145.2956970128666      -0.148106799    
   1145.4389126808687      -0.148185387    
   1145.5821283488708      -0.148267165    
   1145.7253440168729      -0.148352087    
   1145.8685596848750      -0.148440108    
   1146.0117753528771      -0.148531184    
   1146.1549910208792      -0.148625284    
   1146.2982066888812      -0.148722380    
   1146.4414223568833      -0.148822412    
   1146.5846380248854      -0.148925349    
   1146.7278536928875      -0.149031162    
   1146.8710693608896      -0.149139792    
   1147.0142850288917      -0.149251208    
   1147.1575006968937      -0.149365351    
   1147.3007163648958      -0.149482161    
   1147.4439320328979      -0.149601594    
   1147.5871477009000      -0.149723604    
   1147.7303633689021      -0.149848133    
   1147.8735790369042      -0.149975136    
   1148.0167947049063      -0.150104553    
   1148.1600103729083      -0.150236338    
   1148.3032260409104      -0.150370449    
   1148.4464417089125      -0.150506824    
   1148.5896573769146      -0.150645435    
   1148.7328730449167      -0.150786221    
   1148.8760887129188      -0.150929138    
   1149.0193043809209      -0.151074126    
   1149.1625200489229      -0.151221126    
   1149.3057357169250      -0.151370078    
   1149.4489513849271      -0.151520908    
   1149.5921670529292      -0.151673540    
   1149.7353827209313      -0.151827887    
   1149.8785983889334      -0.151983872    
   1150.0218140569355      -0.152141422    
   1150.1650297249375      -0.152300477    
   1150.3082453929396      -0.152460992    
   1150.4514610609417      -0.152622893    
   1150.5946767289438      -0.152786136    
   1150.7378923969459      -0.152950659    
   1150.8811080649480      -0.153116405    
   1151.0243237329501      -0.153283328    
   1151.1675394009521      -0.153451338    
   1151.3107550689542      -0.153620377    
   1151.4539707369563      -0.153790370    
   1151.5971864049584      -0.153961241    
   1151.7404020729605      -0.154132918    
   1151.8836177409626      -0.154305309    
   1152.0268334089646      -0.154478341    
   1152.1700490769667      -0.154651955    
   1152.3132647449688      -0.154826075    
   1152.4564804129709      -0.155000627    
   1152.5996960809730      -0.155175567    
   1152.7429117489751      -0.155350834    
   1152.8861274169772      -0.155526370    
   1153.0293430849792      -0.155702099    
   1153.1725587529813      -0.155877978    
   1153.3157744209834      -0.156053916    
   1153.4589900889855      -0.156229854    
   1153.6022057569876      -0.156405702    
   1153.7454214249897      -0.156581372    
   1153.8886370929918      -0.156756788    
   1154.0318527609938      -0.156931877    
   1154.1750684289959      -0.157106563    
   1154.3182840969980      -0.157280773    
   1154.4614997650001      -0.157454446    
   1154.6047154330022      -0.157627538    
   1154.7479311010043      -0.157800019    
   1154.8911467690064      -0.157971844    
   1155.0343624370084      -0.158142969    
   1155.1775781050105      -0.158313349    
   1155.3207937730126      -0.158482939    
   1155.4640094410147      -0.158651665    
   1155.6072251090168      -0.158819437    
   1155.7504407770189      -0.158986196    
   1155.8936564450210      -0.159151852    
   1156.0368721130230      -0.159316316    
   1156.1800877810251      -0.159479529    
   1156.3233034490272      -0.159641430    
   1156.4665191170293      -0.159801975    
   1156.6097347850314      -0.159961134    
   1156.7529504530335      -0.160118878    
   1156.8961661210355      -0.160275161    
   1157.0393817890376      -0.160429984    
   1157.1825974570397      -0.160583302    
   1157.3258131250418      -0.160735101    
   1157.4690287930439      -0.160885334    
   1157.6122444610460      -0.161033958    
   1157.7554601290481      -0.161180913    
   1157.8986757970501      -0.161326140    
   1158.0418914650522      -0.161469579    
   1158.1851071330543      -0.161611170    
   1158.3283228010564      -0.161750868    
   1158.4715384690585      -0.161888629    
   1158.6147541370606      -0.162024438    
   1158.7579698050627      -0.162158281    
   1158.9011854730647      -0.162290156    
   1159.0444011410668      -0.162420049    
   1159.1876168090689      -0.162547961    
   1159.3308324770710      -0.162673891    
   1159.4740481450731      -0.162797809    
   1159.6172638130752      -0.162919685    
   1159.7604794810773      -0.163039491    
   1159.9036951490793      -0.163157165    
   1160.0469108170814      -0.163272679    
   1160.1901264850835      -0.163385987    
   1160.3333421530856      -0.163497075    
   1160.4765578210877      -0.163605928    
   1160.6197734890898      -0.163712546    
   1160.7629891570919      -0.163816944    
   1160.9062048250939      -0.163919136    
   1161.0494204930960      -0.164019138    
   1161.1926361610981      -0.164116964    
   1161.3358518291002      -0.164212614    
   1161.4790674971023      -0.164306089    
   1161.6222831651044      -0.164397389    
   1161.7654988331064      -0.164486483    
   1161.9087145011085      -0.164573371    
   1162.0519301691106      -0.164658040    
   1162.1951458371127      -0.164740458    
   1162.3383615051148      -0.164820626    
   1162.4815771731169      -0.164898530    
   1162.6247928411190      -0.164974168    
   1162.7680085091210      -0.165047541    
   1162.9112241771231      -0.165118679    
   1163.0544398451252      -0.165187582    
   1163.1976555131273      -0.165254265    
   1163.3408711811294      -0.165318742    
   1163.4840868491315      -0.165381014    
   1163.6273025171336      -0.165441111    
   1163.7705181851356      -0.165499032    
   1163.9137338531377      -0.165554792    
   1164.0569495211398      -0.165608391    
   1164.2001651891419      -0.165659845    
   1164.3433808571440      -0.165709153    
   1164.4865965251461      -0.165756315    
   1164.6298121931482      -0.165801346    
   1164.7730278611502      -0.165844262    
   1164.9162435291523      -0.165885031    
   1165.0594591971544      -0.165923670    
   1165.2026748651565      -0.165960193    
   1165.3458905331586      -0.165994585    
   1165.4891062011607      -0.166026860    
   1165.6323218691628      -0.166057020    
   1165.7755375371648      -0.166085064    
   1165.9187532051669      -0.166111022    
   1166.0619688731690      -0.166134894    
   1166.2051845411711      -0.166156694    
   1166.3484002091732      -0.166176438    
   1166.4916158771753      -0.166194126    
   1166.6348315451773      -0.166209772    
   1166.7780472131794      -0.166223377    
   1166.9212628811815      -0.166234925    
   1167.0644785491836      -0.166244417    
   1167.2076942171857      -0.166251838    
   1167.3509098851878      -0.166257173    
   1167.4941255531899      -0.166260421    
   1167.6373412211919      -0.166261584    
   1167.7805568891940      -0.166260645    
   1167.9237725571961      -0.166257620    
   1168.0669882251982      -0.166252494    
   1168.2102038932003      -0.166245282    
   1168.3534195612024      -0.166235968    
   1168.4966352292045      -0.166224539    
   1168.6398508972065      -0.166210994    
   1168.7830665652086      -0.166195303    
   1168.9262822332107      -0.166177437    
   1169.0694979012128      -0.166157365    
   1169.2127135692149      -0.166135058    
   1169.3559292372170      -0.166110501    
   1169.4991449052191      -0.166083679    
   1169.6423605732211      -0.166054562    
   1169.7855762412232      -0.166023150    
   1169.9287919092253      -0.165989429    
   1170.0720075772274      -0.165953383    
   1170.2152232452295      -0.165915012    
   1170.3584389132316      -0.165874317    
   1170.5016545812337      -0.165831268    
   1170.6448702492357      -0.165785819    
   1170.7880859172378      -0.165737957    
   1170.9313015852399      -0.165687621    
   1171.0745172532420      -0.165634796    
   1171.2177329212441      -0.165579423    
   1171.3609485892462      -0.165521473    
   1171.5041642572482      -0.165460899    
   1171.6473799252503      -0.165397674    
   1171.7905955932524      -0.165331781    
   1171.9338112612545      -0.165263176    
   1172.0770269292566      -0.165191814    
   1172.2202425972587      -0.165117666    
   1172.3634582652608      -0.165040702    
   1172.5066739332628      -0.164960846    
   1172.6498896012649      -0.164878070    
   1172.7931052692670      -0.164792314    
   1172.9363209372691      -0.164703548    
   1173.0795366052712      -0.164611712    
   1173.2227522732733      -0.164516762    
   1173.3659679412754      -0.164418668    
   1173.5091836092774      -0.164317399    
   1173.6523992772795      -0.164212912    
   1173.7956149452816      -0.164105192    
   1173.9388306132837      -0.163994208    
   1174.0820462812858      -0.163879931    
   1174.2252619492879      -0.163762331    
   1174.3684776172900      -0.163641393    
   1174.5116932852920      -0.163517058    
   1174.6549089532941      -0.163389295    
   1174.7981246212962      -0.163258046    
   1174.9413402892983      -0.163123280    
   1175.0845559573004      -0.162984937    
   1175.2277716253025      -0.162842989    
   1175.3709872933046      -0.162697375    
   1175.5142029613066      -0.162548065    
   1175.6574186293087      -0.162395030    
   1175.8006342973108      -0.162238225    
   1175.9438499653129      -0.162077606    
   1176.0870656333150      -0.161913157    
   1176.2302813013171      -0.161744833    
   1176.3734969693191      -0.161572635    
   1176.5167126373212      -0.161396533    
   1176.6599283053233      -0.161216512    
   1176.8031439733254      -0.161032572    
   1176.9463596413275      -0.160844684    
   1177.0895753093296      -0.160652846    
   1177.2327909773317      -0.160457060    
   1177.3760066453337      -0.160257325    
   1177.5192223133358      -0.160053611    
   1177.6624379813379      -0.159845933    
   1177.8056536493400      -0.159634277    
   1177.9488693173421      -0.159418643    
   1178.0920849853442      -0.159199029    
   1178.2353006533463      -0.158975452    
   1178.3785163213483      -0.158747911    
   1178.5217319893504      -0.158516437    
   1178.6649476573525      -0.158281043    
   1178.8081633253546      -0.158041760    
   1178.9513789933567      -0.157798618    
   1179.0945946613588      -0.157551646    
   1179.2378103293609      -0.157300860    
   1179.3810259973629      -0.157046288    
   1179.5242416653650      -0.156787947    
   1179.6674573333671      -0.156525865    
   1179.8106730013692      -0.156260073    
   1179.9538886693713      -0.155990601    
   1180.0971043373734      -0.155717492    
   1180.2403200053755      -0.155440807    
   1180.3835356733775      -0.155160591    
   1180.5267513413796      -0.154876903    
   1180.6699670093817      -0.154589832    
   1180.8131826773838      -0.154299438    
   1180.9563983453859      -0.154005796    
   1181.0996140133880      -0.153709009    
   1181.2428296813900      -0.153409168    
   1181.3860453493921      -0.153106362    
   1181.5292610173942      -0.152800694    
   1181.6724766853963      -0.152492240    
   1181.8156923533984      -0.152181104    
   1181.9589080214005      -0.151867375    
   1182.1021236894026      -0.151551157    
   1182.2453393574046      -0.151232541    
   1182.3885550254067      -0.150911644    
   1182.5317706934088      -0.150588587    
   1182.6749863614109      -0.150263488    
   1182.8182020294130      -0.149936482    
   1182.9614176974151      -0.149607718    
   1183.1046333654172      -0.149277315    
   1183.2478490334192      -0.148945406    
   1183.3910647014213      -0.148612127    
   1183.5342803694234      -0.148277625    
   1183.6774960374255      -0.147942021    
   1183.8207117054276      -0.147605464    
   1183.9639273734297      -0.147268072    
   1184.1071430414318      -0.146929994    
   1184.2503587094338      -0.146591380    
   1184.3935743774359      -0.146252379    
   1184.5367900454380      -0.145913169    
   1184.6800057134401      -0.145573914    
   1184.8232213814422      -0.145234793    
   1184.9664370494443      -0.144895986    
   1185.1096527174464      -0.144557670    
   1185.2528683854484      -0.144220024    
   1185.3960840534505      -0.143883213    
   1185.5392997214526      -0.143547431    
   1185.6825153894547      -0.143212840    
   1185.8257310574568      -0.142879635    
   1185.9689467254589      -0.142547995    
   1186.1121623934609      -0.142218083    
   1186.2553780614630      -0.141890109    
   1186.3985937294651      -0.141564235    
   1186.5418093974672      -0.141240656    
   1186.6850250654693      -0.140919566    
   1186.8282407334714      -0.140601158    
   1186.9714564014735      -0.140285611    
   1187.1146720694755      -0.139973119    
   1187.2578877374776      -0.139663860    
   1187.4011034054797      -0.139358029    
   1187.5443190734818      -0.139055789    
   1187.6875347414839      -0.138757318    
   1187.8307504094860      -0.138462812    
   1187.9739660774881      -0.138172433    
   1188.1171817454901      -0.137886375    
   1188.2603974134922      -0.137604818    
   1188.4036130814943      -0.137327939    
   1188.5468287494964      -0.137055919    
   1188.6900444174985      -0.136788920    
   1188.8332600855006      -0.136527121    
   1188.9764757535027      -0.136270702    
   1189.1196914215047      -0.136019826    
   1189.2629070895068      -0.135774642    
   1189.4061227575089      -0.135535315    
   1189.5493384255110      -0.135302007    
   1189.6925540935131      -0.135074854    
   1189.8357697615152      -0.134854004    
   1189.9789854295173      -0.134639606    
   1190.1222010975193      -0.134431809    
   1190.2654167655214      -0.134230763    
   1190.4086324335235      -0.134036615    
   1190.5518481015256      -0.133849487    
   1190.6950637695277      -0.133669510    
   1190.8382794375298      -0.133496806    
   1190.9814951055318      -0.133331478    
   1191.1247107735339      -0.133173630    
   1191.2679264415360      -0.133023351    
   1191.4111421095381      -0.132880732    
   1191.5543577775402      -0.132745877    
   1191.6975734455423      -0.132618874    
   1191.8407891135444      -0.132499799    
   1191.9840047815464      -0.132388726    
   1192.1272204495485      -0.132285744    
   1192.2704361175506      -0.132190898    
   1192.4136517855527      -0.132104248    
   1192.5568674535548      -0.132025838    
   1192.7000831215569      -0.131955713    
   1192.8432987895590      -0.131893918    
   1192.9865144575610      -0.131840453    
   1193.1297301255631      -0.131795332    
   1193.2729457935652      -0.131758586    
   1193.4161614615673      -0.131730199    
   1193.5593771295694      -0.131710187    
   1193.7025927975715      -0.131698564    
   1193.8458084655736      -0.131695315    
   1193.9890241335756      -0.131700441    
   1194.1322398015777      -0.131713942    
   1194.2754554695798      -0.131735802    
   1194.4186711375819      -0.131765977    
   1194.5618868055840      -0.131804436    
   1194.7051024735861      -0.131851137    
   1194.8483181415882      -0.131905988    
   1194.9915338095902      -0.131968930    
   1195.1347494775923      -0.132039860    
   1195.2779651455944      -0.132118687    
   1195.4211808135965      -0.132205307    
   1195.5643964815986      -0.132299632    
   1195.7076121496007      -0.132401556    
   1195.8508278176027      -0.132511005    
   1195.9940434856048      -0.132627875    
   1196.1372591536069      -0.132752061    
   1196.2804748216090      -0.132883459    
   1196.4236904896111      -0.133021951    
   1196.5669061576132      -0.133167401    
   1196.7101218256153      -0.133319661    
   1196.8533374936173      -0.133478582    
   1196.9965531616194      -0.133644015    
   1197.1397688296215      -0.133815795    
   1197.2829844976236      -0.133993760    
   1197.4262001656257      -0.134177744    
   1197.5694158336278      -0.134367585    
   1197.7126315016299      -0.134563118    
   1197.8558471696319      -0.134764180    
   1197.9990628376340      -0.134970605    
   1198.1422785056361      -0.135182217    
   1198.2854941736382      -0.135398835    
   1198.4287098416403      -0.135620281    
   1198.5719255096424      -0.135846347    
   1198.7151411776445      -0.136076853    
   1198.8583568456465      -0.136311591    
   1199.0015725136486      -0.136550337    
   1199.1447881816507      -0.136792883    
   1199.2880038496528      -0.137039006    
   1199.4312195176549      -0.137288496    
   1199.5744351856570      -0.137541160    
   1199.7176508536591      -0.137796775    
   1199.8608665216611      -0.138055146    
   1200.0040821896632      -0.138316080    
   1200.1472978576653      -0.138579383    
   1200.2905135256674      -0.138844863    
   1200.4337291936695      -0.139112324    
   1200.5769448616716      -0.139381543    
   1200.7201605296736      -0.139652327    
   1200.8633761976757      -0.139924452    
   1201.0065918656778      -0.140197724    
   1201.1498075336799      -0.140471920    
   1201.2930232016820      -0.140746847    
   1201.4362388696841      -0.141022280    
   1201.5794545376862      -0.141298026    
   1201.7226702056882      -0.141573861    
   1201.8658858736903      -0.141849607    
   1202.0091015416924      -0.142125055    
   1202.1523172096945      -0.142400011    
   1202.2955328776966      -0.142674312    
   1202.4387485456987      -0.142947778    
   1202.5819642137008      -0.143220246    
   1202.7251798817028      -0.143491536    
   1202.8683955497049      -0.143761486    
   1203.0116112177070      -0.144029930    
   1203.1548268857091      -0.144296691    
   1203.2980425537112      -0.144561619    
   1203.4412582217133      -0.144824535    
   1203.5844738897154      -0.145085305    
   1203.7276895577174      -0.145343766    
   1203.8709052257195      -0.145599782    
   1204.0141208937216      -0.145853221    
   1204.1573365617237      -0.146103948    
   1204.3005522297258      -0.146351859    
   1204.4437678977279      -0.146596834    
   1204.5869835657300      -0.146838769    
   1204.7301992337320      -0.147077560    
   1204.8734149017341      -0.147313103    
   1205.0166305697362      -0.147545293    
   1205.1598462377383      -0.147774041    
   1205.3030619057404      -0.147999227    
   1205.4462775737425      -0.148220778    
   1205.5894932417445      -0.148438603    
   1205.7327089097466      -0.148652613    
   1205.8759245777487      -0.148862749    
   1206.0191402457508      -0.149068952    
   1206.1623559137529      -0.149271175    
   1206.3055715817550      -0.149469376    
   1206.4487872497571      -0.149663538    
   1206.5920029177591      -0.149853647    
   1206.7352185857612      -0.150039673    
   1206.8784342537633      -0.150221616    
   1207.0216499217654      -0.150399461    
   1207.1648655897675      -0.150573194    
   1207.3080812577696      -0.150742799    
   1207.4512969257717      -0.150908262    
   1207.5945125937737      -0.151069582    
   1207.7377282617758      -0.151226759    
   1207.8809439297779      -0.151379794    
   1208.0241595977800      -0.151528716    
   1208.1673752657821      -0.151673540    
   1208.3105909337842      -0.151814312    
   1208.4538066017863      -0.151951090    
   1208.5970222697883      -0.152083918    
   1208.7402379377904      -0.152212858    
   1208.8834536057925      -0.152337939    
   1209.0266692737946      -0.152459234    
   1209.1698849417967      -0.152576774    
   1209.3131006097988      -0.152690604    
   1209.4563162778009      -0.152800798    
   1209.5995319458029      -0.152907401    
   1209.7427476138050      -0.153010488    
   1209.8859632818071      -0.153110117    
   1210.0291789498092      -0.153206393    
   1210.1723946178113      -0.153299391    
   1210.3156102858134      -0.153389215    
   1210.4588259538154      -0.153475970    
   1210.6020416218175      -0.153559744    
   1210.7452572898196      -0.153640643    
   1210.8884729578217      -0.153718755    
   1211.0316886258238      -0.153794184    
   1211.1749042938259      -0.153867021    
   1211.3181199618280      -0.153937355    
   1211.4613356298300      -0.154005274    
   1211.6045512978321      -0.154070884    
   1211.7477669658342      -0.154134274    
   1211.8909826338363      -0.154195547    
   1212.0341983018384      -0.154254824    
   1212.1774139698405      -0.154312208    
   1212.3206296378426      -0.154367805    
   1212.4638453058446      -0.154421732    
   1212.6070609738467      -0.154474080    
   1212.7502766418488      -0.154524967    
   1212.8934923098509      -0.154574484    
   1213.0367079778530      -0.154622719    
   1213.1799236458551      -0.154669777    
   1213.3231393138572      -0.154715747    
   1213.4663549818592      -0.154760718    
   1213.6095706498613      -0.154804796    
   1213.7527863178634      -0.154848054    
   1213.8960019858655      -0.154890612    
   1214.0392176538676      -0.154932573    
   1214.1824333218697      -0.154974028    
   1214.3256489898718      -0.155015081    
   1214.4688646578738      -0.155055821    
   1214.6120803258759      -0.155096352    
   1214.7552959938780      -0.155136749    
   1214.8985116618801      -0.155177101    
   1215.0417273298822      -0.155217499    
   1215.1849429978843      -0.155257985    
   1215.3281586658863      -0.155298650    
   1215.4713743338884      -0.155339539    
   1215.6145900018905      -0.155380726    
   1215.7578056698926      -0.155422270    
   1215.9010213378947      -0.155464217    
   1216.0442370058968      -0.155506626    
   1216.1874526738989      -0.155549541    
   1216.3306683419009      -0.155593008    
   1216.4738840099030      -0.155637085    
   1216.6170996779051      -0.155681819    
   1216.7603153459072      -0.155727252    
   1216.9035310139093      -0.155773446    
   1217.0467466819114      -0.155820414    
   1217.1899623499135      -0.155868202    
   1217.3331780179155      -0.155916825    
   1217.4763936859176      -0.155966327    
   1217.6196093539197      -0.156016707    
   1217.7628250219218      -0.156067982    
   1217.9060406899239      -0.156120166    
   1218.0492563579260      -0.156173274    
   1218.1924720259281      -0.156227320    
   1218.3356876939301      -0.156282306    
   1218.4789033619322      -0.156338230    
   1218.6221190299343      -0.156395093    
   1218.7653346979364      -0.156452894    
   1218.9085503659385      -0.156511620    
   1219.0517660339406      -0.156571284    
   1219.1949817019427      -0.156631857    
   1219.3381973699447      -0.156693324    
   1219.4814130379468      -0.156755641    
   1219.6246287059489      -0.156818777    
   1219.7678443739510      -0.156882688    
   1219.9110600419531      -0.156947315    
   1220.0542757099552      -0.157012627    
   1220.1974913779572      -0.157078579    
   1220.3407070459593      -0.157145157    
   1220.4839227139614      -0.157212332    
   1220.6271383819635      -0.157280087    
   1220.7703540499656      -0.157348394    
   1220.9135697179677      -0.157417223    
   1221.0567853859698      -0.157486528    
   1221.2000010539718      -0.157556266    
   1221.3432167219739      -0.157626376    
   1221.4864323899760      -0.157696798    
   1221.6296480579781      -0.157767475    
   1221.7728637259802      -0.157838330    
   1221.9160793939823      -0.157909289    
   1222.0592950619844      -0.157980293    
   1222.2025107299864      -0.158051267    
   1222.3457263979885      -0.158122137    
   1222.4889420659906      -0.158192858    
   1222.6321577339927      -0.158263385    
   1222.7753734019948      -0.158333659    
   1222.9185890699969      -0.158403635    
   1223.0618047379990      -0.158473253    
   1223.2050204060010      -0.158542469    
   1223.3482360740031      -0.158611208    
   1223.4914517420052      -0.158679411    
   1223.6346674100073      -0.158747002    
   1223.7778830780094      -0.158813909    
   1223.9210987460115      -0.158880055    
   1224.0643144140136      -0.158945382    
   1224.2075300820156      -0.159009814    
   1224.3507457500177      -0.159073293    
   1224.4939614180198      -0.159135759    
   1224.6371770860219      -0.159197152    
   1224.7803927540240      -0.159257427    
   1224.9236084220261      -0.159316525    
   1225.0668240900281      -0.159374401    
   1225.2100397580302      -0.159431010    
   1225.3532554260323      -0.159486309    
   1225.4964710940344      -0.159540236    
   1225.6396867620365      -0.159592748    
   1225.7829024300386      -0.159643769    
   1225.9261180980407      -0.159693256    
   1226.0693337660427      -0.159741133    
   1226.2125494340448      -0.159787357    
   1226.3557651020469      -0.159831867    
   1226.4989807700490      -0.159874618    
   1226.6421964380511      -0.159915566    
   1226.7854121060532      -0.159954697    
   1226.9286277740553      -0.159991965    
   1227.0718434420573      -0.160027355    
   1227.2150591100594      -0.160060853    
   1227.3582747780615      -0.160092443    
   1227.5014904460636      -0.160122097    
   1227.6447061140657      -0.160149813    
   1227.7879217820678      -0.160175547    
   1227.9311374500699      -0.160199285    
   1228.0743531180719      -0.160221010    
   1228.2175687860740      -0.160240680    
   1228.3607844540761      -0.160258278    
   1228.5040001220782      -0.160273790    
   1228.6472157900803      -0.160287187    
   1228.7904314580824      -0.160298452    
   1228.9336471260845      -0.160307571    
   1229.0768627940865      -0.160314530    
   1229.2200784620886      -0.160319328    
   1229.3632941300907      -0.160321981    
   1229.5065097980928      -0.160322502    
   1229.6497254660949      -0.160320908    
   1229.7929411340970      -0.160317212    
   1229.9361568020990      -0.160311431    
   1230.0793724701011      -0.160303563    
   1230.2225881381032      -0.160293639    
   1230.3658038061053      -0.160281643    
   1230.5090194741074      -0.160267606    
   1230.6522351421095      -0.160251513    
   1230.7954508101116      -0.160233378    
   1230.9386664781136      -0.160213217    
   1231.0818821461157      -0.160191059    
   1231.2250978141178      -0.160166919    
   1231.3683134821199      -0.160140827    
   1231.5115291501220      -0.160112828    
   1231.6547448181241      -0.160082951    
   1231.7979604861262      -0.160051227    
   1231.9411761541282      -0.160017699    
   1232.0843918221303      -0.159982413    
   1232.2276074901324      -0.159945413    
   1232.3708231581345      -0.159906715    
   1232.5140388261366      -0.159866363    
   1232.6572544941387      -0.159824371    
   1232.8004701621408      -0.159780771    
   1232.9436858301428      -0.159735575    
   1233.0869014981449      -0.159688830    
   1233.2301171661470      -0.159640551    
   1233.3733328341491      -0.159590796    
   1233.5165485021512      -0.159539610    
   1233.6597641701533      -0.159487039    
   1233.8029798381554      -0.159433126    
   1233.9461955061574      -0.159377933    
   1234.0894111741595      -0.159321502    
   1234.2326268421616      -0.159263894    
   1234.3758425101637      -0.159205154    
   1234.5190581781658      -0.159145325    
   1234.6622738461679      -0.159084439    
   1234.8054895141699      -0.159022525    
   1234.9487051821720      -0.158959627    
   1235.0919208501741      -0.158895791    
   1235.2351365181762      -0.158831075    
   1235.3783521861783      -0.158765525    
   1235.5215678541804      -0.158699185    
   1235.6647835221825      -0.158632115    
   1235.8079991901845      -0.158564374    
   1235.9512148581866      -0.158496022    
   1236.0944305261887      -0.158427089    
   1236.2376461941908      -0.158357620    
   1236.3808618621929      -0.158287644    
   1236.5240775301950      -0.158217192    
   1236.6672931981971      -0.158146262    
   1236.8105088661991      -0.158074901    
   1236.9537245342012      -0.158003137    
   1237.0969402022033      -0.157931015    
   1237.2401558702054      -0.157858580    
   1237.3833715382075      -0.157785892    
   1237.5265872062096      -0.157713011    
   1237.6698028742117      -0.157639995    
   1237.8130185422137      -0.157566905    
   1237.9562342102158      -0.157493785    
   1238.0994498782179      -0.157420695    
   1238.2426655462200      -0.157347664    
   1238.3858812142221      -0.157274723    
   1238.5290968822242      -0.157201886    
   1238.6723125502263      -0.157129154    
   1238.8155282182283      -0.157056525    
   1238.9587438862304      -0.156984031    
   1239.1019595542325      -0.156911686    
   1239.2451752222346      -0.156839520    
   1239.3883908902367      -0.156767577    
   1239.5316065582388      -0.156695902    
   1239.6748222262408      -0.156624541    
   1239.8180378942429      -0.156553537    
   1239.9612535622450      -0.156482950    
   1240.1044692302471      -0.156412825    
   1240.2476848982492      -0.156343192    
   1240.3909005662513      -0.156274080    
   1240.5341162342534      -0.156205505    
   1240.6773319022554      -0.156137496    
   1240.8205475702575      -0.156070054    
   1240.9637632382596      -0.156003177    
   1241.1069789062617      -0.155936867    
   1241.2501945742638      -0.155871138    
   1241.3934102422659      -0.155806005    
   1241.5366259102680      -0.155741498    
   1241.6798415782700      -0.155677631    
   1241.8230572462721      -0.155614436    
   1241.9662729142742      -0.155551955    
   1242.1094885822763      -0.155490220    
   1242.2527042502784      -0.155429274    
   1242.3959199182805      -0.155369133    
   1242.5391355862826      -0.155309826    
   1242.6823512542846      -0.155251369    
   1242.8255669222867      -0.155193776    
   1242.9687825902888      -0.155137047    
   1243.1119982582909      -0.155081198    
   1243.2552139262930      -0.155026227    
   1243.3984295942951      -0.154972136    
   1243.5416452622972      -0.154918939    
   1243.6848609302992      -0.154866651    
   1243.8280765983013      -0.154815271    
   1243.9712922663034      -0.154764831    
   1244.1145079343055      -0.154715344    
   1244.2577236023076      -0.154666826    
   1244.4009392703097      -0.154619306    
   1244.5441549383117      -0.154572785    
   1244.6873706063138      -0.154527292    
   1244.8305862743159      -0.154482841    
   1244.9738019423180      -0.154439434    
   1245.1170176103201      -0.154397100    
   1245.2602332783222      -0.154355839    
   1245.4034489463243      -0.154315665    
   1245.5466646143263      -0.154276595    
   1245.6898802823284      -0.154238626    
   1245.8330959503305      -0.154201776    
   1245.9763116183326      -0.154166028    
   1246.1195272863347      -0.154131413    
   1246.2627429543368      -0.154097915    
   1246.4059586223389      -0.154065549    
   1246.5491742903409      -0.154034331    
   1246.6923899583430      -0.154004276    
   1246.8356056263451      -0.153975397    
   1246.9788212943472      -0.153947696    
   1247.1220369623493      -0.153921202    
   1247.2652526303514      -0.153895900    
   1247.4084682983535      -0.153871819    
   1247.5516839663555      -0.153848946    
   1247.6948996343576      -0.153827295    
   1247.8381153023597      -0.153806865    
   1247.9813309703618      -0.153787643    
   1248.1245466383639      -0.153769642    
   1248.2677623063660      -0.153752849    
   1248.4109779743681      -0.153737277    
   1248.5541936423701      -0.153722912    
   1248.6974093103722      -0.153709769    
   1248.8406249783743      -0.153697863    
   1248.9838406463764      -0.153687179    
   1249.1270563143785      -0.153677747    
   1249.2702719823806      -0.153669551    
   1249.4134876503826      -0.153662607    
   1249.5567033183847      -0.153656915    
   1249.6999189863868      -0.153652474    
   1249.8431346543889      -0.153649285    
   1249.9863503223910      -0.153647363    
   1250.1295659903931      -0.153646693    
   1250.2727816583952      -0.153647274    
   1250.4159973263972      -0.153649092    
   1250.5592129943993      -0.153652146    
   1250.7024286624014      -0.153656423    
   1250.8456443304035      -0.153661907    
   1250.9888599984056      -0.153668582    
   1251.1320756664077      -0.153676450    
   1251.2752913344098      -0.153685495    
   1251.4185070024118      -0.153695703    
   1251.5617226704139      -0.153707057    
   1251.7049383384160      -0.153719544    
   1251.8481540064181      -0.153733149    
   1251.9913696744202      -0.153747857    
   1252.1345853424223      -0.153763637    
   1252.2778010104244      -0.153780490    
   1252.4210166784264      -0.153798401    
   1252.5642323464285      -0.153817371    
   1252.7074480144306      -0.153837353    
   1252.8506636824327      -0.153858349    
   1252.9938793504348      -0.153880328    
   1253.1370950184369      -0.153903261    
   1253.2803106864390      -0.153927132    
   1253.4235263544410      -0.153951928    
   1253.5667420224431      -0.153977633    
   1253.7099576904452      -0.154004216    
   1253.8531733584473      -0.154031664    
   1253.9963890264494      -0.154059932    
   1254.1396046944515      -0.154088989    
   1254.2828203624535      -0.154118791    
   1254.4260360304556      -0.154149309    
   1254.5692516984577      -0.154180497    
   1254.7124673664598      -0.154212326    
   1254.8556830344619      -0.154244766    
   1254.9988987024640      -0.154277772    
   1255.1421143704661      -0.154311299    
   1255.2853300384681      -0.154345319    
   1255.4285457064702      -0.154379785    
   1255.5717613744723      -0.154414654    
   1255.7149770424744      -0.154449880    
   1255.8581927104765      -0.154485419    
   1256.0014083784786      -0.154521227    
   1256.1446240464807      -0.154557258    
   1256.2878397144827      -0.154593468    
   1256.4310553824848      -0.154629827    
   1256.5742710504869      -0.154666290    
   1256.7174867184890      -0.154702812    
   1256.8607023864911      -0.154739350    
   1257.0039180544932      -0.154775858    
   1257.1471337224953      -0.154812276    
   1257.2903493904973      -0.154848561    
   1257.4335650584994      -0.154884666    
   1257.5767807265015      -0.154920518    
   1257.7199963945036      -0.154956058    
   1257.8632120625057      -0.154991224    
   1258.0064277305078      -0.155025974    
   1258.1496433985099      -0.155060247    
   1258.2928590665119      -0.155093983    
   1258.4360747345140      -0.155127108    
   1258.5792904025161      -0.155159563    
   1258.7225060705182      -0.155191272    
   1258.8657217385203      -0.155222178    
   1259.0089374065224      -0.155252203    
   1259.1521530745244      -0.155281305    
   1259.2953687425265      -0.155309424    
   1259.4385844105286      -0.155336499    
   1259.5818000785307      -0.155362487    
   1259.7250157465328      -0.155387327    
   1259.8682314145349      -0.155410975    
   1260.0114470825370      -0.155433357    
   1260.1546627505390      -0.155454412    
   1260.2978784185411      -0.155474052    
   1260.4410940865432      -0.155492216    
   1260.5843097545453      -0.155508816    
   1260.7275254225474      -0.155523792    
   1260.8707410905495      -0.155537069    
   1261.0139567585516      -0.155548587    
   1261.1571724265536      -0.155558288    
   1261.3003880945557      -0.155566126    
   1261.4436037625578      -0.155572042    
   1261.5868194305599      -0.155575976    
   1261.7300350985620      -0.155577883    
   1261.8732507665641      -0.155577704    
   1262.0164664345662      -0.155575380    
   1262.1596821025682      -0.155570820    
   1262.3028977705703      -0.155563951    
   1262.4461134385724      -0.155554697    
   1262.5893291065745      -0.155542970    
   1262.7325447745766      -0.155528679    
   1262.8757604425787      -0.155511767    
   1263.0189761105808      -0.155492172    
   1263.1621917785828      -0.155469835    
   1263.3054074465849      -0.155444711    
   1263.4486231145870      -0.155416757    
   1263.5918387825891      -0.155385941    
   1263.7350544505912      -0.155352220    
   1263.8782701185933      -0.155315563    
   1264.0214857865953      -0.155275926    
   1264.1647014545974      -0.155233234    
   1264.3079171225995      -0.155187413    
   1264.4511327906016      -0.155138388    
   1264.5943484586037      -0.155086085    
   1264.7375641266058      -0.155030429    
   1264.8807797946079      -0.154971331    
   1265.0239954626099      -0.154908746    
   1265.1672111306120      -0.154842615    
   1265.3104267986141      -0.154772907    
   1265.4536424666162      -0.154699579    
   1265.5968581346183      -0.154622614    
   1265.7400738026204      -0.154541999    
   1265.8832894706225      -0.154457688    
   1266.0265051386245      -0.154369667    
   1266.1697208066266      -0.154277891    
   1266.3129364746287      -0.154182300    
   1266.4561521426308      -0.154082850    
   1266.5993678106329      -0.153979495    
   1266.7425834786350      -0.153872177    
   1266.8857991466371      -0.153760865    
   1267.0290148146391      -0.153645515    
   1267.1722304826412      -0.153526112    
   1267.3154461506433      -0.153402641    
   1267.4586618186454      -0.153275087    
   1267.6018774866475      -0.153143421    
   1267.7450931546496      -0.153007641    
   1267.8883088226517      -0.152867734    
   1268.0315244906537      -0.152723685    
   1268.1747401586558      -0.152575478    
   1268.3179558266579      -0.152423084    
   1268.4611714946600      -0.152266473    
   1268.6043871626621      -0.152105644    
   1268.7476028306642      -0.151940584    
   1268.8908184986662      -0.151771292    
   1269.0340341666683      -0.151597753    
   1269.1772498346704      -0.151419967    
   1269.3204655026725      -0.151237950    
   1269.4636811706746      -0.151051700    
   1269.6068968386767      -0.150861233    
   1269.7501125066788      -0.150666550    
   1269.8933281746808      -0.150467679    
   1270.0365438426829      -0.150264636    
   1270.1797595106850      -0.150057420    
   1270.3229751786871      -0.149846077    
   1270.4661908466892      -0.149630606    
   1270.6094065146913      -0.149411038    
   1270.7526221826934      -0.149187416    
   1270.8958378506954      -0.148959756    
   1271.0390535186975      -0.148728088    
   1271.1822691866996      -0.148492470    
   1271.3254848547017      -0.148252919    
   1271.4687005227038      -0.148009494    
   1271.6119161907059      -0.147762224    
   1271.7551318587080      -0.147511140    
   1271.8983475267100      -0.147256285    
   1272.0415631947121      -0.146997705    
   1272.1847788627142      -0.146735460    
   1272.3279945307163      -0.146469593    
   1272.4712101987184      -0.146200150    
   1272.6144258667205      -0.145927221    
   1272.7576415347226      -0.145650879    
   1272.9008572027246      -0.145371199    
   1273.0440728707267      -0.145088241    
   1273.1872885387288      -0.144802108    
   1273.3305042067309      -0.144512862    
   1273.4737198747330      -0.144220576    
   1273.6169355427351      -0.143925339    
   1273.7601512107371      -0.143627226    
   1273.9033668787392      -0.143326327    
   1274.0465825467413      -0.143022701    
   1274.1897982147434      -0.142716452    
   1274.3330138827455      -0.142407671    
   1274.4762295507476      -0.142096460    
   1274.6194452187497      -0.141782925    
   1274.7626608867517      -0.141467154    
   1274.9058765547538      -0.141149268    
   1275.0490922227559      -0.140829384    
   1275.1923078907580      -0.140507594    
   1275.3355235587601      -0.140184000    
   1275.4787392267622      -0.139858708    
   1275.6219548947643      -0.139531821    
   1275.7651705627663      -0.139203444    
   1275.9083862307684      -0.138873696    
   1276.0516018987705      -0.138542682    
   1276.1948175667726      -0.138210520    
   1276.3380332347747      -0.137877345    
   1276.4812489027768      -0.137543276    
   1276.6244645707789      -0.137208462    
   1276.7676802387809      -0.136873007    
   1276.9108959067830      -0.136537045    
   1277.0541115747851      -0.136200696    
   1277.1973272427872      -0.135864094    
   1277.3405429107893      -0.135527357    
   1277.4837585787914      -0.135190606    
   1277.6269742467935      -0.134853944    
   1277.7701899147955      -0.134517506    
   1277.9134055827976      -0.134181410    
   1278.0566212507997      -0.133845791    
   1278.1998369188018      -0.133510783    
   1278.3430525868039      -0.133176506    
   1278.4862682548060      -0.132843107    
   1278.6294839228080      -0.132510722    
   1278.7726995908101      -0.132179499    
   1278.9159152588122      -0.131849587    
   1279.0591309268143      -0.131521121    
   1279.2023465948164      -0.131194234    
   1279.3455622628185      -0.130869061    
   1279.4887779308206      -0.130545735    
   1279.6319935988226      -0.130224347    
   1279.7752092668247      -0.129905015    
   1279.9184249348268      -0.129587844    
   1280.0616406028289      -0.129272938    
   1280.2048562708310      -0.128960401    
   1280.3480719388331      -0.128650352    
   1280.4912876068352      -0.128342912    
   1280.6345032748372      -0.128038198    
   1280.7777189428393      -0.127736360    
   1280.9209346108414      -0.127437532    
   1281.0641502788435      -0.127141848    
   1281.2073659468456      -0.126849443    
   1281.3505816148477      -0.126560420    
   1281.4937972828498      -0.126274884    
   1281.6370129508518      -0.125992924    
   1281.7802286188539      -0.125714630    
   1281.9234442868560      -0.125440046    
   1282.0666599548581      -0.125169247    
   1282.2098756228602      -0.124902301    
   1282.3530912908623      -0.124639273    
   1282.4963069588644      -0.124380238    
   1282.6395226268664      -0.124125279    
   1282.7827382948685      -0.123874493    
   1282.9259539628706      -0.123627968    
   1283.0691696308727      -0.123385809    
   1283.2123852988748      -0.123148113    
   1283.3556009668769      -0.122914962    
   1283.4988166348789      -0.122686438    
   1283.6420323028810      -0.122462600    
   1283.7852479708831      -0.122243486    
   1283.9284636388852      -0.122029126    
   1284.0716793068873      -0.121819533    
   1284.2148949748894      -0.121614732    
   1284.3581106428915      -0.121414736    
   1284.5013263108935      -0.121219561    
   1284.6445419788956      -0.121029221    
   1284.7877576468977      -0.120843731    
   1284.9309733148998      -0.120663129    
   1285.0741889829019      -0.120487429    
   1285.2174046509040      -0.120316654    
   1285.3606203189061      -0.120150827    
   1285.5038359869081      -0.119989954    
   1285.6470516549102      -0.119834036    
   1285.7902673229123      -0.119683065    
   1285.9334829909144      -0.119537026    
   1286.0766986589165      -0.119395904    
   1286.2199143269186      -0.119259670    
   1286.3631299949207      -0.119128302    
   1286.5063456629227      -0.119001761    
   1286.6495613309248      -0.118880019    
   1286.7927769989269      -0.118763030    
   1286.9359926669290      -0.118650772    
   1287.0792083349311      -0.118543200    
   1287.2224240029332      -0.118440278    
   1287.3656396709353      -0.118341960    
   1287.5088553389373      -0.118248187    
   1287.6520710069394      -0.118158892    
   1287.7952866749415      -0.118074015    
   1287.9385023429436      -0.117993474    
   1288.0817180109457      -0.117917195    
   1288.2249336789478      -0.117845103    
   1288.3681493469498      -0.117777117    
   1288.5113650149519      -0.117713153    
   1288.6545806829540      -0.117653131    
   1288.7977963509561      -0.117596976    
   1288.9410120189582      -0.117544606    
   1289.0842276869603      -0.117495939    
   1289.2274433549624      -0.117450885    
   1289.3706590229644      -0.117409341    
   1289.5138746909665      -0.117371209    
   1289.6570903589686      -0.117336370    
   1289.8003060269707      -0.117304720    
   1289.9435216949728      -0.117276140    
   1290.0867373629749      -0.117250510    
   1290.2299530309770      -0.117227718    
   1290.3731686989790      -0.117207654    
   1290.5163843669811      -0.117190212    
   1290.6596000349832      -0.117175288    
   1290.8028157029853      -0.117162786    
   1290.9460313709874      -0.117152601    
   1291.0892470389895      -0.117144629    
   1291.2324627069916      -0.117138751    
   1291.3756783749936      -0.117134847    
   1291.5188940429957      -0.117132790    
   1291.6621097109978      -0.117132448    
   1291.8053253789999      -0.117133684    
   1291.9485410470020      -0.117136374    
   1292.0917567150041      -0.117140383    
   1292.2349723830062      -0.117145576    
   1292.3781880510082      -0.117151849    
   1292.5214037190103      -0.117159091    
   1292.6646193870124      -0.117167190    
   1292.8078350550145      -0.117176056    
   1292.9510507230166      -0.117185585    
   1293.0942663910187      -0.117195673    
   1293.2374820590207      -0.117206216    
   1293.3806977270228      -0.117217094    
   1293.5239133950249      -0.117228195    
   1293.6671290630270      -0.117239393    
   1293.8103447310291      -0.117250569    
   1293.9535603990312      -0.117261611    
   1294.0967760670333      -0.117272407    
   1294.2399917350353      -0.117282853    
   1294.3832074030374      -0.117292859    
   1294.5264230710395      -0.117302336    
   1294.6696387390416      -0.117311202    
   1294.8128544070437      -0.117319383    
   1294.9560700750458      -0.117326796    
   1295.0992857430479      -0.117333360    
   1295.2425014110499      -0.117338993    
   1295.3857170790520      -0.117343627    
   1295.5289327470541      -0.117347188    
   1295.6721484150562      -0.117349602    
   1295.8153640830583      -0.117350802    
   1295.9585797510604      -0.117350727    
   1296.1017954190625      -0.117349304    
   1296.2450110870645      -0.117346480    
   1296.3882267550666      -0.117342204    
   1296.5314424230687      -0.117336415    
   1296.6746580910708      -0.117329076    
   1296.8178737590729      -0.117320143    
   1296.9610894270750      -0.117309570    
   1297.1043050950771      -0.117297322    
   1297.2475207630791      -0.117283367    
   1297.3907364310812      -0.117267661    
   1297.5339520990833      -0.117250174    
   1297.6771677670854      -0.117230885    
   1297.8203834350875      -0.117209762    
   1297.9635991030896      -0.117186800    
   1298.1068147710916      -0.117161989    
   1298.2500304390937      -0.117135331    
   1298.3932461070958      -0.117106833    
   1298.5364617750979      -0.117076501    
   1298.6796774431000      -0.117044352    
   1298.8228931111021      -0.117010400    
   1298.9661087791042      -0.116974652    
   1299.1093244471062      -0.116937116    
   1299.2525401151083      -0.116897814    
   1299.3957557831104      -0.116856761    
   1299.5389714511125      -0.116813980    
   1299.6821871191146      -0.116769500    
   1299.8254027871167      -0.116723351    
   1299.9686184551188      -0.116675586    
   1300.1118341231208      -0.116626248    
   1300.2550497911229      -0.116575383    
   1300.3982654591250      -0.116523050    
   1300.5414811271271      -0.116469294    
   1300.6846967951292      -0.116414160    
   1300.8279124631313      -0.116357684    
   1300.9711281311334      -0.116299912    
   1301.1143437991354      -0.116240874    
   1301.2575594671375      -0.116180606    
   1301.4007751351396      -0.116119161    
   1301.5439908031417      -0.116056584    
   1301.6872064711438      -0.115992926    
   1301.8304221391459      -0.115928255    
   1301.9736378071480      -0.115862645    
   1302.1168534751500      -0.115796171    
   1302.2600691431521      -0.115728915    
   1302.4032848111542      -0.115660965    
   1302.5465004791563      -0.115592405    
   1302.6897161471584      -0.115523316    
   1302.8329318151605      -0.115453757    
   1302.9761474831625      -0.115383789    
   1303.1193631511646      -0.115313470    
   1303.2625788191667      -0.115242839    
   1303.4057944871688      -0.115171954    
   1303.5490101551709      -0.115100861    
   1303.6922258231730      -0.115029626    
   1303.8354414911751      -0.114958316    
   1303.9786571591771      -0.114887021    
   1304.1218728271792      -0.114815816    
   1304.2650884951813      -0.114744775    
   1304.4083041631834      -0.114673980    
   1304.5515198311855      -0.114603482    
   1304.6947354991876      -0.114533342    
   1304.8379511671897      -0.114463605    
   1304.9811668351917      -0.114394307    
   1305.1243825031938      -0.114325479    
   1305.2675981711959      -0.114257157    
   1305.4108138391980      -0.114189364    
   1305.5540295072001      -0.114122137    
   1305.6972451752022      -0.114055507    
   1305.8404608432043      -0.113989525    
   1305.9836765112063      -0.113924243    
   1306.1268921792084      -0.113859706    
   1306.2701078472105      -0.113795966    
   1306.4133235152126      -0.113733068    
   1306.5565391832147      -0.113671042    
   1306.6997548512168      -0.113609910    
   1306.8429705192189      -0.113549680    
   1306.9861861872209      -0.113490343    
   1307.1294018552230      -0.113431893    
   1307.2726175232251      -0.113374330    
   1307.4158331912272      -0.113317639    
   1307.5590488592293      -0.113261819    
   1307.7022645272314      -0.113206871    
   1307.8454801952334      -0.113152787    
   1307.9886958632355      -0.113099560    
   1308.1319115312376      -0.113047183    
   1308.2751271992397      -0.112995647    
   1308.4183428672418      -0.112944946    
   1308.5615585352439      -0.112895042    
   1308.7047742032460      -0.112845905    
   1308.8479898712480      -0.112797491    
   1308.9912055392501      -0.112749748    
   1309.1344212072522      -0.112702623    
   1309.2776368752543      -0.112656057    
   1309.4208525432564      -0.112609997    
   1309.5640682112585      -0.112564377    
   1309.7072838792606      -0.112519145    
   1309.8504995472626      -0.112474248    
   1309.9937152152647      -0.112429626    
   1310.1369308832668      -0.112385221    
   1310.2801465512689      -0.112340964    
   1310.4233622192710      -0.112296775    
   1310.5665778872731      -0.112252571    
   1310.7097935552752      -0.112208255    
   1310.8530092232772      -0.112163723    
   1310.9962248912793      -0.112118877    
   1311.1394405592814      -0.112073623    
   1311.2826562272835      -0.112027854    
   1311.4258718952856      -0.111981481    
   1311.5690875632877      -0.111934409    
   1311.7123032312898      -0.111886553    
   1311.8555188992918      -0.111837834    
   1311.9987345672939      -0.111788161    
   1312.1419502352960      -0.111737438    
   1312.2851659032981      -0.111685567    
   1312.4283815713002      -0.111632437    
   1312.5715972393023      -0.111577921    
   1312.7148129073043      -0.111521892    
   1312.8580285753064      -0.111464217    
   1313.0012442433085      -0.111404769    
   1313.1444599113106      -0.111343421    
   1313.2876755793127      -0.111280061    
   1313.4308912473148      -0.111214571    
   1313.5741069153169      -0.111146852    
   1313.7173225833189      -0.111076809    
   1313.8605382513210      -0.111004330    
   1314.0037539193231      -0.110929318    
   1314.1469695873252      -0.110851660    
   1314.2901852553273      -0.110771239    
   1314.4334009233294      -0.110687941    
   1314.5766165913315      -0.110601641    
   1314.7198322593335      -0.110512204    
   1314.8630479273356      -0.110419512    
   1315.0062635953377      -0.110323437    
   1315.1494792633398      -0.110223874    
   1315.2926949313419      -0.110120729    
   1315.4359105993440      -0.110013910    
   1315.5791262673461      -0.109903336    
   1315.7223419353481      -0.109788939    
   1315.8655576033502      -0.109670646    
   1316.0087732713523      -0.109548390    
   1316.1519889393544      -0.109422088    
   1316.2952046073565      -0.109291658    
   1316.4384202753586      -0.109157026    
   1316.5816359433607      -0.109018117    
   1316.7248516113627      -0.108874857    
   1316.8680672793648      -0.108727172    
   1317.0112829473669      -0.108575001    
   1317.1544986153690      -0.108418286    
   1317.2977142833711      -0.108256966    
   1317.4409299513732      -0.108090989    
   1317.5841456193752      -0.107920319    
   1317.7273612873773      -0.107744917    
   1317.8705769553794      -0.107564747    
   1318.0137926233815      -0.107379787    
   1318.1570082913836      -0.107190013    
   1318.3002239593857      -0.106995404    
   1318.4434396273878      -0.106795937    
   1318.5866552953898      -0.106591597    
   1318.7298709633919      -0.106382370    
   1318.8730866313940      -0.106168263    
   1319.0163022993961      -0.105949283    
   1319.1595179673982      -0.105725460    
   1319.3027336354003      -0.105496824    
   1319.4459493034024      -0.105263419    
   1319.5891649714044      -0.105025284    
   1319.7323806394065      -0.104782470    
   1319.8755963074086      -0.104535028    
   1320.0188119754107      -0.104283005    
   1320.1620276434128      -0.104026459    
   1320.3052433114149      -0.103765443    
   1320.4484589794170      -0.103500023    
   1320.5916746474190      -0.103230268    
   1320.7348903154211      -0.102956250    
   1320.8781059834232      -0.102678038    
   1321.0213216514253      -0.102395721    
   1321.1645373194274      -0.102109380    
   1321.3077529874295      -0.101819120    
   1321.4509686554316      -0.101525046    
   1321.5941843234336      -0.101227269    
   1321.7373999914357      -0.100925907    
   1321.8806156594378      -0.100621082    
   1322.0238313274399      -0.100312904    
   1322.1670469954420      -0.100001484    
   1322.3102626634441       -9.96869430E-02
   1322.4534783314461       -9.93694067E-02
   1322.5966939994482       -9.90490094E-02
   1322.7399096674503       -9.87258852E-02
   1322.8831253354524       -9.84001830E-02
   1323.0263410034545       -9.80720595E-02
   1323.1695566714566       -9.77416709E-02
   1323.3127723394587       -9.74091887E-02
   1323.4559880074607       -9.70747769E-02
   1323.5992036754628       -9.67386141E-02
   1323.7424193434649       -9.64008719E-02
   1323.8856350114670       -9.60617214E-02
   1324.0288506794691       -9.57213268E-02
   1324.1720663474712       -9.53798443E-02
   1324.3152820154733       -9.50374305E-02
   1324.4584976834753       -9.46942419E-02
   1324.6017133514774       -9.43504274E-02
   1324.7449290194795       -9.40061510E-02
   1324.8881446874816       -9.36615765E-02
   1325.0313603554837       -9.33168828E-02
   1325.1745760234858       -9.29722562E-02
   1325.3177916914879       -9.26278904E-02
   1325.4610073594899       -9.22839642E-02
   1325.6042230274920       -9.19406712E-02
   1325.7474386954941       -9.15981829E-02
   1325.8906543634962       -9.12566707E-02
   1326.0338700314983       -9.09162983E-02
   1326.1770856995004       -9.05772224E-02
   1326.3203013675025       -9.02395919E-02
   1326.4635170355045       -8.99035633E-02
   1326.6067327035066       -8.95692855E-02
   1326.7499483715087       -8.92369151E-02
   1326.8931640395108       -8.89066160E-02
   1327.0363797075129       -8.85785446E-02
   1327.1795953755150       -8.82528722E-02
   1327.3228110435170       -8.79297629E-02
   1327.4660267115191       -8.76093805E-02
   1327.6092423795212       -8.72918814E-02
   1327.7524580475233       -8.69773999E-02
   1327.8956737155254       -8.66660625E-02
   1328.0388893835275       -8.63579735E-02
   1328.1821050515296       -8.60532448E-02
   1328.3253207195316       -8.57519805E-02
   1328.4685363875337       -8.54542628E-02
   1328.6117520555358       -8.51601958E-02
   1328.7549677235379       -8.48698765E-02
   1328.8981833915400       -8.45834240E-02
   1329.0413990595421       -8.43009427E-02
   1329.1846147275442       -8.40225518E-02
   1329.3278303955462       -8.37483630E-02
   1329.4710460635483       -8.34784731E-02
   1329.6142617315504       -8.32129717E-02
   1329.7574773995525       -8.29519331E-02
   1329.9006930675546       -8.26954097E-02
   1330.0439087355567       -8.24434459E-02
   1330.1871244035588       -8.21960568E-02
   1330.3303400715608       -8.19532648E-02
   1330.4735557395629       -8.17150772E-02
   1330.6167714075650       -8.14815089E-02
   1330.7599870755671       -8.12525824E-02
   1330.9032027435692       -8.10283199E-02
   1331.0464184115713       -8.08087513E-02
   1331.1896340795734       -8.05938989E-02
   1331.3328497475754       -8.03838000E-02
   1331.4760654155775       -8.01784545E-02
   1331.6192810835796       -7.99778700E-02
   1331.7624967515817       -7.97820240E-02
   1331.9057124195838       -7.95908794E-02
   1332.0489280875859       -7.94043913E-02
   1332.1921437555879       -7.92224929E-02
   1332.3353594235900       -7.90451169E-02
   1332.4785750915921       -7.88721815E-02
   1332.6217907595942       -7.87036270E-02
   1332.7650064275963       -7.85393864E-02
   1332.9082220955984       -7.83794001E-02
   1333.0514377636005       -7.82236308E-02
   1333.1946534316025       -7.80720264E-02
   1333.3378690996046       -7.79245496E-02
   1333.4810847676067       -7.77811408E-02
   1333.6243004356088       -7.76417404E-02
   1333.7675161036109       -7.75062516E-02
   1333.9107317716130       -7.73745626E-02
   1334.0539474396151       -7.72465393E-02
   1334.1971631076171       -7.71220475E-02
   1334.3403787756192       -7.70009309E-02
   1334.4835944436213       -7.68830478E-02
   1334.6268101116234       -7.67682493E-02
   1334.7700257796255       -7.66564012E-02
   1334.9132414476276       -7.65473694E-02
   1335.0564571156297       -7.64410272E-02
   1335.1996727836317       -7.63372555E-02
   1335.3428884516338       -7.62359276E-02
   1335.4861041196359       -7.61369169E-02
   1335.6293197876380       -7.60400891E-02
   1335.7725354556401       -7.59453177E-02
   1335.9157511236422       -7.58524463E-02
   1336.0589667916443       -7.57613257E-02
   1336.2021824596463       -7.56717920E-02
   1336.3453981276484       -7.55836889E-02
   1336.4886137956505       -7.54968524E-02
   1336.6318294636526       -7.54111335E-02
   1336.7750451316547       -7.53263757E-02
   1336.9182607996568       -7.52424300E-02
   1337.0614764676588       -7.51591548E-02
   1337.2046921356609       -7.50764087E-02
   1337.3479078036630       -7.49940351E-02
   1337.4911234716651       -7.49118850E-02
   1337.6343391396672       -7.48298019E-02
   1337.7775548076693       -7.47476146E-02
   1337.9207704756714       -7.46651515E-02
   1338.0639861436734       -7.45822415E-02
   1338.2072018116755       -7.44987279E-02
   1338.3504174796776       -7.44144395E-02
   1338.4936331476797       -7.43292198E-02
   1338.6368488156818       -7.42429122E-02
   1338.7800644836839       -7.41553754E-02
   1338.9232801516860       -7.40664676E-02
   1339.0664958196880       -7.39760548E-02
   1339.2097114876901       -7.38840029E-02
   1339.3529271556922       -7.37901926E-02
   1339.4961428236943       -7.36945048E-02
   1339.6393584916964       -7.35968202E-02
   1339.7825741596985       -7.34970123E-02
   1339.9257898277006       -7.33949691E-02
   1340.0690054957026       -7.32905716E-02
   1340.2122211637047       -7.31837153E-02
   1340.3554368317068       -7.30742961E-02
   1340.4986524997089       -7.29622096E-02
   1340.6418681677110       -7.28473589E-02
   1340.7850838357131       -7.27296397E-02
   1340.9282995037152       -7.26089627E-02
   1341.0715151717172       -7.24852234E-02
   1341.2147308397193       -7.23583326E-02
   1341.3579465077214       -7.22282007E-02
   1341.5011621757235       -7.20947459E-02
   1341.6443778437256       -7.19578862E-02
   1341.7875935117277       -7.18175471E-02
   1341.9308091797297       -7.16736764E-02
   1342.0740248477318       -7.15262145E-02
   1342.2172405157339       -7.13751242E-02
   1342.3604561837360       -7.12203607E-02
   1342.5036718517381       -7.10619017E-02
   1342.6468875197402       -7.08997250E-02
   1342.7901031877423       -7.07338080E-02
   1342.9333188557443       -7.05641210E-02
   1343.0765345237464       -7.03906566E-02
   1343.2197501917485       -7.02133849E-02
   1343.3629658597506       -7.00322911E-02
   1343.5061815277527       -6.98473528E-02
   1343.6493971957548       -6.96585625E-02
   1343.7926128637569       -6.94659129E-02
   1343.9358285317589       -6.92694113E-02
   1344.0790441997610       -6.90690652E-02
   1344.2222598677631       -6.88649043E-02
   1344.3654755357652       -6.86569586E-02
   1344.5086912037673       -6.84452653E-02
   1344.6519068717694       -6.82298616E-02
   1344.7951225397715       -6.80108070E-02
   1344.9383382077735       -6.77881464E-02
   1345.0815538757756       -6.75619245E-02
   1345.2247695437777       -6.73321784E-02
   1345.3679852117798       -6.70989603E-02
   1345.5112008797819       -6.68623075E-02
   1345.6544165477840       -6.66222647E-02
   1345.7976322157861       -6.63788915E-02
   1345.9408478837881       -6.61322400E-02
   1346.0840635517902       -6.58823922E-02
   1346.2272792197923       -6.56294450E-02
   1346.3704948877944       -6.53735101E-02
   1346.5137105557965       -6.51146919E-02
   1346.6569262237986       -6.48530945E-02
   1346.8001418918006       -6.45888224E-02
   1346.9433575598027       -6.43219724E-02
   1347.0865732278048       -6.40526265E-02
   1347.2297888958069       -6.37808815E-02
   1347.3730045638090       -6.35068119E-02
   1347.5162202318111       -6.32304996E-02
   1347.6594358998132       -6.29520342E-02
   1347.8026515678152       -6.26715124E-02
   1347.9458672358173       -6.23890348E-02
   1348.0890829038194       -6.21047206E-02
   1348.2322985718215       -6.18186891E-02
   1348.3755142398236       -6.15310706E-02
   1348.5187299078257       -6.12420030E-02
   1348.6619455758278       -6.09516241E-02
   1348.8051612438298       -6.06600717E-02
   1348.9483769118319       -6.03674687E-02
   1349.0915925798340       -6.00739382E-02
   1349.2348082478361       -5.97795919E-02
   1349.3780239158382       -5.94845377E-02
   1349.5212395838403       -5.91888875E-02
   1349.6644552518424       -5.88927455E-02
   1349.8076709198444       -5.85962348E-02
   1349.9508865878465       -5.82994781E-02
   1350.0941022558486       -5.80026060E-02
   1350.2373179238507       -5.77057600E-02
   1350.3805335918528       -5.74090816E-02
   1350.5237492598549       -5.71127087E-02
   1350.6669649278570       -5.68167828E-02
   1350.8101805958590       -5.65214343E-02
   1350.9533962638611       -5.62267862E-02
   1351.0966119318632       -5.59329502E-02
   1351.2398275998653       -5.56400269E-02
   1351.3830432678674       -5.53481095E-02
   1351.5262589358695       -5.50572872E-02
   1351.6694746038715       -5.47676608E-02
   1351.8126902718736       -5.44793271E-02
   1351.9559059398757       -5.41923940E-02
   1352.0991216078778       -5.39069735E-02
   1352.2423372758799       -5.36231920E-02
   1352.3855529438820       -5.33411801E-02
   1352.5287686118841       -5.30610606E-02
   1352.6719842798861       -5.27829528E-02
   1352.8151999478882       -5.25069647E-02
   1352.9584156158903       -5.22331931E-02
   1353.1016312838924       -5.19617274E-02
   1353.2448469518945       -5.16926497E-02
   1353.3880626198966       -5.14260344E-02
   1353.5312782878987       -5.11619523E-02
   1353.6744939559007       -5.09004779E-02
   1353.8177096239028       -5.06416857E-02
   1353.9609252919049       -5.03856577E-02
   1354.1041409599070       -5.01324832E-02
   1354.2473566279091       -4.98822518E-02
   1354.3905722959112       -4.96350490E-02
   1354.5337879639133       -4.93909642E-02
   1354.6770036319153       -4.91500646E-02
   1354.8202192999174       -4.89124134E-02
   1354.9634349679195       -4.86780554E-02
   1355.1066506359216       -4.84470204E-02
   1355.2498663039237       -4.82193232E-02
   1355.3930819719258       -4.79949862E-02
   1355.5362976399279       -4.77740280E-02
   1355.6795133079299       -4.75564674E-02
   1355.8227289759320       -4.73423339E-02
   1355.9659446439341       -4.71316613E-02
   1356.1091603119362       -4.69244868E-02
   1356.2523759799383       -4.67208587E-02
   1356.3955916479404       -4.65208218E-02
   1356.5388073159424       -4.63244095E-02
   1356.6820229839445       -4.61316556E-02
   1356.8252386519466       -4.59425747E-02
   1356.9684543199487       -4.57571782E-02
   1357.1116699879508       -4.55754586E-02
   1357.2548856559529       -4.53973971E-02
   1357.3981013239550       -4.52229641E-02
   1357.5413169919570       -4.50521260E-02
   1357.6845326599591       -4.48848531E-02
   1357.8277483279612       -4.47211191E-02
   1357.9709639959633       -4.45609055E-02
   1358.1141796639654       -4.44041938E-02
   1358.2573953319675       -4.42509688E-02
   1358.4006109999696       -4.41012084E-02
   1358.5438266679716       -4.39548939E-02
   1358.6870423359737       -4.38119881E-02
   1358.8302580039758       -4.36724424E-02
   1358.9734736719779       -4.35361974E-02
   1359.1166893399800       -4.34031934E-02
   1359.2599050079821       -4.32733595E-02
   1359.4031206759842       -4.31466252E-02
   1359.5463363439862       -4.30229194E-02
   1359.6895520119883       -4.29021642E-02
   1359.8327676799904       -4.27842923E-02
   1359.9759833479925       -4.26692441E-02
   1360.1191990159946       -4.25569601E-02
   1360.2624146839967       -4.24473807E-02
   1360.4056303519988       -4.23404425E-02
   1360.5488460200008       -4.22360748E-02
   1360.6920616880029       -4.21342030E-02
   1360.8352773560050       -4.20347415E-02
   1360.9784930240071       -4.19375971E-02
   1361.1217086920092       -4.18426618E-02
   1361.2649243600113       -4.17498238E-02
   1361.4081400280133       -4.16589752E-02
   1361.5513556960154       -4.15700078E-02
   1361.6945713640175       -4.14828099E-02
   1361.8377870320196       -4.13972773E-02
   1361.9810027000217       -4.13133018E-02
   1362.1242183680238       -4.12307791E-02
   1362.2674340360259       -4.11496013E-02
   1362.4106497040279       -4.10696603E-02
   1362.5538653720300       -4.09908555E-02
   1362.6970810400321       -4.09130752E-02
   1362.8402967080342       -4.08362150E-02
   1362.9835123760363       -4.07601632E-02
   1363.1267280440384       -4.06848080E-02
   1363.2699437120405       -4.06100340E-02
   1363.4131593800425       -4.05357145E-02
   1363.5563750480446       -4.04617228E-02
   1363.6995907160467       -4.03879397E-02
   1363.8428063840488       -4.03142460E-02
   1363.9860220520509       -4.02405150E-02
   1364.1292377200530       -4.01666202E-02
   1364.2724533880551       -4.00924385E-02
   1364.4156690560571       -4.00178470E-02
   1364.5588847240592       -3.99427190E-02
   1364.7021003920613       -3.98669206E-02
   1364.8453160600634       -3.97903211E-02
   1364.9885317280655       -3.97127904E-02
   1365.1317473960676       -3.96342017E-02
   1365.2749630640697       -3.95544358E-02
   1365.4181787320717       -3.94733734E-02
   1365.5613944000738       -3.93908992E-02
   1365.7046100680759       -3.93068977E-02
   1365.8478257360780       -3.92212644E-02
   1365.9910414040801       -3.91338915E-02
   1366.1342570720822       -3.90446745E-02
   1366.2774727400842       -3.89535129E-02
   1366.4206884080863       -3.88602950E-02
   1366.5639040760884       -3.87649089E-02
   1366.7071197440905       -3.86672355E-02
   1366.8503354120926       -3.85671593E-02
   1366.9935510800947       -3.84645611E-02
   1367.1367667480968       -3.83593217E-02
   1367.2799824160988       -3.82513367E-02
   1367.4231980841009       -3.81405018E-02
   1367.5664137521030       -3.80267315E-02
   1367.7096294201051       -3.79099362E-02
   1367.8528450881072       -3.77900377E-02
   1367.9960607561093       -3.76669504E-02
   1368.1392764241114       -3.75405960E-02
   1368.2824920921134       -3.74108963E-02
   1368.4257077601155       -3.72777693E-02
   1368.5689234281176       -3.71411256E-02
   1368.7121390961197       -3.70008759E-02
   1368.8553547641218       -3.68569344E-02
   1368.9985704321239       -3.67092192E-02
   1369.1417861001260       -3.65576521E-02
   1369.2850017681280       -3.64021584E-02
   1369.4282174361301       -3.62426750E-02
   1369.5714331041322       -3.60791422E-02
   1369.7146487721343       -3.59115154E-02
   1369.8578644401364       -3.57397534E-02
   1370.0010801081385       -3.55638266E-02
   1370.1442957761406       -3.53836976E-02
   1370.2875114441426       -3.51993330E-02
   1370.4307271121447       -3.50106917E-02
   1370.5739427801468       -3.48177403E-02
   1370.7171584481489       -3.46204378E-02
   1370.8603741161510       -3.44187468E-02
   1371.0035897841531       -3.42126302E-02
   1371.1468054521551       -3.40020508E-02
   1371.2900211201572       -3.37869823E-02
   1371.4332367881593       -3.35674062E-02
   1371.5764524561614       -3.33433039E-02
   1371.7196681241635       -3.31146643E-02
   1371.8628837921656       -3.28814909E-02
   1372.0060994601677       -3.26437838E-02
   1372.1493151281697       -3.24015617E-02
   1372.2925307961718       -3.21548320E-02
   1372.4357464641739       -3.19036059E-02
   1372.5789621321760       -3.16478834E-02
   1372.7221778001781       -3.13876681E-02
   1372.8653934681802       -3.11229639E-02
   1373.0086091361823       -3.08537763E-02
   1373.1518248041843       -3.05801202E-02
   1373.2950404721864       -3.03020217E-02
   1373.4382561401885       -3.00195180E-02
   1373.5814718081906       -2.97326595E-02
   1373.7246874761927       -2.94415001E-02
   1373.8679031441948       -2.91460957E-02
   1374.0111188121969       -2.88464986E-02
   1374.1543344801989       -2.85427570E-02
   1374.2975501482010       -2.82349177E-02
   1374.4407658162031       -2.79230252E-02
   1374.5839814842052       -2.76071168E-02
   1374.7271971522073       -2.72872280E-02
   1374.8704128202094       -2.69633960E-02
   1375.0136284882115       -2.66356580E-02
   1375.1568441562135       -2.63040625E-02
   1375.3000598242156       -2.59686671E-02
   1375.4432754922177       -2.56295372E-02
   1375.5864911602198       -2.52867509E-02
   1375.7297068282219       -2.49403976E-02
   1375.8729224962240       -2.45905705E-02
   1376.0161381642260       -2.42373683E-02
   1376.1593538322281       -2.38808841E-02
   1376.3025695002302       -2.35212035E-02
   1376.4457851682323       -2.31584068E-02
   1376.5890008362344       -2.27925722E-02
   1376.7322165042365       -2.24237777E-02
   1376.8754321722386       -2.20521018E-02
   1377.0186478402406       -2.16776263E-02
   1377.1618635082427       -2.13004369E-02
   1377.3050791762448       -2.09206287E-02
   1377.4482948442469       -2.05383003E-02
   1377.5915105122490       -2.01535560E-02
   1377.7347261802511       -1.97665021E-02
   1377.8779418482532       -1.93772409E-02
   1378.0211575162552       -1.89858731E-02
   1378.1643731842573       -1.85924992E-02
   1378.3075888522594       -1.81972124E-02
   1378.4508045202615       -1.78001020E-02
   1378.5940201882636       -1.74012575E-02
   1378.7372358562657       -1.70007702E-02
   1378.8804515242678       -1.65987387E-02
   1379.0236671922698       -1.61952749E-02
   1379.1668828602719       -1.57904942E-02
   1379.3100985282740       -1.53845176E-02
   1379.4533141962761       -1.49774682E-02
   1379.5965298642782       -1.45694697E-02
   1379.7397455322803       -1.41606405E-02
   1379.8829612002824       -1.37510924E-02
   1380.0261768682844       -1.33409305E-02
   1380.1693925362865       -1.29302535E-02
   1380.3126082042886       -1.25191584E-02
   1380.4558238722907       -1.21077439E-02
   1380.5990395402928       -1.16961114E-02
   1380.7422552082949       -1.12843653E-02
   1380.8854708762969       -1.08726118E-02
   1381.0286865442990       -1.04609625E-02
   1381.1719022123011       -1.00495368E-02
   1381.3151178803032       -9.63845570E-03
   1381.4583335483053       -9.22784023E-03
   1381.6015492163074       -8.81780684E-03
   1381.7447648843095       -8.40846263E-03
   1381.8879805523115       -7.99990632E-03
   1382.0311962203136       -7.59222405E-03
   1382.1744118883157       -7.18549406E-03
   1382.3176275563178       -6.77978806E-03
   1382.4608432243199       -6.37518149E-03
   1382.6040588923220       -5.97175816E-03
   1382.7472745603241       -5.56961400E-03
   1382.8904902283261       -5.16885286E-03
   1383.0337058963282       -4.76958510E-03
   1383.1769215643303       -4.37192153E-03
   1383.3201372323324       -3.97597114E-03
   1383.4633529003345       -3.58183892E-03
   1383.6065685683366       -3.18962103E-03
   1383.7497842363387       -2.79940199E-03
   1383.8929999043407       -2.41125352E-03
   1384.0362155723428       -2.02523638E-03
   1384.1794312403449       -1.64140493E-03
   1384.3226469083470       -1.25980831E-03
   1384.4658625763491       -8.80490581E-04
   1384.6090782443512       -5.03495161E-04
   1384.7522939123533       -1.28869142E-04
   1384.8955095803553        2.43330112E-04
   1385.0387252483574        6.13033946E-04
   1385.1819409163595        9.80165438E-04
   1385.3251565843616        1.34464621E-03
   1385.4683722523637        1.70640147E-03
   1385.6115879203658        2.06536334E-03
   1385.7548035883678        2.42147478E-03
   1385.8980192563699        2.77469074E-03
   1386.0412349243720        3.12497932E-03
   1386.1844505923741        3.47232237E-03
   1386.3276662603762        3.81671032E-03
   1386.4708819283783        4.15813876E-03
   1386.6140975963804        4.49660700E-03
   1386.7573132643824        4.83211502E-03
   1386.9005289323845        5.16466284E-03
   1387.0437446003866        5.49424672E-03
   1387.1869602683887        5.82085643E-03
   1387.3301759363908        6.14447566E-03
   1387.4733916043929        6.46508671E-03
   1387.6166072723950        6.78267563E-03
   1387.7598229403970        7.09723262E-03
   1387.9030386083991        7.40875490E-03
   1388.0462542764012        7.71724572E-03
   1388.1894699444033        8.02271720E-03
   1388.3326856124054        8.32519028E-03
   1388.4759012804075        8.62469524E-03
   1388.6191169484096        8.92126560E-03
   1388.7623326164116        9.21494048E-03
   1388.9055482844137        9.50576272E-03
   1389.0487639524158        9.79378261E-03
   1389.1919796204179        1.00790579E-02
   1389.3351952884200        1.03616500E-02
   1389.4784109564221        1.06416186E-02
   1389.6216266244242        1.09190177E-02
   1389.7648422924262        1.11938966E-02
   1389.9080579604283        1.14663057E-02
   1390.0512736284304        1.17362924E-02
   1390.1944892964325        1.20039042E-02
   1390.3377049644346        1.22691924E-02
   1390.4809206324367        1.25322128E-02
   1390.6241363004387        1.27930297E-02
   1390.7673519684408        1.30517129E-02
   1390.9105676364429        1.33083370E-02
   1391.0537833044450        1.35629792E-02
   1391.1969989724471        1.38157196E-02
   1391.3402146404492        1.40666449E-02
   1391.4834303084513        1.43158464E-02
   1391.6266459764533        1.45634171E-02
   1391.7698616444554        1.48094492E-02
   1391.9130773124575        1.50540341E-02
   1392.0562929804596        1.52972564E-02
   1392.1995086484617        1.55391991E-02
   1392.3427243164638        1.57799423E-02
   1392.4859399844659        1.60195585E-02
   1392.6291556524679        1.62581243E-02
   1392.7723713204700        1.64957140E-02
   1392.9155869884721        1.67324096E-02
   1393.0588026564742        1.69682987E-02
   1393.2020183244763        1.72034670E-02
   1393.3452339924784        1.74379982E-02
   1393.4884496604805        1.76719818E-02
   1393.6316653284825        1.79055072E-02
   1393.7748809964846        1.81386676E-02
   1393.9180966644867        1.83715560E-02
   1394.0613123324888        1.86042618E-02
   1394.2045280004909        1.88368633E-02
   1394.3477436684930        1.90694369E-02
   1394.4909593364951        1.93020497E-02
   1394.6341750044971        1.95347648E-02
   1394.7773906724992        1.97676383E-02
   1394.9206063405013        2.00007241E-02
   1395.0638220085034        2.02340782E-02
   1395.2070376765055        2.04677600E-02
   1395.3502533445076        2.07018331E-02
   1395.4934690125096        2.09363624E-02
   1395.6366846805117        2.11714115E-02
   1395.7799003485138        2.14070436E-02
   1395.9231160165159        2.16433201E-02
   1396.0663316845180        2.18803044E-02
   1396.2095473525201        2.21180506E-02
   1396.3527630205222        2.23566052E-02
   1396.4959786885242        2.25960016E-02
   1396.6391943565263        2.28362624E-02
   1396.7824100245284        2.30773985E-02
   1396.9256256925305        2.33194102E-02
   1397.0688413605326        2.35622860E-02
   1397.2120570285347        2.38060150E-02
   1397.3552726965368        2.40505934E-02
   1397.4984883645388        2.42960248E-02
   1397.6417040325409        2.45423242E-02
   1397.7849197005430        2.47895122E-02
   1397.9281353685451        2.50376035E-02
   1398.0713510365472        2.52866149E-02
   1398.2145667045493        2.55365521E-02
   1398.3577823725514        2.57874168E-02
   1398.5009980405534        2.60391943E-02
   1398.6442137085555        2.62918547E-02
   1398.7874293765576        2.65453570E-02
   1398.9306450445597        2.67996490E-02
   1399.0738607125618        2.70546731E-02
   1399.2170763805639        2.73103658E-02
   1399.3602920485660        2.75666639E-02
   1399.5035077165680        2.78235096E-02
   1399.6467233845701        2.80808490E-02
   1399.7899390525722        2.83386391E-02
   1399.9331547205743        2.85968408E-02
   1400.0763703885764        2.88554095E-02
   1400.2195860565785        2.91142967E-02
   1400.3628017245805        2.93734409E-02
   1400.5060173925826        2.96327733E-02
   1400.6492330605847        2.98922155E-02
   1400.7924487285868        3.01516820E-02
   1400.9356643965889        3.04110833E-02
   1401.0788800645910        3.06703299E-02
   1401.2220957325931        3.09293400E-02
   1401.3653114005951        3.11880279E-02
   1401.5085270685972        3.14463153E-02
   1401.6517427365993        3.17041166E-02
   1401.7949584046014        3.19613479E-02
   1401.9381740726035        3.22179273E-02
   1402.0813897406056        3.24737728E-02
   1402.2246054086077        3.27288024E-02
   1402.3678210766097        3.29829231E-02
   1402.5110367446118        3.32360417E-02
   1402.6542524126139        3.34880538E-02
   1402.7974680806160        3.37388553E-02
   1402.9406837486181        3.39883454E-02
   1403.0838994166202        3.42364199E-02
   1403.2271150846223        3.44829820E-02
   1403.3703307526243        3.47279459E-02
   1403.5135464206264        3.49712335E-02
   1403.6567620886285        3.52127738E-02
   1403.7999777566306        3.54524963E-02
   1403.9431934246327        3.56903262E-02
   1404.0864090926348        3.59261855E-02
   1404.2296247606369        3.61599922E-02
   1404.3728404286389        3.63916643E-02
   1404.5160560966410        3.66211161E-02
   1404.6592717646431        3.68482620E-02
   1404.8024874326452        3.70730162E-02
   1404.9457031006473        3.72952893E-02
   1405.0889187686494        3.75150070E-02
   1405.2321344366514        3.77320945E-02
   1405.3753501046535        3.79464887E-02
   1405.5185657726556        3.81581374E-02
   1405.6617814406577        3.83669958E-02
   1405.8049971086598        3.85730304E-02
   1405.9482127766619        3.87762114E-02
   1406.0914284446640        3.89765054E-02
   1406.2346441126660        3.91738750E-02
   1406.3778597806681        3.93682756E-02
   1406.5210754486702        3.95596623E-02
   1406.6642911166723        3.97479907E-02
   1406.8075067846744        3.99332158E-02
   1406.9507224526765        4.01152968E-02
   1407.0939381206786        4.02942002E-02
   1407.2371537886806        4.04699035E-02
   1407.3803694566827        4.06423844E-02
   1407.5235851246848        4.08116356E-02
   1407.6668007926869        4.09776494E-02
   1407.8100164606890        4.11404222E-02
   1407.9532321286911        4.12999578E-02
   1408.0964477966932        4.14562672E-02
   1408.2396634646952        4.16093655E-02
   1408.3828791326973        4.17592637E-02
   1408.5260948006994        4.19059694E-02
   1408.6693104687015        4.20494899E-02
   1408.8125261367036        4.21898253E-02
   1408.9557418047057        4.23269868E-02
   1409.0989574727078        4.24609892E-02
   1409.2421731407098        4.25918512E-02
   1409.3853888087119        4.27195951E-02
   1409.5286044767140        4.28442508E-02
   1409.6718201447161        4.29658517E-02
   1409.8150358127182        4.30844352E-02
   1409.9582514807203        4.32000346E-02
   1410.1014671487223        4.33126912E-02
   1410.2446828167244        4.34224457E-02
   1410.3878984847265        4.35293391E-02
   1410.5311141527286        4.36334163E-02
   1410.6743298207307        4.37347144E-02
   1410.8175454887328        4.38332669E-02
   1410.9607611567349        4.39290963E-02
   1411.1039768247369        4.40222248E-02
   1411.2471924927390        4.41126712E-02
   1411.3904081607411        4.42004576E-02
   1411.5336238287432        4.42856103E-02
   1411.6768394967453        4.43681590E-02
   1411.8200551647474        4.44481373E-02
   1411.9632708327495        4.45255861E-02
   1412.1064865007515        4.46005426E-02
   1412.2497021687536        4.46730405E-02
   1412.3929178367557        4.47431058E-02
   1412.5361335047578        4.48107682E-02
   1412.6793491727599        4.48760577E-02
   1412.8225648407620        4.49390002E-02
   1412.9657805087641        4.49996293E-02
   1413.1089961767661        4.50579599E-02
   1413.2522118447682        4.51140106E-02
   1413.3954275127703        4.51677889E-02
   1413.5386431807724        4.52192985E-02
   1413.6818588487745        4.52685319E-02
   1413.8250745167766        4.53154892E-02
   1413.9682901847787        4.53601554E-02
   1414.1115058527807        4.54025269E-02
   1414.2547215207828        4.54425924E-02
   1414.3979371887849        4.54803444E-02
   1414.5411528567870        4.55157645E-02
   1414.6843685247891        4.55488339E-02
   1414.8275841927912        4.55795303E-02
   1414.9707998607932        4.56078351E-02
   1415.1140155287953        4.56337221E-02
   1415.2572311967974        4.56571653E-02
   1415.4004468647995        4.56781350E-02
   1415.5436625328016        4.56965864E-02
   1415.6868782008037        4.57124747E-02
   1415.8300938688058        4.57257368E-02
   1415.9733095368078        4.57363017E-02
   1416.1165252048099        4.57440913E-02
   1416.2597408728120        4.57490198E-02
   1416.4029565408141        4.57510091E-02
   1416.5461722088162        4.57499810E-02
   1416.6893878768183        4.57458571E-02
   1416.8326035448204        4.57385629E-02
   1416.9758192128224        4.57280204E-02
   1417.1190348808245        4.57141511E-02
   1417.2622505488266        4.56968881E-02
   1417.4054662168287        4.56761569E-02
   1417.5486818848308        4.56518903E-02
   1417.6918975528329        4.56240103E-02
   1417.8351132208350        4.55924273E-02
   1417.9783288888370        4.55570407E-02
   1418.1215445568391        4.55177426E-02
   1418.2647602248412        4.54744175E-02
   1418.4079758928433        4.54269387E-02
   1418.5511915608454        4.53751795E-02
   1418.6944072288475        4.53190245E-02
   1418.8376228968496        4.52583618E-02
   1418.9808385648516        4.51930910E-02
   1419.1240542328537        4.51231077E-02
   1419.2672699008558        4.50483151E-02
   1419.4104855688579        4.49686088E-02
   1419.5537012368600        4.48838882E-02
   1419.6969169048621        4.47940491E-02
   1419.8401325728641        4.46989797E-02
   1419.9833482408662        4.45985682E-02
   1420.1265639088683        4.44926992E-02
   1420.2697795768704        4.43812646E-02
   1420.4129952448725        4.42641526E-02
   1420.5562109128746        4.41412590E-02
   1420.6994265808767        4.40124795E-02
   1420.8426422488787        4.38777246E-02
   1420.9858579168808        4.37369198E-02
   1421.1290735848829        4.35900018E-02
   1421.2722892528850        4.34369110E-02
   1421.4155049208871        4.32775840E-02
   1421.5587205888892        4.31119539E-02
   1421.7019362568913        4.29399423E-02
   1421.8451519248933        4.27614786E-02
   1421.9883675928954        4.25764844E-02
   1422.1315832608975        4.23848853E-02
   1422.2747989288996        4.21866179E-02
   1422.4180145969017        4.19816263E-02
   1422.5612302649038        4.17698734E-02
   1422.7044459329059        4.15513255E-02
   1422.8476616009079        4.13259678E-02
   1422.9908772689100        4.10937928E-02
   1423.1340929369121        4.08547968E-02
   1423.2773086049142        4.06089872E-02
   1423.4205242729163        4.03563827E-02
   1423.5637399409184        4.00970019E-02
   1423.7069556089205        3.98308672E-02
   1423.8501712769225        3.95579897E-02
   1423.9933869449246        3.92783843E-02
   1424.1366026129267        3.89920734E-02
   1424.2798182809288        3.86990793E-02
   1424.4230339489309        3.83994356E-02
   1424.5662496169330        3.80931944E-02
   1424.7094652849350        3.77804264E-02
   1424.8526809529371        3.74612212E-02
   1424.9958966209392        3.71356830E-02
   1425.1391122889413        3.68039198E-02
   1425.2823279569434        3.64660397E-02
   1425.4255436249455        3.61221544E-02
   1425.5687592929476        3.57723758E-02
   1425.7119749609496        3.54168229E-02
   1425.8551906289517        3.50556150E-02
   1425.9984062969538        3.46888714E-02
   1426.1416219649559        3.43167186E-02
   1426.2848376329580        3.39392833E-02
   1426.4280533009601        3.35567035E-02
   1426.5712689689622        3.31691392E-02
   1426.7144846369642        3.27767506E-02
   1426.8577003049663        3.23797204E-02
   1427.0009159729684        3.19782495E-02
   1427.1441316409705        3.15725505E-02
   1427.2873473089726        3.11628394E-02
   1427.4305629769747        3.07493359E-02
   1427.5737786449768        3.03322542E-02
   1427.7169943129788        2.99118031E-02
   1427.8602099809809        2.94881910E-02
   1428.0034256489830        2.90616285E-02
   1428.1466413169851        2.86323298E-02
   1428.2898569849872        2.82005128E-02
   1428.4330726529893        2.77663991E-02
   1428.5762883209914        2.73302216E-02
   1428.7195039889934        2.68922187E-02
   1428.8627196569955        2.64526363E-02
   1429.0059353249976        2.60117203E-02
   1429.1491509929997        2.55697258E-02
   1429.2923666610018        2.51269154E-02
   1429.4355823290039        2.46835556E-02
   1429.5787979970059        2.42399145E-02
   1429.7220136650080        2.37962622E-02
   1429.8652293330101        2.33528595E-02
   1430.0084450010122        2.29099654E-02
   1430.1516606690143        2.24678367E-02
   1430.2948763370164        2.20267344E-02
   1430.4380920050185        2.15869155E-02
   1430.5813076730205        2.11486388E-02
   1430.7245233410226        2.07121633E-02
   1430.8677390090247        2.02777497E-02
   1431.0109546770268        1.98456589E-02
   1431.1541703450289        1.94161460E-02
   1431.2973860130310        1.89894643E-02
   1431.4406016810331        1.85658634E-02
   1431.5838173490351        1.81456003E-02
   1431.7270330170372        1.77289359E-02
   1431.8702486850393        1.73161309E-02
   1432.0134643530414        1.69074424E-02
   1432.1566800210435        1.65031198E-02
   1432.2998956890456        1.61034055E-02
   1432.4431113570477        1.57085322E-02
   1432.5863270250497        1.53187253E-02
   1432.7295426930518        1.49342017E-02
   1432.8727583610539        1.45551702E-02
   1433.0159740290560        1.41818346E-02
   1433.1591896970581        1.38143925E-02
   1433.3024053650602        1.34530356E-02
   1433.4456210330623        1.30979521E-02
   1433.5888367010643        1.27493236E-02
   1433.7320523690664        1.24073308E-02
   1433.8752680370685        1.20721599E-02
   1434.0184837050706        1.17440000E-02
   1434.1616993730727        1.14230420E-02
   1434.3049150410748        1.11094723E-02
   1434.4481307090768        1.08034657E-02
   1434.5913463770789        1.05051873E-02
   1434.7345620450810        1.02147916E-02
   1434.8777777130831        9.93241835E-03
   1435.0209933810852        9.65819601E-03
   1435.1642090490873        9.39224381E-03
   1435.3074247170894        9.13467538E-03
   1435.4506403850914        8.88560154E-03
   1435.5938560530935        8.64512846E-03
   1435.7370717210956        8.41335393E-03
   1435.8802873890977        8.19036644E-03
   1436.0235030570998        7.97625072E-03
   1436.1667187251019        7.77108641E-03
   1436.3099343931040        7.57495360E-03
   1436.4531500611060        7.38792960E-03
   1436.5963657291081        7.21008517E-03
   1436.7395813971102        7.04148086E-03
   1436.8827970651123        6.88216602E-03
   1437.0260127331144        6.73217699E-03
   1437.1692284011165        6.59153517E-03
   1437.3124440691186        6.46025036E-03
   1437.4556597371206        6.33832254E-03
   1437.5988754051227        6.22574892E-03
   1437.7420910731248        6.12252625E-03
   1437.8853067411269        6.02865079E-03
   1438.0285224091290        5.94411744E-03
   1438.1717380771311        5.86892013E-03
   1438.3149537451332        5.80305187E-03
   1438.4581694131352        5.74650615E-03
   1438.6013850811373        5.69927879E-03
   1438.7446007491394        5.66136139E-03
   1438.8878164171415        5.63273951E-03
   1439.0310320851436        5.61338803E-03
   1439.1742477531457        5.60327061E-03
   1439.3174634211477        5.60233602E-03
   1439.4606790891498        5.61051816E-03
   1439.6038947571519        5.62773738E-03
   1439.7471104251540        5.65390522E-03
   1439.8903260931561        5.68893598E-03
   1440.0335417611582        5.73274912E-03
   1440.1767574291603        5.78527013E-03
   1440.3199730971623        5.84642543E-03
   1440.4631887651644        5.91614004E-03
   1440.6064044331665        5.99433621E-03
   1440.7496201011686        6.08093385E-03
   1440.8928357691707        6.17584866E-03
   1441.0360514371728        6.27898984E-03
   1441.1792671051749        6.39025774E-03
   1441.3224827731769        6.50954479E-03
   1441.4656984411790        6.63673691E-03
   1441.6089141091811        6.77171443E-03
   1441.7521297771832        6.91435346E-03
   1441.8953454451853        7.06452597E-03
   1442.0385611131874        7.22210295E-03
   1442.1817767811895        7.38696242E-03
   1442.3249924491915        7.55899074E-03
   1442.4682081171936        7.73807941E-03
   1442.6114237851957        7.92412274E-03
   1442.7546394531978        8.11701175E-03
   1442.8978551211999        8.31663050E-03
   1443.0410707892020        8.52285512E-03
   1443.1842864572041        8.73555429E-03
   1443.3275021252061        8.95458739E-03
   1443.4707177932082        9.17980820E-03
   1443.6139334612103        9.41106677E-03
   1443.7571491292124        9.64821409E-03
   1443.9003647972145        9.89110302E-03
   1444.0435804652166        1.01395883E-02
   1444.1867961332186        1.03935217E-02
   1444.3300118012207        1.06527582E-02
   1444.4732274692228        1.09171560E-02
   1444.6164431372249        1.11865792E-02
   1444.7596588052270        1.14608901E-02
   1444.9028744732291        1.17399460E-02
   1445.0460901412312        1.20235914E-02
   1445.1893058092332        1.23116635E-02
   1445.3325214772353        1.26039889E-02
   1445.4757371452374        1.29003888E-02
   1445.6189528132395        1.32006807E-02
   1445.7621684812416        1.35046793E-02
   1445.9053841492437        1.38122058E-02
   1446.0485998172458        1.41230877E-02
   1446.1918154852478        1.44371614E-02
   1446.3350311532499        1.47542674E-02
   1446.4782468212520        1.50742447E-02
   1446.6214624892541        1.53969284E-02
   1446.7646781572562        1.57221500E-02
   1446.9078938252583        1.60497390E-02
   1447.0511094932604        1.63795203E-02
   1447.1943251612624        1.67113096E-02
   1447.3375408292645        1.70449149E-02
   1447.4807564972666        1.73801389E-02
   1447.6239721652687        1.77167784E-02
   1447.7671878332708        1.80546250E-02
   1447.9104035012729        1.83934700E-02
   1448.0536191692750        1.87331047E-02
   1448.1968348372770        1.90733243E-02
   1448.3400505052791        1.94139294E-02
   1448.4832661732812        1.97547209E-02
   1448.6264818412833        2.00954974E-02
   1448.7696975092854        2.04360466E-02
   1448.9129131772875        2.07761489E-02
   1449.0561288452895        2.11155731E-02
   1449.1993445132916        2.14540884E-02
   1449.3425601812937        2.17914581E-02
   1449.4857758492958        2.21274421E-02
   1449.6289915172979        2.24617980E-02
   1449.7722071853000        2.27942877E-02
   1449.9154228533021        2.31246743E-02
   1450.0586385213041        2.34527197E-02
   1450.2018541893062        2.37781871E-02
   1450.3450698573083        2.41008364E-02
   1450.4882855253104        2.44204309E-02
   1450.6315011933125        2.47367360E-02
   1450.7747168613146        2.50495207E-02
   1450.9179325293167        2.53585484E-02
   1451.0611481973187        2.56635733E-02
   1451.2043638653208        2.59643439E-02
   1451.3475795333229        2.62605976E-02
   1451.4907952013250        2.65520699E-02
   1451.6340108693271        2.68384982E-02
   1451.7772265373292        2.71196160E-02
   1451.9204422053313        2.73951646E-02
   1452.0636578733333        2.76648887E-02
   1452.2068735413354        2.79285330E-02
   1452.3500892093375        2.81858388E-02
   1452.4933048773396        2.84365471E-02
   1452.6365205453417        2.86803935E-02
   1452.7797362133438        2.89171115E-02
   1452.9229518813459        2.91464422E-02
   1453.0661675493479        2.93681324E-02
   1453.2093832173500        2.95819286E-02
   1453.3525988853521        2.97875851E-02
   1453.4958145533542        2.99848542E-02
   1453.6390302213563        3.01734935E-02
   1453.7822458893584        3.03532649E-02
   1453.9254615573604        3.05239297E-02
   1454.0686772253625        3.06852497E-02
   1454.2118928933646        3.08369882E-02
   1454.3551085613667        3.09789125E-02
   1454.4983242293688        3.11107971E-02
   1454.6415398973709        3.12324166E-02
   1454.7847555653730        3.13435495E-02
   1454.9279712333750        3.14439721E-02
   1455.0711869013771        3.15334685E-02
   1455.2144025693792        3.16118374E-02
   1455.3576182373813        3.16788815E-02
   1455.5008339053834        3.17344218E-02
   1455.6440495733855        3.17782834E-02
   1455.7872652413876        3.18102986E-02
   1455.9304809093896        3.18303071E-02
   1456.0736965773917        3.18381526E-02
   1456.2169122453938        3.18336897E-02
   1456.3601279133959        3.18167731E-02
   1456.5033435813980        3.17872688E-02
   1456.6465592494001        3.17450576E-02
   1456.7897749174022        3.16900238E-02
   1456.9329905854042        3.16220671E-02
   1457.0762062534063        3.15410867E-02
   1457.2194219214084        3.14469971E-02
   1457.3626375894105        3.13397162E-02
   1457.5058532574126        3.12191844E-02
   1457.6490689254147        3.10853515E-02
   1457.7922845934168        3.09381876E-02
   1457.9355002614188        3.07776704E-02
   1458.0787159294209        3.06037944E-02
   1458.2219315974230        3.04165632E-02
   1458.3651472654251        3.02159879E-02
   1458.5083629334272        3.00020911E-02
   1458.6515786014293        2.97748968E-02
   1458.7947942694313        2.95344405E-02
   1458.9380099374334        2.92807724E-02
   1459.0812256054355        2.90139616E-02
   1459.2244412734376        2.87340917E-02
   1459.3676569414397        2.84412596E-02
   1459.5108726094418        2.81355754E-02
   1459.6540882774439        2.78171655E-02
   1459.7973039454459        2.74861753E-02
   1459.9405196134480        2.71427650E-02
   1460.0837352814501        2.67871115E-02
   1460.2269509494522        2.64194030E-02
   1460.3701666174543        2.60398351E-02
   1460.5133822854564        2.56486163E-02
   1460.6565979534585        2.52459589E-02
   1460.7998136214605        2.48320829E-02
   1460.9430292894626        2.44072154E-02
   1461.0862449574647        2.39716005E-02
   1461.2294606254668        2.35254988E-02
   1461.3726762934689        2.30691917E-02
   1461.5158919614710        2.26029754E-02
   1461.6591076294731        2.21271608E-02
   1461.8023232974751        2.16420703E-02
   1461.9455389654772        2.11480316E-02
   1462.0887546334793        2.06453800E-02
   1462.2319703014814        2.01344565E-02
   1462.3751859694835        1.96156055E-02
   1462.5184016374856        1.90891773E-02
   1462.6616173054877        1.85555294E-02
   1462.8048329734897        1.80150308E-02
   1462.9480486414918        1.74680538E-02
   1463.0912643094939        1.69149786E-02
   1463.2344799774960        1.63561907E-02
   1463.3776956454981        1.57920904E-02
   1463.5209113135002        1.52230896E-02
   1463.6641269815022        1.46496175E-02
   1463.8073426495043        1.40721137E-02
   1463.9505583175064        1.34910205E-02
   1464.0937739855085        1.29067805E-02
   1464.2369896535106        1.23198340E-02
   1464.3802053215127        1.17306160E-02
   1464.5234209895148        1.11395558E-02
   1464.6666366575168        1.05470764E-02
   1464.8098523255189        9.95359663E-03
   1464.9530679935210        9.35953390E-03
   1465.0962836615231        8.76530819E-03
   1465.2394993295252        8.17134231E-03
   1465.3827149975273        7.57805584E-03
   1465.5259306655294        6.98586693E-03
   1465.6691463335314        6.39519142E-03
   1465.8123620015335        5.80644375E-03
   1465.9555776695356        5.22003556E-03
   1466.0987933375377        4.63637104E-03
   1466.2420090055398        4.05584276E-03
   1466.3852246735419        3.47882812E-03
   1466.5284403415440        2.90568871E-03
   1466.6716560095460        2.33676843E-03
   1466.8148716775481        1.77239440E-03
   1466.9580873455502        1.21287850E-03
   1467.1013030135523        6.58522593E-04
   1467.2445186815544        1.09622983E-04
   1467.3877343495565       -4.33527952E-04
   1467.5309500175586       -9.70646390E-04
   1467.6741656855606       -1.50146114E-03
   1467.8173813535627       -2.02571717E-03
   1467.9605970215648       -2.54317652E-03
   1468.1038126895669       -3.05361743E-03
   1468.2470283575690       -3.55683430E-03
   1468.3902440255711       -4.05264180E-03
   1468.5334596935731       -4.54087742E-03
   1468.6766753615752       -5.02140215E-03
   1468.8198910295773       -5.49410004E-03
   1468.9631066975794       -5.95888123E-03
   1469.1063223655815       -6.41568331E-03
   1469.2495380335836       -6.86447183E-03
   1469.3927537015857       -7.30523514E-03
   1469.5359693695877       -7.73798209E-03
   1469.6791850375898       -8.16273876E-03
   1469.8224007055919       -8.57955404E-03
   1469.9656163735940       -8.98850057E-03
   1470.1088320415961       -9.38967895E-03
   1470.2520477095982       -9.78321675E-03
   1470.3952633776003       -1.01692714E-02
   1470.5384790456023       -1.05480263E-02
   1470.6816947136044       -1.09196939E-02
   1470.8249103816065       -1.12845125E-02
   1470.9681260496086       -1.16427476E-02
   1471.1113417176107       -1.19946878E-02
   1471.2545573856128       -1.23406481E-02
   1471.3977730536149       -1.26809748E-02
   1471.5409887216169       -1.30160442E-02
   1471.6842043896190       -1.33462595E-02
   1471.8274200576211       -1.36720501E-02
   1471.9706357256232       -1.39938658E-02
   1472.1138513936253       -1.43121835E-02
   1472.2570670616274       -1.46275070E-02
   1472.4002827296295       -1.49403689E-02
   1472.5434983976315       -1.52513282E-02
   1472.6867140656336       -1.55609678E-02
   1472.8299297336357       -1.58698950E-02
   1472.9731454016378       -1.61787439E-02
   1473.1163610696399       -1.64881703E-02
   1473.2595767376420       -1.67988557E-02
   1473.4027924056440       -1.71115007E-02
   1473.5460080736461       -1.74268354E-02
   1473.6892237416482       -1.77456178E-02
   1473.8324394096503       -1.80686377E-02
   1473.9756550776524       -1.83967110E-02
   1474.1188707456545       -1.87306758E-02
   1474.2620864136566       -1.90713927E-02
   1474.4053020816586       -1.94197353E-02
   1474.5485177496607       -1.97765976E-02
   1474.6917334176628       -2.01428887E-02
   1474.8349490856649       -2.05195360E-02
   1474.9781647536670       -2.09074803E-02
   1475.1213804216691       -2.13076770E-02
   1475.2645960896712       -2.17210930E-02
   1475.4078117576732       -2.21487079E-02
   1475.5510274256753       -2.25915071E-02
   1475.6942430936774       -2.30504870E-02
   1475.8374587616795       -2.35266555E-02
   1475.9806744296816       -2.40210351E-02
   1476.1238900976837       -2.45346688E-02
   1476.2671057656858       -2.50686090E-02
   1476.4103214336878       -2.56239213E-02
   1476.5535371016899       -2.62016729E-02
   1476.6967527696920       -2.68029328E-02
   1476.8399684376941       -2.74287704E-02
   1476.9831841056962       -2.80802529E-02
   1477.1263997736983       -2.87584439E-02
   1477.2696154417004       -2.94644013E-02
   1477.4128311097024       -3.01991757E-02
   1477.5560467777045       -3.09638195E-02
   1477.6992624457066       -3.17593738E-02
   1477.8424781137087       -3.25868800E-02
   1477.9856937817108       -3.34473662E-02
   1478.1289094497129       -3.43418531E-02
   1478.2721251177149       -3.52713652E-02
   1478.4153407857170       -3.62369195E-02
   1478.5585564537191       -3.72395329E-02
   1478.7017721217212       -3.82802114E-02
   1478.8449877897233       -3.93599458E-02
   1478.9882034577254       -4.04797010E-02
   1479.1314191257275       -4.16404195E-02
   1479.2746347937295       -4.28430140E-02
   1479.4178504617316       -4.40883711E-02
   1479.5610661297337       -4.53773513E-02
   1479.7042817977358       -4.67107892E-02
   1479.8474974657379       -4.80895042E-02
   1479.9907131337400       -4.95142937E-02
   1480.1339288017421       -5.09859286E-02
   1480.2771444697441       -5.25051504E-02
   1480.4203601377462       -5.40726781E-02
   1480.5635758057483       -5.56891970E-02
   1480.7067914737504       -5.73553629E-02
   1480.8500071417525       -5.90718053E-02
   1480.9932228097546       -6.08391128E-02
   1481.1364384777567       -6.26578331E-02
   1481.2796541457587       -6.45284876E-02
   1481.4228698137608       -6.64515421E-02
   1481.5660854817629       -6.84274212E-02
   1481.7093011497650       -7.04565197E-02
   1481.8525168177671       -7.25391805E-02
   1481.9957324857692       -7.46757165E-02
   1482.1389481537713       -7.68664032E-02
   1482.2821638217733       -7.91114941E-02
   1482.4253794897754       -8.14111978E-02
   1482.5685951577775       -8.37656781E-02
   1482.7118108257796       -8.61750394E-02
   1482.8550264937817       -8.86393487E-02
   1482.9982421617838       -9.11586210E-02
   1483.1414578297858       -9.37328264E-02
   1483.2846734977879       -9.63618830E-02
   1483.4278891657900       -9.90456715E-02
   1483.5711048337921      -0.101784021    
   1483.7143205017942      -0.104576699    
   1483.8575361697963      -0.107423440    
   1484.0007518377984      -0.110323913    
   1484.1439675058004      -0.113277741    
   1484.2871831738025      -0.116284505    
   1484.4303988418046      -0.119343735    
   1484.5736145098067      -0.122454919    
   1484.7168301778088      -0.125617489    
   1484.8600458458109      -0.128830820    
   1485.0032615138130      -0.132094219    
   1485.1464771818150      -0.135406971    
   1485.2896928498171      -0.138768286    
   1485.4329085178192      -0.142177328    
   1485.5761241858213      -0.145633221    
   1485.7193398538234      -0.149135053    
   1485.8625555218255      -0.152681842    
   1486.0057711898276      -0.156272590    
   1486.1489868578296      -0.159906238    
   1486.2922025258317      -0.163581654    
   1486.4354181938338      -0.167297676    
   1486.5786338618359      -0.171053067    
   1486.7218495298380      -0.174846560    
   1486.8650651978401      -0.178676844    
   1487.0082808658422      -0.182542562    
   1487.1514965338442      -0.186442301    
   1487.2947122018463      -0.190374613    
   1487.4379278698484      -0.194338024    
   1487.5811435378505      -0.198331013    
   1487.7243592058526      -0.202352032    
   1487.8675748738547      -0.206399471    
   1488.0107905418567      -0.210471705    
   1488.1540062098588      -0.214567065    
   1488.2972218778609      -0.218683824    
   1488.4404375458630      -0.222820207    
   1488.5836532138651      -0.226974398    
   1488.7268688818672      -0.231144533    
   1488.8700845498693      -0.235328689    
   1489.0133002178713      -0.239524931    
   1489.1565158858734      -0.243731275    
   1489.2997315538755      -0.247945741    
   1489.4429472218776      -0.252166331    
   1489.5861628898797      -0.256390989    
   1489.7293785578818      -0.260617673    
   1489.8725942258839      -0.264844358    
   1490.0158098938859      -0.269068897    
   1490.1590255618880      -0.273289204    
   1490.3022412298901      -0.277503103    
   1490.4454568978922      -0.281708449    
   1490.5886725658943      -0.285903007    
   1490.7318882338964      -0.290084571    
   1490.8751039018985      -0.294250876    
   1491.0183195699005      -0.298399627    
   1491.1615352379026      -0.302528530    
   1491.3047509059047      -0.306635290    
   1491.4479665739068      -0.310717642    
   1491.5911822419089      -0.314773291    
   1491.7343979099110      -0.318799943    
   1491.8776135779131      -0.322795302    
   1492.0208292459151      -0.326757103    
   1492.1640449139172      -0.330683053    
   1492.3072605819193      -0.334570825    
   1492.4504762499214      -0.338418096    
   1492.5936919179235      -0.342222512    
   1492.7369075859256      -0.345981747    
   1492.8801232539276      -0.349693447    
   1493.0233389219297      -0.353355289    
   1493.1665545899318      -0.356964916    
   1493.3097702579339      -0.360520035    
   1493.4529859259360      -0.364018321    
   1493.5962015939381      -0.367457509    
   1493.7394172619402      -0.370835334    
   1493.8826329299422      -0.374149561    
   1494.0258485979443      -0.377397954    
   1494.1690642659464      -0.380578339    
   1494.3122799339485      -0.383688509    
   1494.4554956019506      -0.386726290    
   1494.5987112699527      -0.389689565    
   1494.7419269379548      -0.392576158    
   1494.8851426059568      -0.395383924    
   1495.0283582739589      -0.398110807    
   1495.1715739419610      -0.400754720    
   1495.3147896099631      -0.403313607    
   1495.4580052779652      -0.405785471    
   1495.6012209459673      -0.408168346    
   1495.7444366139694      -0.410460263    
   1495.8876522819714      -0.412659347    
   1496.0308679499735      -0.414763749    
   1496.1740836179756      -0.416771621    
   1496.3172992859777      -0.418681204    
   1496.4605149539798      -0.420490772    
   1496.6037306219819      -0.422198594    
   1496.7469462899840      -0.423803002    
   1496.8901619579860      -0.425302386    
   1497.0333776259881      -0.426695168    
   1497.1765932939902      -0.427979767    
   1497.3198089619923      -0.429154664    
   1497.4630246299944      -0.430218428    
   1497.6062402979965      -0.431169659    
   1497.7494559659985      -0.432006985    
   1497.8926716340006      -0.432729155    
   1498.0358873020027      -0.433334887    
   1498.1791029700048      -0.433823019    
   1498.3223186380069      -0.434192389    
   1498.4655343060090      -0.434441894    
   1498.6087499740111      -0.434570521    
   1498.7519656420131      -0.434577256    
   1498.8951813100152      -0.434461206    
   1499.0383969780173      -0.434221476    
   1499.1816126460194      -0.433857292    
   1499.3248283140215      -0.433367878    
   1499.4680439820236      -0.432752550    
   1499.6112596500257      -0.432010710    
   1499.7544753180277      -0.431141794    
   1499.8976909860298      -0.430145293    
   1500.0409066540319      -0.429020792    
   1500.1841223220340      -0.427767932    
   1500.3273379900361      -0.426386386    
   1500.4705536580382      -0.424875885    
   1500.6137693260403      -0.423236251    
   1500.7569849940423      -0.421467334    
   1500.9002006620444      -0.419569075    
   1501.0434163300465      -0.417541444    
   1501.1866319980486      -0.415384531    
   1501.3298476660507      -0.413098484    
   1501.4730633340528      -0.410683483    
   1501.6162790020549      -0.408139765    
   1501.7594946700569      -0.405467689    
   1501.9027103380590      -0.402667671    
   1502.0459260060611      -0.399740189    
   1502.1891416740632      -0.396685749    
   1502.3323573420653      -0.393504977    
   1502.4755730100674      -0.390198529    
   1502.6187886780694      -0.386767119    
   1502.7620043460715      -0.383211523    
   1502.9052200140736      -0.379532576    
   1503.0484356820757      -0.375731170    
   1503.1916513500778      -0.371808290    
   1503.3348670180799      -0.367765009    
   1503.4780826860820      -0.363602459    
   1503.6212983540840      -0.359321803    
   1503.7645140220861      -0.354924351    
   1503.9077296900882      -0.350411415    
   1504.0509453580903      -0.345784366    
   1504.1941610260924      -0.341044664    
   1504.3373766940945      -0.336193830    
   1504.4805923620966      -0.331233382    
   1504.6238080300986      -0.326164961    
   1504.7670236981007      -0.320990205    
   1504.9102393661028      -0.315710872    
   1505.0534550341049      -0.310328722    
   1505.1966707021070      -0.304845631    
   1505.3398863701091      -0.299263477    
   1505.4831020381112      -0.293584257    
   1505.6263177061132      -0.287809998    
   1505.7695333741153      -0.281942785    
   1505.9127490421174      -0.275984764    
   1506.0559647101195      -0.269938141    
   1506.1991803781216      -0.263805151    
   1506.3423960461237      -0.257588089    
   1506.4856117141258      -0.251289248    
   1506.6288273821278      -0.244911030    
   1506.7720430501299      -0.238455832    
   1506.9152587181320      -0.231926113    
   1507.0584743861341      -0.225324377    
   1507.2016900541362      -0.218653202    
   1507.3449057221383      -0.211915180    
   1507.4881213901403      -0.205112964    
   1507.6313370581424      -0.198249251    
   1507.7745527261445      -0.191326752    
   1507.9177683941466      -0.184348211    
   1508.0609840621487      -0.177316427    
   1508.2041997301508      -0.170234248    
   1508.3474153981529      -0.163104519    
   1508.4906310661549      -0.155930132    
   1508.6338467341570      -0.148713991    
   1508.7770624021591      -0.141459048    
   1508.9202780701612      -0.134168267    
   1509.0634937381633      -0.126844659    
   1509.2067094061654      -0.119491227    
   1509.3499250741675      -0.112111017    
   1509.4931407421695      -0.104707099    
   1509.6363564101716       -9.72825512E-02
   1509.7795720781737       -8.98404717E-02
   1509.9227877461758       -8.23839381E-02
   1510.0660034141779       -7.49160498E-02
   1510.2092190821800       -6.74398914E-02
   1510.3524347501821       -5.99585734E-02
   1510.4956504181841       -5.24752066E-02
   1510.6388660861862       -4.49929088E-02
   1510.7820817541883       -3.75148095E-02
   1510.9252974221904       -3.00440490E-02
   1511.0685130901925       -2.25837678E-02
   1511.2117287581946       -1.51371164E-02
   1511.3549444261967       -7.70724285E-03
   1511.4981600941987       -2.97289545E-04
   1511.6413757622008        7.08960602E-03
   1511.7845914302029        1.44503191E-02
   1511.9278070982050        2.17817463E-02
   1512.0710227662071        2.90808119E-02
   1512.2142384342092        3.63444723E-02
   1512.3574541022112        4.35697176E-02
   1512.5006697702133        5.07535562E-02
   1512.6438854382154        5.78930154E-02
   1512.7871011062175        6.49851337E-02
   1512.9303167742196        7.20269531E-02
   1513.0735324422217        7.90155306E-02
   1513.2167481102238        8.59479532E-02
   1513.3599637782258        9.28213373E-02
   1513.5031794462279        9.96328369E-02
   1513.6463951142300       0.106379643    
   1513.7896107822321       0.113058999    
   1513.9328264502342       0.119668178    
   1514.0760421182363       0.126204506    
   1514.2192577862384       0.132665336    
   1514.3624734542404       0.139048070    
   1514.5056891222425       0.145350158    
   1514.6489047902446       0.151569128    
   1514.7921204582467       0.157702506    
   1514.9353361262488       0.163747907    
   1515.0785517942509       0.169702947    
   1515.2217674622530       0.175565317    
   1515.3649831302550       0.181332752    
   1515.5081987982571       0.187003046    
   1515.6514144662592       0.192574039    
   1515.7946301342613       0.198043644    
   1515.9378458022634       0.203409851    
   1516.0810614702655       0.208670676    
   1516.2242771382676       0.213824227    
   1516.3674928062696       0.218868673    
   1516.5107084742717       0.223802209    
   1516.6539241422738       0.228623122    
   1516.7971398102759       0.233329758    
   1516.9403554782780       0.237920523    
   1517.0835711462801       0.242393881    
   1517.2267868142821       0.246748403    
   1517.3700024822842       0.250982702    
   1517.5132181502863       0.255095452    
   1517.6564338182884       0.259085417    
   1517.7996494862905       0.262951434    
   1517.9428651542926       0.266692400    
   1518.0860808222947       0.270307273    
   1518.2292964902967       0.273795098    
   1518.3725121582988       0.277155012    
   1518.5157278263009       0.280386180    
   1518.6589434943030       0.283487916    
   1518.8021591623051       0.286459506    
   1518.9453748303072       0.289300382    
   1519.0885904983093       0.292010039    
   1519.2318061663113       0.294588029    
   1519.3750218343134       0.297033995    
   1519.5182375023155       0.299347669    
   1519.6614531703176       0.301528871    
   1519.8046688383197       0.303577483    
   1519.9478845063218       0.305493444    
   1520.0911001743239       0.307276785    
   1520.2343158423259       0.308927566    
   1520.3775315103280       0.310445935    
   1520.5207471783301       0.311832130    
   1520.6639628463322       0.313086480    
   1520.8071785143343       0.314209372    
   1520.9503941823364       0.315201253    
   1521.0936098503385       0.316062629    
   1521.2368255183405       0.316794068    
   1521.3800411863426       0.317396224    
   1521.5232568543447       0.317869872    
   1521.6664725223468       0.318215787    
   1521.8096881903489       0.318434894    
   1521.9529038583510       0.318528116    
   1522.0961195263530       0.318496495    
   1522.2393351943551       0.318341106    
   1522.3825508623572       0.318063110    
   1522.5257665303593       0.317663670    
   1522.6689821983614       0.317144036    
   1522.8121978663635       0.316505522    
   1522.9554135343656       0.315749526    
   1523.0986292023676       0.314877540    
   1523.2418448703697       0.313891023    
   1523.3850605383718       0.312791556    
   1523.5282762063739       0.311580747    
   1523.6714918743760       0.310260266    
   1523.8147075423781       0.308831811    
   1523.9579232103802       0.307297170    
   1524.1011388783822       0.305658162    
   1524.2443545463843       0.303916693    
   1524.3875702143864       0.302074671    
   1524.5307858823885       0.300134093    
   1524.6740015503906       0.298096925    
   1524.8172172183927       0.295965195    
   1524.9604328863948       0.293740958    
   1525.1036485543968       0.291426301    
   1525.2468642223989       0.289023399    
   1525.3900798904010       0.286534458    
   1525.5332955584031       0.283961684    
   1525.6765112264052       0.281307340    
   1525.8197268944073       0.278573722    
   1525.9629425624094       0.275763124    
   1526.1061582304114       0.272877902    
   1526.2493738984135       0.269920409    
   1526.3925895664156       0.266893029    
   1526.5358052344177       0.263798177    
   1526.6790209024198       0.260638297    
   1526.8222365704219       0.257415831    
   1526.9654522384239       0.254133254    
   1527.1086679064260       0.250793040    
   1527.2518835744281       0.247397646    
   1527.3950992424302       0.243949592    
   1527.5383149104323       0.240451366    
   1527.6815305784344       0.236905515    
   1527.8247462464365       0.233314574    
   1527.9679619144385       0.229681075    
   1528.1111775824406       0.226007536    
   1528.2543932504427       0.222296461    
   1528.3976089184448       0.218550369    
   1528.5408245864469       0.214771733    
   1528.6840402544490       0.210963055    
   1528.8272559224511       0.207126871    
   1528.9704715904531       0.203265682    
   1529.1136872584552       0.199382022    
   1529.2569029264573       0.195478365    
   1529.4001185944594       0.191557184    
   1529.5433342624615       0.187620908    
   1529.6865499304636       0.183671966    
   1529.8297655984657       0.179712772    
   1529.9729812664677       0.175745741    
   1530.1161969344698       0.171773270    
   1530.2594126024719       0.167797744    
   1530.4026282704740       0.163821504    
   1530.5458439384761       0.159846872    
   1530.6890596064782       0.155876115    
   1530.8322752744803       0.151911497    
   1530.9754909424823       0.147955224    
   1531.1187066104844       0.144009516    
   1531.2619222784865       0.140076548    
   1531.4051379464886       0.136158451    
   1531.5483536144907       0.132257342    
   1531.6915692824928       0.128375292    
   1531.8347849504948       0.124514319    
   1531.9780006184969       0.120676421    
   1532.1212162864990       0.116863571    
   1532.2644319545011       0.113077722    
   1532.4076476225032       0.109320804    
   1532.5508632905053       0.105594717    
   1532.6940789585074       0.101901293    
   1532.8372946265094        9.82423201E-02
   1532.9805102945115        9.46195349E-02
   1533.1237259625136        9.10346135E-02
   1533.2669416305157        8.74891877E-02
   1533.4101572985178        8.39848518E-02
   1533.5533729665199        8.05231705E-02
   1533.6965886345220        7.71056786E-02
   1533.8398043025240        7.37338737E-02
   1533.9830199705261        7.04092011E-02
   1534.1262356385282        6.71330392E-02
   1534.2694513065303        6.39067367E-02
   1534.4126669745324        6.07316084E-02
   1534.5558826425345        5.76089285E-02
   1534.6990983105366        5.45399375E-02
   1534.8423139785386        5.15258312E-02
   1534.9855296465407        4.85677496E-02
   1535.1287453145428        4.56667729E-02
   1535.2719609825449        4.28239256E-02
   1535.4151766505470        4.00401540E-02
   1535.5583923185491        3.73163559E-02
   1535.7016079865512        3.46533917E-02
   1535.8448236545532        3.20520997E-02
   1535.9880393225553        2.95132995E-02
   1536.1312549905574        2.70377770E-02
   1536.2744706585595        2.46262699E-02
   1536.4176863265616        2.22794712E-02
   1536.5609019945637        1.99980270E-02
   1536.7041176625657        1.77825373E-02
   1536.8473333305678        1.56335682E-02
   1536.9905489985699        1.35516329E-02
   1537.1337646665720        1.15371989E-02
   1537.2769803345741        9.59067978E-03
   1537.4201960025762        7.71243544E-03
   1537.5634116705783        5.90277370E-03
   1537.7066273385803        4.16194601E-03
   1537.8498430065824        2.49016378E-03
   1537.9930586745845        8.87614209E-04
   1538.1362743425866       -6.45528897E-04
   1538.2794900105887       -2.10910756E-03
   1538.4227056785908       -3.50299384E-03
   1538.5659213465929       -4.82710544E-03
   1538.7091370145949       -6.08140742E-03
   1538.8523526825970       -7.26591051E-03
   1538.9955683505991       -8.38066265E-03
   1539.1387840186012       -9.42574907E-03
   1539.2819996866033       -1.04012862E-02
   1539.4252153546054       -1.13074202E-02
   1539.5684310226075       -1.21443225E-02
   1539.7116466906095       -1.29121952E-02
   1539.8548623586116       -1.36112729E-02
   1539.9980780266137       -1.42418342E-02
   1540.1412936946158       -1.48041919E-02
   1540.2845093626179       -1.52986832E-02
   1540.4277250306200       -1.57256555E-02
   1540.5709406986221       -1.60854589E-02
   1540.7141563666241       -1.63784605E-02
   1540.8573720346262       -1.66050550E-02
   1541.0005877026283       -1.67656634E-02
   1541.1438033706304       -1.68607365E-02
   1541.2870190386325       -1.68907475E-02
   1541.4302347066346       -1.68561917E-02
   1541.5734503746366       -1.67575832E-02
   1541.7166660426387       -1.65954530E-02
   1541.8598817106408       -1.63703486E-02
   1542.0030973786429       -1.60828382E-02
   1542.1463130466450       -1.57335177E-02
   1542.2895287146471       -1.53230187E-02
   1542.4327443826492       -1.48519995E-02
   1542.5759600506512       -1.43211326E-02
   1542.7191757186533       -1.37310866E-02
   1542.8623913866554       -1.30825182E-02
   1543.0056070546575       -1.23760737E-02
   1543.1488227226596       -1.16123967E-02
   1543.2920383906617       -1.07921343E-02
   1543.4352540586638       -9.91593953E-03
   1543.5784697266658       -8.98447260E-03
   1543.7216853946679       -7.99841061E-03
   1543.8649010626700       -6.95844181E-03
   1544.0081167306721       -5.86526236E-03
   1544.1513323986742       -4.71956888E-03
   1544.2945480666763       -3.52205988E-03
   1544.4377637346784       -2.27344641E-03
   1544.5809794026804       -9.74462368E-04
   1544.7241950706825        3.74139578E-04
   1544.8674107386846        1.77160208E-03
   1545.0106264066867        3.21718398E-03
   1545.1538420746888        4.71016951E-03
   1545.2970577426909        6.24986738E-03
   1545.4402734106930        7.83560239E-03
   1545.5834890786950        9.46670957E-03
   1545.7267047466971        1.11425258E-02
   1545.8699204146992        1.28623880E-02
   1546.0131360827013        1.46256220E-02
   1546.1563517507034        1.64315403E-02
   1546.2995674187055        1.82794519E-02
   1546.4427830867075        2.01686751E-02
   1546.5859987547096        2.20985413E-02
   1546.7292144227117        2.40683910E-02
   1546.8724300907138        2.60775704E-02
   1547.0156457587159        2.81254295E-02
   1547.1588614267180        3.02113276E-02
   1547.3020770947201        3.23346518E-02
   1547.4452927627221        3.44948135E-02
   1547.5885084307242        3.66912447E-02
   1547.7317240987263        3.89234014E-02
   1547.8749397667284        4.11907397E-02
   1548.0181554347305        4.34927270E-02
   1548.1613711027326        4.58288193E-02
   1548.3045867707347        4.81984690E-02
   1548.4478024387367        5.06011136E-02
   1548.5910181067388        5.30361943E-02
   1548.7342337747409        5.55031784E-02
   1548.8774494427430        5.80015630E-02
   1549.0206651107451        6.05308749E-02
   1549.1638807787472        6.30906597E-02
   1549.3070964467493        6.56804591E-02
   1549.4503121147513        6.82998374E-02
   1549.5935277827534        7.09483698E-02
   1549.7367434507555        7.36256540E-02
   1549.8799591187576        7.63313100E-02
   1550.0231747867597        7.90649727E-02
   1550.1663904547618        8.18262920E-02
   1550.3096061227639        8.46149176E-02
   1550.4528217907659        8.74305218E-02
   1550.5960374587680        9.02727544E-02
   1550.7392531267701        9.31412652E-02
   1550.8824687947722        9.60357040E-02
   1551.0256844627743        9.89557356E-02
   1551.1689001307764       0.101901062    
   1551.3121157987784       0.104871407    
   1551.4553314667805       0.107866518    
   1551.5985471347826       0.110886142    
   1551.7417628027847       0.113930039    
   1551.8849784707868       0.116997980    
   1552.0281941387889       0.120089762    
   1552.1714098067910       0.123205185    
   1552.3146254747930       0.126344055    
   1552.4578411427951       0.129506215    
   1552.6010568107972       0.132691517    
   1552.7442724787993       0.135899797    
   1552.8874881468014       0.139130905    
   1553.0307038148035       0.142384663    
   1553.1739194828056       0.145660877    
   1553.3171351508076       0.148959383    
   1553.4603508188097       0.152280033    
   1553.6035664868118       0.155622721    
   1553.7467821548139       0.158987343    
   1553.8899978228160       0.162373811    
   1554.0332134908181       0.165782064    
   1554.1764291588202       0.169212028    
   1554.3196448268222       0.172663629    
   1554.4628604948243       0.176136807    
   1554.6060761628264       0.179631472    
   1554.7492918308285       0.183147565    
   1554.8925074988306       0.186685026    
   1555.0357231668327       0.190243810    
   1555.1789388348348       0.193823829    
   1555.3221545028368       0.197425023    
   1555.4653701708389       0.201047286    
   1555.6085858388410       0.204690561    
   1555.7518015068431       0.208354801    
   1555.8950171748452       0.212039977    
   1556.0382328428473       0.215746075    
   1556.1814485108493       0.219473094    
   1556.3246641788514       0.223221034    
   1556.4678798468535       0.226989895    
   1556.6110955148556       0.230779633    
   1556.7543111828577       0.234590188    
   1556.8975268508598       0.238421500    
   1557.0407425188619       0.242273495    
   1557.1839581868639       0.246146113    
   1557.3271738548660       0.250039279    
   1557.4703895228681       0.253952950    
   1557.6136051908702       0.257887036    
   1557.7568208588723       0.261841446    
   1557.9000365268744       0.265816122    
   1558.0432521948765       0.269811034    
   1558.1864678628785       0.273826122    
   1558.3296835308806       0.277861327    
   1558.4728991988827       0.281916589    
   1558.6161148668848       0.285991818    
   1558.7593305348869       0.290086925    
   1558.9025462028890       0.294201821    
   1559.0457618708911       0.298336357    
   1559.1889775388931       0.302490354    
   1559.3321932068952       0.306663692    
   1559.4754088748973       0.310856223    
   1559.6186245428994       0.315067798    
   1559.7618402109015       0.319298297    
   1559.9050558789036       0.323547542    
   1560.0482715469057       0.327815324    
   1560.1914872149077       0.332101464    
   1560.3347028829098       0.336405754    
   1560.4779185509119       0.340727925    
   1560.6211342189140       0.345067769    
   1560.7643498869161       0.349425048    
   1560.9075655549182       0.353799492    
   1561.0507812229203       0.358190864    
   1561.1939968909223       0.362598866    
   1561.3372125589244       0.367023230    
   1561.4804282269265       0.371463627    
   1561.6236438949286       0.375919729    
   1561.7668595629307       0.380391181    
   1561.9100752309328       0.384877652    
   1562.0532908989348       0.389378786    
   1562.1965065669369       0.393894166    
   1562.3397222349390       0.398423374    
   1562.4829379029411       0.402965933    
   1562.6261535709432       0.407521367    
   1562.7693692389453       0.412089199    
   1562.9125849069474       0.416668922    
   1563.0558005749494       0.421260059    
   1563.1990162429515       0.425862104    
   1563.3422319109536       0.430474579    
   1563.4854475789557       0.435096949    
   1563.6286632469578       0.439728618    
   1563.7718789149599       0.444368988    
   1563.9150945829620       0.449017435    
   1564.0583102509640       0.453673303    
   1564.2015259189661       0.458335906    
   1564.3447415869682       0.463004529    
   1564.4879572549703       0.467678487    
   1564.6311729229724       0.472357005    
   1564.7743885909745       0.477039337    
   1564.9176042589766       0.481724679    
   1565.0608199269786       0.486412227    
   1565.2040355949807       0.491101176    
   1565.3472512629828       0.495790690    
   1565.4904669309849       0.500479937    
   1565.6336825989870       0.505168021    
   1565.7768982669891       0.509854078    
   1565.9201139349912       0.514537156    
   1566.0633296029932       0.519216299    
   1566.2065452709953       0.523890495    
   1566.3497609389974       0.528558671    
   1566.4929766069995       0.533219695    
   1566.6361922750016       0.537872553    
   1566.7794079430037       0.542516172    
   1566.9226236110057       0.547149420    
   1567.0658392790078       0.551771164    
   1567.2090549470099       0.556380332    
   1567.3522706150120       0.560975730    
   1567.4954862830141       0.565556169    
   1567.6387019510162       0.570120394    
   1567.7819176190183       0.574667156    
   1567.9251332870203       0.579195201    
   1568.0683489550224       0.583703279    
   1568.2115646230245       0.588189960    
   1568.3547802910266       0.592653930    
   1568.4979959590287       0.597093701    
   1568.6412116270308       0.601507902    
   1568.7844272950329       0.605895042    
   1568.9276429630349       0.610253751    
   1569.0708586310370       0.614582539    
   1569.2140742990391       0.618879914    
   1569.3572899670412       0.623144388    
   1569.5005056350433       0.627374470    
   1569.6437213030454       0.631568611    
   1569.7869369710475       0.635725200    
   1569.9301526390495       0.639842689    
   1570.0733683070516       0.643919349    
   1570.2165839750537       0.647953570    
   1570.3597996430558       0.651943743    
   1570.5030153110579       0.655888140    
   1570.6462309790600       0.659785092    
   1570.7894466470621       0.663632870    
   1570.9326623150641       0.667429805    
   1571.0758779830662       0.671174109    
   1571.2190936510683       0.674864054    
   1571.3623093190704       0.678497851    
   1571.5055249870725       0.682073772    
   1571.6487406550746       0.685590029    
   1571.7919563230766       0.689044833    
   1571.9351719910787       0.692436337    
   1572.0783876590808       0.695762753    
   1572.2216033270829       0.699022174    
   1572.3648189950850       0.702212751    
   1572.5080346630871       0.705332637    
   1572.6512503310892       0.708379984    
   1572.7944659990912       0.711352944    
   1572.9376816670933       0.714249671    
   1573.0808973350954       0.717068255    
   1573.2241130030975       0.719806790    
   1573.3673286710996       0.722463429    
   1573.5105443391017       0.725036323    
   1573.6537600071038       0.727523565    
   1573.7969756751058       0.729923368    
   1573.9401913431079       0.732233822    
   1574.0834070111100       0.734453142    
   1574.2266226791121       0.736579418    
   1574.3698383471142       0.738610804    
   1574.5130540151163       0.740545392    
   1574.6562696831184       0.742381334    
   1574.7994853511204       0.744116843    
   1574.9427010191225       0.745750070    
   1575.0859166871246       0.747279227    
   1575.2291323551267       0.748702586    
   1575.3723480231288       0.750018418    
   1575.5155636911309       0.751224995    
   1575.6587793591330       0.752320588    
   1575.8019950271350       0.753303468    
   1575.9452106951371       0.754171968    
   1576.0884263631392       0.754924476    
   1576.2316420311413       0.755559325    
   1576.3748576991434       0.756074905    
   1576.5180733671455       0.756469667    
   1576.6612890351475       0.756741941    
   1576.8045047031496       0.756890237    
   1576.9477203711517       0.756913066    
   1577.0909360391538       0.756808996    
   1577.2341517071559       0.756576598    
   1577.3773673751580       0.756214499    
   1577.5205830431601       0.755721390    
   1577.6637987111621       0.755096018    
   1577.8070143791642       0.754337192    
   1577.9502300471663       0.753443658    
   1578.0934457151684       0.752414227    
   1578.2366613831705       0.751247704    
   1578.3798770511726       0.749943018    
   1578.5230927191747       0.748499155    
   1578.6663083871767       0.746915042    
   1578.8095240551788       0.745189786    
   1578.9527397231809       0.743322492    
   1579.0959553911830       0.741312325    
   1579.2391710591851       0.739158511    
   1579.3823867271872       0.736860335    
   1579.5256023951893       0.734417140    
   1579.6688180631913       0.731828332    
   1579.8120337311934       0.729093373    
   1579.9552493991955       0.726211846    
   1580.0984650671976       0.723183215    
   1580.2416807351997       0.720007122    
   1580.3848964032018       0.716683149    
   1580.5281120712039       0.713211060    
   1580.6713277392059       0.709590673    
   1580.8145434072080       0.705821872    
   1580.9577590752101       0.701904714    
   1581.1009747432122       0.697839141    
   1581.2441904112143       0.693625331    
   1581.3874060792164       0.689263403    
   1581.5306217472184       0.684753656    
   1581.6738374152205       0.680096328    
   1581.8170530832226       0.675291777    
   1581.9602687512247       0.670340478    
   1582.1034844192268       0.665242910    
   1582.2467000872289       0.659999609    
   1582.3899157552310       0.654611230    
   1582.5331314232330       0.649078488    
   1582.6763470912351       0.643402159    
   1582.8195627592372       0.637583077    
   1582.9627784272393       0.631622195    
   1583.1059940952414       0.625520468    
   1583.2492097632435       0.619278967    
   1583.3924254312456       0.612898886    
   1583.5356410992476       0.606381476    
   1583.6788567672497       0.599728048    
   1583.8220724352518       0.592939913    
   1583.9652881032539       0.586018562    
   1584.1085037712560       0.578965425    
   1584.2517194392581       0.571782112    
   1584.3949351072602       0.564470291    
   1584.5381507752622       0.557031691    
   1584.6813664432643       0.549468100    
   1584.8245821112664       0.541781425    
   1584.9677977792685       0.533973575    
   1585.1110134472706       0.526046515    
   1585.2542291152727       0.518002331    
   1585.3974447832748       0.509843111    
   1585.5406604512768       0.501571119    
   1585.6838761192789       0.493188590    
   1585.8270917872810       0.484697819    
   1585.9703074552831       0.476101190    
   1586.1135231232852       0.467401087    
   1586.2567387912873       0.458600014    
   1586.3999544592893       0.449700505    
   1586.5431701272914       0.440705121    
   1586.6863857952935       0.431616545    
   1586.8296014632956       0.422437489    
   1586.9728171312977       0.413170785    
   1587.1160327992998       0.403819293    
   1587.2592484673019       0.394385874    
   1587.4024641353039       0.384873420    
   1587.5456798033060       0.375284880    
   1587.6888954713081       0.365623236    
   1587.8321111393102       0.355891496    
   1587.9753268073123       0.346092761    
   1588.1185424753144       0.336230129    
   1588.2617581433165       0.326306790    
   1588.4049738113185       0.316325933    
   1588.5481894793206       0.306290776    
   1588.6914051473227       0.296204567    
   1588.8346208153248       0.286070615    
   1588.9778364833269       0.275892228    
   1589.1210521513290       0.265672803    
   1589.2642678193311       0.255415708    
   1589.4074834873331       0.245124340    
   1589.5506991553352       0.234802097    
   1589.6939148233373       0.224452376    
   1589.8371304913394       0.214078546    
   1589.9803461593415       0.203684002    
   1590.1235618273436       0.193272159    
   1590.2667774953457       0.182846427    
   1590.4099931633477       0.172410250    
   1590.5532088313498       0.161967099    
   1590.6964244993519       0.151520461    
   1590.8396401673540       0.141073823    
   1590.9828558353561       0.130630642    
   1591.1260715033582       0.120194383    
   1591.2692871713602       0.109768465    
   1591.4125028393623        9.93563235E-02
   1591.5557185073644        8.89613703E-02
   1591.6989341753665        7.85869732E-02
   1591.8421498433686        6.82364628E-02
   1591.9853655113707        5.79131320E-02
   1592.1285811793728        4.76202443E-02
   1592.2717968473748        3.73610482E-02
   1592.4150125153769        2.71387678E-02
   1592.5582281833790        1.69566255E-02
   1592.7014438513811        6.81783678E-03
   1592.8446595193832       -3.27438884E-03
   1592.9878751873853       -1.33168688E-02
   1593.1310908553874       -2.33064685E-02
   1593.2743065233894       -3.32401209E-02
   1593.4175221913915       -4.31148298E-02
   1593.5607378593936       -5.29276580E-02
   1593.7039535273957       -6.26757145E-02
   1593.8471691953978       -7.23561794E-02
   1593.9903848633999       -8.19662809E-02
   1594.1336005314020       -9.15033147E-02
   1594.2768161994040      -0.100964621    
   1594.4200318674061      -0.110347591    
   1594.5632475354082      -0.119649678    
   1594.7064632034103      -0.128868386    
   1594.8496788714124      -0.138001248    
   1594.9928945394145      -0.147045851    
   1595.1361102074166      -0.155999839    
   1595.2793258754186      -0.164860919    
   1595.4225415434207      -0.173626900    
   1595.5657572114228      -0.182295680    
   1595.7089728794249      -0.190865278    
   1595.8521885474270      -0.199333787    
   1595.9954042154291      -0.207699373    
   1596.1386198834311      -0.215960279    
   1596.2818355514332      -0.224114791    
   1596.4250512194353      -0.232161283    
   1596.5682668874374      -0.240098178    
   1596.7114825554395      -0.247923970    
   1596.8546982234416      -0.255637228    
   1596.9979138914437      -0.263236672    
   1597.1411295594457      -0.270721018    
   1597.2843452274478      -0.278089106    
   1597.4275608954499      -0.285339832    
   1597.5707765634520      -0.292472214    
   1597.7139922314541      -0.299485296    
   1597.8572078994562      -0.306378305    
   1598.0004235674583      -0.313150555    
   1598.1436392354603      -0.319801450    
   1598.2868549034624      -0.326330483    
   1598.4300705714645      -0.332737207    
   1598.5732862394666      -0.339021236    
   1598.7165019074687      -0.345182270    
   1598.8597175754708      -0.351220101    
   1599.0029332434729      -0.357134581    
   1599.1461489114749      -0.362925678    
   1599.2893645794770      -0.368593484    
   1599.4325802474791      -0.374138176    
   1599.5757959154812      -0.379560024    
   1599.7190115834833      -0.384859324    
   1599.8622272514854      -0.390036434    
   1600.0054429194875      -0.395091861    
   1600.1486585874895      -0.400026113    
   1600.2918742554916      -0.404839844    
   1600.4350899234937      -0.409533739    
   1600.5783055914958      -0.414108574    
   1600.7215212594979      -0.418565243    
   1600.8647369275000      -0.422904730    
   1601.0079525955020      -0.427128047    
   1601.1511682635041      -0.431236297    
   1601.2943839315062      -0.435230702    
   1601.4375995995083      -0.439112544    
   1601.5808152675104      -0.442883223    
   1601.7240309355125      -0.446544170    
   1601.8672466035146      -0.450096875    
   1602.0104622715166      -0.453542858    
   1602.1536779395187      -0.456883669    
   1602.2968936075208      -0.460120916    
   1602.4401092755229      -0.463256270    
   1602.5833249435250      -0.466291487    
   1602.7265406115271      -0.469228387    
   1602.8697562795292      -0.472068906    
   1603.0129719475312      -0.474814981    
   1603.1561876155333      -0.477468669    
   1603.2994032835354      -0.480032086    
   1603.4426189515375      -0.482507348    
   1603.5858346195396      -0.484896630    
   1603.7290502875417      -0.487202108    
   1603.8722659555438      -0.489426047    
   1604.0154816235458      -0.491570681    
   1604.1586972915479      -0.493638277    
   1604.3019129595500      -0.495631158    
   1604.4451286275521      -0.497551590    
   1604.5883442955542      -0.499401927    
   1604.7315599635563      -0.501184583    
   1604.8747756315584      -0.502901971    
   1605.0179912995604      -0.504556537    
   1605.1612069675625      -0.506150842    
   1605.3044226355646      -0.507687449    
   1605.4476383035667      -0.509168983    
   1605.5908539715688      -0.510598004    
   1605.7340696395709      -0.511977136    
   1605.8772853075729      -0.513308883    
   1606.0205009755750      -0.514595807    
   1606.1637166435771      -0.515840471    
   1606.3069323115792      -0.517045379    
   1606.4501479795813      -0.518213034    
   1606.5933636475834      -0.519345999    
   1606.7365793155855      -0.520446837    
   1606.8797949835875      -0.521518111    
   1607.0230106515896      -0.522562265    
   1607.1662263195917      -0.523581922    
   1607.3094419875938      -0.524579585    
   1607.4526576555959      -0.525557816    
   1607.5958733235980      -0.526519120    
   1607.7390889916001      -0.527465999    
   1607.8823046596021      -0.528400838    
   1608.0255203276042      -0.529326081    
   1608.1687359956063      -0.530244052    
   1608.3119516636084      -0.531157076    
   1608.4551673316105      -0.532067358    
   1608.5983829996126      -0.532977223    
   1608.7415986676147      -0.533888876    
   1608.8848143356167      -0.534804583    
   1609.0280300036188      -0.535726488    
   1609.1712456716209      -0.536656737    
   1609.3144613396230      -0.537597418    
   1609.4576770076251      -0.538550615    
   1609.6008926756272      -0.539518237    
   1609.7441083436293      -0.540502191    
   1609.8873240116313      -0.541504383    
   1610.0305396796334      -0.542526662    
   1610.1737553476355      -0.543570817    
   1610.3169710156376      -0.544638515    
   1610.4601866836397      -0.545731425    
   1610.6034023516418      -0.546851158    
   1610.7466180196438      -0.547999263    
   1610.8898336876459      -0.549177229    
   1611.0330493556480      -0.550386488    
   1611.1762650236501      -0.551628530    
   1611.3194806916522      -0.552904606    
   1611.4626963596543      -0.554216027    
   1611.6059120276564      -0.555563986    
   1611.7491276956584      -0.556949615    
   1611.8923433636605      -0.558373868    
   1612.0355590316626      -0.559837759    
   1612.1787746996647      -0.561342180    
   1612.3219903676668      -0.562887967    
   1612.4652060356689      -0.564475894    
   1612.6084217036710      -0.566106677    
   1612.7516373716730      -0.567780972    
   1612.8948530396751      -0.569499433    
   1613.0380687076772      -0.571262538    
   1613.1812843756793      -0.573070765    
   1613.3245000436814      -0.574924469    
   1613.4677157116835      -0.576824069    
   1613.6109313796856      -0.578769743    
   1613.7541470476876      -0.580761731    
   1613.8973627156897      -0.582800090    
   1614.0405783836918      -0.584884822    
   1614.1837940516939      -0.587015867    
   1614.3270097196960      -0.589193046    
   1614.4702253876981      -0.591416180    
   1614.6134410557002      -0.593685031    
   1614.7566567237022      -0.595999360    
   1614.8998723917043      -0.598358810    
   1615.0430880597064      -0.600763023    
   1615.1863037277085      -0.603211582    
   1615.3295193957106      -0.605704010    
   1615.4727350637127      -0.608239651    
   1615.6159507317147      -0.610817909    
   1615.7591663997168      -0.613438010    
   1615.9023820677189      -0.616099179    
   1616.0455977357210      -0.618800521    
   1616.1888134037231      -0.621541202    
   1616.3320290717252      -0.624320209    
   1616.4752447397273      -0.627136469    
   1616.6184604077293      -0.629988909    
   1616.7616760757314      -0.632876456    
   1616.9048917437335      -0.635797977    
   1617.0481074117356      -0.638752341    
   1617.1913230797377      -0.641738355    
   1617.3345387477398      -0.644754827    
   1617.4777544157419      -0.647800446    
   1617.6209700837439      -0.650873840    
   1617.7641857517460      -0.653973639    
   1617.9074014197481      -0.657098353    
   1618.0506170877502      -0.660246491    
   1618.1938327557523      -0.663416564    
   1618.3370484237544      -0.666607022    
   1618.4802640917565      -0.669816315    
   1618.6234797597585      -0.673042834    
   1618.7666954277606      -0.676284969    
   1618.9099110957627      -0.679541051    
   1619.0531267637648      -0.682809412    
   1619.1963424317669      -0.686088383    
   1619.3395580997690      -0.689376295    
   1619.4827737677711      -0.692671418    
   1619.6259894357731      -0.695972025    
   1619.7692051037752      -0.699276388    
   1619.9124207717773      -0.702582657    
   1620.0556364397794      -0.705889046    
   1620.1988521077815      -0.709193707    
   1620.3420677757836      -0.712494791    
   1620.4852834437856      -0.715790570    
   1620.6284991117877      -0.719079256    
   1620.7717147797898      -0.722359121    
   1620.9149304477919      -0.725628436    
   1621.0581461157940      -0.728885412    
   1621.2013617837961      -0.732128263    
   1621.3445774517982      -0.735355139    
   1621.4877931198002      -0.738564312    
   1621.6310087878023      -0.741753995    
   1621.7742244558044      -0.744922340    
   1621.9174401238065      -0.748067617    
   1622.0606557918086      -0.751188040    
   1622.2038714598107      -0.754281878    
   1622.3470871278128      -0.757347405    
   1622.4903027958148      -0.760382950    
   1622.6335184638169      -0.763386905    
   1622.7767341318190      -0.766357601    
   1622.9199497998211      -0.769293487    
   1623.0631654678232      -0.772193015    
   1623.2063811358253      -0.775054693    
   1623.3495968038274      -0.777876854    
   1623.4928124718294      -0.780658007    
   1623.6360281398315      -0.783396602    
   1623.7792438078336      -0.786091089    
   1623.9224594758357      -0.788740039    
   1624.0656751438378      -0.791342080    
   1624.2088908118399      -0.793895781    
   1624.3521064798420      -0.796399951    
   1624.4953221478440      -0.798853338    
   1624.6385378158461      -0.801254749    
   1624.7817534838482      -0.803603053    
   1624.9249691518503      -0.805897057    
   1625.0681848198524      -0.808135688    
   1625.2114004878545      -0.810317814    
   1625.3546161558565      -0.812442362    
   1625.4978318238586      -0.814508319    
   1625.6410474918607      -0.816514671    
   1625.7842631598628      -0.818460464    
   1625.9274788278649      -0.820344746    
   1626.0706944958670      -0.822166622    
   1626.2139101638691      -0.823925316    
   1626.3571258318711      -0.825620055    
   1626.5003414998732      -0.827250123    
   1626.6435571678753      -0.828814983    
   1626.7867728358774      -0.830313981    
   1626.9299885038795      -0.831746638    
   1627.0732041718816      -0.833112478    
   1627.2164198398837      -0.834410965    
   1627.3596355078857      -0.835641682    
   1627.5028511758878      -0.836804152    
   1627.6460668438899      -0.837897956    
   1627.7892825118920      -0.838922799    
   1627.9324981798941      -0.839878380    
   1628.0757138478962      -0.840764403    
   1628.2189295158983      -0.841580689    
   1628.3621451839003      -0.842327118    
   1628.5053608519024      -0.843003631    
   1628.6485765199045      -0.843610168    
   1628.7917921879066      -0.844146788    
   1628.9350078559087      -0.844613612    
   1629.0782235239108      -0.845010757    
   1629.2214391919129      -0.845338285    
   1629.3646548599149      -0.845596373    
   1629.5078705279170      -0.845785141    
   1629.6510861959191      -0.845904708    
   1629.7943018639212      -0.845955312    
   1629.9375175319233      -0.845937192    
   1630.0807331999254      -0.845850646    
   1630.2239488679274      -0.845696092    
   1630.3671645359295      -0.845473886    
   1630.5103802039316      -0.845184505    
   1630.6535958719337      -0.844828546    
   1630.7968115399358      -0.844406426    
   1630.9400272079379      -0.843918741    
   1631.0832428759400      -0.843366086    
   1631.2264585439420      -0.842749000    
   1631.3696742119441      -0.842068136    
   1631.5128898799462      -0.841324031    
   1631.6561055479483      -0.840517342    
   1631.7993212159504      -0.839648664    
   1631.9425368839525      -0.838718653    
   1632.0857525519546      -0.837728083    
   1632.2289682199566      -0.836677730    
   1632.3721838879587      -0.835568368    
   1632.5153995559608      -0.834400833    
   1632.6586152239629      -0.833175957    
   1632.8018308919650      -0.831894636    
   1632.9450465599671      -0.830557704    
   1633.0882622279692      -0.829166055    
   1633.2314778959712      -0.827720523    
   1633.3746935639733      -0.826221883    
   1633.5179092319754      -0.824670970    
   1633.6611248999775      -0.823068559    
   1633.8043405679796      -0.821415603    
   1633.9475562359817      -0.819712877    
   1634.0907719039838      -0.817961335    
   1634.2339875719858      -0.816161871    
   1634.3772032399879      -0.814315438    
   1634.5204189079900      -0.812423050    
   1634.6636345759921      -0.810485661    
   1634.8068502439942      -0.808504283    
   1634.9500659119963      -0.806479812    
   1635.0932815799983      -0.804413199    
   1635.2364972480004      -0.802305341    
   1635.3797129160025      -0.800157070    
   1635.5229285840046      -0.797969282    
   1635.6661442520067      -0.795742750    
   1635.8093599200088      -0.793478370    
   1635.9525755880109      -0.791177034    
   1636.0957912560129      -0.788839698    
   1636.2390069240150      -0.786467254    
   1636.3822225920171      -0.784060657    
   1636.5254382600192      -0.781620800    
   1636.6686539280213      -0.779148638    
   1636.8118695960234      -0.776644945    
   1636.9550852640255      -0.774110556    
   1637.0983009320275      -0.771546245    
   1637.2415166000296      -0.768952787    
   1637.3847322680317      -0.766330838    
   1637.5279479360338      -0.763681114    
   1637.6711636040359      -0.761004269    
   1637.8143792720380      -0.758300960    
   1637.9575949400401      -0.755571902    
   1638.1008106080421      -0.752817810    
   1638.2440262760442      -0.750039458    
   1638.3872419440463      -0.747237623    
   1638.5304576120484      -0.744413018    
   1638.6736732800505      -0.741566420    
   1638.8168889480526      -0.738698423    
   1638.9601046160547      -0.735809684    
   1639.1033202840567      -0.732900679    
   1639.2465359520588      -0.729971886    
   1639.3897516200609      -0.727023840    
   1639.5329672880630      -0.724056959    
   1639.6761829560651      -0.721071661    
   1639.8193986240672      -0.718068421    
   1639.9626142920692      -0.715047777    
   1640.1058299600713      -0.712010145    
   1640.2490456280734      -0.708956003    
   1640.3922612960755      -0.705885768    
   1640.5354769640776      -0.702799916    
   1640.6786926320797      -0.699698806    
   1640.8219083000818      -0.696582735    
   1640.9651239680838      -0.693452001    
   1641.1083396360859      -0.690306902    
   1641.2515553040880      -0.687147617    
   1641.3947709720901      -0.683974385    
   1641.5379866400922      -0.680787385    
   1641.6812023080943      -0.677586794    
   1641.8244179760964      -0.674372911    
   1641.9676336440984      -0.671146035    
   1642.1108493121005      -0.667906404    
   1642.2540649801026      -0.664654255    
   1642.3972806481047      -0.661389887    
   1642.5404963161068      -0.658113360    
   1642.6837119841089      -0.654824853    
   1642.8269276521110      -0.651524365    
   1642.9701433201130      -0.648212016    
   1643.1133589881151      -0.644887805    
   1643.2565746561172      -0.641551673    
   1643.3997903241193      -0.638203681    
   1643.5430059921214      -0.634843826    
   1643.6862216601235      -0.631472170    
   1643.8294373281256      -0.628088713    
   1643.9726529961276      -0.624693573    
   1644.1158686641297      -0.621286809    
   1644.2590843321318      -0.617868483    
   1644.4023000001339      -0.614438593    
   1644.5455156681360      -0.610997200    
   1644.6887313361381      -0.607544303    
   1644.8319470041401      -0.604079783    
   1644.9751626721422      -0.600603580    
   1645.1183783401443      -0.597115636    
   1645.2615940081464      -0.593615770    
   1645.4048096761485      -0.590103924    
   1645.5480253441506      -0.586580098    
   1645.6912410121527      -0.583044231    
   1645.8344566801547      -0.579496324    
   1645.9776723481568      -0.575936377    
   1646.1208880161589      -0.572364450    
   1646.2641036841610      -0.568780541    
   1646.4073193521631      -0.565184593    
   1646.5505350201652      -0.561576605    
   1646.6937506881673      -0.557956517    
   1646.8369663561693      -0.554324210    
   1646.9801820241714      -0.550679564    
   1647.1233976921735      -0.547022462    
   1647.2666133601756      -0.543352842    
   1647.4098290281777      -0.539670646    
   1647.5530446961798      -0.535975814    
   1647.6962603641819      -0.532268405    
   1647.8394760321839      -0.528548539    
   1647.9826917001860      -0.524816215    
   1648.1259073681881      -0.521071613    
   1648.2691230361902      -0.517314732    
   1648.4123387041923      -0.513545692    
   1648.5555543721944      -0.509764552    
   1648.6987700401965      -0.505971313    
   1648.8419857081985      -0.502165973    
   1648.9852013762006      -0.498348594    
   1649.1284170442027      -0.494519204    
   1649.2716327122048      -0.490677863    
   1649.4148483802069      -0.486824691    
   1649.5580640482090      -0.482959807    
   1649.7012797162110      -0.479083359    
   1649.8444953842131      -0.475195587    
   1649.9877110522152      -0.471296668    
   1650.1309267202173      -0.467386872    
   1650.2741423882194      -0.463466406    
   1650.4173580562215      -0.459535539    
   1650.5605737242236      -0.455594510    
   1650.7037893922256      -0.451643497    
   1650.8470050602277      -0.447682679    
   1650.9902207282298      -0.443712234    
   1651.1334363962319      -0.439732373    
   1651.2766520642340      -0.435743302    
   1651.4198677322361      -0.431745380    
   1651.5630834002382      -0.427738935    
   1651.7062990682402      -0.423724443    
   1651.8495147362423      -0.419702351    
   1651.9927304042444      -0.415673167    
   1652.1359460722465      -0.411637366    
   1652.2791617402486      -0.407595456    
   1652.4223774082507      -0.403547883    
   1652.5655930762528      -0.399495125    
   1652.7088087442548      -0.395437568    
   1652.8520244122569      -0.391375601    
   1652.9952400802590      -0.387309611    
   1653.1384557482611      -0.383240014    
   1653.2816714162632      -0.379167229    
   1653.4248870842653      -0.375091791    
   1653.5681027522674      -0.371014297    
   1653.7113184202694      -0.366935372    
   1653.8545340882715      -0.362855732    
   1653.9977497562736      -0.358776152    
   1654.1409654242757      -0.354697347    
   1654.2841810922778      -0.350620091    
   1654.4273967602799      -0.346545041    
   1654.5706124282819      -0.342472851    
   1654.7138280962840      -0.338404179    
   1654.8570437642861      -0.334339589    
   1655.0002594322882      -0.330279738    
   1655.1434751002903      -0.326225281    
   1655.2866907682924      -0.322176933    
   1655.4299064362945      -0.318135440    
   1655.5731221042965      -0.314101607    
   1655.7163377722986      -0.310076296    
   1655.8595534403007      -0.306060404    
   1656.0027691083028      -0.302054793    
   1656.1459847763049      -0.298060387    
   1656.2892004443070      -0.294078082    
   1656.4324161123091      -0.290108740    
   1656.5756317803111      -0.286153167    
   1656.7188474483132      -0.282212228    
   1656.8620631163153      -0.278286695    
   1657.0052787843174      -0.274377376    
   1657.1484944523195      -0.270485133    
   1657.2917101203216      -0.266610831    
   1657.4349257883237      -0.262755454    
   1657.5781414563257      -0.258919984    
   1657.7213571243278      -0.255105436    
   1657.8645727923299      -0.251312822    
   1658.0077884603320      -0.247543201    
   1658.1510041283341      -0.243797570    
   1658.2942197963362      -0.240076914    
   1658.4374354643383      -0.236382186    
   1658.5806511323403      -0.232714340    
   1658.7238668003424      -0.229074329    
   1658.8670824683445      -0.225463077    
   1659.0102981363466      -0.221881524    
   1659.1535138043487      -0.218330652    
   1659.2967294723508      -0.214811459    
   1659.4399451403528      -0.211325005    
   1659.5831608083549      -0.207872361    
   1659.7263764763570      -0.204454631    
   1659.8695921443591      -0.201072931    
   1660.0128078123612      -0.197728351    
   1660.1560234803633      -0.194421932    
   1660.2992391483654      -0.191154689    
   1660.4424548163674      -0.187927574    
   1660.5856704843695      -0.184741512    
   1660.7288861523716      -0.181597427    
   1660.8721018203737      -0.178496271    
   1661.0153174883758      -0.175439045    
   1661.1585331563779      -0.172426775    
   1661.3017488243800      -0.169460520    
   1661.4449644923820      -0.166541368    
   1661.5881801603841      -0.163670406    
   1661.7313958283862      -0.160848707    
   1661.8746114963883      -0.158077314    
   1662.0178271643904      -0.155357242    
   1662.1610428323925      -0.152689442    
   1662.3042585003946      -0.150074840    
   1662.4474741683966      -0.147514343    
   1662.5906898363987      -0.145008817    
   1662.7339055044008      -0.142559171    
   1662.8771211724029      -0.140166312    
   1663.0203368404050      -0.137831181    
   1663.1635525084071      -0.135554761    
   1663.3067681764092      -0.133338049    
   1663.4499838444112      -0.131182075    
   1663.5931995124133      -0.129087791    
   1663.7364151804154      -0.127056152    
   1663.8796308484175      -0.125088006    
   1664.0228465164196      -0.123184182    
   1664.1660621844217      -0.121345431    
   1664.3092778524237      -0.119572461    
   1664.4524935204258      -0.117865980    
   1664.5957091884279      -0.116226710    
   1664.7389248564300      -0.114655390    
   1664.8821405244321      -0.113152787    
   1665.0253561924342      -0.111719683    
   1665.1685718604363      -0.110356882    
   1665.3117875284383      -0.109065190    
   1665.4550031964404      -0.107845403    
   1665.5982188644425      -0.106698267    
   1665.7414345324446      -0.105624489    
   1665.8846502004467      -0.104624689    
   1666.0278658684488      -0.103699416    
   1666.1710815364509      -0.102849141    
   1666.3142972044529      -0.102074288    
   1666.4575128724550      -0.101375259    
   1666.6007285404571      -0.100752451    
   1666.7439442084592      -0.100206286    
   1666.8871598764613       -9.97372419E-02
   1667.0303755444634       -9.93458256E-02
   1667.1735912124655       -9.90325660E-02
   1667.3168068804675       -9.87979695E-02
   1667.4600225484696       -9.86424983E-02
   1667.6032382164717       -9.85665545E-02
   1667.7464538844738       -9.85704362E-02
   1667.8896695524759       -9.86543596E-02
   1668.0328852204780       -9.88184512E-02
   1668.1761008884801       -9.90627557E-02
   1668.3193165564821       -9.93872806E-02
   1668.4625322244842       -9.97920185E-02
   1668.6057478924863      -0.100276977    
   1668.7489635604884      -0.100842200    
   1668.8921792284905      -0.101487778    
   1669.0353948964926      -0.102213845    
   1669.1786105644946      -0.103020564    
   1669.3218262324967      -0.103908077    
   1669.4650419004988      -0.104876474    
   1669.6082575685009      -0.105925716    
   1669.7514732365030      -0.107055672    
   1669.8946889045051      -0.108266048    
   1670.0379045725072      -0.109556466    
   1670.1811202405092      -0.110926457    
   1670.3243359085113      -0.112375505    
   1670.4675515765134      -0.113903098    
   1670.6107672445155      -0.115508758    
   1670.7539829125176      -0.117192037    
   1670.8971985805197      -0.118952528    
   1671.0404142485218      -0.120789841    
   1671.1836299165238      -0.122703589    
   1671.3268455845259      -0.124693356    
   1671.4700612525280      -0.126758665    
   1671.6132769205301      -0.128898978    
   1671.7564925885322      -0.131113619    
   1671.8997082565343      -0.133401841    
   1672.0429239245364      -0.135762766    
   1672.1861395925384      -0.138195455    
   1672.3293552605405      -0.140698925    
   1672.4725709285426      -0.143272161    
   1672.6157865965447      -0.145914152    
   1672.7590022645468      -0.148623958    
   1672.9022179325489      -0.151400641    
   1673.0454336005510      -0.154243320    
   1673.1886492685530      -0.157151118    
   1673.3318649365551      -0.160123110    
   1673.4750806045572      -0.163158327    
   1673.6182962725593      -0.166255698    
   1673.7615119405614      -0.169414058    
   1673.9047276085635      -0.172632128    
   1674.0479432765655      -0.175908566    
   1674.1911589445676      -0.179241911    
   1674.3343746125697      -0.182630658    
   1674.4775902805718      -0.186073303    
   1674.6208059485739      -0.189568341    
   1674.7640216165760      -0.193114296    
   1674.9072372845781      -0.196709737    
   1675.0504529525801      -0.200353265    
   1675.1936686205822      -0.204043522    
   1675.3368842885843      -0.207779109    
   1675.4800999565864      -0.211558610    
   1675.6233156245885      -0.215380535    
   1675.7665312925906      -0.219243288    
   1675.9097469605927      -0.223145172    
   1676.0529626285947      -0.227084428    
   1676.1961782965968      -0.231059253    
   1676.3393939645989      -0.235067815    
   1676.4826096326010      -0.239108264    
   1676.6258253006031      -0.243178800    
   1676.7690409686052      -0.247277647    
   1676.9122566366073      -0.251403064    
   1677.0554723046093      -0.255553335    
   1677.1986879726114      -0.259726733    
   1677.3419036406135      -0.263921529    
   1677.4851193086156      -0.268135995    
   1677.6283349766177      -0.272368282    
   1677.7715506446198      -0.276616544    
   1677.9147663126219      -0.280878842    
   1678.0579819806239      -0.285153210    
   1678.2011976486260      -0.289437592    
   1678.3444133166281      -0.293729991    
   1678.4876289846302      -0.298028380    
   1678.6308446526323      -0.302330852    
   1678.7740603206344      -0.306635469    
   1678.9172759886364      -0.310940355    
   1679.0604916566385      -0.315243691    
   1679.2037073246406      -0.319543600    
   1679.3469229926427      -0.323838204    
   1679.4901386606448      -0.328125596    
   1679.6333543286469      -0.332403839    
   1679.7765699966490      -0.336671025    
   1679.9197856646510      -0.340925187    
   1680.0630013326531      -0.345164359    
   1680.2062170006552      -0.349386632    
   1680.3494326686573      -0.353590071    
   1680.4926483366594      -0.357772768    
   1680.6358640046615      -0.361932904    
   1680.7790796726636      -0.366068661    
   1680.9222953406656      -0.370178282    
   1681.0655110086677      -0.374260038    
   1681.2087266766698      -0.378312230    
   1681.3519423446719      -0.382333100    
   1681.4951580126740      -0.386320919    
   1681.6383736806761      -0.390273929    
   1681.7815893486782      -0.394190371    
   1681.9248050166802      -0.398068458    
   1682.0680206846823      -0.401906461    
   1682.2112363526844      -0.405702680    
   1682.3544520206865      -0.409455538    
   1682.4976676886886      -0.413163453    
   1682.6408833566907      -0.416824967    
   1682.7840990246928      -0.420438677    
   1682.9273146926948      -0.424003154    
   1683.0705303606969      -0.427517027    
   1683.2137460286990      -0.430978864    
   1683.3569616967011      -0.434387296    
   1683.5001773647032      -0.437740922    
   1683.6433930327053      -0.441038340    
   1683.7866087007073      -0.444278181    
   1683.9298243687094      -0.447459131    
   1684.0730400367115      -0.450579882    
   1684.2162557047136      -0.453639269    
   1684.3594713727157      -0.456636190    
   1684.5026870407178      -0.459569633    
   1684.6459027087199      -0.462438673    
   1684.7891183767219      -0.465242475    
   1684.9323340447240      -0.467980176    
   1685.0755497127261      -0.470650941    
   1685.2187653807282      -0.473253936    
   1685.3619810487303      -0.475788295    
   1685.5051967167324      -0.478253126    
   1685.6484123847345      -0.480647594    
   1685.7916280527365      -0.482970864    
   1685.9348437207386      -0.485222220    
   1686.0780593887407      -0.487400979    
   1686.2212750567428      -0.489506602    
   1686.3644907247449      -0.491538644    
   1686.5077063927470      -0.493496716    
   1686.6509220607491      -0.495380551    
   1686.7941377287511      -0.497189879    
   1686.9373533967532      -0.498924494    
   1687.0805690647553      -0.500584185    
   1687.2237847327574      -0.502168775    
   1687.3670004007595      -0.503678024    
   1687.5102160687616      -0.505111635    
   1687.6534317367637      -0.506469429    
   1687.7966474047657      -0.507751167    
   1687.9398630727678      -0.508956790    
   1688.0830787407699      -0.510086298    
   1688.2262944087720      -0.511139750    
   1688.3695100767741      -0.512117386    
   1688.5127257447762      -0.513019562    
   1688.6559414127782      -0.513846576    
   1688.7991570807803      -0.514598846    
   1688.9423727487824      -0.515276790    
   1689.0855884167845      -0.515880823    
   1689.2288040847866      -0.516411304    
   1689.3720197527887      -0.516868651    
   1689.5152354207908      -0.517253220    
   1689.6584510887928      -0.517565370    
   1689.8016667567949      -0.517805576    
   1689.9448824247970      -0.517974317    
   1690.0880980927991      -0.518072188    
   1690.2313137608012      -0.518099844    
   1690.3745294288033      -0.518058062    
   1690.5177450968054      -0.517947614    
   1690.6609607648074      -0.517769456    
   1690.8041764328095      -0.517524481    
   1690.9473921008116      -0.517213643    
   1691.0906077688137      -0.516837835    
   1691.2338234368158      -0.516397953    
   1691.3770391048179      -0.515894830    
   1691.5202547728200      -0.515329361    
   1691.6634704408220      -0.514702439    
   1691.8066861088241      -0.514014900    
   1691.9499017768262      -0.513267815    
   1692.0931174448283      -0.512462199    
   1692.2363331128304      -0.511599183    
   1692.3795487808325      -0.510679960    
   1692.5227644488346      -0.509705782    
   1692.6659801168366      -0.508677959    
   1692.8091957848387      -0.507597804    
   1692.9524114528408      -0.506466508    
   1693.0956271208429      -0.505285382    
   1693.2388427888450      -0.504055560    
   1693.3820584568471      -0.502778172    
   1693.5252741248491      -0.501454353    
   1693.6684897928512      -0.500085175    
   1693.8117054608533      -0.498671889    
   1693.9549211288554      -0.497215658    
   1694.0981367968575      -0.495717824    
   1694.2413524648596      -0.494179755    
   1694.3845681328617      -0.492602915    
   1694.5277838008637      -0.490988731    
   1694.6709994688658      -0.489338666    
   1694.8142151368679      -0.487654120    
   1694.9574308048700      -0.485936522    
   1695.1006464728721      -0.484187186    
   1695.2438621408742      -0.482407391    
   1695.3870778088763      -0.480598420    
   1695.5302934768783      -0.478761494    
   1695.6735091448804      -0.476897836    
   1695.8167248128825      -0.475008696    
   1695.9599404808846      -0.473095357    
   1696.1031561488867      -0.471159160    
   1696.2463718168888      -0.469201475    
   1696.3895874848909      -0.467223734    
   1696.5328031528929      -0.465227395    
   1696.6760188208950      -0.463213861    
   1696.8192344888971      -0.461184502    
   1696.9624501568992      -0.459140599    
   1697.1056658249013      -0.457083374    
   1697.2488814929034      -0.455013961    
   1697.3920971609055      -0.452933460    
   1697.5353128289075      -0.450842917    
   1697.6785284969096      -0.448743433    
   1697.8217441649117      -0.446636140    
   1697.9649598329138      -0.444522232    
   1698.1081755009159      -0.442402959    
   1698.2513911689180      -0.440279603    
   1698.3946068369200      -0.438153446    
   1698.5378225049221      -0.436025769    
   1698.6810381729242      -0.433897793    
   1698.8242538409263      -0.431770623    
   1698.9674695089284      -0.429645330    
   1699.1106851769305      -0.427522898    
   1699.2539008449326      -0.425404191    
   1699.3971165129346      -0.423290044    
   1699.5403321809367      -0.421181262    
   1699.6835478489388      -0.419078708    
   1699.8267635169409      -0.416983277    
   1699.9699791849430      -0.414895862    
   1700.1131948529451      -0.412817448    
   1700.2564105209472      -0.410749048    
   1700.3996261889492      -0.408691645    
   1700.5428418569513      -0.406646132    
   1700.6860575249534      -0.404613376    
   1700.8292731929555      -0.402594149    
   1700.9724888609576      -0.400589079    
   1701.1157045289597      -0.398598760    
   1701.2589201969618      -0.396623731    
   1701.4021358649638      -0.394664496    
   1701.5453515329659      -0.392721564    
   1701.6885672009680      -0.390795499    
   1701.8317828689701      -0.388886958    
   1701.9749985369722      -0.386996567    
   1702.1182142049743      -0.385125041    
   1702.2614298729764      -0.383273035    
   1702.4046455409784      -0.381441236    
   1702.5478612089805      -0.379630208    
   1702.6910768769826      -0.377840430    
   1702.8342925449847      -0.376072317    
   1702.9775082129868      -0.374326140    
   1703.1207238809889      -0.372602135    
   1703.2639395489909      -0.370900422    
   1703.4071552169930      -0.369221210    
   1703.5503708849951      -0.367564648    
   1703.6935865529972      -0.365930974    
   1703.8368022209993      -0.364320427    
   1703.9800178890014      -0.362733334    
   1704.1232335570035      -0.361169994    
   1704.2664492250055      -0.359630704    
   1704.4096648930076      -0.358115762    
   1704.5528805610097      -0.356625348    
   1704.6960962290118      -0.355159611    
   1704.8393118970139      -0.353718579    
   1704.9825275650160      -0.352302253    
   1705.1257432330181      -0.350910544    
   1705.2689589010201      -0.349543303    
   1705.4121745690222      -0.348200470    
   1705.5553902370243      -0.346881926    
   1705.6986059050264      -0.345587641    
   1705.8418215730285      -0.344317675    
   1705.9850372410306      -0.343072087    
   1706.1282529090327      -0.341850936    
   1706.2714685770347      -0.340654314    
   1706.4146842450368      -0.339482218    
   1706.5578999130389      -0.338334590    
   1706.7011155810410      -0.337211251    
   1706.8443312490431      -0.336111933    
   1706.9875469170452      -0.335036308    
   1707.1307625850473      -0.333983988    
   1707.2739782530493      -0.332954586    
   1707.4171939210514      -0.331947744    
   1707.5604095890535      -0.330963135    
   1707.7036252570556      -0.330000490    
   1707.8468409250577      -0.329059631    
   1707.9900565930598      -0.328140348    
   1708.1332722610618      -0.327242523    
   1708.2764879290639      -0.326365978    
   1708.4197035970660      -0.325510472    
   1708.5629192650681      -0.324675709    
   1708.7061349330702      -0.323861331    
   1708.8493506010723      -0.323066890    
   1708.9925662690744      -0.322291881    
   1709.1357819370764      -0.321535766    
   1709.2789976050785      -0.320798069    
   1709.4222132730806      -0.320078313    
   1709.5654289410827      -0.319376111    
   1709.7086446090848      -0.318691134    
   1709.8518602770869      -0.318023056    
   1709.9950759450890      -0.317371577    
   1710.1382916130910      -0.316736430    
   1710.2815072810931      -0.316117257    
   1710.4247229490952      -0.315513700    
   1710.5679386170973      -0.314925283    
   1710.7111542850994      -0.314351529    
   1710.8543699531015      -0.313791811    
   1710.9975856211036      -0.313245565    
   1711.1408012891056      -0.312712163    
   1711.2840169571077      -0.312190980    
   1711.4272326251098      -0.311681479    
   1711.5704482931119      -0.311183125    
   1711.7136639611140      -0.310695469    
   1711.8568796291161      -0.310218126    
   1712.0000952971182      -0.309750706    
   1712.1433109651202      -0.309292793    
   1712.2865266331223      -0.308843970    
   1712.4297423011244      -0.308403730    
   1712.5729579691265      -0.307971567    
   1712.7161736371286      -0.307546884    
   1712.8593893051307      -0.307129085    
   1713.0026049731327      -0.306717515    
   1713.1458206411348      -0.306311607    
   1713.2890363091369      -0.305910796    
   1713.4322519771390      -0.305514544    
   1713.5754676451411      -0.305122405    
   1713.7186833131432      -0.304733962    
   1713.8618989811453      -0.304348797    
   1714.0051146491473      -0.303966492    
   1714.1483303171494      -0.303586602    
   1714.2915459851515      -0.303208619    
   1714.4347616531536      -0.302832007    
   1714.5779773211557      -0.302456141    
   1714.7211929891578      -0.302080393    
   1714.8644086571599      -0.301704079    
   1715.0076243251619      -0.301326543    
   1715.1508399931640      -0.300947189    
   1715.2940556611661      -0.300565422    
   1715.4372713291682      -0.300180793    
   1715.5804869971703      -0.299792826    
   1715.7237026651724      -0.299401164    
   1715.8669183331745      -0.299005359    
   1716.0101340011765      -0.298605025    
   1716.1533496691786      -0.298199713    
   1716.2965653371807      -0.297788858    
   1716.4397810051828      -0.297371924    
   1716.5829966731849      -0.296948284    
   1716.7262123411870      -0.296517283    
   1716.8694280091891      -0.296078324    
   1717.0126436771911      -0.295630783    
   1717.1558593451932      -0.295174152    
   1717.2990750131953      -0.294707954    
   1717.4422906811974      -0.294231772    
   1717.5855063491995      -0.293745250    
   1717.7287220172016      -0.293248057    
   1717.8719376852036      -0.292739868    
   1718.0151533532057      -0.292220324    
   1718.1583690212078      -0.291689008    
   1718.3015846892099      -0.291145384    
   1718.4448003572120      -0.290588886    
   1718.5880160252141      -0.290018916    
   1718.7312316932162      -0.289434850    
   1718.8744473612182      -0.288836062    
   1719.0176630292203      -0.288221985    
   1719.1608786972224      -0.287592143    
   1719.3040943652245      -0.286946088    
   1719.4473100332266      -0.286283493    
   1719.5905257012287      -0.285604089    
   1719.7337413692308      -0.284907579    
   1719.8769570372328      -0.284193695    
   1720.0201727052349      -0.283462107    
   1720.1633883732370      -0.282712489    
   1720.3066040412391      -0.281944394    
   1720.4498197092412      -0.281157345    
   1720.5930353772433      -0.280350775    
   1720.7362510452454      -0.279524148    
   1720.8794667132474      -0.278676927    
   1721.0226823812495      -0.277808666    
   1721.1658980492516      -0.276919007    
   1721.3091137172537      -0.276007652    
   1721.4523293852558      -0.275074393    
   1721.5955450532579      -0.274119079    
   1721.7387607212600      -0.273141563    
   1721.8819763892620      -0.272141695    
   1722.0251920572641      -0.271119237    
   1722.1684077252662      -0.270073920    
   1722.3116233932683      -0.269005328    
   1722.4548390612704      -0.267913073    
   1722.5980547292725      -0.266796708    
   1722.7412703972745      -0.265655816    
   1722.8844860652766      -0.264489979    
   1723.0277017332787      -0.263298929    
   1723.1709174012808      -0.262082428    
   1723.3141330692829      -0.260840327    
   1723.4573487372850      -0.259572595    
   1723.6005644052871      -0.258279175    
   1723.7437800732891      -0.256960064    
   1723.8869957412912      -0.255615234    
   1724.0302114092933      -0.254244566    
   1724.1734270772954      -0.252847880    
   1724.3166427452975      -0.251424938    
   1724.4598584132996      -0.249975473    
   1724.6030740813017      -0.248499200    
   1724.7462897493037      -0.246995896    
   1724.8895054173058      -0.245465368    
   1725.0327210853079      -0.243907526    
   1725.1759367533100      -0.242322356    
   1725.3191524213121      -0.240709946    
   1725.4623680893142      -0.239070401    
   1725.6055837573163      -0.237403885    
   1725.7487994253183      -0.235710531    
   1725.8920150933204      -0.233990476    
   1726.0352307613225      -0.232243776    
   1726.1784464293246      -0.230470464    
   1726.3216620973267      -0.228670493    
   1726.4648777653288      -0.226843819    
   1726.6080934333309      -0.224990368    
   1726.7513091013329      -0.223110095    
   1726.8945247693350      -0.221203029    
   1727.0377404373371      -0.219269276    
   1727.1809561053392      -0.217309013    
   1727.3241717733413      -0.215322495    
   1727.4673874413434      -0.213310033    
   1727.6106031093454      -0.211271942    
   1727.7538187773475      -0.209208533    
   1727.8970344453496      -0.207120076    
   1728.0402501133517      -0.205006823    
   1728.1834657813538      -0.202868968    
   1728.3266814493559      -0.200706676    
   1728.4698971173580      -0.198520124    
   1728.6131127853600      -0.196309507    
   1728.7563284533621      -0.194075063    
   1728.8995441213642      -0.191817090    
   1729.0427597893663      -0.189535975    
   1729.1859754573684      -0.187232167    
   1729.3291911253705      -0.184906155    
   1729.4724067933726      -0.182558462    
   1729.6156224613746      -0.180189595    
   1729.7588381293767      -0.177800030    
   1729.9020537973788      -0.175390169    
   1730.0452694653809      -0.172960386    
   1730.1884851333830      -0.170511007    
   1730.3317008013851      -0.168042362    
   1730.4749164693872      -0.165554807    
   1730.6181321373892      -0.163048729    
   1730.7613478053913      -0.160524607    
   1730.9045634733934      -0.157983020    
   1731.0477791413955      -0.155424610    
   1731.1909948093976      -0.152850077    
   1731.3342104773997      -0.150260136    
   1731.4774261454018      -0.147655502    
   1731.6206418134038      -0.145036831    
   1731.7638574814059      -0.142404720    
   1731.9070731494080      -0.139759690    
   1732.0502888174101      -0.137102202    
   1732.1935044854122      -0.134432733    
   1732.3367201534143      -0.131751746    
   1732.4799358214163      -0.129059762    
   1732.6231514894184      -0.126357391    
   1732.7663671574205      -0.123645306    
   1732.9095828254226      -0.120924272    
   1733.0527984934247      -0.118195131    
   1733.1960141614268      -0.115458742    
   1733.3392298294289      -0.112715952    
   1733.4824454974309      -0.109967545    
   1733.6256611654330      -0.107214250    
   1733.7688768334351      -0.104456708    
   1733.9120925014372      -0.101695485    
   1734.0553081694393       -9.89310965E-02
   1734.1985238374414       -9.61640552E-02
   1734.3417395054435       -9.33949053E-02
   1734.4849551734455       -9.06242430E-02
   1734.6281708414476       -8.78527686E-02
   1734.7713865094497       -8.50812793E-02
   1734.9146021774518       -8.23106468E-02
   1735.0578178454539       -7.95418099E-02
   1735.2010335134560       -7.67757222E-02
   1735.3442491814581       -7.40133077E-02
   1735.4874648494601       -7.12554157E-02
   1735.6306805174622       -6.85027987E-02
   1735.7738961854643       -6.57561049E-02
   1735.9171118534664       -6.30158857E-02
   1736.0603275214685       -6.02826402E-02
   1736.2035431894706       -5.75568415E-02
   1736.3467588574727       -5.48389889E-02
   1736.4899745254747       -5.21296524E-02
   1736.6331901934768       -4.94295135E-02
   1736.7764058614789       -4.67393547E-02
   1736.9196215294810       -4.40600403E-02
   1737.0628371974831       -4.13924865E-02
   1737.2060528654852       -3.87375914E-02
   1737.3492685334872       -3.60962041E-02
   1737.4924842014893       -3.34690847E-02
   1737.6356998694914       -3.08568832E-02
   1737.7789155374935       -2.82601304E-02
   1737.9221312054956       -2.56792661E-02
   1738.0653468734977       -2.31146757E-02
   1738.2085625414998       -2.05667429E-02
   1738.3517782095018       -1.80358961E-02
   1738.4949938775039       -1.55226402E-02
   1738.6382095455060       -1.30275683E-02
   1738.7814252135081       -1.05513660E-02
   1738.9246408815102       -8.09478387E-03
   1739.0678565495123       -5.65860420E-03
   1739.2110722175144       -3.24359001E-03
   1739.3542878855164       -8.50434939E-04
   1739.4975035535185        1.52027246E-03
   1739.6407192215206        3.86806275E-03
   1739.7839348895227        6.19257940E-03
   1739.9271505575248        8.49355478E-03
   1740.0703662255269        1.07707754E-02
   1740.2135818935290        1.30240330E-02
   1740.3567975615310        1.52530754E-02
   1740.5000132295331        1.74575765E-02
   1740.6432288975352        1.96371228E-02
   1740.7864445655373        2.17912272E-02
   1740.9296602335394        2.39193570E-02
   1741.0728759015415        2.60209683E-02
   1741.2160915695436        2.80955471E-02
   1741.3593072375456        3.01426463E-02
   1741.5025229055477        3.21619250E-02
   1741.6457385735498        3.41531523E-02
   1741.7889542415519        3.61162014E-02
   1741.9321699095540        3.80510204E-02
   1742.0753855775561        3.99575867E-02
   1742.2186012455581        4.18358631E-02
   1742.3618169135602        4.36857827E-02
   1742.5050325815623        4.55072150E-02
   1742.6482482495644        4.72999588E-02
   1742.7914639175665        4.90637533E-02
   1742.9346795855686        5.07983081E-02
   1743.0778952535707        5.25033437E-02
   1743.2211109215727        5.41786328E-02
   1743.3643265895748        5.58240190E-02
   1743.5075422575769        5.74394464E-02
   1743.6507579255790        5.90249486E-02
   1743.7939735935811        6.05806336E-02
   1743.9371892615832        6.21066727E-02
   1744.0804049295853        6.36032447E-02
   1744.2236205975873        6.50705099E-02
   1744.3668362655894        6.65085837E-02
   1744.5100519335915        6.79175332E-02
   1744.6532676015936        6.92973658E-02
   1744.7964832695957        7.06480592E-02
   1744.9396989375978        7.19695911E-02
   1745.0829146055999        7.32619688E-02
   1745.2261302736019        7.45252445E-02
   1745.3693459416040        7.57595524E-02
   1745.5125616096061        7.69651160E-02
   1745.6557772776082        7.81422108E-02
   1745.7989929456103        7.92911574E-02
   1745.9422086136124        8.04122761E-02
   1746.0854242816145        8.15058872E-02
   1746.2286399496165        8.25722739E-02
   1746.3718556176186        8.36116672E-02
   1746.5150712856207        8.46242681E-02
   1746.6582869536228        8.56102332E-02
   1746.8015026216249        8.65697339E-02
   1746.9447182896270        8.75029638E-02
   1747.0879339576290        8.84101689E-02
   1747.2311496256311        8.92916620E-02
   1747.3743652936332        9.01478231E-02
   1747.5175809616353        9.09790695E-02
   1747.6607966296374        9.17858556E-02
   1747.8040122976395        9.25686434E-02
   1747.9472279656416        9.33278725E-02
   1748.0904436336436        9.40639377E-02
   1748.2336593016457        9.47771817E-02
   1748.3768749696478        9.54678953E-02
   1748.5200906376499        9.61363465E-02
   1748.6633063056520        9.67828035E-02
   1748.8065219736541        9.74075571E-02
   1748.9497376416562        9.80109349E-02
   1749.0929533096582        9.85933468E-02
   1749.2361689776603        9.91552547E-02
   1749.3793846456624        9.96971801E-02
   1749.5226003136645       0.100219689    
   1749.6658159816666       0.100723334    
   1749.8090316496687       0.101208642    
   1749.9522473176708       0.101676084    
   1750.0954629856728       0.102126077    
   1750.2386786536749       0.102558948    
   1750.3818943216770       0.102974966    
   1750.5251099896791       0.103374369    
   1750.6683256576812       0.103757396    
   1750.8115413256833       0.104124330    
   1750.9547569936854       0.104475513    
   1751.0979726616874       0.104811363    
   1751.2411883296895       0.105132394    
   1751.3844039976916       0.105439164    
   1751.5276196656937       0.105732284    
   1751.6708353336958       0.106012344    
   1751.8140510016979       0.106279895    
   1751.9572666696999       0.106535397    
   1752.1004823377020       0.106779210    
   1752.2436980057041       0.107011594    
   1752.3869136737062       0.107232757    
   1752.5301293417083       0.107442863    
   1752.6733450097104       0.107642084    
   1752.8165606777125       0.107830651    
   1752.9597763457145       0.108008862    
   1753.1029920137166       0.108177111    
   1753.2462076817187       0.108335868    
   1753.3894233497208       0.108485669    
   1753.5326390177229       0.108627036    
   1753.6758546857250       0.108760461    
   1753.8190703537271       0.108886369    
   1753.9622860217291       0.109005079    
   1754.1055016897312       0.109116793    
   1754.2487173577333       0.109221615    
   1754.3919330257354       0.109319583    
   1754.5351486937375       0.109410733    
   1754.6783643617396       0.109495111    
   1754.8215800297417       0.109572835    
   1754.9647956977437       0.109644122    
   1755.1080113657458       0.109709270    
   1755.2512270337479       0.109768674    
   1755.3944427017500       0.109822758    
   1755.5376583697521       0.109871954    
   1755.6808740377542       0.109916642    
   1755.8240897057563       0.109957106    
   1755.9673053737583       0.109993517    
   1756.1105210417604       0.110025957    
   1756.2537367097625       0.110054396    
   1756.3969523777646       0.110078752    
   1756.5401680457667       0.110098921    
   1756.6833837137688       0.110114828    
   1756.8265993817708       0.110126451    
   1756.9698150497729       0.110133871    
   1757.1130307177750       0.110137232    
   1757.2562463857771       0.110136762    
   1757.3994620537792       0.110132709    
   1757.5426777217813       0.110125311    
   1757.6858933897834       0.110114776    
   1757.8291090577854       0.110101216    
   1757.9723247257875       0.110084645    
   1758.1155403937896       0.110064976    
   1758.2587560617917       0.110042043    
   1758.4019717297938       0.110015616    
   1758.5451873977959       0.109985463    
   1758.6884030657980       0.109951392    
   1758.8316187338000       0.109913260    
   1758.9748344018021       0.109871022    
   1759.1180500698042       0.109824724    
   1759.2612657378063       0.109774470    
   1759.4044814058084       0.109720394    
   1759.5476970738105       0.109662630    
   1759.6909127418126       0.109601259    
   1759.8341284098146       0.109536283    
   1759.9773440778167       0.109467603    
   1760.1205597458188       0.109395042    
   1760.2637754138209       0.109318323    
   1760.4069910818230       0.109237134    
   1760.5502067498251       0.109151162    
   1760.6934224178272       0.109060146    
   1760.8366380858292       0.108963892    
   1760.9798537538313       0.108862273    
   1761.1230694218334       0.108755231    
   1761.2662850898355       0.108642757    
   1761.4095007578376       0.108524852    
   1761.5527164258397       0.108401500    
   1761.6959320938417       0.108272627    
   1761.8391477618438       0.108138077    
   1761.9823634298459       0.107997619    
   1762.1255790978480       0.107850946    
   1762.2687947658501       0.107697733    
   1762.4120104338522       0.107537635    
   1762.5552261018543       0.107370354    
   1762.6984417698563       0.107195653    
   1762.8416574378584       0.107013367    
   1762.9848731058605       0.106823400    
   1763.1280887738626       0.106625713    
   1763.2713044418647       0.106420301    
   1763.4145201098668       0.106207125    
   1763.5577357778689       0.105986126    
   1763.7009514458709       0.105757169    
   1763.8441671138730       0.105520047    
   1763.9873827818751       0.105274484    
   1764.1305984498772       0.105020173    
   1764.2738141178793       0.104756787    
   1764.4170297858814       0.104484022    
   1764.5602454538835       0.104201645    
   1764.7034611218855       0.103909470    
   1764.8466767898876       0.103607401    
   1764.9898924578897       0.103295386    
   1765.1331081258918       0.102973424    
   1765.2763237938939       0.102641523    
   1765.4195394618960       0.102299660    
   1765.5627551298981       0.101947755    
   1765.7059707979001       0.101585649    
   1765.8491864659022       0.101213135    
   1765.9924021339043       0.100829959    
   1766.1356178019064       0.100435831    
   1766.2788334699085       0.100030497    
   1766.4220491379106        9.96137485E-02
   1766.5652648059126        9.91854370E-02
   1766.7084804739147        9.87455249E-02
   1766.8516961419168        9.82940421E-02
   1766.9949118099189        9.78310779E-02
   1767.1381274779210        9.73567516E-02
   1767.2813431459231        9.68711674E-02
   1767.4245588139252        9.63743776E-02
   1767.5677744819272        9.58663747E-02
   1767.7109901499293        9.53470692E-02
   1767.8542058179314        9.48163196E-02
   1767.9974214859335        9.42739323E-02
   1768.1406371539356        9.37197357E-02
   1768.2838528219377        9.31535885E-02
   1768.4270684899398        9.25754234E-02
   1768.5702841579418        9.19852629E-02
   1768.7134998259439        9.13832188E-02
   1768.8567154939460        9.07694846E-02
   1768.9999311619481        9.01442915E-02
   1769.1431468299502        8.95078704E-02
   1769.2863624979523        8.88604298E-02
   1769.4295781659544        8.82021114E-02
   1769.5727938339564        8.75329897E-02
   1769.7160095019585        8.68530646E-02
   1769.8592251699606        8.61622989E-02
   1770.0024408379627        8.54606256E-02
   1770.1456565059648        8.47480148E-02
   1770.2888721739669        8.40244740E-02
   1770.4320878419690        8.32901001E-02
   1770.5753035099710        8.25450867E-02
   1770.7185191779731        8.17897171E-02
   1770.8617348459752        8.10243264E-02
   1771.0049505139773        8.02492797E-02
   1771.1481661819794        7.94649422E-02
   1771.2913818499815        7.86716416E-02
   1771.4345975179835        7.78696388E-02
   1771.5778131859856        7.70591274E-02
   1771.7210288539877        7.62402341E-02
   1771.8642445219898        7.54130408E-02
   1772.0074601899919        7.45776519E-02
   1772.1506758579940        7.37341866E-02
   1772.2938915259961        7.28828460E-02
   1772.4371071939981        7.20239058E-02
   1772.5803228620002        7.11577386E-02
   1772.7235385300023        7.02847838E-02
   1772.8667541980044        6.94055334E-02
   1773.0099698660065        6.85204789E-02
   1773.1531855340086        6.76300749E-02
   1773.2964012020107        6.67347312E-02
   1773.4396168700127        6.58347756E-02
   1773.5828325380148        6.49304613E-02
   1773.7260482060169        6.40219823E-02
   1773.8692638740190        6.31095096E-02
   1774.0124795420211        6.21932223E-02
   1774.1556952100232        6.12733513E-02
   1774.2989108780253        6.03502095E-02
   1774.4421265460273        5.94242066E-02
   1774.5853422140294        5.84958345E-02
   1774.7285578820315        5.75656556E-02
   1774.8717735500336        5.66342622E-02
   1775.0149892180357        5.57022355E-02
   1775.1582048860378        5.47701158E-02
   1775.3014205540399        5.38383648E-02
   1775.4446362220419        5.29073551E-02
   1775.5878518900440        5.19773848E-02
   1775.7310675580461        5.10487035E-02
   1775.8742832260482        5.01215570E-02
   1776.0174988940503        4.91962172E-02
   1776.1607145620524        4.82730195E-02
   1776.3039302300544        4.73523848E-02
   1776.4471458980565        4.64348197E-02
   1776.5903615660586        4.55209129E-02
   1776.7335772340607        4.46112938E-02
   1776.8767929020628        4.37065922E-02
   1777.0200085700649        4.28074040E-02
   1777.1632242380670        4.19142544E-02
   1777.3064399060690        4.10275906E-02
   1777.4496555740711        4.01477739E-02
   1777.5928712420732        3.92751023E-02
   1777.7360869100753        3.84098291E-02
   1777.8793025780774        3.75522189E-02
   1778.0225182460795        3.67025696E-02
   1778.1657339140816        3.58612463E-02
   1778.3089495820836        3.50286886E-02
   1778.4521652500857        3.42053995E-02
   1778.5953809180878        3.33919264E-02
   1778.7385965860899        3.25888433E-02
   1778.8818122540920        3.17967087E-02
   1779.0250279220941        3.10160387E-02
   1779.1682435900962        3.02472692E-02
   1779.3114592580982        2.94907633E-02
   1779.4546749261003        2.87468154E-02
   1779.5978905941024        2.80156713E-02
   1779.7411062621045        2.72975601E-02
   1779.8843219301066        2.65927203E-02
   1780.0275375981087        2.59014275E-02
   1780.1707532661108        2.52240114E-02
   1780.3139689341128        2.45608706E-02
   1780.4571846021149        2.39124559E-02
   1780.6004002701170        2.32792515E-02
   1780.7436159381191        2.26617362E-02
   1780.8868316061212        2.20603514E-02
   1781.0300472741233        2.14754827E-02
   1781.1732629421253        2.09074356E-02
   1781.3164786101274        2.03564391E-02
   1781.4596942781295        1.98226515E-02
   1781.6029099461316        1.93061903E-02
   1781.7461256141337        1.88071690E-02
   1781.8893412821358        1.83257293E-02
   1782.0325569501379        1.78620648E-02
   1782.1757726181399        1.74164269E-02
   1782.3189882861420        1.69891287E-02
   1782.4622039541441        1.65805202E-02
   1782.6054196221462        1.61909610E-02
   1782.7486352901483        1.58207808E-02
   1782.8918509581504        1.54702449E-02
   1783.0350666261525        1.51395295E-02
   1783.1782822941545        1.48287173E-02
   1783.3214979621566        1.45378131E-02
   1783.4647136301587        1.42667713E-02
   1783.6079292981608        1.40155284E-02
   1783.7511449661629        1.37840426E-02
   1783.8943606341650        1.35723269E-02
   1784.0375763021671        1.33804670E-02
   1784.1807919701691        1.32086240E-02
   1784.3240076381712        1.30570121E-02
   1784.4672233061733        1.29258614E-02
   1784.6104389741754        1.28153777E-02
   1784.7536546421775        1.27257090E-02
   1784.8968703101796        1.26569178E-02
   1785.0400859781817        1.26089724E-02
   1785.1833016461837        1.25817489E-02
   1785.3265173141858        1.25750536E-02
   1785.4697329821879        1.25886574E-02
   1785.6129486501900        1.26223406E-02
   1785.7561643181921        1.26759233E-02
   1785.8993799861942        1.27492882E-02
   1786.0425956541962        1.28423870E-02
   1786.1858113221983        1.29552344E-02
   1786.3290269902004        1.30878827E-02
   1786.4722426582025        1.32403867E-02
   1786.6154583262046        1.34127596E-02
   1786.7586739942067        1.36049399E-02
   1786.9018896622088        1.38167702E-02
   1787.0451053302108        1.40479989E-02
   1787.1883209982129        1.42982947E-02
   1787.3315366662150        1.45672765E-02
   1787.4747523342171        1.48545476E-02
   1787.6179680022192        1.51597383E-02
   1787.7611836702213        1.54825402E-02
   1787.9043993382234        1.58227235E-02
   1788.0476150062254        1.61801334E-02
   1788.1908306742275        1.65546741E-02
   1788.3340463422296        1.69462729E-02
   1788.4772620102317        1.73548423E-02
   1788.6204776782338        1.77802499E-02
   1788.7636933462359        1.82222910E-02
   1788.9069090142380        1.86806731E-02
   1789.0501246822400        1.91550106E-02
   1789.1933403502421        1.96448509E-02
   1789.3365560182442        2.01497041E-02
   1789.4797716862463        2.06690859E-02
   1789.6229873542484        2.12025475E-02
   1789.7662030222505        2.17497069E-02
   1789.9094186902526        2.23102551E-02
   1790.0526343582546        2.28839535E-02
   1790.1958500262567        2.34706141E-02
   1790.3390656942588        2.40700655E-02
   1790.4822813622609        2.46821102E-02
   1790.6254970302630        2.53064856E-02
   1790.7687126982651        2.59428509E-02
   1790.9119283662671        2.65907757E-02
   1791.0551440342692        2.72497535E-02
   1791.1983597022713        2.79192273E-02
   1791.3415753702734        2.85986252E-02
   1791.4847910382755        2.92874034E-02
   1791.6280067062776        2.99850814E-02
   1791.7712223742797        3.06912642E-02
   1791.9144380422817        3.14056464E-02
   1792.0576537102838        3.21279913E-02
   1792.2008693782859        3.28580998E-02
   1792.3440850462880        3.35957818E-02
   1792.4873007142901        3.43408175E-02
   1792.6305163822922        3.50929238E-02
   1792.7737320502943        3.58517319E-02
   1792.9169477182963        3.66167873E-02
   1793.0601633862984        3.73875871E-02
   1793.2033790543005        3.81635949E-02
   1793.3465947223026        3.89442854E-02
   1793.4898103903047        3.97291780E-02
   1793.6330260583068        4.05178629E-02
   1793.7762417263089        4.13099974E-02
   1793.9194573943109        4.21053246E-02
   1794.0626730623130        4.29036319E-02
   1794.2058887303151        4.37047333E-02
   1794.3491043983172        4.45084274E-02
   1794.4923200663193        4.53144722E-02
   1794.6355357343214        4.61225584E-02
   1794.7787514023235        4.69323061E-02
   1794.9219670703255        4.77432720E-02
   1795.0651827383276        4.85549681E-02
   1795.2083984063297        4.93668988E-02
   1795.3516140743318        5.01786061E-02
   1795.4948297423339        5.09896874E-02
   1795.6380454103360        5.17998338E-02
   1795.7812610783380        5.26088253E-02
   1795.9244767463401        5.34165129E-02
   1796.0676924143422        5.42227924E-02
   1796.2109080823443        5.50275818E-02
   1796.3541237503464        5.58307692E-02
   1796.4973394183485        5.66321835E-02
   1796.6405550863506        5.74315824E-02
   1796.7837707543526        5.82286417E-02
   1796.9269864223547        5.90229854E-02
   1797.0702020903568        5.98142147E-02
   1797.2134177583589        6.06019422E-02
   1797.3566334263610        6.13858141E-02
   1797.4998490943631        6.21655583E-02
   1797.6430647623652        6.29409850E-02
   1797.7862804303672        6.37119934E-02
   1797.9294960983693        6.44785538E-02
   1798.0727117663714        6.52406588E-02
   1798.2159274343735        6.59982935E-02
   1798.3591431023756        6.67514056E-02
   1798.5023587703777        6.74998760E-02
   1798.6455744383798        6.82435110E-02
   1798.7887901063818        6.89820498E-02
   1798.9320057743839        6.97151795E-02
   1799.0752214423860        7.04425797E-02
   1799.2184371103881        7.11639524E-02
   1799.3616527783902        7.18790665E-02
   1799.5048684463923        7.25877583E-02
   1799.6480841143944        7.32899606E-02
   1799.7912997823964        7.39856735E-02
   1799.9345154503985        7.46749565E-02
   1800.0777311184006        7.53578842E-02
