   0.0000000000000000        0.00000000    
  0.14321566800212829        0.00000000    
  0.28643133600425658        1.09188822E-13
  0.42964700400638489        3.23556774E-13
  0.57286267200851315        6.23951520E-13
  0.71607834001064141        9.80532821E-13
  0.85929400801276967        1.35928877E-12
   1.0025096760148979        1.72923362E-12
   1.1457253440170263        2.06881994E-12
   1.2889410120191547        2.37028713E-12
   1.4321566800212830        2.64114555E-12
   1.5753723480234114        2.90260979E-12
   1.7185880160255398        3.18541092E-12
   1.8618036840276682        3.52396064E-12
   2.0050193520297963        3.95011194E-12
   2.1482350200319247        4.48784196E-12
   2.2914506880340531        5.14991045E-12
   2.4346663560361814        5.93716352E-12
   2.5778820240383098        6.84054549E-12
   2.7210976920404382        7.84534417E-12
   2.8643133600425665        8.93675151E-12
   3.0075290280446949        1.01055163E-11
   3.1507446960468233        1.13525812E-11
   3.2939603640489517        1.26917556E-11
   3.4371760320510800        1.41500639E-11
   3.5803917000532084        1.57658123E-11
   3.7236073680553368        1.75849734E-11
   3.8668230360574651        1.96568300E-11
   4.0100387040595935        2.20297947E-11
   4.1532543720617214        2.47484064E-11
   4.2964700400638494        2.78519707E-11
   4.4396857080659773        3.13751698E-11
   4.5829013760681052        3.53503268E-11
   4.7261170440702331        3.98110087E-11
   4.8693327120723611        4.47961321E-11
   5.0125483800744890        5.03539363E-11
   5.1557640480766169        5.65453691E-11
   5.2989797160787449        6.34462274E-11
   5.4421953840808728        7.11482331E-11
   5.5854110520830007        7.97588731E-11
   5.7286267200851286        8.94006882E-11
   5.8718423880872566        1.00210222E-10
   6.0150580560893845        1.12337160E-10
   6.1582737240915124        1.25944380E-10
   6.3014893920936403        1.41208586E-10
   6.4447050600957683        1.58322272E-10
   6.5879207280978962        1.77496101E-10
   6.7311363961000241        1.98962402E-10
   6.8743520641021520        2.22978774E-10
   7.0175677321042800        2.49831933E-10
   7.1607834001064079        2.79842316E-10
   7.3039990681085358        3.13368248E-10
   7.4472147361106638        3.50811269E-10
   7.5904304041127917        3.92620991E-10
   7.7336460721149196        4.39301179E-10
   7.8768617401170475        4.91415353E-10
   8.0200774081191764        5.49593648E-10
   8.1632930761213043        6.14538975E-10
   8.3065087441234322        6.87033319E-10
   8.4497244121255601        7.67945929E-10
   8.5929400801276881        8.58240090E-10
   8.7361557481298160        9.58983226E-10
   8.8793714161319439        1.07135600E-09
   9.0225870841340718        1.19666588E-09
   9.1658027521361998        1.33636036E-09
   9.3090184201383277        1.49204538E-09
   9.4522340881404556        1.66550396E-09
   9.5954497561425836        1.85871663E-09
   9.7386654241447115        2.07388795E-09
   9.8818810921468394        2.31346919E-09
   10.025096760148967        2.58018851E-09
   10.168312428151095        2.87707791E-09
   10.311528096153223        3.20750160E-09
   10.454743764155351        3.57519125E-09
   10.597959432157479        3.98427780E-09
   10.741175100159607        4.43933423E-09
   10.884390768161735        4.94541563E-09
   11.027606436163863        5.50811530E-09
   11.170822104165991        6.13361539E-09
   11.314037772168119        6.82876111E-09
   11.457253440170247        7.60112773E-09
   11.600469108172375        8.45910009E-09
   11.743684776174502        9.41196721E-09
   11.886900444176630        1.04700106E-08
   12.030116112178758        1.16446177E-08
   12.173331780180886        1.29483837E-08
   12.316547448183014        1.43952459E-08
   12.459763116185142        1.60006000E-08
   12.602978784187270        1.77814687E-08
   12.746194452189398        1.97566461E-08
   12.889410120191526        2.19468710E-08
   13.032625788193654        2.43750460E-08
   13.175841456195782        2.70664380E-08
   13.319057124197910        3.00489447E-08
   13.462272792200038        3.33533627E-08
   13.605488460202166        3.70136490E-08
   13.748704128204293        4.10673060E-08
   13.891919796206421        4.55556837E-08
   14.035135464208549        5.05244095E-08
   14.178351132210677        5.60237758E-08
   14.321566800212805        6.21092582E-08
   14.464782468214933        6.88419490E-08
   14.607998136217061        7.62891901E-08
   14.751213804219189        8.45251620E-08
   14.894429472221317        9.36314777E-08
   15.037645140223445        1.03698063E-07
   15.180860808225573        1.14823827E-07
   15.324076476227701        1.27117687E-07
   15.467292144229829        1.40699413E-07
   15.610507812231956        1.55700889E-07
   15.753723480234084        1.72267079E-07
   15.896939148236212        1.90557500E-07
   16.040154816238342        2.10747544E-07
   16.183370484240470        2.33029894E-07
   16.326586152242598        2.57616421E-07
   16.469801820244726        2.84739741E-07
   16.613017488246854        3.14655551E-07
   16.756233156248982        3.47644658E-07
   16.899448824251110        3.84015181E-07
   17.042664492253238        4.24105281E-07
   17.185880160255365        4.68286458E-07
   17.329095828257493        5.16966338E-07
   17.472311496259621        5.70591737E-07
   17.615527164261749        6.29653186E-07
   17.758742832263877        6.94688140E-07
   17.901958500266005        7.66286291E-07
   18.045174168268133        8.45094007E-07
   18.188389836270261        9.31819102E-07
   18.331605504272389        1.02723766E-06
   18.474821172274517        1.13219903E-06
   18.618036840276645        1.24763426E-06
   18.761252508278773        1.37456198E-06
   18.904468176280901        1.51409813E-06
   19.047683844283029        1.66746315E-06
   19.190899512285156        1.83599354E-06
   19.334115180287284        2.02115143E-06
   19.477330848289412        2.22453491E-06
   19.620546516291540        2.44789248E-06
   19.763762184293668        2.69313432E-06
   19.906977852295796        2.96234998E-06
   20.050193520297924        3.25782298E-06
   20.193409188300052        3.58204602E-06
   20.336624856302180        3.93774235E-06
   20.479840524304308        4.32788784E-06
   20.623056192306436        4.75573233E-06
   20.766271860308564        5.22482105E-06
   20.909487528310692        5.73902526E-06
   21.052703196312820        6.30256682E-06
   21.195918864314947        6.92005369E-06
   21.339134532317075        7.59651266E-06
   21.482350200319203        8.33741979E-06
   21.625565868321331        9.14874636E-06
   21.768781536323459        1.00370034E-05
   21.911997204325587        1.10092897E-05
   22.055212872327715        1.20733303E-05
   22.198428540329843        1.32375480E-05
   22.341644208331971        1.45111080E-05
   22.484859876334099        1.59039973E-05
   22.628075544336227        1.74270863E-05
   22.771291212338355        1.90921946E-05
   22.914506880340483        2.09121936E-05
   23.057722548342610        2.29010748E-05
   23.200938216344738        2.50740668E-05
   23.344153884346866        2.74477170E-05
   23.487369552348994        3.00400261E-05
   23.630585220351122        3.28705537E-05
   23.773800888353250        3.59605547E-05
   23.917016556355378        3.93331247E-05
   24.060232224357506        4.30133368E-05
   24.203447892359634        4.70284285E-05
   24.346663560361762        5.14079584E-05
   24.489879228363890        5.61840279E-05
   24.633094896366018        6.13914672E-05
   24.776310564368146        6.70680602E-05
   24.919526232370274        7.32547996E-05
   25.062741900372401        7.99961417E-05
   25.205957568374529        8.73403042E-05
   25.349173236376657        9.53395065E-05
   25.492388904378785        1.04050399E-04
   25.635604572380913        1.13534348E-04
   25.778820240383041        1.23857812E-04
   25.922035908385169        1.35092778E-04
   26.065251576387297        1.47317187E-04
   26.208467244389425        1.60615469E-04
   26.351682912391553        1.75078923E-04
   26.494898580393681        1.90806444E-04
   26.638114248395809        2.07904901E-04
   26.781329916397937        2.26490010E-04
   26.924545584400065        2.46686861E-04
   27.067761252402192        2.68630683E-04
   27.210976920404320        2.92467623E-04
   27.354192588406448        3.18355655E-04
   27.497408256408576        3.46465531E-04
   27.640623924410704        3.76981508E-04
   27.783839592412832        4.10102773E-04
   27.927055260414960        4.46044316E-04
   28.070270928417088        4.85038152E-04
   28.213486596419216        5.27334691E-04
   28.356702264421344        5.73204190E-04
   28.499917932423472        6.22938329E-04
   28.643133600425600        6.76851312E-04
   28.786349268427728        7.35282374E-04
   28.929564936429855        7.98596826E-04
   29.072780604431983        8.67188675E-04
   29.215996272434111        9.41482489E-04
   29.359211940436239        1.02193549E-03
   29.502427608438367        1.10904046E-03
   29.645643276440495        1.20332756E-03
   29.788858944442623        1.30536815E-03
   29.932074612444751        1.41577632E-03
   30.075290280446879        1.53521390E-03
   30.218505948449007        1.66439242E-03
   30.361721616451135        1.80407730E-03
   30.504937284453263        1.95509172E-03
   30.648152952455391        2.11832044E-03
   30.791368620457519        2.29471549E-03
   30.934584288459646        2.48529878E-03
   31.077799956461774        2.69116927E-03
   31.221015624463902        2.91350670E-03
   31.364231292466030        3.15357838E-03
   31.507446960468158        3.41274473E-03
   31.650662628470286        3.69246607E-03
   31.793878296472414        3.99431074E-03
   31.937093964474542        4.31995979E-03
   32.080309632476670        4.67121881E-03
   32.223525300478798        5.05002216E-03
   32.366740968480926        5.45844482E-03
   32.509956636483054        5.89871127E-03
   32.653172304485182        6.37320569E-03
   32.796387972487310        6.88448222E-03
   32.939603640489437        7.43527710E-03
   33.082819308491565        8.02852213E-03
   33.226034976493693        8.66735727E-03
   33.369250644495821        9.35514271E-03
   33.512466312497949        1.00954743E-02
   33.655681980500077        1.08922003E-02
   33.798897648502205        1.17494371E-02
   33.942113316504333        1.26715880E-02
   34.085328984506461        1.36633608E-02
   34.228544652508589        1.47297913E-02
   34.371760320510717        1.58762615E-02
   34.514975988512845        1.71085224E-02
   34.658191656514973        1.84327178E-02
   34.801407324517101        1.98554080E-02
   34.944622992519228        2.13836003E-02
   35.087838660521356        2.30247732E-02
   35.231054328523484        2.47869119E-02
   35.374269996525612        2.66785435E-02
   35.517485664527740        2.87087578E-02
   35.660701332529868        3.08872499E-02
   35.803917000531996        3.32243629E-02
   35.947132668534124        3.57311182E-02
   36.090348336536252        3.84192653E-02
   36.233564004538380        4.13013287E-02
   36.376779672540508        4.43906523E-02
   36.519995340542636        4.77014557E-02
   36.663211008544764        5.12488782E-02
   36.806426676546891        5.50490320E-02
   36.949642344549019        5.91190644E-02
   37.092858012551147        6.34772256E-02
   37.236073680553275        6.81429431E-02
   37.379289348555403        7.31368661E-02
   37.522505016557531        7.84809589E-02
   37.665720684559659        8.41986015E-02
   37.808936352561787        9.03146118E-02
   37.952152020563915        9.68553722E-02
   38.095367688566043       0.103848912    
   38.238583356568171       0.111325003    
   38.381799024570299       0.119315267    
   38.525014692572427       0.127853274    
   38.668230360574555       0.136974648    
   38.811446028576682       0.146717235    
   38.954661696578810       0.157121152    
   39.097877364580938       0.168228954    
   39.241093032583066       0.180085748    
   39.384308700585194       0.192739382    
   39.527524368587322       0.206240565    
   39.670740036589450       0.220643044    
   39.813955704591578       0.236003742    
   39.957171372593706       0.252383024    
   40.100387040595834       0.269844741    
   40.243602708597962       0.288456500    
   40.386818376600090       0.308289856    
   40.530034044602218       0.329420537    
   40.673249712604346       0.351928622    
   40.816465380606473       0.375898868    
   40.959681048608601       0.401420921    
   41.102896716610729       0.428589523    
   41.246112384612857       0.457504779    
   41.389328052614985       0.488272488    
   41.532543720617113       0.521004379    
   41.675759388619241       0.555818439    
   41.818975056621369       0.592839360    
   41.962190724623497       0.632198751    
   42.105406392625625       0.674035549    
   42.248622060627753       0.718496263    
   42.391837728629881       0.765735447    
   42.535053396632009       0.815916121    
   42.678269064634136       0.869210184    
   42.821484732636264       0.925798714    
   42.964700400638392       0.985872686    
   43.107916068640520        1.04963326    
   43.251131736642648        1.11729252    
   43.394347404644776        1.18907356    
   43.537563072646904        1.26521134    
   43.680778740649032        1.34595323    
   43.823994408651160        1.43155932    
   43.967210076653288        1.52230334    
   44.110425744655416        1.61847329    
   44.253641412657544        1.72037196    
   44.396857080659672        1.82831800    
   44.540072748661800        1.94264591    
   44.683288416663927        2.06370711    
   44.826504084666055        2.19187093    
   44.969719752668183        2.32752514    
   45.112935420670311        2.47107697    
   45.256151088672439        2.62295389    
   45.399366756674567        2.78360438    
   45.542582424676695        2.95349956    
   45.685798092678823        3.13313293    
   45.829013760680951        3.32302213    
   45.972229428683079        3.52370977    
   46.115445096685207        3.73576474    
   46.258660764687335        3.95978284    
   46.401876432689463        4.19638824    
   46.545092100691591        4.44623518    
   46.688307768693718        4.71000910    
   46.831523436695846        4.98842621    
   46.974739104697974        5.28223705    
   47.117954772700102        5.59222603    
   47.261170440702230        5.91921377    
   47.404386108704358        6.26405811    
   47.547601776706486        6.62765646    
   47.690817444708614        7.01094770    
   47.834033112710742        7.41491127    
   47.977248780712870        7.84057045    
   48.120464448714998        8.28899479    
   48.263680116717126        8.76129913    
   48.406895784719254        9.25864792    
   48.550111452721382        9.78225803    
   48.693327120723509        10.3333969    
   48.836542788725637        10.9133883    
   48.979758456727765        11.5236111    
   49.122974124729893        12.1655035    
   49.266189792732021        12.8405628    
   49.409405460734149        13.5503492    
   49.552621128736277        14.2964878    
   49.695836796738405        15.0806713    
   49.839052464740533        15.9046612    
   49.982268132742661        16.7702942    
   50.125483800744789        17.6794758    
   50.268699468746917        18.6341915    
   50.411915136749045        19.6365051    
   50.555130804751172        20.6885605    
   50.698346472753300        21.7925873    
   50.841562140755428        22.9509029    
   50.984777808757556        24.1659126    
   51.127993476759684        25.4401188    
   51.271209144761812        26.7761135    
   51.414424812763940        28.1765881    
   51.557640480766068        29.6443348    
   51.700856148768196        31.1822491    
   51.844071816770324        32.7933350    
   51.987287484772452        34.4807053    
   52.130503152774580        36.2475891    
   52.273718820776708        38.0973358    
   52.416934488778836        40.0334053    
   52.560150156780963        42.0593834    
   52.703365824783091        44.1789856    
   52.846581492785219        46.3960495    
   52.989797160787347        48.7145500    
   53.133012828789475        51.1385994    
   53.276228496791603        53.6724510    
   53.419444164793731        56.3204956    
   53.562659832795859        59.0872688    
   53.705875500797987        61.9774628    
   53.849091168800115        64.9959183    
   53.992306836802243        68.1476364    
   54.135522504804371        71.4377747    
   54.278738172806499        74.8716507    
   54.421953840808627        78.4547729    
   54.565169508810754        82.1928024    
   54.708385176812882        86.0915756    
   54.851600844815010        90.1571045    
   54.994816512817138        94.3955841    
   55.138032180819266        98.8133926    
   55.281247848821394        103.417091    
   55.424463516823522        108.213440    
   55.567679184825650        113.209404    
   55.710894852827778        118.412148    
   55.854110520829906        123.829018    
   55.997326188832034        129.467575    
   56.140541856834162        135.335587    
   56.283757524836290        141.441025    
   56.426973192838418        147.792068    
   56.570188860840545        154.397141    
   56.713404528842673        161.264893    
   56.856620196844801        168.404175    
   56.999835864846929        175.824051    
   57.143051532849057        183.533813    
   57.286267200851185        191.543015    
   57.429482868853313        199.861389    
   57.572698536855441        208.498947    
   57.715914204857569        217.465912    
   57.859129872859697        226.772797    
   58.002345540861825        236.430298    
   58.145561208863953        246.449356    
   58.288776876866081        256.841156    
   58.431992544868208        267.617157    
   58.575208212870336        278.789001    
   58.718423880872464        290.368622    
   58.861639548874592        302.368225    
   59.004855216876720        314.800232    
   59.148070884878848        327.677246    
   59.291286552880976        341.012207    
   59.434502220883104        354.818207    
   59.577717888885232        369.108643    
   59.720933556887360        383.897156    
   59.864149224889488        399.197601    
   60.007364892891616        415.024139    
   60.150580560893744        431.391113    
   60.293796228895872        448.313049    
   60.437011896897999        465.804779    
   60.580227564900127        483.881317    
   60.723443232902255        502.557922    
   60.866658900904383        521.850037    
   61.009874568906511        541.773376    
   61.153090236908639        562.343872    
   61.296305904910767        583.577698    
   61.439521572912895        605.491089    
   61.582737240915023        628.100525    
   61.725952908917151        651.422729    
   61.869168576919279        675.474548    
   62.012384244921407        700.273010    
   62.155599912923535        725.835327    
   62.298815580925663        752.178955    
   62.442031248927790        779.321411    
   62.585246916929918        807.280396    
   62.728462584932046        836.073669    
   62.871678252934174        865.719116    
   63.014893920936302        896.234802    
   63.158109588938430        927.638855    
   63.301325256940558        959.949463    
   63.444540924942686        993.184998    
   63.587756592944814        1027.36377    
   63.730972260946942        1062.50427    
   63.874187928949070        1098.62488    
   64.017403596951198        1135.74402    
   64.160619264953326        1173.88025    
   64.303834932955453        1213.05212    
   64.447050600957581        1253.27808    
   64.590266268959709        1294.57666    
   64.733481936961837        1336.96606    
   64.876697604963965        1380.46472    
   65.019913272966093        1425.09094    
   65.163128940968221        1470.86279    
   65.306344608970349        1517.79822    
   65.449560276972477        1565.91504    
   65.592775944974605        1615.23096    
   65.735991612976733        1665.76343    
   65.879207280978861        1717.52991    
   66.022422948980989        1770.54736    
   66.165638616983117        1824.83289    
   66.308854284985244        1880.40308    
   66.452069952987372        1937.27429    
   66.595285620989500        1995.46252    
   66.738501288991628        2054.98340    
   66.881716956993756        2115.85229    
   67.024932624995884        2178.08398    
   67.168148292998012        2241.69312    
   67.311363961000140        2306.69409    
   67.454579629002268        2373.10010    
   67.597795297004396        2440.92480    
   67.741010965006524        2510.18066    
   67.884226633008652        2580.88013    
   68.027442301010780        2653.03467    
   68.170657969012908        2726.65576    
   68.313873637015035        2801.75342    
   68.457089305017163        2878.33789    
   68.600304973019291        2956.41870    
   68.743520641021419        3036.00391    
   68.886736309023547        3117.10181    
   69.029951977025675        3199.71899    
   69.173167645027803        3283.86230    
   69.316383313029931        3369.53711    
   69.459598981032059        3456.74854    
   69.602814649034187        3545.50073    
   69.746030317036315        3635.79663    
   69.889245985038443        3727.63892    
   70.032461653040571        3821.02856    
   70.175677321042699        3915.96631    
   70.318892989044826        4012.45142    
   70.462108657046954        4110.48291    
   70.605324325049082        4210.05859    
   70.748539993051210        4311.17529    
   70.891755661053338        4413.82812    
   71.034971329055466        4518.01172    
   71.178186997057594        4623.71973    
   71.321402665059722        4730.94385    
   71.464618333061850        4839.67627    
   71.607834001063978        4949.90625    
   71.751049669066106        5061.62305    
   71.894265337068234        5174.81494    
   72.037481005070362        5289.46826    
   72.180696673072489        5405.56885    
   72.323912341074617        5523.10107    
   72.467128009076745        5642.04736    
   72.610343677078873        5762.38965    
   72.753559345081001        5884.10840    
   72.896775013083129        6007.18311    
   73.039990681085257        6131.59180    
   73.183206349087385        6257.31152    
   73.326422017089513        6384.31689    
   73.469637685091641        6512.58252    
   73.612853353093769        6642.08105    
   73.756069021095897        6772.78369    
   73.899284689098025        6904.66113    
   74.042500357100153        7037.68213    
   74.185716025102280        7171.81494    
   74.328931693104408        7307.02539    
   74.472147361106536        7443.27930    
   74.615363029108664        7580.53955    
   74.758578697110792        7718.76904    
   74.901794365112920        7857.92822    
   75.045010033115048        7997.97705    
   75.188225701117176        8138.87451    
   75.331441369119304        8280.57715    
   75.474657037121432        8423.04199    
   75.617872705123560        8566.22363    
   75.761088373125688        8710.07520    
   75.904304041127816        8854.54980    
   76.047519709129944        8999.59863    
   76.190735377132071        9145.17188    
   76.333951045134199        9291.21777    
   76.477166713136327        9437.68457    
   76.620382381138455        9584.51855    
   76.763598049140583        9731.66602    
   76.906813717142711        9879.07129    
   77.050029385144839        10026.6787    
   77.193245053146967        10174.4297    
   77.336460721149095        10322.2666    
   77.479676389151223        10470.1309    
   77.622892057153351        10617.9619    
   77.766107725155479        10765.6992    
   77.909323393157607        10913.2803    
   78.052539061159735        11060.6426    
   78.195754729161862        11207.7236    
   78.338970397163990        11354.4590    
   78.482186065166118        11500.7832    
   78.625401733168246        11646.6318    
   78.768617401170374        11791.9395    
   78.911833069172502        11936.6396    
   79.055048737174630        12080.6670    
   79.198264405176758        12223.9531    
   79.341480073178886        12366.4316    
   79.484695741181014        12508.0342    
   79.627911409183142        12648.6924    
   79.771127077185270        12788.3389    
   79.914342745187398        12926.9043    
   80.057558413189525        13064.3213    
   80.200774081191653        13200.5195    
   80.343989749193781        13335.4326    
   80.487205417195909        13468.9912    
   80.630421085198037        13601.1270    
   80.773636753200165        13731.7725    
   80.916852421202293        13860.8594    
   81.060068089204421        13988.3213    
   81.203283757206549        14114.0898    
   81.346499425208677        14238.0986    
   81.489715093210805        14360.2812    
   81.632930761212933        14480.5723    
   81.776146429215061        14598.9062    
   81.919362097217189        14715.2188    
   82.062577765219316        14829.4453    
   82.205793433221444        14941.5234    
   82.349009101223572        15051.3906    
   82.492224769225700        15158.9854    
   82.635440437227828        15264.2471    
   82.778656105229956        15367.1162    
   82.921871773232084        15467.5352    
   83.065087441234212        15565.4473    
   83.208303109236340        15660.7959    
   83.351518777238468        15753.5264    
   83.494734445240596        15843.5850    
   83.637950113242724        15930.9180    
   83.781165781244852        16015.4746    
   83.924381449246980        16097.2061    
   84.067597117249107        16176.0645    
   84.210812785251235        16252.0020    
   84.354028453253363        16324.9746    
   84.497244121255491        16394.9395    
   84.640459789257619        16461.8535    
   84.783675457259747        16525.6758    
   84.926891125261875        16586.3691    
   85.070106793264003        16643.8965    
   85.213322461266131        16698.2246    
   85.356538129268259        16749.3184    
   85.499753797270387        16797.1465    
   85.642969465272515        16841.6797    
   85.786185133274643        16882.8926    
   85.929400801276770        16920.7578    
   86.072616469278898        16955.2520    
   86.215832137281026        16986.3535    
   86.359047805283154        17014.0430    
   86.502263473285282        17038.3027    
   86.645479141287410        17059.1191    
   86.788694809289538        17076.4785    
   86.931910477291666        17090.3691    
   87.075126145293794        17100.7812    
   87.218341813295922        17107.7090    
   87.361557481298050        17111.1484    
   87.504773149300178        17111.0938    
   87.647988817302306        17107.5469    
   87.791204485304434        17100.5098    
   87.934420153306561        17089.9844    
   88.077635821308689        17075.9766    
   88.220851489310817        17058.4941    
   88.364067157312945        17037.5488    
   88.507282825315073        17013.1504    
   88.650498493317201        16985.3145    
   88.793714161319329        16954.0586    
   88.936929829321457        16919.4004    
   89.080145497323585        16881.3594    
   89.223361165325713        16839.9590    
   89.366576833327841        16795.2227    
   89.509792501329969        16747.1777    
   89.653008169332097        16695.8516    
   89.796223837334225        16641.2734    
   89.939439505336352        16583.4766    
   90.082655173338480        16522.4961    
   90.225870841340608        16458.3672    
   90.369086509342736        16391.1270    
   90.512302177344864        16320.8154    
   90.655517845346992        16247.4746    
   90.798733513349120        16171.1465    
   90.941949181351248        16091.8750    
   91.085164849353376        16009.7070    
   91.228380517355504        15924.6895    
   91.371596185357632        15836.8711    
   91.514811853359760        15746.3027    
   91.658027521361888        15653.0371    
   91.801243189364016        15557.1260    
   91.944458857366143        15458.6240    
   92.087674525368271        15357.5879    
   92.230890193370399        15254.0752    
   92.374105861372527        15148.1436    
   92.517321529374655        15039.8525    
   92.660537197376783        14929.2627    
   92.803752865378911        14816.4355    
   92.946968533381039        14701.4336    
   93.090184201383167        14584.3184    
   93.233399869385295        14465.1543    
   93.376615537387423        14344.0059    
   93.519831205389551        14220.9385    
   93.663046873391679        14096.0186    
   93.806262541393806        13969.3125    
   93.949478209395934        13840.8877    
   94.092693877398062        13710.8125    
   94.235909545400190        13579.1533    
   94.379125213402318        13445.9795    
   94.522340881404446        13311.3604    
   94.665556549406574        13175.3633    
   94.808772217408702        13038.0576    
   94.951987885410830        12899.5137    
   95.095203553412958        12759.7988    
   95.238419221415086        12618.9824    
   95.381634889417214        12477.1338    
   95.524850557419342        12334.3213    
   95.668066225421470        12190.6152    
   95.811281893423597        12046.0840    
   95.954497561425725        11900.7969    
   96.097713229427853        11754.8203    
   96.240928897429981        11608.2236    
   96.384144565432109        11461.0723    
   96.527360233434237        11313.4336    
   96.670575901436365        11165.3730    
   96.813791569438493        11016.9570    
   96.957007237440621        10868.2500    
   97.100222905442749        10719.3154    
   97.243438573444877        10570.2188    
   97.386654241447005        10421.0225    
   97.529869909449133        10271.7881    
   97.673085577451261        10122.5781    
   97.816301245453388        9973.45312    
   97.959516913455516        9824.47168    
   98.102732581457644        9675.69238    
   98.245948249459772        9527.17383    
   98.389163917461900        9378.97168    
   98.532379585464028        9231.14160    
   98.675595253466156        9083.73730    
   98.818810921468284        8936.81250    
   98.962026589470412        8790.41992    
   99.105242257472540        8644.60938    
   99.248457925474668        8499.43262    
   99.391673593476796        8354.93750    
   99.534889261478924        8211.17285    
   99.678104929481051        8068.18457    
   99.821320597483179        7926.01758    
   99.964536265485307        7784.71631    
   100.10775193348744        7644.32227    
   100.25096760148956        7504.87744    
   100.39418326949169        7366.42090    
   100.53739893749382        7228.99170    
   100.68061460549595        7092.62646    
   100.82383027349807        6957.36084    
   100.96704594150020        6823.23047    
   101.11026160950233        6690.26855    
   101.25347727750446        6558.50732    
   101.39669294550659        6427.97803    
   101.53990861350871        6298.71045    
   101.68312428151084        6170.73242    
   101.82633994951297        6044.07080    
   101.96955561751510        5918.75049    
   102.11277128551723        5794.79443    
   102.25598695351935        5672.22607    
   102.39920262152148        5551.06592    
   102.54241828952361        5431.33496    
   102.68563395752574        5313.05127    
   102.82884962552787        5196.23340    
   102.97206529352999        5080.89746    
   103.11528096153212        4967.05811    
   103.25849662953425        4854.72998    
   103.40171229753638        4743.92529    
   103.54492796553851        4634.65576    
   103.68814363354063        4526.93115    
   103.83135930154276        4420.76123    
   103.97457496954489        4316.15283    
   104.11779063754702        4213.11328    
   104.26100630554915        4111.64746    
   104.40422197355127        4011.76001    
   104.54743764155340        3913.45459    
   104.69065330955553        3816.73340    
   104.83386897755766        3721.59839    
   104.97708464555978        3628.05005    
   105.12030031356191        3536.08789    
   105.26351598156404        3445.71045    
   105.40673164956617        3356.91504    
   105.54994731756830        3269.69849    
   105.69316298557042        3184.05615    
   105.83637865357255        3099.98315    
   105.97959432157468        3017.47314    
   106.12280998957681        2936.51978    
   106.26602565757894        2857.11523    
   106.40924132558106        2779.25146    
   106.55245699358319        2702.91943    
   106.69567266158532        2628.10986    
   106.83888832958745        2554.81226    
   106.98210399758958        2483.01562    
   107.12531966559170        2412.70850    
   107.26853533359383        2343.87866    
   107.41175100159596        2276.51294    
   107.55496666959809        2210.59814    
   107.69818233760022        2146.11987    
   107.84139800560234        2083.06396    
   107.98461367360447        2021.41565    
   108.12782934160660        1961.15991    
   108.27104500960873        1902.28125    
   108.41426067761086        1844.76392    
   108.55747634561298        1788.59143    
   108.70069201361511        1733.74707    
   108.84390768161724        1680.21387    
   108.98712334961937        1627.97424    
   109.13033901762149        1577.01038    
   109.27355468562362        1527.30408    
   109.41677035362575        1478.83716    
   109.55998602162788        1431.59094    
   109.70320168963001        1385.54700    
   109.84641735763213        1340.68665    
   109.98963302563426        1296.99109    
   110.13284869363639        1254.44165    
   110.27606436163852        1213.01941    
   110.41928002964065        1172.70544    
   110.56249569764277        1133.48059    
   110.70571136564490        1095.32556    
   110.84892703364703        1058.22083    
   110.99214270164916        1022.14679    
   111.13535836965129        987.083862    
   111.27857403765341        953.012390    
   111.42178970565554        919.913086    
   111.56500537365767        887.766479    
   111.70822104165980        856.553589    
   111.85143670966193        826.255432    
   111.99465237766405        796.853027    
   112.13786804566618        768.327881    
   112.28108371366831        740.661194    
   112.42429938167044        713.834473    
   112.56751504967256        687.828979    
   112.71073071767469        662.626160    
   112.85394638567682        638.207397    
   112.99716205367895        614.554321    
   113.14037772168108        591.648682    
   113.28359338968320        569.472473    
   113.42680905768533        548.008179    
   113.57002472568746        527.238464    
   113.71324039368959        507.146484    
   113.85645606169172        487.715454    
   113.99967172969384        468.928925    
   114.14288739769597        450.770477    
   114.28610306569810        433.223846    
   114.42931873370023        416.272980    
   114.57253440170236        399.901794    
   114.71575006970448        384.094513    
   114.85896573770661        368.835510    
   115.00218140570874        354.109497    
   115.14539707371087        339.901398    
   115.28861274171300        326.196625    
   115.43182840971512        312.980896    
   115.57504407771725        300.240234    
   115.71825974571938        287.961121    
   115.86147541372151        276.130127    
   116.00469108172364        264.734161    
   116.14790674972576        253.760208    
   116.29112241772789        243.195450    
   116.43433808573002        233.027176    
   116.57755375373215        223.242874    
   116.72076942173427        213.830338    
   116.86398508973640        204.777649    
   117.00720075773853        196.073257    
   117.15041642574066        187.705948    
   117.29363209374279        179.664917    
   117.43684776174491        171.939621    
   117.58006342974704        164.519806    
   117.72327909774917        157.395493    
   117.86649476575130        150.556854    
   118.00971043375343        143.994263    
   118.15292610175555        137.698212    
   118.29614176975768        131.659393    
   118.43935743775981        125.868629    
   118.58257310576194        120.317024    
   118.72578877376407        114.995918    
   118.86900444176619        109.896950    
   119.01222010976832        105.012115    
   119.15543577777045        100.333687    
   119.29865144577258        95.8542480    
   119.44186711377471        91.5665970    
   119.58508278177683        87.4637680    
   119.72829844977896        83.5389175    
   119.87151411778109        79.7853165    
   120.01472978578322        76.1963882    
   120.15794545378535        72.7656784    
   120.30116112178747        69.4869003    
   120.44437678978960        66.3539734    
   120.58759245779173        63.3610535    
   120.73080812579386        60.5025291    
   120.87402379379598        57.7730522    
   121.01723946179811        55.1675034    
   121.16045512980024        52.6809616    
   121.30367079780237        50.3086967    
   121.44688646580450        48.0460892    
   121.59010213380662        45.8886452    
   121.73331780180875        43.8319511    
   121.87653346981088        41.8717003    
   122.01974913781301        40.0036850    
   122.16296480581514        38.2238350    
   122.30618047381726        36.5282669    
   122.44939614181939        34.9132843    
   122.59261180982152        33.3754044    
   122.73582747782365        31.9113312    
   122.87904314582578        30.5179386    
   123.02225881382790        29.1922188    
   123.16547448183003        27.9312496    
   123.30869014983216        26.7321701    
   123.45190581783429        25.5921402    
   123.59512148583642        24.5083675    
   123.73833715383854        23.4781113    
   123.88155282184067        22.4987297    
   124.02476848984280        21.5677185    
   124.16798415784493        20.6827412    
   124.31119982584705        19.8416367    
   124.45441549384918        19.0424118    
   124.59763116185131        18.2832260    
   124.74084682985344        17.5623398    
   124.88406249785557        16.8780804    
   125.02727816585769        16.2287865    
   125.17049383385982        15.6127901    
   125.31370950186195        15.0283918    
   125.45692516986408        14.4738846    
   125.60014083786621        13.9475889    
   125.74335650586833        13.4478951    
   125.88657217387046        12.9733143    
   126.02978784187259        12.5225058    
   126.17300350987472        12.0943022    
   126.31621917787685        11.6876898    
   126.45943484587897        11.3017788    
   126.60265051388110        10.9357405    
   126.74586618188323        10.5887508    
   126.88908184988536        10.2599449    
   127.03229751788749        9.94838047    
   127.17551318588961        9.65304661    
   127.31872885389174        9.37288189    
   127.46194452189387        9.10683060    
   127.60516018989600        8.85389709    
   127.74837585789813        8.61320210    
   127.89159152590025        8.38402176    
   128.03480719390240        8.16579533    
   128.17802286190454        7.95810938    
   128.32123852990668        7.76065540    
   128.46445419790882        7.57317209    
   128.60766986591096        7.39538431    
   128.75088553391311        7.22693968    
   128.89410120191525        7.06737375    
   129.03731686991739        6.91610432    
   129.18053253791953        6.77246046    
   129.32374820592167        6.63573980    
   129.46696387392382        6.50527239    
   129.61017954192596        6.38048506    
   129.75339520992810        6.26094818    
   129.89661087793024        6.14639235    
   130.03982654593239        6.03669548    
   130.18304221393453        5.93183756    
   130.32625788193667        5.83183479    
   130.46947354993881        5.73667240    
   130.61268921794095        5.64625025    
   130.75590488594310        5.56035042    
   130.89912055394524        5.47864056    
   131.04233622194738        5.40070105    
   131.18555188994952        5.32607269    
   131.32876755795166        5.25431585    
   131.47198322595381        5.18506336    
   131.61519889395595        5.11806297    
   131.75841456195809        5.05319452    
   131.90163022996023        4.99046040    
   132.04484589796238        4.92995119    
   132.18806156596452        4.87179518    
   132.33127723396666        4.81610250    
   132.47449290196880        4.76291227    
   132.61770856997094        4.71216202    
   132.76092423797309        4.66368008    
   132.90413990597523        4.61720800    
   133.04735557397737        4.57244253    
   133.19057124197951        4.52908802    
   133.33378690998165        4.48690081    
   133.47700257798380        4.44572115    
   133.62021824598594        4.40548801    
   133.76343391398808        4.36622953    
   133.90664958199022        4.32803631    
   134.04986524999237        4.29102087    
   134.19308091799451        4.25527716    
   134.33629658599665        4.22084808    
   134.47951225399879        4.18770885    
   134.62272792200093        4.15576935    
   134.76594359000308        4.12488937    
   134.90915925800522        4.09490108    
   135.05237492600736        4.06563902    
   135.19559059400950        4.03696728    
   135.33880626201164        4.00880194    
   135.48202193001379        3.98111963    
   135.62523759801593        3.95394945    
   135.76845326601807        3.92735219    
   135.91166893402021        3.90139031    
   136.05488460202236        3.87609982    
   136.19810027002450        3.85147047    
   136.34131593802664        3.82743955    
   136.48453160602878        3.80390191    
   136.62774727403092        3.78073263    
   136.77096294203307        3.75781608    
   136.91417861003521        3.73507404    
   137.05739427803735        3.71248317    
   137.20060994603949        3.69007730    
   137.34382561404163        3.66793466    
   137.48704128204378        3.64615393    
   137.63025695004592        3.62482381    
   137.77347261804806        3.60399294    
   137.91668828605020        3.58365011    
   138.05990395405234        3.56371951    
   138.20311962205449        3.54407382    
   138.34633529005663        3.52456260    
   138.48955095805877        3.50504613    
   138.63276662606091        3.48542881    
   138.77598229406306        3.46568346    
   138.91919796206520        3.44586110    
   139.06241363006734        3.42608571    
   139.20562929806948        3.40652680    
   139.34884496607162        3.38735938    
   139.49206063407377        3.36871481    
   139.63527630207591        3.35064125    
   139.77849197007805        3.33308339    
   139.92170763808019        3.31588817    
   140.06492330608233        3.29883337    
   140.20813897408448        3.28167486    
   140.35135464208662        3.26419854    
   140.49457031008876        3.24626827    
   140.63778597809090        3.22785759    
   140.78100164609305        3.20905828    
   140.92421731409519        3.19006085    
   141.06743298209733        3.17111254    
   141.21064865009947        3.15246129    
   141.35386431810161        3.13430023    
   141.49707998610376        3.11672330    
   141.64029565410590        3.09970307    
   141.78351132210804        3.08309317    
   141.92672699011018        3.06665730    
   142.06994265811232        3.05011940    
   142.21315832611447        3.03322172    
   142.35637399411661        3.01578212    
   142.49958966211875        2.99773383    
   142.64280533012089        2.97914243    
   142.78602099812304        2.96019316    
   142.92923666612518        2.94115090    
   143.07245233412732        2.92230082    
   143.21566800212946        2.90388274    
   143.35888367013160        2.88603640    
   143.50209933813375        2.86877108    
   143.64531500613589        2.85196638    
   143.78853067413803        2.83540201    
   143.93174634214017        2.81880713    
   144.07496201014231        2.80191875    
   144.21817767814446        2.78453779    
   144.36139334614660        2.76657200    
   144.50460901414874        2.74805498    
   144.64782468215088        2.72913766    
   144.79104035015303        2.71005344    
   144.93425601815517        2.69106674    
   145.07747168615731        2.67241764    
   145.22068735415945        2.65427423    
   145.36390302216159        2.63670278    
   145.50711869016374        2.61965752    
   145.65033435816588        2.60299468    
   145.79355002616802        2.58650732    
   145.93676569417016        2.56997347    
   146.07998136217230        2.55320764    
   146.22319703017445        2.53610182    
   146.36641269817659        2.51864576    
   146.50962836617873        2.50092483    
   146.65284403418087        2.48309517    
   146.79605970218302        2.46534443    
   146.93927537018516        2.44784880    
   147.08249103818730        2.43073487    
   147.22570670618944        2.41405797    
   147.36892237419158        2.39779782    
   147.51213804219373        2.38187337    
   147.65535371019587        2.36616802    
   147.79856937819801        2.35056067    
   147.94178504620015        2.33495355    
   148.08500071420229        2.31929493    
   148.22821638220444        2.30358815    
   148.37143205020658        2.28788686    
   148.51464771820872        2.27227759    
   148.65786338621086        2.25685453    
   148.80107905421301        2.24169612    
   148.94429472221515        2.22684860    
   149.08751039021729        2.21231961    
   149.23072605821943        2.19808054    
   149.37394172622157        2.18407822    
   149.51715739422372        2.17025352    
   149.66037306222586        2.15656257    
   149.80358873022800        2.14299464    
   149.94680439823014        2.12957954    
   150.09002006623228        2.11638069    
   150.23323573423443        2.10347581    
   150.37645140223657        2.09093499    
   150.51966707023871        2.07880163    
   150.66288273824085        2.06708074    
   150.80609840624300        2.05573678    
   150.94931407424514        2.04470325    
   151.09252974224728        2.03389859    
   151.23574541024942        2.02325034    
   151.37896107825156        2.01271605    
   151.52217674625371        2.00229883    
   151.66539241425585        1.99205220    
   151.80860808225799        1.98207235    
   151.95182375026013        1.97248089    
   152.09503941826227        1.96339893    
   152.23825508626442        1.95491815    
   152.38147075426656        1.94707525    
   152.52468642226870        1.93983698    
   152.66790209027084        1.93310165    
   152.81111775827299        1.92671812    
   152.95433342627513        1.92051768    
   153.09754909427727        1.91435194    
   153.24076476227941        1.90812898    
   153.38398043028155        1.90184045    
   153.52719609828370        1.89557076    
   153.67041176628584        1.88948250    
   153.81362743428798        1.88378119    
   153.95684310229012        1.87866592    
   154.10005877029226        1.87428236    
   154.24327443829441        1.87068927    
   154.38649010629655        1.86784518    
   154.52970577429869        1.86561584    
   154.67292144230083        1.86380076    
   154.81613711030298        1.86217427    
   154.95935277830512        1.86053371    
   155.10256844630726        1.85874557    
   155.24578411430940        1.85677660    
   155.38899978231154        1.85470271    
   155.53221545031369        1.85269308    
   155.67543111831583        1.85097349    
   155.81864678631797        1.84977686    
   155.96186245432011        1.84929001    
   156.10507812232225        1.84960759    
   156.24829379032440        1.85070574    
   156.39150945832654        1.85244250    
   156.53472512632868        1.85458720    
   156.67794079433082        1.85687244    
   156.82115646233297        1.85905361    
   156.96437213033511        1.86096394    
   157.10758779833725        1.86255097    
   157.25080346633939        1.86388707    
   157.39401913434153        1.86515033    
   157.53723480234368        1.86657989    
   157.68045047034582        1.86841798    
   157.82366613834796        1.87085330    
   157.96688180635010        1.87398028    
   158.11009747435224        1.87778044    
   158.25331314235439        1.88212836    
   158.39652881035653        1.88681769    
   158.53974447835867        1.89160466    
   158.68296014636081        1.89626038    
   158.82617581436295        1.90062129    
   158.96939148236510        1.90462518    
   159.11260715036724        1.90832138    
   159.25582281836938        1.91185427    
   159.39903848637152        1.91542506    
   159.54225415437367        1.91924310    
   159.68546982237581        1.92347610    
   159.82868549037795        1.92821121    
   159.97190115838009        1.93343437    
   160.11511682638223        1.93903470    
   160.25833249438438        1.94483340    
   160.40154816238652        1.95062864    
   160.54476383038866        1.95624208    
   160.68797949839080        1.96155548    
   160.83119516639294        1.96652889    
   160.97441083439509        1.97120035    
   161.11762650239723        1.97566795    
   161.26084217039937        1.98006082    
   161.40405783840151        1.98450506    
   161.54727350640366        1.98909283    
   161.69048917440580        1.99386311    
   161.83370484240794        1.99879551    
   161.97692051041008        2.00381875    
   162.12013617841222        2.00882769    
   162.26335184641437        2.01370883    
   162.40656751441651        2.01836801    
   162.54978318241865        2.02275395    
   162.69299885042079        2.02687120    
   162.83621451842293        2.03077388    
   162.97943018642508        2.03454542    
   163.12264585442722        2.03826928    
   163.26586152242936        2.04200315    
   163.40907719043150        2.04576182    
   163.55229285843365        2.04951453    
   163.69550852643579        2.05319357    
   163.83872419443793        2.05671358    
   163.98193986244007        2.05999780    
   164.12515553044221        2.06300211    
   164.26837119844436        2.06572890    
   164.41158686644650        2.06822515    
   164.55480253444864        2.07056761    
   164.69801820245078        2.07284045    
   164.84123387045292        2.07511401    
   164.98444953845507        2.07742810    
   165.12766520645721        2.07978272    
   165.27088087445935        2.08213425    
   165.41409654246149        2.08440375    
   165.55731221046364        2.08649278    
   165.70052787846578        2.08830786    
   165.84374354646792        2.08978510    
   165.98695921447006        2.09091020    
   166.13017488247220        2.09172750    
   166.27339055047435        2.09233522    
   166.41660621847649        2.09286547    
   166.55982188647863        2.09344959    
   166.70303755448077        2.09418058    
   166.84625322248291        2.09508085    
   166.98946889048506        2.09608960    
   167.13268455848720        2.09707403    
   167.27590022648934        2.09785962    
   167.41911589449148        2.09827137    
   167.56233156249363        2.09817481    
   167.70554723049577        2.09750938    
   167.84876289849791        2.09630537    
   167.99197856650005        2.09468102    
   168.13519423450219        2.09281683    
   168.27840990250434        2.09091616    
   168.42162557050648        2.08916044    
   168.56484123850862        2.08767223    
   168.70805690651076        2.08649087    
   168.85127257451290        2.08556271    
   168.99448824251505        2.08474874    
   169.13770391051719        2.08384919    
   169.28091957851933        2.08264470    
   169.42413524652147        2.08094859    
   169.56735091452362        2.07865381    
   169.71056658252576        2.07576513    
   169.85378225052790        2.07240343    
   169.99699791853004        2.06878352    
   170.14021358653218        2.06516743    
   170.28342925453433        2.06180620    
   170.42664492253647        2.05888176    
   170.56986059053861        2.05646396    
   170.71307625854075        2.05449462    
   170.85629192654289        2.05280232    
   170.99950759454504        2.05114079    
   171.14272326254718        2.04924226    
   171.28593893054932        2.04687166    
   171.42915459855146        2.04387355    
   171.57237026655361        2.04020286    
   171.71558593455575        2.03593493    
   171.85880160255789        2.03125024    
   172.00201727056003        2.02639651    
   172.14523293856217        2.02163625    
   172.28844860656432        2.01719141    
   172.43166427456646        2.01319671    
   172.57487994256860        2.00966787    
   172.71809561057074        2.00649571    
   172.86131127857288        2.00346708    
   173.00452694657503        2.00031400    
   173.14774261457717        1.99677730    
   173.29095828257931        1.99267018    
   173.43417395058145        1.98792017    
   173.57738961858360        1.98257983    
   173.72060528658574        1.97680712    
   173.86382095458788        1.97082281    
   174.00703662259002        1.96485782    
   174.15025229059216        1.95910227    
   174.29346795859431        1.95366609    
   174.43668362659645        1.94855940    
   174.57989929459859        1.94369614    
   174.72311496260073        1.93891776    
   174.86633063060287        1.93403053    
   175.00954629860502        1.92884648    
   175.15276196660716        1.92322183    
   175.29597763460930        1.91708577    
   175.43919330261144        1.91045451    
   175.58240897061359        1.90342593    
   175.72562463861573        1.89615393    
   175.86884030661787        1.88880908    
   176.01205597462001        1.88153505    
   176.15527164262215        1.87441397    
   176.29848731062430        1.86744821    
   176.44170297862644        1.86056364    
   176.58491864662858        1.85363245    
   176.72813431463072        1.84650970    
   176.87134998263286        1.83907342    
   177.01456565063501        1.83125460    
   177.15778131863715        1.82304800    
   177.30099698663929        1.81450307    
   177.44421265464143        1.80570114    
   177.58742832264358        1.79672968    
   177.73064399064572        1.78766119    
   177.87385965864786        1.77853870    
   178.01707532665000        1.76936793    
   178.16029099465214        1.76011693    
   178.30350666265429        1.75072360    
   178.44672233065643        1.74111140    
   178.58993799865857        1.73120999    
   178.73315366666071        1.72097445    
   178.87636933466285        1.71039891    
   179.01958500266500        1.69952011    
   179.16280067066714        1.68841088    
   179.30601633866928        1.67716217    
   179.44923200667142        1.66585720    
   179.59244767467356        1.65454268    
   179.73566334267571        1.64320910    
   179.87887901067785        1.63178849    
   180.02209467867999        1.62017107    
   180.16531034668213        1.60823679    
   180.30852601468428        1.59589088    
   180.45174168268642        1.58309174    
   180.59495735068856        1.56986403    
   180.73817301869070        1.55629408    
   180.88138868669284        1.54250801    
   181.02460435469499        1.52864039    
   181.16782002269713        1.51480234    
   181.31103569069927        1.50105810    
   181.45425135870141        1.48741341    
   181.59746702670355        1.47381568    
   181.74068269470570        1.46016312    
   181.88389836270784        1.44632149    
   182.02711403070998        1.43214977    
   182.17032969871212        1.41753197    
   182.31354536671427        1.40240884    
   182.45676103471641        1.38679969    
   182.59997670271855        1.37080610    
   182.74319237072069        1.35459471    
   182.88640803872283        1.33836293    
   183.02962370672498        1.32229543    
   183.17283937472712        1.30652094    
   183.31605504272926        1.29107988    
   183.45927071073140        1.27591383    
   183.60248637873354        1.26088083    
   183.74570204673569        1.24579334    
   183.88891771473783        1.23046851    
   184.03213338273997        1.21477342    
   184.17534905074211        1.19865465    
   184.31856471874426        1.18214750    
   184.46178038674640        1.16536665    
   184.60499605474854        1.14848244    
   184.74821172275068        1.13168764    
   184.89142739075282        1.11516058    
   185.03464305875497        1.09903002    
   185.17785872675711        1.08334911    
   185.32107439475925        1.06808269    
   185.46429006276139        1.05311275    
   185.60750573076353        1.03826153    
   185.75072139876568        1.02333152    
   185.89393706676782        1.00815487    
   186.03715273476996       0.992638826    
   186.18036840277210       0.976794720    
   186.32358407077425       0.960738897    
   186.46679973877639       0.944665611    
   186.61001540677853       0.928800702    
   186.75323107478067       0.913349152    
   186.89644674278281       0.898450017    
   187.03966241078496       0.884149015    
   187.18287807878710       0.870393574    
   187.32609374678924       0.857051313    
   187.46930941479138       0.843946874    
   187.61252508279352       0.830905259    
   187.75574075079567       0.817791343    
   187.89895641879781       0.804536343    
   188.04217208679995       0.791150212    
   188.18538775480209       0.777720511    
   188.32860342280424       0.764399171    
   188.47181909080638       0.751376688    
   188.61503475880852       0.738844872    
   188.75825042681066       0.726954281    
   188.90146609481280       0.715778351    
   189.04468176281495       0.705295265    
   189.18789743081709       0.695393980    
   189.33111309881923       0.685903549    
   189.47432876682137       0.676637471    
   189.61754443482351       0.667442024    
   189.76076010282566       0.658235192    
   189.90397577082780       0.649025857    
   190.04719143882994       0.639907122    
   190.19040710683208       0.631028056    
   190.33362277483423       0.622553349    
   190.47683844283637       0.614624321    
   190.62005411083851       0.607331216    
   190.76326977884065       0.600700080    
   190.90648544684279       0.594694138    
   191.04970111484494       0.589226365    
   191.19291678284708       0.584181011    
   191.33613245084922       0.579438925    
   191.47934811885136       0.574901998    
   191.62256378685350       0.570512116    
   191.76577945485565       0.566262126    
   191.90899512285779       0.562197149    
   192.05221079085993       0.558405459    
   192.19542645886207       0.554998040    
   192.33864212686422       0.552078545    
   192.48185779486636       0.549711704    
   192.62507346286850       0.547902286    
   192.76828913087064       0.546593428    
   192.91150479887278       0.545685351    
   193.05472046687493       0.545066535    
   193.19793613487707       0.544645369    
   193.34115180287921       0.544372022    
   193.48436747088135       0.544246137    
   193.62758313888349       0.544310272    
   193.77079880688564       0.544631839    
   193.91401447488778       0.545279682    
   194.05723014288992       0.546302617    
   194.20044581089206       0.547716618    
   194.34366147889421       0.549503624    
   194.48687714689635       0.551619411    
   194.63009281489849       0.554004848    
   194.77330848290063       0.556597650    
   194.91652415090277       0.559342861    
   195.05973981890492       0.562203407    
   195.20295548690706       0.565169156    
   195.34617115490920       0.568260550    
   195.48938682291134       0.571524203    
   195.63260249091348       0.575019717    
   195.77581815891563       0.578800797    
   195.91903382691777       0.582895279    
   196.06224949491991       0.587289929    
   196.20546516292205       0.591925561    
   196.34868083092420       0.596707046    
   196.49189649892634       0.601527572    
   196.63511216692848       0.606300354    
   196.77832783493062       0.610985160    
   196.92154350293276       0.615599334    
   197.06475917093491       0.620209694    
   197.20797483893705       0.624910772    
   197.35119050693919       0.629797459    
   197.49440617494133       0.634939969    
   197.63762184294347       0.640364945    
   197.78083751094562       0.646045506    
   197.92405317894776       0.651901662    
   198.06726884694990       0.657812715    
   198.21048451495204       0.663637757    
   198.35370018295419       0.669239938    
   198.49691585095633       0.674509346    
   198.64013151895847       0.679382563    
   198.78334718696061       0.683857083    
   198.92656285496275       0.687997282    
   199.06977852296490       0.691926420    
   199.21299419096704       0.695801854    
   199.35620985896918       0.699776828    
   199.49942552697132       0.703960240    
   199.64264119497346       0.708386242    
   199.78585686297561       0.713003278    
   199.92907253097775       0.717684329    
   200.07228819897989       0.722256243    
   200.21550386698203       0.726539791    
   200.35871953498417       0.730391145    
   200.50193520298632       0.733733296    
   200.64515087098846       0.736569166    
   200.78836653899060       0.738975048    
   200.93158220699274       0.741079807    
   201.07479787499489       0.743037105    
   201.21801354299703       0.744996905    
   201.36122921099917       0.747077942    
   201.50444487900131       0.749343753    
   201.64766054700345       0.751786590    
   201.79087621500560       0.754325390    
   201.93409188300774       0.756820440    
   202.07730755100988       0.759101927    
   202.22052321901202       0.761005819    
   202.36373888701416       0.762409031    
   202.50695455501631       0.763257682    
   202.65017022301845       0.763580918    
   202.79338589102059       0.763485253    
   202.93660155902273       0.763127863    
   203.07981722702488       0.762675166    
   203.22303289502702       0.762260437    
   203.36624856302916       0.761954248    
   203.50946423103130       0.761754870    
   203.65267989903344       0.761597157    
   203.79589556703559       0.761373103    
   203.93911123503773       0.760957479    
   204.08232690303987       0.760233998    
   204.22554257104201       0.759117842    
   204.36875823904415       0.757570446    
   204.51197390704630       0.755604208    
   204.65518957504844       0.753277779    
   204.79840524305058       0.750684381    
   204.94162091105272       0.747935176    
   205.08483657905487       0.745138943    
   205.22805224705701       0.742379427    
   205.37126791505915       0.739696026    
   205.51448358306129       0.737075150    
   205.65769925106343       0.734457135    
   205.80091491906558       0.731756628    
   205.94413058706772       0.728888750    
   206.08734625506986       0.725791931    
   206.23056192307200       0.722442627    
   206.37377759107414       0.718859553    
   206.51699325907629       0.715097129    
   206.66020892707843       0.711229682    
   206.80342459508057       0.707330763    
   206.94664026308271       0.703455687    
   207.08985593108486       0.699633598    
   207.23307159908700       0.695870101    
   207.37628726708914       0.692155600    
   207.51950293509128       0.688472271    
   207.66271860309342       0.684797704    
   207.80593427109557       0.681107581    
   207.94914993909771       0.677380562    
   208.09236560709985       0.673604548    
   208.23558127510199       0.669780612    
   208.37879694310413       0.665921867    
   208.52201261110628       0.662048101    
   208.66522827910842       0.658178627    
   208.80844394711056       0.654325664    
   208.95165961511270       0.650489151    
   209.09487528311485       0.646655083    
   209.23809095111699       0.642800450    
   209.38130661911913       0.638905287    
   209.52452228712127       0.634968162    
   209.66773795512341       0.631016970    
   209.81095362312556       0.627108693    
   209.95416929112770       0.623317480    
   210.09738495912984       0.619716585    
   210.24060062713198       0.616360486    
   210.38381629513412       0.613271534    
   210.52703196313627       0.610433340    
   210.67024763113841       0.607792377    
   210.81346329914055       0.605269492    
   210.95667896714269       0.602778494    
   211.09989463514484       0.600246370    
   211.24311030314698       0.597628593    
   211.38632597114912       0.594916523    
   211.52954163915126       0.592139363    
   211.67275730715340       0.589362621    
   211.81597297515555       0.586681902    
   211.95918864315769       0.584208488    
   212.10240431115983       0.582045972    
   212.24561997916197       0.580263138    
   212.38883564716411       0.578873098    
   212.53205131516626       0.577825606    
   212.67526698316840       0.577015340    
   212.81848265117054       0.576302588    
   212.96169831917268       0.575542808    
   213.10491398717483       0.574619830    
   213.24812965517697       0.573475182    
   213.39134532317911       0.572125137    
   213.53456099118125       0.570658684    
   213.67777665918339       0.569217145    
   213.82099232718554       0.567962706    
   213.96420799518768       0.567045808    
   214.10742366318982       0.566577613    
   214.25063933119196       0.566610098    
   214.39385499919410       0.567125261    
   214.53707066719625       0.568036973    
   214.68028633519839       0.569206297    
   214.82350200320053       0.570468962    
   214.96671767120267       0.571668267    
   215.10993333920482       0.572686911    
   215.25314900720696       0.573472083    
   215.39636467520910       0.574050307    
   215.53958034321124       0.574526727    
   215.68279601121338       0.575065613    
   215.82601167921553       0.575852633    
   215.96922734721767       0.577048779    
   216.11244301521981       0.578750372    
   216.25565868322195       0.580967128    
   216.39887435122409       0.583622336    
   216.54209001922624       0.586571157    
   216.68530568722838       0.589631498    
   216.82852135523052       0.592621863    
   216.97173702323266       0.595399499    
   217.11495269123481       0.597890973    
   217.25816835923695       0.600107253    
   217.40138402723909       0.602138877    
   217.54459969524123       0.604135454    
   217.68781536324337       0.606276155    
   217.83103103124552       0.608736634    
   217.97424669924766       0.611656725    
   218.11746236724980       0.615111768    
   218.26067803525194       0.619094253    
   218.40389370325408       0.623513222    
   218.54710937125623       0.628213763    
   218.69032503925837       0.633011818    
   218.83354070726051       0.637734890    
   218.97675637526265       0.642257988    
   219.11997204326480       0.646528542    
   219.26318771126694       0.650575280    
   219.40640337926908       0.654498637    
   219.54961904727122       0.658444405    
   219.69283471527336       0.662567616    
   219.83605038327551       0.666998088    
   219.97926605127765       0.671817601    
   220.12248171927979       0.677051306    
   220.26569738728193       0.682671010    
   220.40891305528407       0.688605845    
   220.55212872328622       0.694758713    
   220.69534439128836       0.701027930    
   220.83856005929050       0.707329988    
   220.98177572729264       0.713617265    
   221.12499139529478       0.719884872    
   221.26820706329693       0.726166427    
   221.41142273129907       0.732522666    
   221.55463839930121       0.739027023    
   221.69785406730335       0.745749533    
   221.84106973530550       0.752740562    
   221.98428540330764       0.760018051    
   222.12750107130978       0.767564356    
   222.27071673931192       0.775335491    
   222.41393240731406       0.783279121    
   222.55714807531621       0.791351974    
   222.70036374331835       0.799530625    
   222.84357941132049       0.807812452    
   222.98679507932263       0.816210866    
   223.13001074732477       0.824747026    
   223.27322641532692       0.833440602    
   223.41644208332906       0.842300832    
   223.55965775133120       0.851321697    
   223.70287341933334       0.860483646    
   223.84608908733549       0.869761109    
   223.98930475533763       0.879131794    
   224.13252042333977       0.888583243    
   224.27573609134191       0.898116112    
   224.41895175934405       0.907745659    
   224.56216742734620       0.917502522    
   224.70538309534834       0.927430153    
   224.84859876335048       0.937576532    
   224.99181443135262       0.947980583    
   225.13503009935476       0.958658755    
   225.27824576735691       0.969596982    
   225.42146143535905       0.980750442    
   225.56467710336119       0.992049158    
   225.70789277136333        1.00340915    
   225.85110843936548        1.01474881    
   225.99432410736762        1.02600896    
   226.13753977536976        1.03717208    
   226.28075544337190        1.04827070    
   226.42397111137404        1.05938077    
   226.56718677937619        1.07060170    
   226.71040244737833        1.08203089    
   226.85361811538047        1.09374154    
   226.99683378338261        1.10576606    
   227.14004945138475        1.11808741    
   227.28326511938690        1.13063824    
   227.42648078738904        1.14331067    
   227.56969645539118        1.15597701    
   227.71291212339332        1.16851723    
   227.85612779139547        1.18084455    
   227.99934345939761        1.19292414    
   228.14255912739975        1.20478117    
   228.28577479540189        1.21649647    
   228.42899046340403        1.22819126    
   228.57220613140618        1.23999965    
   228.71542179940832        1.25203395    
   228.85863746741046        1.26435244    
   229.00185313541260        1.27693939    
   229.14506880341474        1.28970385    
   229.28828447141689        1.30249584    
   229.43150013941903        1.31513560    
   229.57471580742117        1.32744944    
   229.71793147542331        1.33930600    
   229.86114714342546        1.35064507    
   230.00436281142760        1.36148953    
   230.14757847942974        1.37193716    
   230.29079414743188        1.38213348    
   230.43400981543402        1.39223588    
   230.57722548343617        1.40237880    
   230.72044115143831        1.41264582    
   230.86365681944045        1.42305112    
   231.00687248744259        1.43353271    
   231.15008815544473        1.44396114    
   231.29330382344688        1.45416486    
   231.43651949144902        1.46396804    
   231.57973515945116        1.47322929    
   231.72295082745330        1.48187029    
   231.86616649545545        1.48988914    
   232.00938216345759        1.49735570    
   232.15259783145973        1.50439358    
   232.29581349946187        1.51115036    
   232.43902916746401        1.51776123    
   232.58224483546616        1.52431488    
   232.72546050346830        1.53083169    
   232.86867617147044        1.53725922    
   233.01189183947258        1.54348612    
   233.15510750747472        1.54936731    
   233.29832317547687        1.55475354    
   233.44153884347901        1.55951977    
   233.58475451148115        1.56358898    
   233.72797017948329        1.56694520    
   233.87118584748544        1.56963360    
   234.01440151548758        1.57174611    
   234.15761718348972        1.57339764    
   234.30083285149186        1.57469893    
   234.44404851949400        1.57573211    
   234.58726418749615        1.57653153    
   234.73047985549829        1.57707298    
   234.87369552350043        1.57727551    
   235.01691119150257        1.57701898    
   235.16012685950471        1.57617259    
   235.30334252750686        1.57462633    
   235.44655819550900        1.57231438    
   235.58977386351114        1.56922412    
   235.73298953151328        1.56539249    
   235.87620519951543        1.56089413    
   236.01942086751757        1.55582273    
   236.16263653551971        1.55026972    
   236.30585220352185        1.54430330    
   236.44906787152399        1.53795469    
   236.59228353952614        1.53121638    
   236.73549920752828        1.52405155    
   236.87871487553042        1.51640904    
   237.02193054353256        1.50823855    
   237.16514621153470        1.49950135    
   237.30836187953685        1.49017811    
   237.45157754753899        1.48027360    
   237.59479321554113        1.46981537    
   237.73800888354327        1.45884645    
   237.88122455154542        1.44741249    
   238.02444021954756        1.43554878    
   238.16765588754970        1.42327201    
   238.31087155555184        1.41057861    
   238.45408722355398        1.39744866    
   238.59730289155613        1.38385463    
   238.74051855955827        1.36977243    
   238.88373422756041        1.35519338    
   239.02694989556255        1.34013152    
   239.17016556356469        1.32462323    
   239.31338123156684        1.30871737    
   239.45659689956898        1.29246151    
   239.59981256757112        1.27589035    
   239.74302823557326        1.25902009    
   239.88624390357541        1.24184704    
   240.02945957157755        1.22435009    
   240.17267523957969        1.20649707    
   240.31589090758183        1.18825650    
   240.45910657558397        1.16961253    
   240.60232224358612        1.15057790    
   240.74553791158826        1.13119864    
   240.88875357959040        1.11154974    
   241.03196924759254        1.09172380    
   241.17518491559468        1.07181716    
   241.31840058359683        1.05191469    
   241.46161625159897        1.03207445    
   241.60483191960111        1.01231349    
   241.74804758760325       0.992601514    
   241.89126325560539       0.972867250    
   242.03447892360754       0.953018308    
   242.17769459160968       0.932967842    
   242.32091025961182       0.912659943    
   242.46412592761396       0.892088115    
   242.60734159561611       0.871303082    
   242.75055726361825       0.850409091    
   242.89377293162039       0.829548478    
   243.03698859962253       0.808875620    
   243.18020426762467       0.788526237    
   243.32341993562682       0.768590510    
   243.46663560362896       0.749096632    
   243.60985127163110       0.730007470    
   243.75306693963324       0.711229682    
   243.89628260763538       0.692634225    
   244.03949827563753       0.674086511    
   244.18271394363967       0.655481637    
   244.32592961164181       0.636776090    
   244.46914527964395       0.618006527    
   244.61236094764610       0.599289000    
   244.75557661564824       0.580799937    
   244.89879228365038       0.562744200    
   245.04200795165252       0.545316637    
   245.18522361965466       0.528663933    
   245.32843928765681       0.512853324    
   245.47165495565895       0.497857541    
   245.61487062366109       0.483562261    
   245.75808629166323       0.469796032    
   245.90130195966537       0.456373632    
   246.04451762766752       0.443139941    
   246.18773329566966       0.430004090    
   246.33094896367180       0.416959047    
   246.47416463167394       0.404085100    
   246.61738029967609       0.391536802    
   246.76059596767823       0.379513562    
   246.90381163568037       0.368218571    
   247.04702730368251       0.357816100    
   247.19024297168465       0.348398477    
   247.33345863968680       0.339970559    
   247.47667430768894       0.332453340    
   247.61988997569108       0.325704396    
   247.76310564369322       0.319550991    
   247.90632131169536       0.313829511    
   248.04953697969751       0.308423102    
   248.19275264769965       0.303286731    
   248.33596831570179       0.298453063    
   248.47918398370393       0.294018745    
   248.62239965170608       0.290117443    
   248.76561531970822       0.286888033    
   248.90883098771036       0.284444511    
   249.05204665571250       0.282852471    
   249.19526232371464       0.282116503    
   249.33847799171679       0.282182246    
   249.48169365971893       0.282952636    
   249.62490932772107       0.284313023    
   249.76812499572321       0.286156386    
   249.91134066372535       0.288402498    
   250.05455633172750       0.291009545    
   250.19777199972964       0.293979019    
   250.34098766773178       0.297353595    
   250.48420333573392       0.301205784    
   250.62741900373607       0.305617630    
   250.77063467173821       0.310657173    
   250.91385033974035       0.316360503    
   251.05706600774249       0.322725326    
   251.20028167574463       0.329715997    
   251.34349734374678       0.337275237    
   251.48671301174892       0.345337629    
   251.62992867975106       0.353842705    
   251.77314434775320       0.362745345    
   251.91636001575534       0.372020930    
   252.05957568375749       0.381662101    
   252.20279135175963       0.391668081    
   252.34600701976177       0.402031809    
   252.48922268776391       0.412731320    
   252.63243835576606       0.423728019    
   252.77565402376820       0.434970498    
   252.91886969177034       0.446401089    
   253.06208535977248       0.457963914    
   253.20530102777462       0.469614655    
   253.34851669577677       0.481329918    
   253.49173236377891       0.493112147    
   253.63494803178105       0.504987061    
   253.77816369978319       0.516993582    
   253.92137936778533       0.529170573    
   254.06459503578748       0.541543186    
   254.20781070378962       0.554110646    
   254.35102637179176       0.566835940    
   254.49424203979390       0.579641640    
   254.63745770779605       0.592416525    
   254.78067337579819       0.605035186    
   254.92388904380033       0.617384851    
   255.06710471180247       0.629389703    
   255.21032037980461       0.641024649    
   255.35353604780676       0.652316153    
   255.49675171580890       0.663332343    
   255.63996738381104       0.674165547    
   255.78318305181318       0.684908032    
   255.92639871981532       0.695624709    
   256.06961438781747       0.706329048    
   256.21283005581961       0.716970623    
   256.35604572382175       0.727438927    
   256.49926139182389       0.737581074    
   256.64247705982604       0.747228324    
   256.78569272782818       0.756225348    
   256.92890839583032       0.764458835    
   257.07212406383246       0.771881342    
   257.21533973183460       0.778524101    
   257.35855539983675       0.784491777    
   257.50177106783889       0.789938986    
   257.64498673584103       0.795033216    
   257.78820240384317       0.799915195    
   257.93141807184531       0.804665029    
   258.07463373984746       0.809280813    
   258.21784940784960       0.813673317    
   258.36106507585174       0.817680538    
   258.50428074385388       0.821099937    
   258.64749641185603       0.823731959    
   258.79071207985817       0.825421333    
   258.93392774786031       0.826086223    
   259.07714341586245       0.825729549    
   259.22035908386459       0.824434400    
   259.36357475186674       0.822346628    
   259.50679041986888       0.819645703    
   259.65000608787102       0.816506505    
   259.79322175587316       0.813059270    
   259.93643742387530       0.809358716    
   260.07965309187745       0.805372000    
   260.22286875987959       0.800987363    
   260.36608442788173       0.796039522    
   260.50930009588387       0.790344894    
   260.65251576388602       0.783740699    
   260.79573143188816       0.776121914    
   260.93894709989030       0.767467737    
   261.08216276789244       0.757848501    
   261.22537843589458       0.747408926    
   261.36859410389673       0.736333072    
   261.51180977189887       0.724801898    
   261.65502543990101       0.712956369    
   261.79824110790315       0.700872421    
   261.94145677590529       0.688550532    
   262.08467244390744       0.675921321    
   262.22788811190958       0.662866414    
   262.37110377991172       0.649251044    
   262.51431944791386       0.634959817    
   262.65753511591600       0.619925380    
   262.80075078391815       0.604144335    
   262.94396645192029       0.587679327    
   263.08718211992243       0.570649147    
   263.23039778792457       0.553207815    
   263.37361345592672       0.535514712    
   263.51682912392886       0.517700911    
   263.66004479193100       0.499842733    
   263.80326045993314       0.481950969    
   263.94647612793528       0.463979363    
   264.08969179593743       0.445846230    
   264.23290746393957       0.427460968    
   264.37612313194171       0.408749551    
   264.51933879994385       0.389675438    
   264.66255446794599       0.370252877    
   264.80577013594814       0.350547761    
   264.94898580395028       0.330663860    
   265.09220147195242       0.310719043    
   265.23541713995456       0.290820539    
   265.37863280795671       0.271048546    
   265.52184847595885       0.251450092    
   265.66506414396099       0.232040510    
   265.80827981196313       0.212808818    
   265.95149547996527       0.193727195    
   266.09471114796742       0.174764723    
   266.23792681596956       0.155902818    
   266.38114248397170       0.137146473    
   266.52435815197384       0.118526682    
   266.66757381997598       0.100094333    
   266.81078948797813        8.19097385E-02
   266.95400515598027        6.40314668E-02
   267.09722082398241        4.65060733E-02
   267.24043649198455        2.93601826E-02
   267.38365215998670        1.25981150E-02
   267.52686782798884       -3.79159441E-03
   267.67008349599098       -1.98218673E-02
   267.81329916399312       -3.54913399E-02
   267.95651483199526       -5.07748500E-02
   268.09973049999741       -6.56231493E-02
   268.24294616799955       -7.99692199E-02
   268.38616183600169       -9.37372521E-02
   268.52937750400383      -0.106853083    
   268.67259317200597      -0.119256735    
   268.81580884000812      -0.130915210    
   268.95902450801026      -0.141830161    
   269.10224017601240      -0.152035549    
   269.24545584401454      -0.161585778    
   269.38867151201669      -0.170540199    
   269.53188718001883      -0.178949445    
   269.67510284802097      -0.186844856    
   269.81831851602311      -0.194229320    
   269.96153418402525      -0.201070100    
   270.10474985202740      -0.207298756    
   270.24796552002954      -0.212822348    
   270.39118118803168      -0.217544749    
   270.53439685603382      -0.221390426    
   270.67761252403596      -0.224322096    
   270.82082819203811      -0.226348445    
   270.96404386004025      -0.227522239    
   271.10725952804239      -0.227930367    
   271.25047519604453      -0.227676347    
   271.39369086404668      -0.226857111    
   271.53690653204882      -0.225539938    
   271.68012220005096      -0.223747030    
   271.82333786805310      -0.221452385    
   271.96655353605524      -0.218589827    
   272.10976920405739      -0.215068012    
   272.25298487205953      -0.210789278    
   272.39620054006167      -0.205671310    
   272.53941620806381      -0.199669197    
   272.68263187606595      -0.192791775    
   272.82584754406810      -0.185105056    
   272.96906321207024      -0.176720574    
   273.11227888007238      -0.167772919    
   273.25549454807452      -0.158394113    
   273.39871021607667      -0.148690045    
   273.54192588407881      -0.138721198    
   273.68514155208095      -0.128490373    
   273.82835722008309      -0.117942408    
   273.97157288808523      -0.106979705    
   274.11478855608738       -9.54910070E-02
   274.25800422408952       -8.33833665E-02
   274.40121989209166       -7.06063434E-02
   274.54443556009380       -5.71631230E-02
   274.68765122809594       -4.31103483E-02
   274.83086689609809       -2.85502337E-02
   274.97408256410023       -1.36160636E-02
   275.11729823210237        1.54934952E-03
   275.26051390010451        1.68197565E-02
   275.40372956810666        3.21089886E-02
   275.54694523610880        4.73843031E-02
   275.69016090411094        6.26664385E-02
   275.83337657211308        7.80185834E-02
   275.97659224011522        9.35279652E-02
   276.11980790811737       0.109282494    
   276.26302357611951       0.125345409    
   276.40623924412165       0.141733557    
   276.54945491212379       0.158406898    
   276.69267058012593       0.175273985    
   276.83588624812808       0.192211062    
   276.97910191613022       0.209087029    
   277.12231758413236       0.225787118    
   277.26553325213450       0.242231458    
   277.40874892013665       0.258386821    
   277.55196458813879       0.274269164    
   277.69518025614093       0.289934188    
   277.83839592414307       0.305457503    
   277.98161159214521       0.320910960    
   278.12482726014736       0.336343646    
   278.26804292814950       0.351771712    
   278.41125859615164       0.367175132    
   278.55447426415378       0.382498652    
   278.69768993215592       0.397657096    
   278.84090560015807       0.412548214    
   278.98412126816021       0.427072585    
   279.12733693616235       0.441154629    
   279.27055260416449       0.454755485    
   279.41376827216664       0.467873424    
   279.55698394016878       0.480534136    
   279.70019960817092       0.492777288    
   279.84341527617306       0.504643440    
   279.98663094417520       0.516162455    
   280.12984661217735       0.527344048    
   280.27306228017949       0.538173914    
   280.41627794818163       0.548618078    
   280.55949361618377       0.558634281    
   280.70270928418591       0.568183959    
   280.84592495218806       0.577239871    
   280.98914062019020       0.585788012    
   281.13235628819234       0.593826354    
   281.27557195619448       0.601363659    
   281.41878762419663       0.608416975    
   281.56200329219877       0.615006447    
   281.70521896020091       0.621148705    
   281.84843462820305       0.626851618    
   281.99165029620519       0.632113159    
   282.13486596420734       0.636923432    
   282.27808163220948       0.641267180    
   282.42129730021162       0.645126045    
   282.56451296821376       0.648483038    
   282.70772863621590       0.651329279    
   282.85094430421805       0.653670132    
   282.99415997222019       0.655524373    
   283.13737564022233       0.656915009    
   283.28059130822447       0.657857120    
   283.42380697622662       0.658349991    
   283.56702264422876       0.658377945    
   283.71023831223090       0.657917142    
   283.85345398023304       0.656943202    
   283.99666964823518       0.655437648    
   284.13988531623733       0.653393984    
   284.28310098423947       0.650823534    
   284.42631665224161       0.647757769    
   284.56953232024375       0.644244194    
   284.71274798824589       0.640335143    
   284.85596365624804       0.636074901    
   284.99917932425018       0.631490767    
   285.14239499225232       0.626588583    
   285.28561066025446       0.621351361    
   285.42882632825660       0.615739048    
   285.57204199625875       0.609691679    
   285.71525766426089       0.603138924    
   285.85847333226303       0.596016109    
   286.00168900026517       0.588280976    
   286.14490466826732       0.579926491    
   286.28812033626946       0.570985556    
   286.43133600427160       0.561528027    
   286.57455167227374       0.551650286    
   286.71776734027588       0.541457355    
   286.86098300827803       0.531040370    
   287.00419867628017       0.520455480    
   287.14741434428231       0.509712219    
   287.29063001228445       0.498775095    
   287.43384568028659       0.487575382    
   287.57706134828874       0.476026803    
   287.72027701629088       0.464041442    
   287.86349268429302       0.451545984    
   288.00670835229516       0.438498616    
   288.14992402029731       0.424903035    
   288.29313968829945       0.410813242    
   288.43635535630159       0.396325409    
   288.57957102430373       0.381559044    
   288.72278669230587       0.366633654    
   288.86600236030802       0.351645738    
   289.00921802831016       0.336648911    
   289.15243369631230       0.321639597    
   289.29564936431444       0.306553304    
   289.43886503231658       0.291276723    
   289.58208070031873       0.275675237    
   289.72529636832087       0.259627700    
   289.86851203632301       0.243056849    
   290.01172770432515       0.225946531    
   290.15494337232730       0.208344206    
   290.29815904032944       0.190351039    
   290.44137470833158       0.172102943    
   290.58459037633372       0.153745174    
   290.72780604433586       0.135404885    
   290.87102171233801       0.117167994    
   291.01423738034015        9.90658551E-02
   291.15745304834229        8.10733959E-02
   291.30066871634443        6.31169826E-02
   291.44388438434657        4.50897776E-02
   291.58710005234872        2.68739518E-02
   291.73031572035086        8.36841855E-03
   291.87353138835300       -1.04834521E-02
   292.01674705635514       -2.96752527E-02
   292.15996272435729       -4.91355583E-02
   292.30317839235943       -6.87430426E-02
   292.44639406036157       -8.83526057E-02
   292.58960972836371      -0.107824214    
   292.73282539636585      -0.127048612    
   292.87604106436800      -0.145966128    
   293.01925673237014      -0.164574668    
   293.16247240037228      -0.182923451    
   293.30568806837442      -0.201093048    
   293.44890373637656      -0.219168484    
   293.59211940437871      -0.237215385    
   293.73533507238085      -0.255265862    
   293.87855074038299      -0.273314089    
   294.02176640838513      -0.291317344    
   294.16498207638728      -0.309200138    
   294.30819774438942      -0.326862544    
   294.45141341239156      -0.344194740    
   294.59462908039370      -0.361095458    
   294.73784474839584      -0.377488792    
   294.88106041639799      -0.393334031    
   295.02427608440013      -0.408626407    
   295.16749175240227      -0.423390746    
   295.31070742040441      -0.437669158    
   295.45392308840655      -0.451504976    
   295.59713875640870      -0.464926004    
   295.74035442441084      -0.477932841    
   295.88357009241298      -0.490497351    
   296.02678576041512      -0.502571642    
   296.17000142841727      -0.514102042    
   296.31321709641941      -0.525040627    
   296.45643276442155      -0.535350859    
   296.59964843242369      -0.545007646    
   296.74286410042583      -0.553994954    
   296.88607976842798      -0.562300980    
   297.02929543643012      -0.569911897    
   297.17251110443226      -0.576805651    
   297.31572677243440      -0.582949638    
   297.45894244043654      -0.588304400    
   297.60215810843869      -0.592831314    
   297.74537377644083      -0.596499443    
   297.88858944444297      -0.599288821    
   298.03180511244511      -0.601191819    
   298.17502078044726      -0.602215707    
   298.31823644844940      -0.602385402    
   298.46145211645154      -0.601742268    
   298.60466778445368      -0.600334167    
   298.74788345245582      -0.598198593    
   298.89109912045797      -0.595345914    
   299.03431478846011      -0.591749489    
   299.17753045646225      -0.587347209    
   299.32074612446439      -0.582052171    
   299.46396179246653      -0.575771034    
   299.60717746046868      -0.568426013    
   299.75039312847082      -0.559976816    
   299.89360879647296      -0.550435185    
   300.03682446447510      -0.539865971    
   300.18004013247725      -0.528372884    
   300.32325580047939      -0.516074479    
   300.46647146848153      -0.503078878    
   300.60968713648367      -0.489463270    
   300.75290280448581      -0.475260288    
   300.89611847248796      -0.460452139    
   301.03933414049010      -0.444973052    
   301.18254980849224      -0.428722143    
   301.32576547649438      -0.411585242    
   301.46898114449652      -0.393461108    
   301.61219681249867      -0.374285668    
   301.75541248050081      -0.354050130    
   301.89862814850295      -0.332810670    
   302.04184381650509      -0.310687035    
   302.18505948450724      -0.287846982    
   302.32827515250938      -0.264475882    
   302.47149082051152      -0.240737677    
   302.61470648851366      -0.216739520    
   302.75792215651580      -0.192512348    
   302.90113782451795      -0.168012649    
   303.04435349252009      -0.143142492    
   303.18756916052223      -0.117780156    
   303.33078482852437       -9.18145627E-02
   303.47400049652651       -6.51774481E-02
   303.61721616452866       -3.78672108E-02
   303.76043183253080       -9.95785929E-03
   303.90364750053294        1.84102822E-02
   304.04686316853508        4.70553003E-02
   304.19007883653723        7.57861435E-02
   304.33329450453937       0.104434833    
   304.47651017254151       0.132883638    
   304.61972584054365       0.161084458    
   304.76294150854579       0.189066947    
   304.90615717654794       0.216930494    
   305.04937284455008       0.244818404    
   305.19258851255222       0.272879004    
   305.33580418055436       0.301223993    
   305.47901984855650       0.329895586    
   305.62223551655865       0.358849585    
   305.76545118456079       0.387957633    
   305.90866685256293       0.417028159    
   306.05188252056507       0.445842385    
   306.19509818856721       0.474197537    
   306.33831385656936       0.501945198    
   306.48152952457150       0.529013634    
   306.62474519257364       0.555409133    
   306.76796086057578       0.581200659    
   306.91117652857793       0.606495082    
   307.05439219658007       0.631409585    
   307.19760786458221       0.656044185    
   307.34082353258435       0.680457175    
   307.48403920058649       0.704648376    
   307.62725486858864       0.728556216    
   307.77047053659078       0.752069533    
   307.91368620459292       0.775050282    
   308.05690187259506       0.797360599    
   308.20011754059720       0.818887830    
   308.34333320859935       0.839564621    
   308.48654887660149       0.859381020    
   308.62976454460363       0.878383815    
   308.77298021260577       0.896660447    
   308.91619588060792       0.914311171    
   309.05941154861006       0.931418598    
   309.20262721661220       0.948025763    
   309.34584288461434       0.964128375    
   309.48905855261648       0.979679823    
   309.63227422061863       0.994605064    
   309.77548988862077        1.00881827    
   309.91870555662291        1.02224123    
   310.06192122462505        1.03481913    
   310.20513689262719        1.04652870    
   310.34835256062934        1.05737746    
   310.49156822863148        1.06739628    
   310.63478389663362        1.07663012    
   310.77799956463576        1.08512950    
   310.92121523263791        1.09294260    
   311.06443090064005        1.10010564    
   311.20764656864219        1.10663521    
   311.35086223664433        1.11252582    
   311.49407790464647        1.11775637    
   311.63729357264862        1.12230361    
   311.78050924065076        1.12615442    
   311.92372490865290        1.12931371    
   312.06694057665504        1.13180482    
   312.21015624465718        1.13366508    
   312.35337191265933        1.13493693    
   312.49658758066147        1.13565588    
   312.63980324866361        1.13583720    
   312.78301891666575        1.13546836    
   312.92623458466790        1.13451314    
   313.06945025267004        1.13292670    
   313.21266592067218        1.13067651    
   313.35588158867432        1.12775767    
   313.49909725667646        1.12419987    
   313.64231292467861        1.12006450    
   313.78552859268075        1.11543667    
   313.92874426068289        1.11041212    
   314.07195992868503        1.10508180    
   314.21517559668717        1.09951389    
   314.35839126468932        1.09374011    
   314.50160693269146        1.08774960    
   314.64482260069360        1.08149242    
   314.78803826869574        1.07489014    
   314.93125393669789        1.06785178    
   315.07446960470003        1.06029487    
   315.21768527270217        1.05216873    
   315.36090094070431        1.04347527    
   315.50411660870645        1.03427804    
   315.64733227670860        1.02469420    
   315.79054794471074        1.01487064    
   315.93376361271288        1.00495148    
   316.07697928071502       0.995046675    
   316.22019494871716       0.985207856    
   316.36341061671931       0.975415587    
   316.50662628472145       0.965581954    
   316.64984195272359       0.955570102    
   316.79305762072573       0.945227981    
   316.93627328872788       0.934426427    
   317.07948895673002       0.923090160    
   317.22270462473216       0.911213696    
   317.36592029273430       0.898862898    
   317.50913596073644       0.886164606    
   317.65235162873859       0.873287261    
   317.79556729674073       0.860412180    
   317.93878296474287       0.847698689    
   318.08199863274501       0.835250020    
   318.22521430074715       0.823090494    
   318.36842996874930       0.811160982    
   318.51164563675144       0.799333930    
   318.65486130475358       0.787442327    
   318.79807697275572       0.775317490    
   318.94129264075787       0.762828350    
   319.08450830876001       0.749914706    
   319.22772397676215       0.736604452    
   319.37093964476429       0.723008692    
   319.51415531276643       0.709295094    
   319.65737098076858       0.695649207    
   319.80058664877072       0.682234764    
   319.94380231677286       0.669162631    
   320.08701798477500       0.656471729    
   320.23023365277714       0.644124687    
   320.37344932077929       0.632018805    
   320.51666498878143       0.620011449    
   320.65988065678357       0.607953727    
   320.80309632478571       0.595723569    
   320.94631199278786       0.583250165    
   321.08952766079000       0.570526958    
   321.23274332879214       0.557613254    
   321.37595899679428       0.544624865    
   321.51917466479642       0.531712353    
   321.66239033279857       0.519029021    
   321.80560600080071       0.506696165    
   321.94882166880285       0.494777471    
   322.09203733680499       0.483271301    
   322.23525300480713       0.472121090    
   322.37846867280928       0.461237699    
   322.52168434081142       0.450525224    
   322.66490000881356       0.439905316    
   322.80811567681570       0.429335922    
   322.95133134481785       0.418820888    
   323.09454701281999       0.408406854    
   323.23776268082213       0.398168325    
   323.38097834882427       0.388187289    
   323.52419401682641       0.378535897    
   323.66740968482856       0.369266599    
   323.81062535283070       0.360409319    
   323.95384102083284       0.351972342    
   324.09705668883498       0.343945712    
   324.24027235683712       0.336308390    
   324.38348802483927       0.329039007    
   324.52670369284141       0.322127193    
   324.66991936084355       0.315580457    
   324.81313502884569       0.309424788    
   324.95635069684784       0.303699672    
   325.09956636484998       0.298449963    
   325.24278203285212       0.293715715    
   325.38599770085426       0.289521039    
   325.52921336885640       0.285865992    
   325.67242903685855       0.282726765    
   325.81564470486069       0.280067235    
   325.95886037286283       0.277857393    
   326.10207604086497       0.276089966    
   326.24529170886711       0.274787366    
   326.38850737686926       0.273997754    
   326.53172304487140       0.273783594    
   326.67493871287354       0.274207443    
   326.81815438087568       0.275316596    
   326.96137004887782       0.277129114    
   327.10458571687997       0.279625148    
   327.24780138488211       0.282748610    
   327.39101705288425       0.286420166    
   327.53423272088639       0.290557086    
   327.67744838888854       0.295092314    
   327.82066405689068       0.299988061    
   327.96387972489282       0.305243760    
   328.10709539289496       0.310899615    
   328.25031106089710       0.317034155    
   328.39352672889925       0.323752344    
   328.53674239690139       0.331163496    
   328.67995806490353       0.339353800    
   328.82317373290567       0.348361552    
   328.96638940090781       0.358162880    
   329.10960506890996       0.368670523    
   329.25282073691210       0.379746526    
   329.39603640491424       0.391226947    
   329.53925207291638       0.402955234    
   329.68246774091853       0.414816111    
   329.82568340892067       0.426759988    
   329.96889907692281       0.438809544    
   330.11211474492495       0.451047659    
   330.25533041292709       0.463592499    
   330.39854608092924       0.476566970    
   330.54176174893138       0.490068644    
   330.68497741693352       0.504143596    
   330.82819308493566       0.518769145    
   330.97140875293780       0.533850908    
   331.11462442093995       0.549237430    
   331.25784008894209       0.564748168    
   331.40105575694423       0.580207646    
   331.54427142494637       0.595476806    
   331.68748709294852       0.610477209    
   331.83070276095066       0.625204980    
   331.97391842895280       0.639730930    
   332.11713409695494       0.654183269    
   332.26034976495708       0.668712974    
   332.40356543295923       0.683450520    
   332.54678110096137       0.698467255    
   332.68999676896351       0.713752985    
   332.83321243696565       0.729213715    
   332.97642810496779       0.744687796    
   333.11964377296994       0.759974122    
   333.26285944097208       0.774867833    
   333.40607510897422       0.789196789    
   333.54929077697636       0.802850187    
   333.69250644497851       0.815793037    
   333.83572211298065       0.828062415    
   333.97893778098279       0.839748919    
   334.12215344898493       0.850969493    
   334.26536911698707       0.861837029    
   334.40858478498922       0.872430980    
   334.55180045299136       0.882773876    
   334.69501612099350       0.892819703    
   334.83823178899564       0.902459443    
   334.98144745699778       0.911543489    
   335.12466312499993       0.919913352    
   335.26787879300207       0.927434385    
   335.41109446100421       0.934020877    
   335.55431012900635       0.939649463    
   335.69752579700850       0.944358826    
   335.84074146501064       0.948234081    
   335.98395713301278       0.951378822    
   336.12717280101492       0.953882992    
   336.27038846901706       0.955797851    
   336.41360413701921       0.957125902    
   336.55681980502135       0.957825899    
   336.70003547302349       0.957827747    
   336.84325114102563       0.957049847    
   336.98646680902777       0.955415785    
   337.12968247702992       0.952869952    
   337.27289814503206       0.949388802    
   337.41611381303420       0.944985032    
   337.55932948103634       0.939701974    
   337.70254514903849       0.933599651    
   337.84576081704063       0.926738143    
   337.98897648504277       0.919163287    
   338.13219215304491       0.910896838    
   338.27540782104705       0.901932836    
   338.41862348904920       0.892241061    
   338.56183915705134       0.881779432    
   338.70505482505348       0.870512962    
   338.84827049305562       0.858433366    
   338.99148616105776       0.845570624    
   339.13470182905991       0.831991494    
   339.27791749706205       0.817786157    
   339.42113316506419       0.803047597    
   339.56434883306633       0.787850082    
   339.70756450106848       0.772231817    
   339.85078016907062       0.756186545    
   339.99399583707276       0.739668250    
   340.13721150507490       0.722608328    
   340.28042717307704       0.704940856    
   340.42364284107919       0.686626494    
   340.56685850908133       0.667668402    
   340.71007417708347       0.648116946    
   340.85328984508561       0.628065646    
   340.99650551308775       0.607639670    
   341.13972118108990       0.586977720    
   341.28293684909204       0.566208005    
   341.42615251709418       0.545423150    
   341.56936818509632       0.524662077    
   341.71258385309847       0.503905177    
   341.85579952110061       0.483085275    
   341.99901518910275       0.462110311    
   342.14223085710489       0.440892369    
   342.28544652510703       0.419377118    
   342.42866219310918       0.397568107    
   342.57187786111132       0.375538766    
   342.71509352911346       0.353426516    
   342.85830919711560       0.331408590    
   343.00152486511774       0.309665710    
   343.14474053311989       0.288344949    
   343.28795620112203       0.267531902    
   343.43117186912417       0.247237727    
   343.57438753712631       0.227401868    
   343.71760320512846       0.207909435    
   343.86081887313060       0.188619807    
   344.00403454113274       0.169401497    
   344.14725020913488       0.150165498    
   344.29046587713702       0.130889863    
   344.43368154513917       0.111630507    
   344.57689721314131        9.25172418E-02
   344.72011288114345        7.37356171E-02
   344.86332854914559        5.54962754E-02
   345.00654421714773        3.79956290E-02
   345.14975988514988        2.13757828E-02
   345.29297555315202        5.69474045E-03
   345.43619122115416       -9.08359792E-03
   345.57940688915630       -2.30764989E-02
   345.72262255715845       -3.64510417E-02
   345.86583822516059       -4.93831858E-02
   346.00905389316273       -6.20165169E-02
   346.15226956116487       -7.44287148E-02
   346.29548522916701       -8.66125524E-02
   346.43870089716916       -9.84764695E-02
   346.58191656517130      -0.109865315    
   346.72513223317344      -0.120595708    
   346.86834790117558      -0.130495951    
   347.01156356917772      -0.139440581    
   347.15477923717987      -0.147373572    
   347.29799490518201      -0.154317901    
   347.44121057318415      -0.160370976    
   347.58442624118629      -0.165685475    
   347.72764190918843      -0.170437425    
   347.87085757719058      -0.174787402    
   348.01407324519272      -0.178844258    
   348.15728891319486      -0.182641014    
   348.30050458119700      -0.186128780    
   348.44372024919915      -0.189189613    
   348.58693591720129      -0.191665038    
   348.73015158520343      -0.193393826    
   348.87336725320557      -0.194250122    
   349.01658292120771      -0.194171906    
   349.15979858920986      -0.193172142    
   349.30301425721200      -0.191330612    
   349.44622992521414      -0.188771114    
   349.58944559321628      -0.185632050    
   349.73266126121842      -0.182037845    
   349.87587692922057      -0.178075954    
   350.01909259722271      -0.173782542    
   350.16230826522485      -0.169138968    
   350.30552393322699      -0.164080366    
   350.44873960122914      -0.158514172    
   350.59195526923128      -0.152343780    
   350.73517093723342      -0.145491153    
   350.87838660523556      -0.137914106    
   351.02160227323770      -0.129616156    
   351.16481794123985      -0.120647460    
   351.30803360924199      -0.111095496    
   351.45124927724413      -0.101065822    
   351.59446494524627       -9.06569734E-02
   351.73768061324841       -7.99375549E-02
   351.88089628125056       -6.89333901E-02
   352.02411194925270       -5.76284267E-02
   352.16732761725484       -4.59772795E-02
   352.31054328525698       -3.39236446E-02
   352.45375895325913       -2.14186497E-02
   352.59697462126127       -8.43487494E-03
   352.74019028926341        5.02659846E-03
   352.88340595726555        1.89373232E-02
   353.02662162526769        3.32498476E-02
   353.16983729326984        4.79100049E-02
   353.31305296127198        6.28686920E-02
   353.45626862927412        7.80900344E-02
   353.59948429727626        9.35551301E-02
   353.74269996527840       0.109262019    
   353.88591563328055       0.125222147    
   354.02913130128269       0.141452894    
   354.17234696928483       0.157966956    
   354.31556263728697       0.174761459    
   354.45877830528912       0.191811398    
   354.60199397329126       0.209070474    
   354.74520964129340       0.226479694    
   354.88842530929554       0.243981302    
   355.03164097729768       0.261534452    
   355.17485664529983       0.279128671    
   355.31807231330197       0.296790600    
   355.46128798130411       0.314580262    
   355.60450364930625       0.332575023    
   355.74771931730839       0.350845367    
   355.89093498531054       0.369430125    
   356.03415065331268       0.388320506    
   356.17736632131482       0.407457322    
   356.32058198931696       0.426741004    
   356.46379765731911       0.446050107    
   356.60701332532125       0.465263516    
   356.75022899332339       0.484282017    
   356.89344466132553       0.503045976    
   357.03666032932767       0.521545291    
   357.17987599732982       0.539818943    
   357.32309166533196       0.557943642    
   357.46630733333410       0.576014221    
   357.60952300133624       0.594119489    
   357.75273866933838       0.612318397    
   357.89595433734053       0.630620003    
   358.03917000534267       0.648973227    
   358.18238567334481       0.667269766    
   358.32560134134695       0.685362220    
   358.46881700934910       0.703093290    
   358.61203267735124       0.720328808    
   358.75524834535338       0.736985087    
   358.89846401335552       0.753044605    
   359.04167968135766       0.768555522    
   359.18489534935981       0.783616185    
   359.32811101736195       0.798347592    
   359.47132668536409       0.812860787    
   359.61454235336623       0.827226937    
   359.75775802136837       0.841458082    
   359.90097368937052       0.855501413    
   360.04418935737266       0.869246781    
   360.18740502537480       0.882543266    
   360.33062069337694       0.895222187    
   360.47383636137909       0.907124043    
   360.61705202938123       0.918126225    
   360.76026769738337       0.928166091    
   360.90348336538551       0.937252939    
   361.04669903338765       0.945463777    
   361.18991470138980       0.952923238    
   361.33313036939194       0.959772289    
   361.47634603739408       0.966133237    
   361.61956170539622       0.972078621    
   361.76277737339836       0.977610707    
   361.90599304140051       0.982656717    
   362.04920870940265       0.987081945    
   362.19242437740479       0.990717471    
   362.33564004540693       0.993395030    
   362.47885571340908       0.994979978    
   362.62207138141122       0.995395005    
   362.76528704941336       0.994630635    
   362.90850271741550       0.992742598    
   363.05171838541764       0.989837408    
   363.19493405341979       0.986048639    
   363.33814972142193       0.981508195    
   363.48136538942407       0.976318359    
   363.62458105742621       0.970529735    
   363.76779672542835       0.964129806    
   363.91101239343050       0.957044423    
   364.05422806143264       0.949151874    
   364.19744372943478       0.940309286    
   364.34065939743692       0.930385172    
   364.48387506543907       0.919290543    
   364.62709073344121       0.906999230    
   364.77030640144335       0.893551528    
   364.91352206944549       0.879040897    
   365.05673773744763       0.863590181    
   365.19995340544978       0.847324371    
   365.34316907345192       0.830347121    
   365.48638474145406       0.812724173    
   365.62960040945620       0.794476509    
   365.77281607745834       0.775583327    
   365.91603174546049       0.755994201    
   366.05924741346263       0.735646665    
   366.20246308146477       0.714483976    
   366.34567874946691       0.692469358    
   366.48889441746906       0.669594824    
   366.63211008547120       0.645884812    
   366.77532575347334       0.621394277    
   366.91854142147548       0.596201241    
   367.06175708947762       0.570393682    
   367.20497275747977       0.544054151    
   367.34818842548191       0.517246723    
   367.49140409348405       0.490010887    
   367.63461976148619       0.462363988    
   367.77783542948833       0.434310973    
   367.92105109749048       0.405857176    
   368.06426676549262       0.377020180    
   368.20748243349476       0.347836196    
   368.35069810149690       0.318358898    
   368.49391376949904       0.288651019    
   368.63712943750119       0.258772671    
   368.78034510550333       0.228772134    
   368.92356077350547       0.198682770    
   369.06677644150761       0.168526500    
   369.20999210950976       0.138320744    
   369.35320777751190       0.108085543    
   369.49642344551404        7.78494328E-02
   369.63963911351618        4.76537757E-02
   369.78285478151832        1.75550841E-02
   369.92607044952047       -1.23760523E-02
   370.06928611752261       -4.20603193E-02
   370.21250178552475       -7.14182854E-02
   370.35571745352689      -0.100379869    
   370.49893312152903      -0.128892496    
   370.64214878953118      -0.156927064    
   370.78536445753332      -0.184481114    
   370.92858012553546      -0.211577326    
   371.07179579353760      -0.238254726    
   371.21501146153975      -0.264552206    
   371.35822712954189      -0.290487826    
   371.50144279754403      -0.316041201    
   371.64465846554617      -0.341145784    
   371.78787413354831      -0.365694284    
   371.93108980155046      -0.389555693    
   372.07430546955260      -0.412598968    
   372.21752113755474      -0.434717566    
   372.36073680555688      -0.455848724    
   372.50395247355902      -0.475982726    
   372.64716814156117      -0.495160013    
   372.79038380956331      -0.513457358    
   372.93359947756545      -0.530967116    
   373.07681514556759      -0.547774613    
   373.22003081356974      -0.563937545    
   373.36324648157188      -0.579469860    
   373.50646214957402      -0.594333768    
   373.64967781757616      -0.608442068    
   373.79289348557830      -0.621672332    
   373.93610915358045      -0.633890629    
   374.07932482158259      -0.644979298    
   374.22254048958473      -0.654861271    
   374.36575615758687      -0.663516521    
   374.50897182558901      -0.670986712    
   374.65218749359116      -0.677367389    
   374.79540316159330      -0.682787418    
   374.93861882959544      -0.687379897    
   375.08183449759758      -0.691251636    
   375.22505016559973      -0.694460392    
   375.36826583360187      -0.697006524    
   375.51148150160401      -0.698839605    
   375.65469716960615      -0.699875832    
   375.79791283760829      -0.700019598    
   375.94112850561044      -0.699185252    
   376.08434417361258      -0.697315931    
   376.22755984161472      -0.694396973    
   376.37077550961686      -0.690461874    
   376.51399117761900      -0.685588360    
   376.65720684562115      -0.679885447    
   376.80042251362329      -0.673474133    
   376.94363818162543      -0.666465819    
   377.08685384962757      -0.658942580    
   377.23006951762972      -0.650943756    
   377.37328518563186      -0.642462313    
   377.51650085363400      -0.633452773    
   377.65971652163614      -0.623849869    
   377.80293218963828      -0.613591731    
   377.94614785764043      -0.602641702    
   378.08936352564257      -0.591002762    
   378.23257919364471      -0.578722119    
   378.37579486164685      -0.565886259    
   378.51901052964899      -0.552607179    
   378.66222619765114      -0.539003134    
   378.80544186565328      -0.525178611    
   378.94865753365542      -0.511209130    
   379.09187320165756      -0.497134119    
   379.23508886965971      -0.482958347    
   379.37830453766185      -0.468658954    
   379.52152020566399      -0.454195768    
   379.66473587366613      -0.439524055    
   379.80795154166827      -0.424609780    
   379.95116720967042      -0.409444839    
   380.09438287767256      -0.394057095    
   380.23759854567470      -0.378510684    
   380.38081421367684      -0.362895250    
   380.52402988167898      -0.347307682    
   380.66724554968113      -0.331832886    
   380.81046121768327      -0.316528767    
   380.95367688568541      -0.301418781    
   381.09689255368755      -0.286493421    
   381.24010822168970      -0.271720558    
   381.38332388969184      -0.257061839    
   381.52653955769398      -0.242490411    
   381.66975522569612      -0.228004083    
   381.81297089369826      -0.213629887    
   381.95618656170041      -0.199419782    
   382.09940222970255      -0.185440123    
   382.24261789770469      -0.171758220    
   382.38583356570683      -0.158428997    
   382.52904923370897      -0.145484582    
   382.67226490171112      -0.132929251    
   382.81548056971326      -0.120741546    
   382.95869623771540      -0.108882882    
   383.10191190571754       -9.73101035E-02
   383.24512757371969       -8.59889090E-02
   383.38834324172183       -7.49057680E-02
   383.53155890972397       -6.40764907E-02
   383.67477457772611       -5.35486341E-02
   383.81799024572825       -4.33948636E-02
   383.96120591373040       -3.36967483E-02
   384.10442158173254       -2.45230477E-02
   384.24763724973468       -1.59103926E-02
   384.39085291773682       -7.85371196E-03
   384.53406858573896       -3.09267838E-04
   384.67728425374111        6.79204660E-03
   384.82049992174325        1.35260224E-02
   384.96371558974539        1.99557282E-02
   385.10693125774753        2.61151604E-02
   385.25014692574968        3.19995061E-02
   385.39336259375182        3.75650749E-02
   385.53657826175396        4.27397303E-02
   385.67979392975610        4.74409349E-02
   385.82300959775824        5.15961014E-02
   385.96622526576039        5.51600493E-02
   386.10944093376253        5.81265241E-02
   386.25265660176467        6.05326220E-02
   386.39587226976681        6.24552406E-02
   386.53908793776895        6.39989451E-02
   386.68230360577110        6.52761683E-02
   386.82551927377324        6.63833544E-02
   386.96873494177538        6.73788115E-02
   387.11195060977752        6.82678372E-02
   387.25516627777967        6.89991117E-02
   387.39838194578181        6.94740638E-02
   387.54159761378395        6.95683211E-02
   387.68481328178609        6.91613257E-02
   387.82802894978823        6.81666583E-02
   387.97124461779038        6.65542930E-02
   388.11446028579252        6.43582419E-02
   388.25767595379466        6.16683811E-02
   388.40089162179680        5.86105287E-02
   388.54410728979894        5.53206094E-02
   388.68732295780109        5.19180112E-02
   388.83053862580323        4.84820157E-02
   388.97375429380537        4.50353622E-02
   389.11696996180751        4.15393449E-02
   389.26018562980965        3.79030406E-02
   389.40340129781180        3.40051353E-02
   389.54661696581394        2.97226738E-02
   389.68983263381608        2.49597114E-02
   389.83304830181822        1.96700301E-02
   389.97626396982037        1.38700102E-02
   390.11947963782251        7.63879623E-03
   390.26269530582465        1.10405707E-03
   390.40591097382679       -5.58529049E-03
   390.54912664182893       -1.22934328E-02
   390.69234230983108       -1.89296901E-02
   390.83555797783322       -2.54691150E-02
   390.97877364583536       -3.19565646E-02
   391.12198931383750       -3.84942107E-02
   391.26520498183964       -4.52163629E-02
   391.40842064984179       -5.22576757E-02
   391.55163631784393       -5.97219132E-02
   391.69485198584607       -6.76584542E-02
   391.83806765384821       -7.60516748E-02
   391.98128332185036       -8.48247185E-02
   392.12449898985250       -9.38553065E-02
   392.26771465785464      -0.102999397    
   392.41093032585678      -0.112118386    
   392.55414599385892      -0.121105686    
   392.69736166186107      -0.129907742    
   392.84057732986321      -0.138533965    
   392.98379299786535      -0.147051856    
   393.12700866586749      -0.155568019    
   393.27022433386963      -0.164200574    
   393.41344000187178      -0.173050642    
   393.55665566987392      -0.182179257    
   393.69987133787606      -0.191593692    
   393.84308700587820      -0.201245397    
   393.98630267388035      -0.211040288    
   394.12951834188249      -0.220859751    
   394.27273400988463      -0.230587065    
   394.41594967788677      -0.240131408    
   394.55916534588891      -0.249442682    
   394.70238101389106      -0.258514553    
   394.84559668189320      -0.267377526    
   394.98881234989534      -0.276085734    
   395.13202801789748      -0.284700722    
   395.27524368589962      -0.293274641    
   395.41845935390177      -0.301835537    
   395.56167502190391      -0.310378224    
   395.70489068990605      -0.318863183    
   395.84810635790819      -0.327223986    
   395.99132202591034      -0.335381150    
   396.13453769391248      -0.343259096    
   396.27775336191462      -0.350802273    
   396.42096902991676      -0.357986420    
   396.56418469791890      -0.364820957    
   396.70740036592105      -0.371340901    
   396.85061603392319      -0.377590090    
   396.99383170192533      -0.383601725    
   397.13704736992747      -0.389382750    
   397.28026303792961      -0.394907206    
   397.42347870593176      -0.400119394    
   397.56669437393390      -0.404945046    
   397.70991004193604      -0.409307927    
   397.85312570993818      -0.413147777    
   397.99634137794033      -0.416435122    
   398.13955704594247      -0.419177443    
   398.28277271394461      -0.421414226    
   398.42598838194675      -0.423202127    
   398.56920404994889      -0.424595207    
   398.71241971795104      -0.425626516    
   398.85563538595318      -0.426294893    
   398.99885105395532      -0.426558852    
   399.14206672195746      -0.426338613    
   399.28528238995960      -0.425527275    
   399.42849805796175      -0.424010694    
   399.57171372596389      -0.421692699    
   399.71492939396603      -0.418518782    
   399.85814506196817      -0.414491087    
   400.00136072997032      -0.409669638    
   400.14457639797246      -0.404159039    
   400.28779206597460      -0.398083419    
   400.43100773397674      -0.391554981    
   400.57422340197888      -0.384643942    
   400.71743906998103      -0.377357692    
   400.86065473798317      -0.369635612    
   401.00387040598531      -0.361361206    
   401.14708607398745      -0.352388054    
   401.29030174198959      -0.342572957    
   401.43351740999174      -0.331808180    
   401.57673307799388      -0.320046365    
   401.71994874599602      -0.307312995    
   401.86316441399816      -0.293703347    
   402.00638008200031      -0.279363722    
   402.14959575000245      -0.264460832    
   402.29281141800459      -0.249146745    
   402.43602708600673      -0.233527273    
   402.57924275400887      -0.217640653    
   402.72245842201102      -0.201449797    
   402.86567409001316      -0.184850007    
   403.00888975801530      -0.167691827    
   403.15210542601744      -0.149816066    
   403.29532109401958      -0.131093845    
   403.43853676202173      -0.111461468    
   403.58175243002387       -9.09400508E-02
   403.72496809802601       -6.96346983E-02
   403.86818376602815       -4.77140583E-02
   404.01139943403030       -2.53762789E-02
   404.15461510203244       -2.80962186E-03
   404.29783077003458        1.98437944E-02
   404.44104643803672        4.25135829E-02
   404.58426210603886        6.52105734E-02
   404.72747777404101        8.80182236E-02
   404.87069344204315       0.111068316    
   405.01390911004529       0.134507075    
   405.15712477804743       0.158459276    
   405.30034044604957       0.182997406    
   405.44355611405172       0.208121747    
   405.58677178205386       0.233755216    
   405.72998745005600       0.259754598    
   405.87320311805814       0.285936177    
   406.01641878606029       0.312110215    
   406.15963445406243       0.338116199    
   406.30285012206457       0.363850951    
   406.44606579006671       0.389283627    
   406.58928145806885       0.414454520    
   406.73249712607100       0.439457595    
   406.87571279407314       0.464410484    
   407.01892846207528       0.489419103    
   407.16214413007742       0.514546692    
   407.30535979807956       0.539795458    
   407.44857546608171       0.565104961    
   407.59179113408385       0.590365052    
   407.73500680208599       0.615438342    
   407.87822247008813       0.640185595    
   408.02143813809028       0.664489448    
   408.16465380609242       0.688271940    
   408.30786947409456       0.711503386    
   408.45108514209670       0.734200060    
   408.59430081009884       0.756411731    
   408.73751647810099       0.778202295    
   408.88073214610313       0.799629092    
   409.02394781410527       0.820725203    
   409.16716348210741       0.841489196    
   409.31037915010955       0.861883223    
   409.45359481811170       0.881839991    
   409.59681048611384       0.901276827    
   409.74002615411598       0.920113146    
   409.88324182211812       0.938286722    
   410.02645749012026       0.955763340    
   410.16967315812241       0.972538054    
   410.31288882612455       0.988627791    
   410.45610449412669        1.00405848    
   410.59932016212883        1.01885152    
   410.74253583013098        1.03301311    
   410.88575149813312        1.04653084    
   411.02896716613526        1.05937743    
   411.17218283413740        1.07152045    
   411.31539850213954        1.08293355    
   411.45861417014169        1.09360456    
   411.60182983814383        1.10353816    
   411.74504550614597        1.11275399    
   411.88826117414811        1.12128043    
   412.03147684215025        1.12914681    
   412.17469251015240        1.13637435    
   412.31790817815454        1.14296806    
   412.46112384615668        1.14891052    
   412.60433951415882        1.15416288    
   412.74755518216097        1.15867174    
   412.89077085016311        1.16238260    
   413.03398651816525        1.16525555    
   413.17720218616739        1.16727889    
   413.32041785416953        1.16847765    
   413.46363352217168        1.16891456    
   413.60684919017382        1.16868174    
   413.75006485817596        1.16788363    
   413.89328052617810        1.16661429    
   414.03649619418024        1.16493464    
   414.17971186218239        1.16285634    
   414.32292753018453        1.16033804    
   414.46614319818667        1.15729427    
   414.60935886618881        1.15361619    
   414.75257453419096        1.14919794    
   414.89579020219310        1.14396179    
   415.03900587019524        1.13787782    
   415.18222153819738        1.13097239    
   415.32543720619952        1.12332559    
   415.46865287420167        1.11505747    
   415.61186854220381        1.10630631    
   415.75508421020595        1.09720230    
   415.89829987820809        1.08784258    
   416.04151554621023        1.07827067    
   416.18473121421238        1.06846714    
   416.32794688221452        1.05835366    
   416.47116255021666        1.04781163    
   416.61437821821880        1.03671110    
   416.75759388622095        1.02494383    
   416.90080955422309        1.01245189    
   417.04402522222523       0.999245346    
   417.18724089022737       0.985404491    
   417.33045655822951       0.971066475    
   417.47367222623166       0.956398189    
   417.61688789423380       0.941561401    
   417.76010356223594       0.926678479    
   417.90331923023808       0.911807537    
   418.04653489824022       0.896933675    
   418.18975056624237       0.881976902    
   418.33296623424451       0.866814196    
   418.47618190224665       0.851308644    
   418.61939757024879       0.835339725    
   418.76261323825094       0.818829179    
   418.90582890625308       0.801758885    
   419.04904457425522       0.784176588    
   419.19226024225736       0.766188085    
   419.33547591025950       0.747936845    
   419.47869157826165       0.729574859    
   419.62190724626379       0.711231291    
   419.76512291426593       0.692986846    
   419.90833858226807       0.674858809    
   420.05155425027021       0.656800687    
   420.19476991827236       0.638716102    
   420.33798558627450       0.620483637    
   420.48120125427664       0.601986587    
   420.62441692227878       0.583140135    
   420.76763259028093       0.563910067    
   420.91084825828307       0.544319093    
   421.05406392628521       0.524440467    
   421.19727959428735       0.504381120    
   421.34049526228949       0.484258682    
   421.48371093029164       0.464177430    
   421.62692659829378       0.444209069    
   421.77014226629592       0.424381673    
   421.91335793429806       0.404678881    
   422.05657360230020       0.385047615    
   422.19978927030235       0.365412176    
   422.34300493830449       0.345691979    
   422.48622060630663       0.325820416    
   422.62943627430877       0.305761755    
   422.77265194231092       0.285521477    
   422.91586761031306       0.265146375    
   423.05908327831520       0.244713485    
   423.20229894631734       0.224311098    
   423.34551461431948       0.204018220    
   423.48873028232163       0.183888599    
   423.63194595032377       0.163943008    
   423.77516161832591       0.144170374    
   423.91837728632805       0.124536529    
   424.06159295433019       0.104997940    
   424.20480862233234        8.55169967E-02
   424.34802429033448        6.60745502E-02
   424.49123995833662        4.66761701E-02
   424.63445562633876        2.73505300E-02
   424.77767129434091        8.14146362E-03
   424.92088696234305       -1.09030325E-02
   425.06410263034519       -2.97414232E-02
   425.20731829834733       -4.83464450E-02
   425.35053396634947       -6.67087659E-02
   425.49374963435162       -8.48357379E-02
   425.63696530235376      -0.102745339    
   425.78018097035590      -0.120456599    
   425.92339663835804      -0.137978971    
   426.06661230636018      -0.155303553    
   426.20982797436233      -0.172398776    
   426.35304364236447      -0.189212114    
   426.49625931036661      -0.205678686    
   426.63947497836875      -0.221735552    
   426.78269064637090      -0.237338364    
   426.92590631437304      -0.252474725    
   427.06912198237518      -0.267168581    
   427.21233765037732      -0.281473130    
   427.35555331837946      -0.295454681    
   427.49876898638161      -0.309172481    
   427.64198465438375      -0.322660744    
   427.78520032238589      -0.335916579    
   427.92841599038803      -0.348896295    
   428.07163165839017      -0.361520588    
   428.21484732639232      -0.373688787    
   428.35806299439446      -0.385299325    
   428.50127866239660      -0.396271765    
   428.64449433039874      -0.406564027    
   428.78770999840089      -0.416180909    
   428.93092566640303      -0.425172269    
   429.07414133440517      -0.433622301    
   429.21735700240731      -0.441631645    
   429.36057267040945      -0.449295193    
   429.50378833841160      -0.456678689    
   429.64700400641374      -0.463799775    
   429.79021967441588      -0.470619231    
   429.93343534241802      -0.477045894    
   430.07665101042016      -0.482955337    
   430.21986667842231      -0.488217652    
   430.36308234642445      -0.492727607    
   430.50629801442659      -0.496429861    
   430.64951368242873      -0.499332756    
   430.79272935043088      -0.501506984    
   430.93594501843302      -0.503069401    
   431.07916068643516      -0.504156053    
   431.22237635443730      -0.504892409    
   431.36559202243944      -0.505367517    
   431.50880769044159      -0.505616784    
   431.65202335844373      -0.505615830    
   431.79523902644587      -0.505285680    
   431.93845469444801      -0.504509330    
   432.08167036245015      -0.503156900    
   432.22488603045230      -0.501114488    
   432.36810169845444      -0.498310059    
   432.51131736645658      -0.494730234    
   432.65453303445872      -0.490424871    
   432.79774870246086      -0.485499531    
   432.94096437046301      -0.480096787    
   433.08418003846515      -0.474369198    
   433.22739570646729      -0.468448669    
   433.37061137446943      -0.462419182    
   433.51382704247158      -0.456300825    
   433.65704271047372      -0.450050086    
   433.80025837847586      -0.443575829    
   433.94347404647800      -0.436765164    
   434.08668971448014      -0.429512143    
   434.22990538248229      -0.421742588    
   434.37312105048443      -0.413431048    
   434.51633671848657      -0.404607564    
   434.65955238648871      -0.395352811    
   434.80276805449085      -0.385783166    
   434.94598372249300      -0.376029164    
   435.08919939049514      -0.366212189    
   435.23241505849728      -0.356424183    
   435.37563072649942      -0.346713424    
   435.51884639450157      -0.337079138    
   435.66206206250371      -0.327475786    
   435.80527773050585      -0.317827642    
   435.94849339850799      -0.308050066    
   436.09170906651013      -0.298072189    
   436.23492473451228      -0.287855059    
   436.37814040251442      -0.277400911    
   436.52135607051656      -0.266752541    
   436.66457173851870      -0.255984217    
   436.80778740652084      -0.245186061    
   436.95100307452299      -0.234445691    
   437.09421874252513      -0.223831400    
   437.23743441052727      -0.213381872    
   437.38065007852941      -0.203104809    
   437.52386574653156      -0.192983538    
   437.66708141453370      -0.182987258    
   437.81029708253584      -0.173081353    
   437.95351275053798      -0.163236037    
   438.09672841854012      -0.153433546    
   438.23994408654227      -0.143673569    
   438.38315975454441      -0.133975342    
   438.52637542254655      -0.124374554    
   438.66959109054869      -0.114915401    
   438.81280675855083      -0.105640583    
   438.95602242655298       -9.65827778E-02
   439.09923809455512       -8.77600089E-02
   439.24245376255726       -7.91754648E-02
   439.38566943055940       -7.08213821E-02
   439.52888509856155       -6.26859665E-02
   439.67210076656369       -5.47614954E-02
   439.81531643456583       -4.70504761E-02
   439.95853210256797       -3.95667963E-02
   440.10174777057011       -3.23309004E-02
   440.24496343857226       -2.53609829E-02
   440.38817910657440       -1.86641198E-02
   440.53139477457654       -1.22307893E-02
   440.67461044257868       -6.03442546E-03
   440.81782611058082       -3.60611302E-05
   440.96104177858297        5.80682699E-03
   441.10425744658511        1.15290666E-02
   441.24747311458725        1.71471518E-02
   441.39068878258939        2.26527974E-02
   441.53390445059154        2.80130934E-02
   441.67712011859368        3.31769511E-02
   441.82033578659582        3.80855799E-02
   441.96355145459796        4.26845625E-02
   442.10676712260010        4.69361432E-02
   442.24998279060225        5.08305356E-02
   442.39319845860439        5.43937534E-02
   442.53641412660653        5.76882735E-02
   442.67962979460867        6.08038642E-02
   442.82284546261081        6.38396665E-02
   442.96606113061296        6.68823496E-02
   443.10927679861510        6.99867308E-02
   443.25249246661724        7.31636435E-02
   443.39570813461938        7.63776079E-02
   443.53892380262153        7.95547068E-02
   443.68213947062367        8.25995356E-02
   443.82535513862581        8.54180157E-02
   443.96857080662795        8.79407972E-02
   444.11178647463009        9.01408941E-02
   444.25500214263224        9.20410603E-02
   444.39821781063438        9.37098414E-02
   444.54143347863652        9.52484310E-02
   444.68464914663866        9.67716500E-02
   444.82786481464080        9.83865410E-02
   444.97108048264295       0.100171931    
   445.11429615064509       0.102162950    
   445.25751181864723       0.104344271    
   445.40072748664937       0.106654048    
   445.54394315465152       0.108998016    
   445.68715882265366       0.111270554    
   445.83037449065580       0.113378488    
   445.97359015865794       0.115262777    
   446.11680582666008       0.116913140    
   446.26002149466223       0.118371181    
   446.40323716266437       0.119720474    
   446.54645283066651       0.121066071    
   446.68966849866865       0.122509956    
   446.83288416667079       0.124129608    
   446.97609983467294       0.125964612    
   447.11931550267508       0.128012463    
   447.26253117067722       0.130232528    
   447.40574683867936       0.132556304    
   447.54896250668151       0.134902269    
   447.69217817468365       0.137192696    
   447.83539384268579       0.139368892    
   447.97860951068793       0.141401559    
   448.12182517869007       0.143294707    
   448.26504084669222       0.145083442    
   448.40825651469436       0.146826759    
   448.55147218269650       0.148596346    
   448.69468785069864       0.150462389    
   448.83790351870078       0.152478948    
   448.98111918670293       0.154672638    
   449.12433485470507       0.157038420    
   449.26755052270721       0.159543589    
   449.41076619070935       0.162138149    
   449.55398185871150       0.164767727    
   449.69719752671364       0.167385370    
   449.84041319471578       0.169959754    
   449.98362886271792       0.172478616    
   450.12684453072006       0.174947679    
   450.27006019872221       0.177386105    
   450.41327586672435       0.179820806    
   450.55649153472649       0.182281524    
   450.69970720272863       0.184797242    
   450.84292287073077       0.187393099    
   450.98613853873292       0.190086693    
   451.12935420673506       0.192884237    
   451.27256987473720       0.195778459    
   451.41578554273934       0.198749900    
   451.55900121074149       0.201771617    
   451.70221687874363       0.204815015    
   451.84543254674577       0.207854882    
   451.98864821474791       0.210872248    
   452.13186388275005       0.213855490    
   452.27507955075220       0.216799974    
   452.41829521875434       0.219706506    
   452.56151088675648       0.222579300    
   452.70472655475862       0.225424528    
   452.84794222276076       0.228250846    
   452.99115789076291       0.231071621    
   453.13437355876505       0.233906895    
   453.27758922676719       0.236782357    
   453.42080489476933       0.239724651    
   453.56402056277147       0.242754743    
   453.70723623077362       0.245882496    
   453.85045189877576       0.249104828    
   453.99366756677790       0.252407491    
   454.13688323478004       0.255769372    
   454.28009890278219       0.259167522    
   454.42331457078433       0.262582004    
   454.56653023878647       0.265999943    
   454.70974590678861       0.269418240    
   454.85296157479075       0.272844881    
   454.99617724279290       0.276299387    
   455.13939291079504       0.279812276    
   455.28260857879718       0.283423156    
   455.42582424679932       0.287175804    
   455.56903991480146       0.291109860    
   455.71225558280361       0.295250654    
   455.85547125080575       0.299601048    
   455.99868691880789       0.304138362    
   456.14190258681003       0.308818579    
   456.28511825481218       0.313586414    
   456.42833392281432       0.318388462    
   456.57154959081646       0.323186517    
   456.71476525881860       0.327968091    
   456.85798092682074       0.332751095    
   457.00119659482289       0.337581217    
   457.14441226282503       0.342522264    
   457.28762793082717       0.347642332    
   457.43084359882931       0.353000432    
   457.57405926683145       0.358636379    
   457.71727493483360       0.364564836    
   457.86049060283574       0.370772600    
   458.00370627083788       0.377218962    
   458.14692193884002       0.383840829    
   458.29013760684217       0.390563488    
   458.43335327484431       0.397316694    
   458.57656894284645       0.404052168    
   458.71978461084859       0.410757422    
   458.86300027885073       0.417461485    
   459.00621594685288       0.424230576    
   459.14943161485502       0.431154341    
   459.29264728285716       0.438325346    
   459.43586295085930       0.445816457    
   459.57907861886144       0.453662455    
   459.72229428686359       0.461850852    
   459.86550995486573       0.470324576    
   460.00872562286787       0.478994608    
   460.15194129087001       0.487758607    
   460.29515695887216       0.496520340    
   460.43837262687430       0.505206883    
   460.58158829487644       0.513780892    
   460.72480396287858       0.522246242    
   460.86801963088072       0.530645669    
   461.01123529888287       0.539050519    
   461.15445096688501       0.547545135    
   461.29766663488715       0.556207895    
   461.44088230288929       0.565093219    
   461.58409797089143       0.574216247    
   461.72731363889358       0.583544254    
   461.87052930689572       0.592998385    
   462.01374497489786       0.602467358    
   462.15696064290000       0.611830890    
   462.30017631090215       0.620985806    
   462.44339197890429       0.629867077    
   462.58660764690643       0.638457358    
   462.72982331490857       0.646784842    
   462.87303898291071       0.654912055    
   463.01625465091286       0.662919164    
   463.15947031891500       0.670885205    
   463.30268598691714       0.678870380    
   463.44590165491928       0.686902404    
   463.58911732292142       0.694969773    
   463.73233299092357       0.703022599    
   463.87554865892571       0.710979700    
   464.01876432692785       0.718740344    
   464.16197999492999       0.726199329    
   464.30519566293214       0.733264029    
   464.44841133093428       0.739871204    
   464.59162699893642       0.745999038    
   464.73484266693856       0.751669765    
   464.87805833494070       0.756941319    
   465.02127400294285       0.761889696    
   465.16448967094499       0.766587377    
   465.30770533894713       0.771082938    
   465.45092100694927       0.775386870    
   465.59413667495141       0.779466927    
   465.73735234295356       0.783254266    
   465.88056801095570       0.786658406    
   466.02378367895784       0.789586067    
   466.16699934695998       0.791958213    
   466.31021501496213       0.793720782    
   466.45343068296427       0.794849932    
   466.59664635096641       0.795352936    
   466.73986201896855       0.795265615    
   466.88307768697069       0.794645190    
   467.02629335497284       0.793558061    
   467.16950902297498       0.792063653    
   467.31272469097712       0.790199757    
   467.45594035897926       0.787973642    
   467.59915602698140       0.785360754    
   467.74237169498355       0.782310665    
   467.88558736298569       0.778758407    
   468.02880303098783       0.774639368    
   468.17201869898997       0.769905090    
   468.31523436699212       0.764535189    
   468.45845003499426       0.758540988    
   468.60166570299640       0.751959503    
   468.74488137099854       0.744841039    
   468.88809703900068       0.737235725    
   469.03131270700283       0.729184210    
   469.17452837500497       0.720713317    
   469.31774404300711       0.711835444    
   469.46095971100925       0.702550054    
   469.60417537901139       0.692846477    
   469.74739104701354       0.682708561    
   469.89060671501568       0.672118902    
   470.03382238301782       0.661063194    
   470.17703805101996       0.649533331    
   470.32025371902211       0.637530386    
   470.46346938702425       0.625066578    
   470.60668505502639       0.612164021    
   470.74990072302853       0.598849297    
   470.89311639103067       0.585144937    
   471.03633205903282       0.571063399    
   471.17954772703496       0.556606948    
   471.32276339503710       0.541774213    
   471.46597906303924       0.526569486    
   471.60919473104138       0.511010230    
   471.75241039904353       0.495130271    
   471.89562606704567       0.478977859    
   472.03884173504781       0.462609321    
   472.18205740304995       0.446078509    
   472.32527307105210       0.429424316    
   472.46848873905424       0.412660867    
   472.61170440705638       0.395775735    
   472.75492007505852       0.378737688    
   472.89813574306066       0.361510634    
   473.04135141106281       0.344067454    
   473.18456707906495       0.326399267    
   473.32778274706709       0.308519542    
   473.47099841506923       0.290464878    
   473.61421408307137       0.272293210    
   473.75742975107352       0.254078329    
   473.90064541907566       0.235899746    
   474.04386108707780       0.217829406    
   474.18707675507994       0.199918494    
   474.33029242308208       0.182187647    
   474.47350809108423       0.164622709    
   474.61672375908637       0.147177458    
   474.75993942708851       0.129784748    
   474.90315509509065       0.112375639    
   475.04637076309280        9.49022025E-02
   475.18958643109494        7.73565993E-02
   475.33280209909708        5.97793832E-02
   475.47601776709922        4.22543436E-02
   475.61923343510136        2.48926170E-02
   475.76244910310351        7.81116448E-03
   475.90566477110565       -8.88966024E-03
   476.04888043910779       -2.51455270E-02
   476.19209610710993       -4.09405529E-02
   476.33531177511207       -5.63090257E-02
   476.47852744311422       -7.13253990E-02
   476.62174311111636       -8.60858560E-02
   476.76495877911850      -0.100687504    
   476.90817444712064      -0.115209803    
   477.05139011512279      -0.129699603    
   477.19460578312493      -0.144159794    
   477.33782145112707      -0.158543423    
   477.48103711912921      -0.172757477    
   477.62425278713135      -0.186678976    
   477.76746845513350      -0.200180754    
   477.91068412313564      -0.213159382    
   478.05389979113778      -0.225556642    
   478.19711545913992      -0.237369746    
   478.34033112714206      -0.248649418    
   478.48354679514421      -0.259487301    
   478.62676246314635      -0.269994676    
   478.76997813114849      -0.280276984    
   478.91319379915063      -0.290410131    
   479.05640946715278      -0.300425470    
   479.19962513515492      -0.310306549    
   479.34284080315706      -0.319996357    
   479.48605647115920      -0.329410702    
   479.62927213916134      -0.338454455    
   479.77248780716349      -0.347039253    
   479.91570347516563      -0.355100811    
   480.05891914316777      -0.362612724    
   480.20213481116991      -0.369592488    
   480.34535047917205      -0.376097769    
   480.48856614717420      -0.382214159    
   480.63178181517634      -0.388037741    
   480.77499748317848      -0.393655241    
   480.91821315118062      -0.399124652    
   481.06142881918277      -0.404460549    
   481.20464448718491      -0.409629643    
   481.34786015518705      -0.414560020    
   481.49107582318919      -0.419161320    
   481.63429149119133      -0.423348039    
   481.77750715919348      -0.427057415    
   481.92072282719562      -0.430258423    
   482.06393849519776      -0.432952881    
   482.20715416319990      -0.435171753    
   482.35036983120204      -0.436967582    
   482.49358549920419      -0.438403457    
   482.63680116720633      -0.439540356    
   482.78001683520847      -0.440426439    
   482.92323250321061      -0.441091627    
   483.06644817121276      -0.441547543    
   483.20966383921490      -0.441789955    
   483.35287950721704      -0.441802144    
   483.49609517521918      -0.441559404    
   483.63931084322132      -0.441036314    
   483.78252651122347      -0.440214843    
   483.92574217922561      -0.439089864    
   484.06895784722775      -0.437668800    
   484.21217351522989      -0.435965508    
   484.35538918323203      -0.433992386    
   484.49860485123418      -0.431754202    
   484.64182051923632      -0.429245651    
   484.78503618723846      -0.426452458    
   484.92825185524060      -0.423356026    
   485.07146752324275      -0.419941336    
   485.21468319124489      -0.416205615    
   485.35789885924703      -0.412163436    
   485.50111452724917      -0.407844573    
   485.64433019525131      -0.403285116    
   485.78754586325346      -0.398516893    
   485.93076153125560      -0.393559605    
   486.07397719925774      -0.388417453    
   486.21719286725988      -0.383078456    
   486.36040853526202      -0.377515227    
   486.50362420326417      -0.371688604    
   486.64683987126631      -0.365555912    
   486.79005553926845      -0.359082967    
   486.93327120727059      -0.352255791    
   487.07648687527274      -0.345087111    
   487.21970254327488      -0.337616503    
   487.36291821127702      -0.329905301    
   487.50613387927916      -0.322027743    
   487.64934954728130      -0.314057976    
   487.79256521528345      -0.306053519    
   487.93578088328559      -0.298038900    
   488.07899655128773      -0.289996028    
   488.22221221928987      -0.281866819    
   488.36542788729201      -0.273567677    
   488.50864355529416      -0.265010923    
   488.65185922329630      -0.256126523    
   488.79507489129844      -0.246879250    
   488.93829055930058      -0.237278938    
   489.08150622730273      -0.227381319    
   489.22472189530487      -0.217278495    
   489.36793756330701      -0.207080394    
   489.51115323130915      -0.196892127    
   489.65436889931129      -0.186793670    
   489.79758456731344      -0.176825941    
   489.94080023531558      -0.166984200    
   490.08401590331772      -0.157218859    
   490.22723157131986      -0.147444591    
   490.37044723932200      -0.137558654    
   490.51366290732415      -0.127466127    
   490.65687857532629      -0.117105253    
   490.80009424332843      -0.106465012    
   490.94330991133057       -9.55899432E-02
   491.08652557933272       -8.45725462E-02
   491.22974124733486       -7.35362545E-02
   491.37295691533700       -6.26122057E-02
   491.51617258333914       -5.19131757E-02
   491.65938825134128       -4.15099487E-02
   491.80260391934343       -3.14172246E-02
   491.94581958734557       -2.15943679E-02
   492.08903525534771       -1.19604906E-02
   492.23225092334985       -2.41754856E-03
   492.37546659135199        7.12633831E-03
   492.51868225935414        1.67381670E-02
   492.66189792735628        2.64472160E-02
   492.80511359535842        3.62385027E-02
   492.94832926336056        4.60541137E-02
   493.09154493136271        5.58036603E-02
   493.23476059936485        6.53822795E-02
   493.37797626736699        7.46912807E-02
   493.52119193536913        8.36560652E-02
   493.66440760337127        9.22380015E-02
   493.80762327137342       0.100439228    
   493.95083893937556       0.108299695    
   494.09405460737770       0.115885854    
   494.23727027537984       0.123272359    
   494.38048594338198       0.130521700    
   494.52370161138413       0.137668610    
   494.66691727938627       0.144713983    
   494.81013294738841       0.151628315    
   494.95334861539055       0.158361301    
   495.09656428339269       0.164854065    
   495.23977995139484       0.171052203    
   495.38299561939698       0.176917493    
   495.52621128739912       0.182435483    
   495.66942695540126       0.187615782    
   495.81264262340341       0.192485005    
   495.95585829140555       0.197076246    
   496.09907395940769       0.201420099    
   496.24228962740983       0.205539182    
   496.38550529541197       0.209445179    
   496.52872096341412       0.213136733    
   496.67193663141626       0.216599032    
   496.81515229941840       0.219807640    
   496.95836796742054       0.222737148    
   497.10158363542268       0.225371435    
   497.24479930342483       0.227710441    
   497.38801497142697       0.229770616    
   497.53123063942911       0.231579989    
   497.67444630743125       0.233170614    
   497.81766197543340       0.234570473    
   497.96087764343554       0.235796079    
   498.10409331143768       0.236847475    
   498.24730897943982       0.237708598    
   498.39052464744196       0.238354549    
   498.53374031544411       0.238763884    
   498.67695598344625       0.238930881    
   498.82017165144839       0.238872766    
   498.96338731945053       0.238630325    
   499.10660298745267       0.238262787    
   499.24981865545482       0.237838745    
   499.39303432345696       0.237423897    
   499.53624999145910       0.237067387    
   499.67946565946124       0.236790255    
   499.82268132746339       0.236580715    
   499.96589699546553       0.236398399    
   500.10911266346767       0.236185849    
   500.25232833146981       0.235883415    
   500.39554399947195       0.235444307    
   500.53875966747410       0.234848633    
   500.68197533547624       0.234114408    
   500.82519100347838       0.233301848    
   500.96840667148052       0.232506692    
   501.11162233948266       0.231841892    
   501.25483800748481       0.231412694    
   501.39805367548695       0.231293291    
   501.54126934348909       0.231511623    
   501.68448501149123       0.232044876    
   501.82770067949338       0.232825249    
   501.97091634749552       0.233754888    
   502.11413201549766       0.234728456    
   502.25734768349980       0.235659376    
   502.40056335150194       0.236502945    
   502.54377901950409       0.237269461    
   502.68699468750623       0.238023758    
   502.83021035550837       0.238872737    
   502.97342602351051       0.239944950    
   503.11664169151265       0.241366148    
   503.25985735951480       0.243234441    
   503.40307302751694       0.245599270    
   503.54628869551908       0.248449832    
   503.68950436352122       0.251717120    
   503.83272003152337       0.255289763    
   503.97593569952551       0.259039104    
   504.11915136752765       0.262847781    
   504.26236703552979       0.266635478    
   504.40558270353193       0.270378023    
   504.54879837153408       0.274114728    
   504.69201403953622       0.277940929    
   504.83522970753836       0.281985819    
   504.97844537554050       0.286381125    
   505.12166104354264       0.291230649    
   505.26487671154479       0.296588212    
   505.40809237954693       0.302448303    
   505.55130804754907       0.308748007    
   505.69452371555121       0.315379113    
   505.83773938355336       0.322208852    
   505.98095505155550       0.329106599    
   506.12417071955764       0.335971296    
   506.26738638755978       0.342751831    
   506.41060205556192       0.349454701    
   506.55381772356407       0.356138229    
   506.69703339156621       0.362896830    
   506.84024905956835       0.369838983    
   506.98346472757049       0.377062380    
   507.12668039557263       0.384629816    
   507.26989606357478       0.392550886    
   507.41311173157692       0.400775611    
   507.55632739957906       0.409202993    
   507.69954306758120       0.417702079    
   507.84275873558335       0.426138729    
   507.98597440358549       0.434401393    
   508.12919007158763       0.442420810    
   508.27240573958977       0.450180292    
   508.41562140759191       0.457714885    
   508.55883707559406       0.465098768    
   508.70205274359620       0.472424120    
   508.84526841159834       0.479777336    
   508.98848407960048       0.487219363    
   509.13169974760262       0.494773507    
   509.27491541560477       0.502420902    
   509.41813108360691       0.510102749    
   509.56134675160905       0.517730057    
   509.70456241961119       0.525199652    
   509.84777808761334       0.532414734    
   509.99099375561548       0.539303243    
   510.13420942361762       0.545828223    
   510.27742509161976       0.551988721    
   510.42064075962190       0.557812750    
   510.56385642762405       0.563346565    
   510.70707209562619       0.568641424    
   510.85028776362833       0.573740065    
   510.99350343163047       0.578663826    
   511.13671909963261       0.583406150    
   511.27993476763476       0.587934613    
   511.42315043563690       0.592201173    
   511.56636610363904       0.596155167    
   511.70958177164118       0.599753916    
   511.85279743964333       0.602968633    
   511.99601310764547       0.605786979    
   512.13922877564755       0.608213186    
   512.28244444364964       0.610265732    
   512.42566011165172       0.611971438    
   512.56887577965381       0.613357365    
   512.71209144765589       0.614443004    
   512.85530711565798       0.615236402    
   512.99852278366006       0.615733802    
   513.14173845166215       0.615921915    
   513.28495411966423       0.615782082    
   513.42816978766632       0.615296066    
   513.57138545566841       0.614453316    
   513.71460112367049       0.613255858    
   513.85781679167258       0.611718178    
   514.00103245967466       0.609860659    
   514.14424812767675       0.607700527    
   514.28746379567883       0.605244279    
   514.43067946368092       0.602484941    
   514.57389513168300       0.599403381    
   514.71711079968509       0.595972598    
   514.86032646768717       0.592164814    
   515.00354213568926       0.587961674    
   515.14675780369134       0.583365083    
   515.28997347169343       0.578403652    
   515.43318913969551       0.573130369    
   515.57640480769760       0.567611992    
   515.71962047569968       0.561914861    
   515.86283614370177       0.556092083    
   516.00605181170386       0.550174952    
   516.14926747970594       0.544167161    
   516.29248314770803       0.538042188    
   516.43569881571011       0.531746507    
   516.57891448371220       0.525210440    
   516.72213015171428       0.518365979    
   516.86534581971637       0.511166453    
   517.00856148771845       0.503601193    
   517.15177715572054       0.495701998    
   517.29499282372262       0.487540692    
   517.43820849172471       0.479217857    
   517.58142415972679       0.470844299    
   517.72463982772888       0.462517649    
   517.86785549573096       0.454299718    
   518.01107116373305       0.446202189    
   518.15428683173513       0.438185066    
   518.29750249973722       0.430167794    
   518.44071816773931       0.422048420    
   518.58393383574139       0.413726389    
   518.72714950374348       0.405125141    
   518.87036517174556       0.396211028    
   519.01358083974765       0.387003869    
   519.15679650774973       0.377575070    
   519.30001217575182       0.368033230    
   519.44322784375390       0.358502060    
   519.58644351175599       0.349096656    
   519.72965917975807       0.339902729    
   519.87287484776016       0.330960363    
   520.01609051576224       0.322253913    
   520.15930618376433       0.313711673    
   520.30252185176641       0.305219233    
   520.44573751976850       0.296645135    
   520.58895318777058       0.287871689    
   520.73216885577267       0.278821141    
   520.87538452377476       0.269470632    
   521.01860019177684       0.259854764    
   521.16181585977893       0.250057518    
   521.30503152778101       0.240195468    
   521.44824719578310       0.230393767    
   521.59146286378518       0.220759213    
   521.73467853178727       0.211357206    
   521.87789419978935       0.202199280    
   522.02110986779144       0.193243623    
   522.16432553579352       0.184406087    
   522.30754120379561       0.175577611    
   522.45075687179769       0.166645244    
   522.59397253979978       0.157514542    
   522.73718820780186       0.148129925    
   522.88040387580395       0.138487309    
   523.02361954380603       0.128634527    
   523.16683521180812       0.118659429    
   523.31005087981021       0.108669445    
   523.45326654781229        9.87680331E-02
   523.59648221581438        8.90320316E-02
   523.73969788381646        7.94937313E-02
   523.88291355181855        7.01321140E-02
   524.02612921982063        6.08774386E-02
   524.16934488782272        5.16289882E-02
   524.31256055582480        4.22800705E-02
   524.45577622382689        3.27413902E-02
   524.59899189182897        2.29566246E-02
   524.74220755983106        1.29094599E-02
   524.88542322783314        2.62426119E-03
   525.02863889583523       -7.83876795E-03
   525.17185456383731       -1.83949359E-02
   525.31507023183940       -2.89527532E-02
   525.45828589984148       -3.94337289E-02
   525.60150156784357       -4.97878492E-02
   525.74471723584566       -6.00005798E-02
   525.88793290384774       -7.00918287E-02
   526.03114857184983       -8.01095739E-02
   526.17436423985191       -9.01197121E-02
   526.31757990785400      -0.100191884    
   526.46079557585608      -0.110382684    
   526.60401124385817      -0.120720983    
   526.74722691186025      -0.131201476    
   526.89044257986234      -0.141789019    
   527.03365824786442      -0.152430892    
   527.17687391586651      -0.163071021    
   527.32008958386859      -0.173661903    
   527.46330525187068      -0.184172645    
   527.60652091987276      -0.194592610    
   527.74973658787485      -0.204929858    
   527.89295225587693      -0.215204105    
   528.03616792387902      -0.225436747    
   528.17938359188111      -0.235642672    
   528.32259925988319      -0.245826855    
   528.46581492788528      -0.255985081    
   528.60903059588736      -0.266105622    
   528.75224626388945      -0.276170373    
   528.89546193189153      -0.286156774    
   529.03867759989362      -0.296042740    
   529.18189326789570      -0.305812716    
   529.32510893589779      -0.315460891    
   529.46832460389987      -0.324988455    
   529.61154027190196      -0.334396660    
   529.75475593990404      -0.343679816    
   529.89797160790613      -0.352821887    
   530.04118727590821      -0.361795753    
   530.18440294391030      -0.370564371    
   530.32761861191238      -0.379083782    
   530.47083427991447      -0.387310714    
   530.61404994791656      -0.395214140    
   530.75726561591864      -0.402786285    
   530.90048128392073      -0.410046697    
   531.04369695192281      -0.417036206    
   531.18691261992490      -0.423804045    
   531.33012828792698      -0.430393726    
   531.47334395592907      -0.436831594    
   531.61655962393115      -0.443118870    
   531.75977529193324      -0.449227244    
   531.90299095993532      -0.455099821    
   532.04620662793741      -0.460659325    
   532.18942229593949      -0.465822577    
   532.33263796394158      -0.470516831    
   532.47585363194366      -0.474693716    
   532.61906929994575      -0.478338242    
   532.76228496794783      -0.481472939    
   532.90550063594992      -0.484156281    
   533.04871630395201      -0.486472756    
   533.19193197195409      -0.488514423    
   533.33514763995618      -0.490357548    
   533.47836330795826      -0.492042422    
   533.62157897596035      -0.493563145    
   533.76479464396243      -0.494869113    
   533.90801031196452      -0.495876014    
   534.05122597996660      -0.496483028    
   534.19444164796869      -0.496594250    
   534.33765731597077      -0.496141315    
   534.48087298397286      -0.495101452    
   534.62408865197494      -0.493504196    
   534.76730431997703      -0.491423875    
   534.91051998797911      -0.488961369    
   535.05373565598120      -0.486222714    
   535.19695132398328      -0.483299553    
   535.34016699198537      -0.480253309    
   535.48338265998746      -0.477102965    
   535.62659832798954      -0.473818988    
   535.76981399599163      -0.470327407    
   535.91302966399371      -0.466525525    
   536.05624533199580      -0.462305725    
   536.19946099999788      -0.457579613    
   536.34267666799997      -0.452296823    
   536.48589233600205      -0.446455717    
   536.62910800400414      -0.440104902    
   536.77232367200622      -0.433335185    
   536.91553934000831      -0.426261574    
   537.05875500801039      -0.418998808    
   537.20197067601248      -0.411637813    
   537.34518634401456      -0.404230058    
   537.48840201201665      -0.396783113    
   537.63161768001873      -0.389265269    
   537.77483334802082      -0.381615967    
   537.91804901602291      -0.373760134    
   538.06126468402499      -0.365625709    
   538.20448035202708      -0.357161611    
   538.34769602002916      -0.348351032    
   538.49091168803125      -0.339215815    
   538.63412735603333      -0.329811692    
   538.77734302403542      -0.320217669    
   538.92055869203750      -0.310522854    
   539.06377436003959      -0.300811410    
   539.20699002804167      -0.291146249    
   539.35020569604376      -0.281554937    
   539.49342136404584      -0.272023559    
   539.63663703204793      -0.262502968    
   539.77985270005001      -0.252925217    
   539.92306836805210      -0.243223161    
   540.06628403605418      -0.233346447    
   540.20949970405627      -0.223271236    
   540.35271537205836      -0.213004023    
   540.49593104006044      -0.202580184    
   540.63914670806253      -0.192056388    
   540.78236237606461      -0.181497321    
   540.92557804406670      -0.170960411    
   541.06879371206878      -0.160484210    
   541.21200938007087      -0.150083631    
   541.35522504807295      -0.139751375    
   541.49844071607504      -0.129462659    
   541.64165638407712      -0.119181931    
   541.78487205207921      -0.108871944    
   541.92808772008129       -9.85048115E-02
   542.07130338808338       -8.80713537E-02
   542.21451905608546       -7.75841698E-02
   542.35773472408755       -6.70725703E-02
   542.50095039208963       -5.65722063E-02
   542.64416606009172       -4.61138859E-02
   542.78738172809381       -3.57146375E-02
   542.93059739609589       -2.53719669E-02
   543.07381306409798       -1.50624141E-02
   543.21702873210006       -4.74655535E-03
   543.36024440010215        5.61877573E-03
   543.50346006810423        1.60645880E-02
   543.64667573610632        2.65972856E-02
   543.78989140410840        3.71955037E-02
   543.93310707211049        4.78166640E-02
   544.07632274011257        5.84089346E-02
   544.21953840811466        6.89239353E-02
   544.36275407611674        7.93282911E-02
   544.50596974411883        8.96136463E-02
   544.64918541212091        9.98030305E-02
   544.79240108012300       0.109949842    
   544.93561674812508       0.120127343    
   545.07883241612717       0.130411163    
   545.22204808412926       0.140860915    
   545.36526375213134       0.151506364    
   545.50847942013343       0.162340283    
   545.65169508813551       0.173318222    
   545.79491075613760       0.184365734    
   545.93812642413968       0.195393935    
   546.08134209214177       0.206321687    
   546.22455776014385       0.217098221    
   546.36777342814594       0.227718279    
   546.51098909614802       0.238224715    
   546.65420476415011       0.248698756    
   546.79742043215219       0.259241670    
   546.94063610015428       0.269951940    
   547.08385176815636       0.280901760    
   547.22706743615845       0.292117327    
   547.37028310416054       0.303569049    
   547.51349877216262       0.315175742    
   547.65671444016471       0.326822400    
   547.79993010816679       0.338385165    
   547.94314577616888       0.349756896    
   548.08636144417096       0.360868394    
   548.22957711217305       0.371703029    
   548.37279278017513       0.382302672    
   548.51600844817722       0.392761171    
   548.65922411617930       0.403203964    
   548.80243978418139       0.413757741    
   548.94565545218347       0.424518913    
   549.08887112018556       0.435530424    
   549.23208678818764       0.446772158    
   549.37530245618973       0.458165079    
   549.51851812419181       0.469587058    
   549.66173379219390       0.480898231    
   549.80494946019599       0.491971582    
   549.94816512819807       0.502721667    
   550.09138079620016       0.513123274    
   550.23459646420224       0.523213506    
   550.37781213220433       0.533078611    
   550.52102780020641       0.542830229    
   550.66424346820850       0.552578092    
   550.80745913621058       0.562403977    
   550.95067480421267       0.572340429    
   551.09389047221475       0.582358956    
   551.23710614021684       0.592372417    
   551.38032180821892       0.602251410    
   551.52353747622101       0.611851215    
   551.66675314422309       0.621041238    
   551.80996881222518       0.629730582    
   551.95318448022726       0.637884915    
   552.09640014822935       0.645532310    
   552.23961581623144       0.652755320    
   552.38283148423352       0.659669578    
   552.52604715223561       0.666392863    
   552.66926282023769       0.673014402    
   552.81247848823978       0.679573238    
   552.95569415624186       0.686051011    
   553.09890982424395       0.692378163    
   553.24212549224603       0.698449314    
   553.38534116024812       0.704144835    
   553.52855682825020       0.709354937    
   553.67177249625229       0.714002550    
   553.81498816425437       0.718058348    
   553.95820383225646       0.721543550    
   554.10141950025854       0.724519491    
   554.24463516826063       0.727068901    
   554.38785083626271       0.729274809    
   554.53106650426480       0.731201172    
   554.67428217226689       0.732877731    
   554.81749784026897       0.734291375    
   554.96071350827106       0.735387862    
   555.10392917627314       0.736085117    
   555.24714484427523       0.736294985    
   555.39036051227731       0.735946894    
   555.53357618027940       0.735005021    
   555.67679184828148       0.733475685    
   555.82000751628357       0.731404364    
   555.96322318428565       0.728864372    
   556.10643885228774       0.725938916    
   556.24965452028982       0.722701013    
   556.39287018829191       0.719196022    
   556.53608585629399       0.715433002    
   556.67930152429608       0.711386442    
   556.82251719229816       0.707006752    
   556.96573286030025       0.702234507    
   557.10894852830234       0.697014987    
   557.25216419630442       0.691311955    
   557.39537986430651       0.685118496    
   557.53859553230859       0.678461909    
   557.68181120031068       0.671399057    
   557.82502686831276       0.664001644    
   557.96824253631485       0.656336725    
   558.11145820431693       0.648449123    
   558.25467387231902       0.640351117    
   558.39788954032110       0.632021010    
   558.54110520832319       0.623410046    
   558.68432087632527       0.614457309    
   558.82753654432736       0.605110765    
   558.97075221232944       0.595348954    
   559.11396788033153       0.585195959    
   559.25718354833361       0.574722886    
   559.40039921633570       0.564034462    
   559.54361488433779       0.553246260    
   559.68683055233987       0.542459488    
   559.83004622034196       0.531740189    
   559.97326188834404       0.521105945    
   560.11647755634613       0.510522485    
   560.25969322434821       0.499911815    
   560.40290889235030       0.489171475    
   560.54612456035238       0.478201240    
   560.68934022835447       0.466930211    
   560.83255589635655       0.455337644    
   560.97577156435864       0.443463206    
   561.11898723236072       0.431404799    
   561.26220290036281       0.419303626    
   561.40541856836489       0.407317251    
   561.54863423636698       0.395585418    
   561.69184990436906       0.384197384    
   561.83506557237115       0.373170942    
   561.97828124037324       0.362449944    
   562.12149690837532       0.351920873    
   562.26471257637741       0.341442525    
   562.40792824437949       0.330881923    
   562.55114391238158       0.320148677    
   562.69435958038366       0.309220672    
   562.83757524838575       0.298153847    
   562.98079091638783       0.287072331    
   563.12400658438992       0.276140720    
   563.26722225239200       0.265526772    
   563.41043792039409       0.255365312    
   563.55365358839617       0.245731294    
   563.69686925639826       0.236625478    
   563.84008492440034       0.227973953    
   563.98330059240243       0.219642103    
   564.12651626040451       0.211462632    
   564.26973192840660       0.203273669    
   564.41294759640869       0.194957763    
   564.55616326441077       0.186471134    
   564.69937893241286       0.177855209    
   564.84259460041494       0.169228017    
   564.98581026841703       0.160758168    
   565.12902593641911       0.152626783    
   565.27224160442120       0.144985437    
   565.41545727242328       0.137919962    
   565.55867294042537       0.131430104    
   565.70188860842745       0.125431061    
   565.84510427642954       0.119775519    
   565.98831994443162       0.114288859    
   566.13153561243371       0.108807720    
   566.27475128043579       0.103213593    
   566.41796694843788        9.74559784E-02
   566.56118261643996        9.15611386E-02
   566.70439828444205        8.56242478E-02
   566.84761395244414        7.97861889E-02
   566.99082962044622        7.42006600E-02
   567.13404528844831        6.90000132E-02
   567.27726095645039        6.42671660E-02
   567.42047662445248        6.00180291E-02
   567.56369229245456        5.61967269E-02
   567.70690796045665        5.26852757E-02
   567.85012362845873        4.93281744E-02
   567.99333929646082        4.59681116E-02
   568.13655496446290        4.24834192E-02
   568.27977063246499        3.88155505E-02
   568.42298630046707        3.49783115E-02
   568.56620196846916        3.10479626E-02
   568.70941763647124        2.71394663E-02
   568.85263330447333        2.33762842E-02
   568.99584897247541        1.98603608E-02
   569.13906464047750        1.66480336E-02
   569.28228030847959        1.37372110E-02
   569.42549597648167        1.10692410E-02
   569.56871164448376        8.54462851E-03
   569.71192731248584        6.04697596E-03
   569.85514298048793        3.46773374E-03
   569.99835864849001        7.26357801E-04
   570.14157431649210       -2.21641012E-03
   570.28478998449418       -5.35310805E-03
   570.42800565249627       -8.63336492E-03
   570.57122132049835       -1.19778672E-02
   570.71443698850044       -1.53003884E-02
   570.85765265650252       -1.85319819E-02
   571.00086832450461       -2.16400921E-02
   571.14408399250669       -2.46374086E-02
   571.28729966050878       -2.75788475E-02
   571.43051532851086       -3.05476841E-02
   571.57373099651295       -3.36336382E-02
   571.71694666451504       -3.69079895E-02
   571.86016233251712       -4.04032543E-02
   572.00337800051921       -4.41050790E-02
   572.14659366852129       -4.79595773E-02
   572.28980933652338       -5.18925302E-02
   572.43302500452546       -5.58321364E-02
   572.57624067252755       -5.97276576E-02
   572.71945634052963       -6.35604113E-02
   572.86267200853172       -6.73470870E-02
   573.00588767653380       -7.11357892E-02
   573.14910334453589       -7.49947205E-02
   573.29231901253797       -7.89946914E-02
   573.43553468054006       -8.31897929E-02
   573.57875034854214       -8.76023993E-02
   573.72196601654423       -9.22168493E-02
   573.86518168454631       -9.69823301E-02
   574.00839735254840      -0.101823226    
   574.15161302055049      -0.106655151    
   574.29482868855257      -0.111405440    
   574.43804435655466      -0.116034709    
   574.58126002455674      -0.120552972    
   574.72447569255883      -0.125022784    
   574.86769136056091      -0.129546046    
   575.01090702856300      -0.134237736    
   575.15412269656508      -0.139194995    
   575.29733836456717      -0.144470379    
   575.44055403256925      -0.150055856    
   575.58376970057134      -0.155881345    
   575.72698536857342      -0.161828682    
   575.87020103657551      -0.167758644    
   576.01341670457759      -0.173543930    
   576.15663237257968      -0.179098561    
   576.29984804058176      -0.184395805    
   576.44306370858385      -0.189471856    
   576.58627937658594      -0.194416866    
   576.72949504458802      -0.199356362    
   576.87271071259011      -0.204425111    
   577.01592638059219      -0.209736407    
   577.15914204859428      -0.215352774    
   577.30235771659636      -0.221266568    
   577.44557338459845      -0.227397278    
   577.58878905260053      -0.233607054    
   577.73200472060262      -0.239729971    
   577.87522038860470      -0.245608330    
   578.01843605660679      -0.251128852    
   578.16165172460887      -0.256251425    
   578.30486739261096      -0.261022359    
   578.44808306061304      -0.265566021    
   578.59129872861513      -0.270054609    
   578.73451439661721      -0.274664372    
   578.87773006461930      -0.279532045    
   579.02094573262139      -0.284723550    
   579.16416140062347      -0.290220827    
   579.30737706862556      -0.295926869    
   579.45059273662764      -0.301686049    
   579.59380840462973      -0.307315797    
   579.73702407263181      -0.312644124    
   579.88023974063390      -0.317544818    
   580.02345540863598      -0.321962148    
   580.16667107663807      -0.325919658    
   580.30988674464015      -0.329512805    
   580.45310241264224      -0.332887709    
   580.59631808064432      -0.336209387    
   580.73953374864641      -0.339624256    
   580.88274941664849      -0.343224168    
   581.02596508465058      -0.347022325    
   581.16918075265266      -0.350949079    
   581.31239642065475      -0.354869545    
   581.45561208865684      -0.358616948    
   581.59882775665892      -0.362031698    
   581.74204342466101      -0.364996284    
   581.88525909266309      -0.367459387    
   582.02847476066518      -0.369443983    
   582.17169042866726      -0.371037364    
   582.31490609666935      -0.372364879    
   582.45812176467143      -0.373555481    
   582.60133743267352      -0.374710023    
   582.74455310067560      -0.375880808    
   582.88776876867769      -0.377064764    
   583.03098443667977      -0.378207445    
   583.17420010468186      -0.379214555    
   583.31741577268394      -0.379970253    
   583.46063144068603      -0.380360931    
   583.60384710868811      -0.380300432    
   583.74706277669020      -0.379749417    
   583.89027844469229      -0.378722489    
   584.03349411269437      -0.377281487    
   584.17670978069646      -0.375517815    
   584.31992544869854      -0.373528808    
   584.46314111670063      -0.371392816    
   584.60635678470271      -0.369148225    
   584.74957245270480      -0.366782665    
   584.89278812070688      -0.364237189    
   585.03600378870897      -0.361424714    
   585.17921945671105      -0.358256012    
   585.32243512471314      -0.354663044    
   585.46565079271522      -0.350612849    
   585.60886646071731      -0.346110135    
   585.75208212871939      -0.341190279    
   585.89529779672148      -0.335905701    
   586.03851346472356      -0.330308467    
   586.18172913272565      -0.324432969    
   586.32494480072774      -0.318284631    
   586.46816046872982      -0.311838180    
   586.61137613673191      -0.305044889    
   586.75459180473399      -0.297844768    
   586.89780747273608      -0.290179759    
   587.04102314073816      -0.282006770    
   587.18423880874025      -0.273310423    
   587.32745447674233      -0.264112651    
   587.47067014474442      -0.254473925    
   587.61388581274650      -0.244481727    
   587.75710148074859      -0.234228179    
   587.90031714875067      -0.223784417    
   588.04353281675276      -0.213180616    
   588.18674848475484      -0.202396870    
   588.32996415275693      -0.191366479    
   588.47317982075901      -0.179990724    
   588.61639548876110      -0.168163210    
   588.75961115676319      -0.155799076    
   588.90282682476527      -0.142860770    
   589.04604249276736      -0.129371360    
   589.18925816076944      -0.115410730    
   589.33247382877153      -0.101097129    
   589.47568949677361       -8.65610242E-02
   589.61890516477570       -7.19181225E-02
   589.76212083277778       -5.72458282E-02
   589.90533650077987       -4.25662659E-02
   590.04855216878195       -2.78398171E-02
   590.19176783678404       -1.29727200E-02
   590.33498350478612        2.16140691E-03
   590.47819917278821        1.76911410E-02
   590.62141484079029        3.37155685E-02
   590.76463050879238        5.02779670E-02
   590.90784617679446        6.73495010E-02
   591.05106184479655        8.48268792E-02
   591.19427751279864       0.102547362    
   591.33749318080072       0.120320968    
   591.48070884880281       0.137972921    
   591.62392451680489       0.155383557    
   591.76714018480698       0.172513083    
   591.91035585280906       0.189405188    
   592.05357152081115       0.206171244    
   592.19678718881323       0.222960904    
   592.34000285681532       0.239925683    
   592.48321852481740       0.257182121    
   592.62643419281949       0.274782062    
   592.76964986082157       0.292698145    
   592.91286552882366       0.310828686    
   593.05608119682574       0.329019189    
   593.19929686482783       0.347093433    
   593.34251253282991       0.364885777    
   593.48572820083200       0.382270277    
   593.62894386883409       0.399182945    
   593.77215953683617       0.415633023    
   593.91537520483826       0.431698471    
   594.05859087284034       0.447503924    
   594.20180654084243       0.463185936    
   594.34502220884451       0.478855342    
   594.48823787684660       0.494566828    
   594.63145354484868       0.510302246    
   594.77466921285077       0.525970519    
   594.91788488085285       0.541424215    
   595.06110054885494       0.556490541    
   595.20431621685702       0.571008980    
   595.34753188485911       0.584865570    
   595.49074755286119       0.598012865    
   595.63396322086328       0.610471845    
   595.77717888886536       0.622318685    
   595.92039455686745       0.633662760    
   596.06361022486954       0.644620657    
   596.20682589287162       0.655289948    
   596.35004156087371       0.665726066    
   596.49325722887579       0.675928056    
   596.63647289687788       0.685837865    
   596.77968856487996       0.695353687    
   596.92290423288205       0.704352498    
   597.06611990088413       0.712714970    
   597.20933556888622       0.720348537    
   597.35255123688830       0.727205157    
   597.49576690489039       0.733290911    
   597.63898257289247       0.738662660    
   597.78219824089456       0.743410468    
   597.92541390889664       0.747629881    
   598.06862957689873       0.751394391    
   598.21184524490081       0.754737198    
   598.35506091290290       0.757647097    
   598.49827658090499       0.760076463    
   598.64149224890707       0.761957347    
   598.78470791690916       0.763221622    
   598.92792358491124       0.763820469    
   599.07113925291333       0.763738871    
   599.21435492091541       0.762999475    
   599.35757058891750       0.761655211    
   599.50078625691958       0.759774745    
   599.64400192492167       0.757426322    
   599.78721759292375       0.754664004    
   599.93043326092584       0.751517475    
   600.07364892892792       0.747985482    
   600.21686459693001       0.744035423    
   600.36008026493209       0.739611685    
   600.50329593293418       0.734652936    
   600.64651160093626       0.729112923    
   600.78972726893835       0.722977161    
   600.93294293694044       0.716271043    
   601.07615860494252       0.709057689    
   601.21937427294461       0.701427341    
   601.36258994094669       0.693479359    
   601.50580560894878       0.685298979    
   601.64902127695086       0.676934838    
   601.79223694495295       0.668386102    
   601.93545261295503       0.659604967    
   602.07866828095712       0.650514364    
   602.22188394895920       0.641033888    
   602.36509961696129       0.631104589    
   602.50831528496337       0.620706975    
   602.65153095296546       0.609870136    
   602.79474662096754       0.598671675    
   602.93796228896963       0.587226927    
   603.08117795697171       0.575668931    
   603.22439362497380       0.564122200    
   603.36760929297589       0.552678406    
   603.51082496097797       0.541378915    
   603.65404062898006       0.530208290    
   603.79725629698214       0.519098043    
   603.94047196498423       0.507941544    
   604.08368763298631       0.496619225    
   604.22690330098840       0.485030711    
   604.37011896899048       0.473125935    
   604.51333463699257       0.460924894    
   604.65655030499465       0.448519349    
   604.79976597299674       0.436056286    
   604.94298164099882       0.423708230    
   605.08619730900091       0.411637545    
   605.22941297700299       0.399961621    
   605.37262864500508       0.388726294    
   605.51584431300716       0.377895147    
   605.65905998100925       0.367359221    
   605.80227564901134       0.356965244    
   605.94549131701342       0.346553415    
   606.08870698501551       0.335993975    
   606.23192265301759       0.325215131    
   606.37513832101968       0.314218998    
   606.51835398902176       0.303084731    
   606.66156965702385       0.291956782    
   606.80478532502593       0.281017691    
   606.94800099302802       0.270449221    
   607.09121666103010       0.260391563    
   607.23443232903219       0.250911564    
   607.37764799703427       0.241988033    
   607.52086366503636       0.233516619    
   607.66407933303844       0.225332320    
   607.80729500104053       0.217245951    
   607.95051066904261       0.209087446    
   608.09372633704470       0.200746238    
   608.23694200504679       0.192197070    
   608.38015767304887       0.183503672    
   608.52337334105096       0.174800351    
   608.66658900905304       0.166258350    
   608.80980467705513       0.158046737    
   608.95302034505721       0.150295928    
   609.09623601305930       0.143070191    
   609.23945168106138       0.136354193    
   609.38266734906347       0.130057052    
   609.52588301706555       0.124033138    
   609.66909868506764       0.118113905    
   609.81231435306972       0.112142287    
   609.95553002107181       0.106002606    
   610.09874568907389        9.96419042E-02
   610.24196135707598        9.30799991E-02
   610.38517702507806        8.64051729E-02
   610.52839269308015        7.97535107E-02
   610.67160836108224        7.32747540E-02
   610.81482402908432        6.70939311E-02
   610.95803969708641        6.12806790E-02
   611.10125536508849        5.58347069E-02
   611.24447103309058        5.06891049E-02
   611.38768670109266        4.57278565E-02
   611.53090236909475        4.08123806E-02
   611.67411803709683        3.58118378E-02
   611.81733370509892        3.06311399E-02
   611.96054937310100        2.52295602E-02
   612.10376504110309        1.96246225E-02
   612.24698070910517        1.38811124E-02
   612.39019637710726        8.09053704E-03
   612.53341204510934        2.34827027E-03
   612.67662771311143       -3.26661719E-03
   612.81984338111351       -8.70679598E-03
   612.96305904911560       -1.39660435E-02
   613.10627471711769       -1.90802906E-02
   613.24949038511977       -2.41186004E-02
   613.39270605312186       -2.91654821E-02
   613.53592172112394       -3.42996456E-02
   613.67913738912603       -3.95754278E-02
   613.82235305712811       -4.50113304E-02
   613.96556872513020       -5.05877398E-02
   614.10878439313228       -5.62543981E-02
   614.25200006113437       -6.19468279E-02
   614.39521572913645       -6.76079988E-02
   614.53843139713854       -7.32079744E-02
   614.68164706514062       -7.87535757E-02
   614.82486273314271       -8.42841938E-02
   614.96807840114479       -8.98566321E-02
   615.11129406914688       -9.55261067E-02
   615.25450973714896      -0.101329871    
   615.39772540515105      -0.107276671    
   615.54094107315314      -0.113342769    
   615.68415674115522      -0.119475350    
   615.82737240915731      -0.125604019    
   615.97058807715939      -0.131658494    
   616.11380374516148      -0.137587264    
   616.25701941316356      -0.143370643    
   616.40023508116565      -0.149024799    
   616.54345074916773      -0.154597193    
   616.68666641716982      -0.160155937    
   616.82988208517190      -0.165774658    
   616.97309775317399      -0.171513468    
   617.11631342117607      -0.177398875    
   617.25952908917816      -0.183408886    
   617.40274475718024      -0.189470083    
   617.54596042518233      -0.195470005    
   617.68917609318441      -0.201281950    
   617.83239176118650      -0.206794918    
   617.97560742918859      -0.211940557    
   618.11882309719067      -0.216710731    
   618.26203876519276      -0.221161023    
   618.40525443319484      -0.225398138    
   618.54847010119693      -0.229553327    
   618.69168576919901      -0.233748838    
   618.83490143720110      -0.238067269    
   618.97811710520318      -0.242531911    
   619.12133277320527      -0.247101143    
   619.26454844120735      -0.251675993    
   619.40776410920944      -0.256118238    
   619.55097977721152      -0.260276854    
   619.69419544521361      -0.264019132    
   619.83741111321569      -0.267260194    
   619.98062678121778      -0.269982755    
   620.12384244921986      -0.272241622    
   620.26705811722195      -0.274151862    
   620.41027378522404      -0.275864214    
   620.55348945322612      -0.277532697    
   620.69670512122821      -0.279279739    
   620.83992078923029      -0.281165063    
   620.98313645723238      -0.283167064    
   621.12635212523446      -0.285184145    
   621.26956779323655      -0.287057906    
   621.41278346123863      -0.288611680    
   621.55599912924072      -0.289692372    
   621.69921479724280      -0.290204227    
   621.84243046524489      -0.290127486    
   621.98564613324697      -0.289520472    
   622.12886180124906      -0.288505495    
   622.27207746925114      -0.287241668    
   622.41529313725323      -0.285889506    
   622.55850880525531      -0.284575373    
   622.70172447325740      -0.283364207    
   622.84494014125949      -0.282246590    
   622.98815580926157      -0.281141132    
   623.13137147726366      -0.279911488    
   623.27458714526574      -0.278394759    
   623.41780281326783      -0.276437432    
   623.56101848126991      -0.273931623    
   623.70423414927200      -0.270842075    
   623.84744981727408      -0.267215550    
   623.99066548527617      -0.263169885    
   624.13388115327825      -0.258866578    
   624.27709682128034      -0.254474431    
   624.42031248928242      -0.250132948    
   624.56352815728451      -0.245922908    
   624.70674382528659      -0.241850898    
   624.84995949328868      -0.237852067    
   624.99317516129076      -0.233810797    
   625.13639082929285      -0.229592592    
   625.27960649729494      -0.225077003    
   625.42282216529702      -0.220182732    
   625.56603783329911      -0.214881673    
   625.70925350130119      -0.209202409    
   625.85246916930328      -0.203224584    
   625.99568483730536      -0.197063982    
   626.13890050530745      -0.190848753    
   626.28211617330953      -0.184691176    
   626.42533184131162      -0.178662330    
   626.56854750931370      -0.172777429    
   626.71176317731579      -0.166995332    
   626.85497884531787      -0.161231145    
   626.99819451331996      -0.155378595    
   627.14141018132204      -0.149337336    
   627.28462584932413      -0.143039539    
   627.42784151732621      -0.136468455    
   627.57105718532830      -0.129662663    
   627.71427285333039      -0.122704297    
   627.85748852133247      -0.115696058    
   628.00070418933456      -0.108735420    
   628.14391985733664      -0.101893954    
   628.28713552533873       -9.52055529E-02
   628.43035119334081       -8.86641517E-02
   628.57356686134290       -8.22301283E-02
   628.71678252934498       -7.58437216E-02
   628.85999819734707       -6.94420263E-02
   629.00321386534915       -6.29748404E-02
   629.14642953335124       -5.64151593E-02
   629.28964520135332       -4.97632176E-02
   629.43286086935541       -4.30453271E-02
   629.57607653735749       -3.63085568E-02
   629.71929220535958       -2.96106841E-02
   629.86250787336166       -2.30049901E-02
   630.00572354136375       -1.65229756E-02
   630.14893920936584       -1.01618869E-02
   630.29215487736792       -3.88362980E-03
   630.43537054537001        2.37338175E-03
   630.57858621337209        8.67415965E-03
   630.72180188137418        1.50663415E-02
   630.86501754937626        2.15647332E-02
   631.00823321737835        2.81444471E-02
   631.15144888538043        3.47441956E-02
   631.29466455338252        4.12801243E-02
   631.43788022138460        4.76678871E-02
   631.58109588938669        5.38466014E-02
   631.72431155738877        5.97962402E-02
   631.86752722539086        6.55425638E-02
   632.01074289339294        7.11493269E-02
   632.15395856139503        7.67022222E-02
   632.29717422939711        8.22895393E-02
   632.44038989739920        8.79827440E-02
   632.58360556540129        9.38191414E-02
   632.72682123340337        9.97899175E-02
   632.87003690140546       0.105837725    
   633.01325256940754       0.111866392    
   633.15646823740963       0.117761239    
   633.29968390541171       0.123415351    
   633.44289957341380       0.128755927    
   633.58611524141588       0.133765280    
   633.72933090941797       0.138491005    
   633.87254657742005       0.143040061    
   634.01576224542214       0.147555172    
   634.15897791342422       0.152178124    
   634.30219358142631       0.157011360    
   634.44540924942839       0.162090257    
   634.58862491743048       0.167373955    
   634.73184058543256       0.172755107    
   634.87505625343465       0.178084120    
   635.01827192143674       0.183201954    
   635.16148758943882       0.187975556    
   635.30470325744091       0.192328647    
   635.44791892544299       0.196259946    
   635.59113459344508       0.199843585    
   635.73435026144716       0.203212008    
   635.87756592944925       0.206527174    
   636.02078159745133       0.209947348    
   636.16399726545342       0.213595033    
   636.30721293345550       0.217530042    
   636.45042860145759       0.221732661    
   636.59364426945967       0.226103008    
   636.73685993746176       0.230480283    
   636.88007560546384       0.234679103    
   637.02329127346593       0.238533080    
   637.16650694146801       0.241933629    
   637.30972260947010       0.244854167    
   637.45293827747219       0.247354805    
   637.59615394547427       0.249566987    
   637.73936961347636       0.251660973    
   637.88258528147844       0.253803909    
   638.02580094948053       0.256119430    
   638.16901661748261       0.258660346    
   638.31223228548470       0.261400461    
   638.45544795348678       0.264244765    
   638.59866362148887       0.267052472    
   638.74187928949095       0.269666940    
   638.88509495749304       0.271948069    
   639.02831062549512       0.273802638    
   639.17152629349721       0.275206000    
   639.31474196149929       0.276208550    
   639.45795762950138       0.276924014    
   639.60117329750346       0.277503133    
   639.74438896550555       0.278099597    
   639.88760463350764       0.278836131    
   640.03082030150972       0.279776484    
   640.17403596951181       0.280909628    
   640.31725163751389       0.282151222    
   640.46046730551598       0.283365130    
   640.60368297351806       0.284400076    
   640.74689864152015       0.285130024    
   640.89011430952223       0.285484821    
   641.03332997752432       0.285463333    
   641.17654564552640       0.285128176    
   641.31976131352849       0.284587115    
   641.46297698153057       0.283966541    
   641.60619264953266       0.283382535    
   641.74940831753474       0.282915384    
   641.89262398553683       0.282593876    
   642.03583965353891       0.282393008    
   642.17905532154100       0.282244533    
   642.32227098954309       0.282055885    
   642.46548665754517       0.281732380    
   642.60870232554726       0.281199545    
   642.75191799354934       0.280422449    
   642.89513366155143       0.279417813    
   643.03834932955351       0.278253078    
   643.18156499755560       0.277030379    
   643.32478066555768       0.275859326    
   643.46799633355977       0.274828106    
   643.61121200156185       0.273981750    
   643.75442766956394       0.273312956    
   643.89764333756602       0.272766441    
   644.04085900556811       0.272255599    
   644.18407467357019       0.271688372    
   644.32729034157228       0.270996034    
   644.47050600957436       0.270155340    
   644.61372167757645       0.269195974    
   644.75693734557854       0.268191129    
   644.90015301358062       0.267236322    
   645.04336868158271       0.266425669    
   645.18658434958479       0.265831321    
   645.32980001758688       0.265488833    
   645.47301568558896       0.265388668    
   645.61623135359105       0.265476286    
   645.75944702159313       0.265662789    
   645.90266268959522       0.265845805    
   646.04587835759730       0.265935510    
   646.18909402559939       0.265878588    
   646.33230969360147       0.265674084    
   646.47552536160356       0.265378237    
   646.61874102960564       0.265096366    
   646.76195669760773       0.264961541    
   646.90517236560981       0.265102625    
   647.04838803361190       0.265609354    
   647.19160370161399       0.266506195    
   647.33481936961607       0.267744213    
   647.47803503761816       0.269213378    
   647.62125070562024       0.270770460    
   647.76446637362233       0.272273988    
   647.90768204162441       0.273618340    
   648.05089770962650       0.274759918    
   648.19411337762858       0.275729477    
   648.33732904563067       0.276625961    
   648.48054471363275       0.277592778    
   648.62376038163484       0.278783351    
   648.76697604963692       0.280325800    
   648.91019171763901       0.282294959    
   649.05340738564109       0.284695148    
   649.19662305364318       0.287455320    
   649.33983872164526       0.290438354    
   649.48305438964735       0.293466747    
   649.62627005764944       0.296361476    
   649.76948572565152       0.298985481    
   649.91270139365361       0.301277965    
   650.05591706165569       0.303269476    
   650.19913272965778       0.305074036    
   650.34234839765986       0.306861401    
   650.48556406566195       0.308815837    
   650.62877973366403       0.311090350    
   650.77199540166612       0.313766509    
   650.91521106966820       0.316831201    
   651.05842673767029       0.320177674    
   651.20164240567237       0.323630393    
   651.34485807367446       0.326985329    
   651.48807374167654       0.330053687    
   651.63128940967863       0.332699299    
   651.77450507768071       0.334863752    
   651.91772074568280       0.336575806    
   652.06093641368489       0.337942660    
   652.20415208168697       0.339123845    
   652.34736774968906       0.340292960    
   652.49058341769114       0.341596782    
   652.63379908569323       0.343121499    
   652.77701475369531       0.344872504    
   652.92023042169740       0.346770853    
   653.06344608969948       0.348667562    
   653.20666175770157       0.350375146    
   653.34987742570365       0.351710856    
   653.49309309370574       0.352540821    
   653.63630876170782       0.352810979    
   653.77952442970991       0.352555543    
   653.92274009771199       0.351882279    
   654.06595576571408       0.350941718    
   654.20917143371616       0.349889785    
   654.35238710171825       0.348852068    
   654.49560276972034       0.347896069    
   654.63881843772242       0.347016931    
   654.78203410572451       0.346140653    
   654.92524977372659       0.345144182    
   655.06846544172868       0.343885660    
   655.21168110973076       0.342235535    
   655.35489677773285       0.340101570    
   655.49811244573493       0.337444276    
   655.64132811373702       0.334282398    
   655.78454378173910       0.330686957    
   655.92775944974119       0.326763481    
   656.07097511774327       0.322625011    
   656.21419078574536       0.318362832    
   656.35740645374744       0.314024091    
   656.50062212174953       0.309602469    
   656.64383778975161       0.305043399    
   656.78705345775370       0.300261110    
   656.93026912575579       0.295163423    
   657.07348479375787       0.289678514    
   657.21670046175996       0.283776313    
   657.35991612976204       0.277477115    
   657.50313179776413       0.270844340    
   657.64634746576621       0.263964534    
   657.78956313376830       0.256923139    
   657.93277880177038       0.249784008    
   658.07599446977247       0.242576510    
   658.21921013777455       0.235290766    
   658.36242580577664       0.227880925    
   658.50564147377872       0.220276982    
   658.64885714178081       0.212404281    
   658.79207280978289       0.204206124    
   658.93528847778498       0.195662364    
   659.07850414578706       0.186798066    
   659.22171981378915       0.177680850    
   659.36493548179124       0.168408915    
   659.50815114979332       0.159092203    
   659.65136681779541       0.149829060    
   659.79458248579749       0.140682250    
   659.93779815379958       0.131661281    
   660.08101382180166       0.122718737    
   660.22422948980375       0.113763891    
   660.36744515780583       0.104690008    
   660.51066082580792        9.54062343E-02
   660.65387649381000        8.58647451E-02
   660.79709216181209        7.60765895E-02
   660.94030782981417        6.61133006E-02
   661.08352349781626        5.60936630E-02
   661.22673916581834        4.61580344E-02
   661.36995483382043        3.64362635E-02
   661.51317050182251        2.70180758E-02
   661.65638616982460        1.79338641E-02
   661.79960183782669        9.14970599E-03
   661.94281750582877        5.75851474E-04
   662.08603317383086       -7.91395828E-03
   662.22924884183294       -1.64550859E-02
   662.37246450983503       -2.51601245E-02
   662.51568017783711       -3.40889134E-02
   662.65889584583920       -4.32288945E-02
   662.80211151384128       -5.24925068E-02
   662.94532718184337       -6.17328770E-02
   663.08854284984545       -7.07733929E-02
   663.23175851784754       -7.94440061E-02
   663.37497418584962       -8.76171663E-02
   663.51818985385171       -9.52365696E-02
   663.66140552185379      -0.102331676    
   663.80462118985588      -0.109012172    
   663.94783685785796      -0.115441747    
   664.09105252586005      -0.121797934    
   664.23426819386214      -0.128229827    
   664.37748386186422      -0.134825081    
   664.52069952986631      -0.141592652    
   664.66391519786839      -0.148462549    
   664.80713086587048      -0.155301079    
   664.95034653387256      -0.161939099    
   665.09356220187465      -0.168208584    
   665.23677786987673      -0.173979715    
   665.37999353787882      -0.179189518    
   665.52320920588090      -0.183854952    
   665.66642487388299      -0.188068107    
   665.80964054188507      -0.191975608    
   665.95285620988716      -0.195746362    
   666.09607187788924      -0.199533790    
   666.23928754589133      -0.203440085    
   666.38250321389341      -0.207491636    
   666.52571888189550      -0.211632997    
   666.66893454989759      -0.215741262    
   666.81215021789967      -0.219656378    
   666.95536588590176      -0.223218679    
   667.09858155390384      -0.226304829    
   667.24179722190593      -0.228854701    
   667.38501288990801      -0.230884120    
   667.52822855791010      -0.232479930    
   667.67144422591218      -0.233778134    
   667.81465989391427      -0.234930798    
   667.95787556191635      -0.236071378    
   668.10109122991844      -0.237287551    
   668.24430689792052      -0.238606736    
   668.38752256592261      -0.239994660    
   668.53073823392469      -0.241365939    
   668.67395390192678      -0.242604673    
   668.81716956992886      -0.243592471    
   668.96038523793095      -0.244237855    
   669.10360090593304      -0.244498819    
   669.24681657393512      -0.244391575    
   669.39003224193721      -0.243983388    
   669.53324790993929      -0.243372992    
   669.67646357794138      -0.242665023    
   669.81967924594346      -0.241944686    
   669.96289491394555      -0.241258040    
   670.10611058194763      -0.240602240    
   670.24932624994972      -0.239929006    
   670.39254191795180      -0.239160731    
   670.53575758595389      -0.238214254    
   670.67897325395597      -0.237024575    
   670.82218892195806      -0.235561386    
   670.96540458996014      -0.233835146    
   671.10862025796223      -0.231892735    
   671.25183592596431      -0.229804724    
   671.39505159396640      -0.227647126    
   671.53826726196849      -0.225481778    
   671.68148292997057      -0.223340467    
   671.82469859797266      -0.221217468    
   671.96791426597474      -0.219071984    
   672.11112993397683      -0.216838956    
   672.25434560197891      -0.214444697    
   672.39756126998100      -0.211824253    
   672.54077693798308      -0.208937511    
   672.68399260598517      -0.205780685    
   672.82720827398725      -0.202388853    
   672.97042394198934      -0.198827147    
   673.11363960999142      -0.195172206    
   673.25685527799351      -0.191489801    
   673.40007094599559      -0.187816322    
   673.54328661399768      -0.184148848    
   673.68650228199976      -0.180445448    
   673.82971795000185      -0.176634729    
   673.97293361800394      -0.172632948    
   674.11614928600602      -0.168365613    
   674.25936495400811      -0.163788527    
   674.40258062201019      -0.158901826    
   674.54579629001228      -0.153751925    
   674.68901195801436      -0.148420841    
   674.83222762601645      -0.143006414    
   674.97544329401853      -0.137599170    
   675.11865896202062      -0.132260948    
   675.26187463002270      -0.127009094    
   675.40509029802479      -0.121809512    
   675.54830596602687      -0.116581358    
   675.69152163402896      -0.111213677    
   675.83473730203104      -0.105590947    
   675.97795297003313       -9.96210501E-02
   676.12116863803521       -9.32587013E-02
   676.26438430603730       -8.65187347E-02
   676.40759997403939       -7.94761851E-02
   676.55081564204147       -7.22523555E-02
   676.69403131004356       -6.49888441E-02
   676.83724697804564       -5.78149743E-02
   676.98046264604773       -5.08169420E-02
   677.12367831404981       -4.40174267E-02
   677.26689398205190       -3.73710394E-02
   677.41010965005398       -3.07759661E-02
   677.55332531805607       -2.40980349E-02
   677.69654098605815       -1.72016770E-02
   677.83975665406024       -9.98163410E-03
   677.98297232206232       -2.38891109E-03
   678.12618799006441        5.55556221E-03
   678.26940365806649        1.37638813E-02
   678.41261932606858        2.21004207E-02
   678.55583499407066        3.04119512E-02
   678.69905066207275        3.85605358E-02
   678.84226633007484        4.64517958E-02
   678.98548199807692        5.40535823E-02
   679.12869766607901        6.14019707E-02
   679.27191333408109        6.85928240E-02
   679.41512900208318        7.57592618E-02
   679.55834467008526        8.30392316E-02
   679.70156033808735        9.05411318E-02
   679.84477600608943        9.83166397E-02
   679.98799167409152       0.106347539    
   680.13120734209360       0.114548869    
   680.27442301009569       0.122786775    
   680.41763867809777       0.130906835    
   680.56085434609986       0.138767049    
   680.70407001410194       0.146268234    
   680.84728568210403       0.153374434    
   680.99050135010611       0.160117969    
   681.13371701810820       0.166588530    
   681.27693268611029       0.172909766    
   681.42014835411237       0.179209679    
   681.56336402211446       0.185590997    
   681.70657969011654       0.192107335    
   681.84979535811863       0.198750079    
   681.99301102612071       0.205449238    
   682.13622669412280       0.212088466    
   682.27944236212488       0.218530357    
   682.42265803012697       0.224645123    
   682.56587369812905       0.230335966    
   682.70908936613114       0.235556275    
   682.85230503413322       0.240316227    
   682.99552070213531       0.244677454    
   683.13873637013739       0.248736411    
   683.28195203813948       0.252599239    
   683.42516770614156       0.256354719    
   683.56838337414365       0.260052919    
   683.71159904214574       0.263695419    
   683.85481471014782       0.267238200    
   683.99803037814991       0.270604759    
   684.14124604615199       0.273705363    
   684.28446171415408       0.276458174    
   684.42767738215616       0.278808236    
   684.57089305015825       0.280739844    
   684.71410871816033       0.282278985    
   684.85732438616242       0.283484668    
   685.00054005416450       0.284432530    
   685.14375572216659       0.285196066    
   685.28697139016867       0.285830528    
   685.43018705817076       0.286362469    
   685.57340272617284       0.286786407    
   685.71661839417493       0.287068754    
   685.85983406217701       0.287158817    
   686.00304973017910       0.287003905    
   686.14626539818119       0.286564410    
   686.28948106618327       0.285824180    
   686.43269673418536       0.284793764    
   686.57591240218744       0.283506542    
   686.71912807018953       0.282009751    
   686.86234373819161       0.280352294    
   687.00555940619370       0.278572112    
   687.14877507419578       0.276686460    
   687.29199074219787       0.274688452    
   687.43520641019995       0.272552013    
   687.57842207820204       0.270243585    
   687.72163774620412       0.267735749    
   687.86485341420621       0.265018731    
   688.00806908220829       0.262106568    
   688.15128475021038       0.259037614    
   688.29450041821246       0.255869657    
   688.43771608621455       0.252669424    
   688.58093175421664       0.249498025    
   688.72414742221872       0.246396244    
   688.86736309022081       0.243374154    
   689.01057875822289       0.240409136    
   689.15379442622498       0.237452507    
   689.29701009422706       0.234442323    
   689.44022576222915       0.231319189    
   689.58344143023123       0.228042334    
   689.72665709823332       0.224603266    
   689.86987276623540       0.221033439    
   690.01308843423749       0.217402875    
   690.15630410223957       0.213808402    
   690.29951977024166       0.210354283    
   690.44273543824374       0.207130358    
   690.58595110624583       0.204193220    
   690.72916677424791       0.201554283    
   690.87238244225000       0.199177429    
   691.01559811025209       0.196987212    
   691.15881377825417       0.194886953    
   691.30202944625626       0.192783058    
   691.44524511425834       0.190609083    
   691.58846078226043       0.188343138    
   691.73167645026251       0.186014384    
   691.87489211826460       0.183698282    
   692.01810778626668       0.181502029    
   692.16132345426877       0.179542959    
   692.30453912227085       0.177923292    
   692.44775479027294       0.176706478    
   692.59097045827502       0.175901547    
   692.73418612627711       0.175460249    
   692.87740179427919       0.175287902    
   693.02061746228128       0.175264448    
   693.16383313028336       0.175270557    
   693.30704879828545       0.175213337    
   693.45026446628754       0.175047398    
   693.59348013428962       0.174786806    
   693.73669580229171       0.174504146    
   693.87991147029379       0.174315289    
   694.02312713829588       0.174353063    
   694.16634280629796       0.174736992    
   694.30955847430005       0.175546750    
   694.45277414230213       0.176805213    
   694.59598981030422       0.178473458    
   694.73920547830630       0.180458412    
   694.88242114630839       0.182631627    
   695.02563681431047       0.184856012    
   695.16885248231256       0.187014490    
   695.31206815031464       0.189033478    
   695.45528381831673       0.190895930    
   695.59849948631881       0.192641526    
   695.74171515432090       0.194355339    
   695.88493082232299       0.196147531    
   696.02814649032507       0.198127657    
   696.17136215832716       0.200378746    
   696.31457782632924       0.202937126    
   696.45779349433133       0.205783725    
   696.60100916233341       0.208848745    
   696.74422483033550       0.212027788    
   696.88744049833758       0.215204254    
   697.03065616633967       0.218273059    
   697.17387183434175       0.221161261    
   697.31708750234384       0.223841801    
   697.46030317034592       0.226336941    
   697.60351883834801       0.228709698    
   697.74673450635009       0.231045440    
   697.88995017435218       0.233429238    
   698.03316584235426       0.235925704    
   698.17638151035635       0.238565683    
   698.31959717835844       0.241341040    
   698.46281284636052       0.244207069    
   698.60602851436261       0.247091785    
   698.74924418236469       0.249910921    
   698.89245985036678       0.252585858    
   699.03567551836886       0.255059659    
   699.17889118637095       0.257306844    
   699.32210685437303       0.259334862    
   699.46532252237512       0.261178166    
   699.60853819037720       0.262887478    
   699.75175385837929       0.264516354    
   699.89496952638137       0.266107976    
   700.03818519438346       0.267684728    
   700.18140086238554       0.269243717    
   700.32461653038763       0.270759702    
   700.46783219838971       0.272193819    
   700.61104786639180       0.273504823    
   700.75426353439389       0.274659067    
   700.89747920239597       0.275637150    
   701.04069487039806       0.276436627    
   701.18391053840014       0.277070075    
   701.32712620640223       0.277558446    
   701.47034187440431       0.277921647    
   701.61355754240640       0.278169721    
   701.75677321040848       0.278298378    
   701.89998887841057       0.278290272    
   702.04320454641265       0.278120607    
   702.18642021441474       0.277764320    
   702.32963588241682       0.277203351    
   702.47285155041891       0.276432902    
   702.61606721842099       0.275466084    
   702.75928288642308       0.274334550    
   702.90249855442516       0.273083329    
   703.04571422242725       0.271760076    
   703.18892989042934       0.270402372    
   703.33214555843142       0.269027025    
   703.47536122643351       0.267624915    
   703.61857689443559       0.266161710    
   703.76179256243768       0.264584213    
   703.90500823043976       0.262831926    
   704.04822389844185       0.260851800    
   704.19143956644393       0.258613616    
   704.33465523444602       0.256121159    
   704.47787090244810       0.253415138    
   704.62108657045019       0.250566751    
   704.76430223845227       0.247663394    
   704.90751790645436       0.244790226    
   705.05073357445644       0.242011100    
   705.19394924245853       0.239353001    
   705.33716491046061       0.236797765    
   705.48038057846270       0.234283969    
   705.62359624646479       0.231719330    
   705.76681191446687       0.229000539    
   705.91002758246896       0.226035595    
   706.05324325047104       0.222763821    
   706.19645891847313       0.219170004    
   706.33967458647521       0.215290010    
   706.48289025447730       0.211205825    
   706.62610592247938       0.207029566    
   706.76932159048147       0.202879041    
   706.91253725848355       0.198850915    
   707.05575292648564       0.194998592    
   707.19896859448772       0.191320017    
   707.34218426248981       0.187757462    
   707.48539993049189       0.184208661    
   707.62861559849398       0.180547148    
   707.77183126649606       0.176648900    
   707.91504693449815       0.172420055    
   708.05826260250024       0.167818904    
   708.20147827050232       0.162866041    
   708.34469393850441       0.157639697    
   708.48790960650649       0.152258053    
   708.63112527450858       0.146853343    
   708.77434094251066       0.141543880    
   708.91755661051275       0.136409223    
   709.06077227851483       0.131473422    
   709.20398794651692       0.126699910    
   709.34720361451900       0.121999659    
   709.49041928252109       0.117250837    
   709.63363495052317       0.112325251    
   709.77685061852526       0.107115306    
   709.92006628652734       0.101555884    
   710.06328195452943        9.56367552E-02
   710.20649762253151        8.94030333E-02
   710.34971329053360        8.29432607E-02
   710.49292895853569        7.63678104E-02
   710.63614462653777        6.97829723E-02
   710.77936029453986        6.32673949E-02
   710.92257596254194        5.68564534E-02
   711.06579163054403        5.05371206E-02
   711.20900729854611        4.42534834E-02
   711.35222296654820        3.79212312E-02
   711.49543863455028        3.14481817E-02
   711.63865430255237        2.47563235E-02
   711.78186997055445        1.77997369E-02
   711.92508563855654        1.05734691E-02
   712.06830130655862        3.11154011E-03
   712.21151697456071       -4.52399068E-03
   712.35473264256279       -1.22586126E-02
   712.49794831056488       -2.00214293E-02
   712.64116397856696       -2.77588926E-02
   712.78437964656905       -3.54443267E-02
   712.92759531457114       -4.30815481E-02
   713.07081098257322       -5.07014170E-02
   713.21402665057531       -5.83517514E-02
   713.35724231857739       -6.60834312E-02
   713.50045798657948       -7.39367753E-02
   713.64367365458156       -8.19318518E-02
   713.78688932258365       -9.00646523E-02
   713.93010499058573       -9.83093232E-02
   714.07332065858782      -0.106625520    
   714.21653632658990      -0.114968956    
   714.35975199459199      -0.123302318    
   714.50296766259407      -0.131603390    
   714.64618333059616      -0.139867753    
   714.78939899859824      -0.148105443    
   714.93261466660033      -0.156332940    
   715.07583033460241      -0.164563030    
   715.21904600260450      -0.172795713    
   715.36226167060659      -0.181012660    
   715.50547733860867      -0.189177215    
   715.64869300661076      -0.197240397    
   715.79190867461284      -0.205151096    
   715.93512434261493      -0.212867469    
   716.07834001061701      -0.220365658    
   716.22155567861910      -0.227643937    
   716.36477134662118      -0.234721571    
   716.50798701462327      -0.241633371    
   716.65120268262535      -0.248420507    
   716.79441835062744      -0.255118698    
   716.93763401862952      -0.261745483    
   717.08084968663161      -0.268290281    
   717.22406535463369      -0.274710417    
   717.36728102263578      -0.280935705    
   717.51049669063786      -0.286880672    
   717.65371235863995      -0.292461514    
   717.79692802664204      -0.297613233    
   717.94014369464412      -0.302303463    
   718.08335936264621      -0.306539208    
   718.22657503064829      -0.310364842    
   718.36979069865038      -0.313850820    
   718.51300636665246      -0.317075014    
   718.65622203465455      -0.320101559    
   718.79943770265663      -0.322962701    
   718.94265337065872      -0.325648397    
   719.08586903866080      -0.328106344    
   719.22908470666289      -0.330251724    
   719.37230037466497      -0.331984192    
   719.51551604266706      -0.333208054    
   719.65873171066914      -0.333851427    
   719.80194737867123      -0.333880782    
   719.94516304667331      -0.333308071    
   720.08837871467540      -0.332188874    
   720.23159438267749      -0.330611676    
   720.37481005067957      -0.328679442    
   720.51802571868166      -0.326486886    
   720.66124138668374      -0.324097812    
   720.80445705468583      -0.321528405    
   720.94767272268791      -0.318741143    
   721.09088839069000      -0.315651834    
   721.23410405869208      -0.312147975    
   721.37731972669417      -0.308114380    
   721.52053539469625      -0.303459495    
   721.66375106269834      -0.298136681    
   721.80696673070042      -0.292155355    
   721.95018239870251      -0.285579979    
   722.09339806670459      -0.278516531    
   722.23661373470668      -0.271089792    
   722.37982940270876      -0.263416797    
   722.52304507071085      -0.255582929    
   722.66626073871294      -0.247626007    
   722.80947640671502      -0.239531547    
   722.95269207471711      -0.231239155    
   723.09590774271919      -0.222658172    
   723.23912341072128      -0.213689372    
   723.38233907872336      -0.204249054    
   723.52555474672545      -0.194290921    
   723.66877041472753      -0.183820739    
   723.81198608272962      -0.172899693    
   723.95520175073170      -0.161634490    
   724.09841741873379      -0.150155991    
   724.24163308673587      -0.138591677    
   724.38484875473796      -0.127039209    
   724.52806442274004      -0.115547806    
   724.67128009074213      -0.104112007    
   724.81449575874421       -9.26788449E-02
   724.95771142674630       -8.11660588E-02
   725.10092709474839       -6.94864318E-02
   725.24414276275047       -5.75720482E-02
   725.38735843075256       -4.53928337E-02
   725.53057409875464       -3.29654887E-02
   725.67378976675673       -2.03515273E-02
   725.81700543475881       -7.64560699E-03
   725.96022110276090        5.04271081E-03
   726.10343677076298        1.76095665E-02
   726.24665243876507        2.99754124E-02
   726.38986810676715        4.20978144E-02
   726.53308377476924        5.39760068E-02
   726.67629944277132        6.56463653E-02
   726.81951511077341        7.71697834E-02
   726.96273077877549        8.86134207E-02
   727.10594644677758       0.100030594    
   727.24916211477966       0.111443609    
   727.39237778278175       0.122834250    
   727.53559345078384       0.134145245    
   727.67880911878592       0.145292699    
   727.82202478678801       0.156185701    
   727.96524045479009       0.166746676    
   728.10845612279218       0.176926136    
   728.25167179079426       0.186708391    
   728.39488745879635       0.196107939    
   728.53810312679843       0.205159202    
   728.68131879480052       0.213903174    
   728.82453446280260       0.222374290    
   728.96775013080469       0.230590522    
   729.11096579880677       0.238548577    
   729.25418146680886       0.246224865    
   729.39739713481094       0.253581464    
   729.54061280281303       0.260575056    
   729.68382847081511       0.267166495    
   729.82704413881720       0.273329526    
   729.97025980681929       0.279056996    
   730.11347547482137       0.284363359    
   730.25669114282346       0.289281964    
   730.39990681082554       0.293856740    
   730.54312247882763       0.298129797    
   730.68633814682971       0.302128166    
   730.82955381483180       0.305854112    
   730.97276948283388       0.309282362    
   731.11598515083597       0.312366068    
   731.25920081883805       0.315050066    
   731.40241648684014       0.317287862    
   731.54563215484222       0.319056839    
   731.68884782284431       0.320366561    
   731.83206349084639       0.321257353    
   731.97527915884848       0.321790069    
   732.11849482685057       0.322030932    
   732.26171049485265       0.322036266    
   732.40492616285474       0.321840733    
   732.54814183085682       0.321450740    
   732.69135749885891       0.320843548    
   732.83457316686099       0.319972157    
   732.97778883486308       0.318776131    
   733.12100450286516       0.317196220    
   733.26422017086725       0.315190345    
   733.40743583886933       0.312746972    
   733.55065150687142       0.309892684    
   733.69386717487350       0.306692183    
   733.83708284287559       0.303239614    
   733.98029851087767       0.299641669    
   734.12351417887976       0.295995295    
   734.26672984688184       0.292365104    
   734.40994551488393       0.288767517    
   734.55316118288602       0.285167485    
   734.69637685088810       0.281489104    
   734.83959251889019       0.277637511    
   734.98280818689227       0.273525417    
   735.12602385489436       0.269097149    
   735.26923952289644       0.264344394    
   735.41245519089853       0.259310275    
   735.55567085890061       0.254081547    
   735.69888652690270       0.248771355    
   735.84210219490478       0.243497446    
   735.98531786290687       0.238360554    
   736.12853353090895       0.233426809    
   736.27174919891104       0.228716373    
   736.41496486691312       0.224199891    
   736.55818053491521       0.219804361    
   736.70139620291729       0.215428889    
   736.84461187091938       0.210968450    
   736.98782753892147       0.206340417    
   737.13104320692355       0.201506823    
   737.27425887492564       0.196486324    
   737.41747454292772       0.191352516    
   737.56069021092981       0.186218962    
   737.70390587893189       0.181214109    
   737.84712154693398       0.176451817    
   737.99033721493606       0.172005013    
   738.13355288293815       0.167890027    
   738.27676855094023       0.164065883    
   738.41998421894232       0.160448343    
   738.56319988694440       0.156933129    
   738.70641555494649       0.153421208    
   738.84963122294857       0.149840280    
   738.99284689095066       0.146159098    
   739.13606255895274       0.142393619    
   739.27927822695483       0.138604343    
   739.42249389495692       0.134885311    
   739.56570956295900       0.131346121    
   739.70892523096109       0.128090188    
   739.85214089896317       0.125193417    
   739.99535656696526       0.122687660    
   740.13857223496734       0.120552801    
   740.28178790296943       0.118720450    
   740.42500357097151       0.117089845    
   740.56821923897360       0.115552858    
   740.71143490697568       0.114021361    
   740.85465057497777       0.112448663    
   740.99786624297985       0.110838883    
   741.14108191098194       0.109242588    
   741.28429757898402       0.107741453    
   741.42751324698611       0.106427021    
   741.57072891498819       0.105379172    
   741.71394458299028       0.104649208    
   741.85716025099237       0.104251355    
   742.00037591899445       0.104164064    
   742.14359158699654       0.104339503    
   742.28680725499862       0.104717046    
   742.43002292300071       0.105236530    
   742.57323859100279       0.105849005    
   742.71645425900488       0.106524721    
   742.85966992700696       0.107258320    
   743.00288559500905       0.108069949    
   743.14610126301113       0.109000348    
   743.28931693101322       0.110099763    
   743.43253259901530       0.111413404    
   743.57574826701739       0.112968341    
   743.71896393501947       0.114766337    
   743.86217960302156       0.116784699    
   744.00539527102364       0.118984565    
   744.14861093902573       0.121323965    
   744.29182660702782       0.123771407    
   744.43504227502990       0.126315370    
   744.57825794303199       0.128966063    
   744.72147361103407       0.131748974    
   744.86468927903616       0.134693295    
   745.00790494703824       0.137820572    
   745.15112061504033       0.141137689    
   745.29433628304241       0.144635782    
   745.43755195104450       0.148293883    
   745.58076761904658       0.152085260    
   745.72398328704867       0.155984640    
   745.86719895505075       0.159974754    
   746.01041462305284       0.164050534    
   746.15363029105492       0.168219954    
   746.29684595905701       0.172501758    
   746.44006162705909       0.176921532    
   746.58327729506118       0.181506857    
   746.72649296306327       0.186281517    
   746.86970863106535       0.191257879    
   747.01292429906744       0.196428850    
   747.15613996706952       0.201762870    
   747.29935563507161       0.207206249    
   747.44257130307369       0.212694257    
   747.58578697107578       0.218167841    
   747.72900263907786       0.223590165    
   747.87221830707995       0.228957146    
   748.01543397508203       0.234299064    
   748.15864964308412       0.239672944    
   748.30186531108620       0.245147839    
   748.44508097908829       0.250786901    
   748.58829664709037       0.256630838    
   748.73151231509246       0.262687474    
   748.87472798309454       0.268929631    
   749.01794365109663       0.275300771    
   749.16115931909872       0.281725645    
   749.30437498710080       0.288122654    
   749.44759065510289       0.294416904    
   749.59080632310497       0.300552607    
   749.73402199110706       0.306503505    
   749.87723765910914       0.312278777    
   750.02045332711123       0.317922056    
   750.16366899511331       0.323502630    
   750.30688466311540       0.329100043    
   750.45010033111748       0.334784359    
   750.59331599911957       0.340596229    
   750.73653166712165       0.346531451    
   750.87974733512374       0.352535784    
   751.02296300312582       0.358513176    
   751.16617867112791       0.364345908    
   751.30939433912999       0.369920671    
   751.45261000713208       0.375151902    
   751.59582567513417       0.379996389    
   751.73904134313625       0.384457141    
   751.88225701113834       0.388578087    
   752.02547267914042       0.392432183    
   752.16868834714251       0.396105021    
   752.31190401514459       0.399676353    
   752.45511968314668       0.403202653    
   752.59833535114876       0.406704187    
   752.74155101915085       0.410158932    
   752.88476668715293       0.413504183    
   753.02798235515502       0.416645825    
   753.17119802315710       0.419474095    
   753.31441369115919       0.421884328    
   753.45762935916127       0.423798531    
   753.60084502716336       0.425181746    
   753.74406069516544       0.426048100    
   753.88727636316753       0.426453888    
   754.03049203116962       0.426480055    
   754.17370769917170       0.426209331    
   754.31692336717379       0.425704658    
   754.46013903517587       0.424994022    
   754.60335470317796       0.424065202    
   754.74657037118004       0.422871083    
   754.88978603918213       0.421342552    
   755.03300170718421       0.419404417    
   755.17621737518630       0.416989207    
   755.31943304318838       0.414046526    
   755.46264871119047       0.410548270    
   755.60586437919255       0.406491220    
   755.74908004719464       0.401897043    
   755.89229571519672       0.396808505    
   756.03551138319881       0.391280621    
   756.17872705120089       0.385367990    
   756.32194271920298       0.379112244    
   756.46515838720507       0.372533292    
   756.60837405520715       0.365626454    
   756.75158972320924       0.358365893    
   756.89480539121132       0.350712597    
   757.03802105921341       0.342625707    
   757.18123672721549       0.334073722    
   757.32445239521758       0.325042486    
   757.46766806321966       0.315536678    
   757.61088373122175       0.305574745    
   757.75409939922383       0.295180470    
   757.89731506722592       0.284375548    
   758.04053073522800       0.273176521    
   758.18374640323009       0.261596024    
   758.32696207123217       0.249646410    
   758.47017773923426       0.237343058    
   758.61339340723634       0.224706188    
   758.75660907523843       0.211760402    
   758.89982474324052       0.198532626    
   759.04304041124260       0.185049295    
   759.18625607924469       0.171334028    
   759.32947174724677       0.157406539    
   759.47268741524886       0.143282145    
   759.61590308325094       0.128970891    
   759.75911875125303       0.114475660    
   759.90233441925511        9.97908115E-02
   760.04555008725720        8.49040449E-02
   760.18876575525928        6.98029920E-02
   760.33198142326137        5.44851013E-02
   760.47519709126345        3.89670171E-02
   760.61841275926554        2.32893918E-02
   760.76162842726762        7.51506677E-03
   760.90484409526971       -8.27914476E-03
   761.04805976327179       -2.40153484E-02
   761.19127543127388       -3.96293886E-02
   761.33449109927597       -5.50838038E-02
   761.47770676727805       -7.03745633E-02
   761.62092243528014       -8.55285078E-02
   761.76413810328222      -0.100591719    
   761.90735377128431      -0.115612909    
   762.05056943928639      -0.130627438    
   762.19378510728848      -0.145646200    
   762.33700077529056      -0.160650462    
   762.48021644329265      -0.175591931    
   762.62343211129473      -0.190396875    
   762.76664777929682      -0.204974309    
   762.90986344729890      -0.219228044    
   763.05307911530099      -0.233071476    
   763.19629478330307      -0.246442288    
   763.33951045130516      -0.259313881    
   763.48272611930724      -0.271700352    
   763.62594178730933      -0.283652753    
   763.76915745531142      -0.295246303    
   763.91237312331350      -0.306560546    
   764.05558879131559      -0.317657322    
   764.19880445931767      -0.328562975    
   764.34202012731976      -0.339259803    
   764.48523579532184      -0.349688560    
   764.62845146332393      -0.359760404    
   764.77166713132601      -0.369374245    
   764.91488279932810      -0.378435314    
   765.05809846733018      -0.386871427    
   765.20131413533227      -0.394643813    
   765.34452980333435      -0.401750743    
   765.48774547133644      -0.408223689    
   765.63096113933852      -0.414118022    
   765.77417680734061      -0.419501096    
   765.91739247534269      -0.424439549    
   766.06060814334478      -0.428986728    
   766.20382381134687      -0.433170736    
   766.34703947934895      -0.436985672    
   766.49025514735104      -0.440389574    
   766.63347081535312      -0.443311721    
   766.77668648335521      -0.445668519    
   766.91990215135729      -0.447383374    
   767.06311781935938      -0.448404610    
   767.20633348736146      -0.448716491    
   767.34954915536355      -0.448341548    
   767.49276482336563      -0.447334498    
   767.63598049136772      -0.445769787    
   767.77919615936980      -0.443725944    
   767.92241182737189      -0.441270322    
   768.06562749537397      -0.438448071    
   768.20884316337606      -0.435276866    
   768.35205883137814      -0.431747645    
   768.49527449938023      -0.427829683    
   768.63849016738232      -0.423478544    
   768.78170583538440      -0.418646336    
   768.92492150338649      -0.413292795    
   769.06813717138857      -0.407395959    
   769.21135283939066      -0.400959402    
   769.35456850739274      -0.394014210    
   769.49778417539483      -0.386614978    
   769.64099984339691      -0.378830433    
   769.78421551139900      -0.370730668    
   769.92743117940108      -0.362373888    
   770.07064684740317      -0.353795856    
   770.21386251540525      -0.345005751    
   770.35707818340734      -0.335989922    
   770.50029385140942      -0.326721758    
   770.64350951941151      -0.317173243    
   770.78672518741359      -0.307323843    
   770.92994085541568      -0.297164500    
   771.07315652341777      -0.286698043    
   771.21637219141985      -0.275938123    
   771.35958785942194      -0.264907986    
   771.50280352742402      -0.253638685    
   771.64601919542611      -0.242166370    
   771.78923486342819      -0.230528653    
   771.93245053143028      -0.218761116    
   772.07566619943236      -0.206894368    
   772.21888186743445      -0.194951743    
   772.36209753543653      -0.182947800    
   772.50531320343862      -0.170888335    
   772.64852887144070      -0.158772945    
   772.79174453944279      -0.146599576    
   772.93496020744487      -0.134369135    
   773.07817587544696      -0.122087590    
   773.22139154344904      -0.109764911    
   773.36460721145113       -9.74120647E-02
   773.50782287945322       -8.50385129E-02
   773.65103854745530       -7.26519376E-02
   773.79425421545739       -6.02602623E-02
   773.93746988345947       -4.78750505E-02
   774.08068555146156       -3.55148688E-02
   774.22390121946364       -2.32068449E-02
   774.36711688746573       -1.09849777E-02
   774.51033255546781        1.11526984E-03
   774.65354822346990        1.30644813E-02
   774.79676389147198        2.48457007E-02
   774.93997955947407        3.64568681E-02
   775.08319522747615        4.79087122E-02
   775.22641089547824        5.92199825E-02
   775.36962656348032        7.04124570E-02
   775.51284223148241        8.15067589E-02
   775.65605789948449        9.25184414E-02
   775.79927356748658       0.103453912    
   775.94248923548867       0.114306867    
   776.08570490349075       0.125056773    
   776.22892057149284       0.135670274    
   776.37213623949492       0.146105066    
   776.51535190749701       0.156315595    
   776.65856757549909       0.166260079    
   776.80178324350118       0.175908864    
   776.94499891150326       0.185252294    
   777.08821457950535       0.194305032    
   777.23143024750743       0.203103706    
   777.37464591550952       0.211697578    
   777.51786158351160       0.220135316    
   777.66107725151369       0.228452265    
   777.80429291951577       0.236661837    
   777.94750858751786       0.244752169    
   778.09072425551994       0.252687812    
   778.23393992352203       0.260415763    
   778.37715559152412       0.267874628    
   778.52037125952620       0.275005341    
   778.66358692752829       0.281761110    
   778.80680259553037       0.288114935    
   778.95001826353246       0.294064254    
   779.09323393153454       0.299632579    
   779.23644959953663       0.304867476    
   779.37966526753871       0.309833348    
   779.52288093554080       0.314598858    
   779.66609660354288       0.319221169    
   779.80931227154497       0.323732167    
   779.95252793954705       0.328130603    
   780.09574360754914       0.332382262    
   780.23895927555122       0.336426914    
   780.38217494355331       0.340190530    
   780.52539061155539       0.343600392    
   780.66860627955748       0.346600175    
   780.81182194755957       0.349161506    
   780.95503761556165       0.351288497    
   781.09825328356374       0.353014290    
   781.24146895156582       0.354391962    
   781.38468461956791       0.355483502    
   781.52790028756999       0.356349409    
   781.67111595557208       0.357038885    
   781.81433162357416       0.357580394    
   781.95754729157625       0.357973844    
   782.10076295957833       0.358187586    
   782.24397862758042       0.358162314    
   782.38719429558250       0.357822388    
   782.53040996358459       0.357091218    
   782.67362563158667       0.355907857    
   782.81684129958876       0.354241014    
   782.96005696759084       0.352097839    
   783.10327263559293       0.349524379    
   783.24648830359502       0.346596718    
   783.38970397159710       0.343404472    
   783.53291963959919       0.340031624    
   783.67613530760127       0.336540729    
   783.81935097560336       0.332963407    
   783.96256664360544       0.329297692    
   784.10578231160753       0.325510919    
   784.24899797960961       0.321547359    
   784.39221364761170       0.317339957    
   784.53542931561378       0.312824577    
   784.67864498361587       0.307953417    
   784.82186065161795       0.302704781    
   784.96507631962004       0.297087491    
   785.10829198762212       0.291140735    
   785.25150765562421       0.284929156    
   785.39472332362629       0.278532922    
   785.53793899162838       0.272032768    
   785.68115465963047       0.265493393    
   785.82437032763255       0.258950502    
   785.96758599563464       0.252406508    
   786.11080166363672       0.245835841    
   786.25401733163881       0.239196703    
   786.39723299964089       0.232444242    
   786.54044866764298       0.225542456    
   786.68366433564506       0.218473107    
   786.82688000364715       0.211240709    
   786.97009567164923       0.203872487    
   787.11331133965132       0.196413308    
   787.25652700765340       0.188917488    
   787.39974267565549       0.181440696    
   787.54295834365757       0.174033776    
   787.68617401165966       0.166737854    
   787.82938967966174       0.159579977    
   787.97260534766383       0.152569696    
   788.11582101566592       0.145698950    
   788.25903668366800       0.138946980    
   788.40225235167009       0.132289067    
   788.54546801967217       0.125705898    
   788.68868368767426       0.119190626    
   788.83189935567634       0.112752654    
   788.97511502367843       0.106418155    
   789.11833069168051       0.100227214    
   789.26154635968260        9.42275226E-02
   789.40476202768468        8.84660929E-02
   789.54797769568677        8.29824731E-02
   789.69119336368885        7.78065845E-02
   789.83440903169094        7.29609802E-02
   789.97762469969302        6.84643015E-02
   790.12084036769511        6.43323809E-02
   790.26405603569719        6.05766252E-02
   790.40727170369928        5.72022684E-02
   790.55048737170137        5.42088076E-02
   790.69370303970345        5.15925847E-02
   790.83691870770554        4.93495725E-02
   790.98013437570762        4.74772155E-02
   791.12335004370971        4.59758304E-02
   791.26656571171179        4.48502973E-02
   791.40978137971388        4.41114008E-02
   791.55299704771596        4.37752865E-02
   791.69621271571805        4.38609608E-02
   791.83942838372013        4.43877988E-02
   791.98264405172222        4.53752168E-02
   792.12585971972430        4.68440242E-02
   792.26907538772639        4.88166921E-02
   792.41229105572847        5.13141304E-02
   792.55550672373056        5.43497391E-02
   792.69872239173264        5.79239130E-02
   792.84193805973473        6.20219149E-02
   792.98515372773682        6.66157529E-02
   793.12836939573890        7.16692209E-02
   793.27158506374099        7.71453306E-02
   793.41480073174307        8.30153003E-02
   793.55801639974516        8.92670751E-02
   793.70123206774724        9.59095135E-02
   793.84444773574933       0.102969542    
   793.98766340375141       0.110482976    
   794.13087907175350       0.118483379    
   794.27409473975558       0.126993343    
   794.41731040775767       0.136019424    
   794.56052607575975       0.145549223    
   794.70374174376184       0.155549645    
   794.84695741176392       0.165967569    
   794.99017307976601       0.176735431    
   795.13338874776809       0.187781572    
   795.27660441577018       0.199042633    
   795.41982008377227       0.210474133    
   795.56303575177435       0.222057179    
   795.70625141977644       0.233800992    
   795.84946708777852       0.245740324    
   795.99268275578061       0.257926404    
   796.13589842378269       0.270411223    
   796.27911409178478       0.283228695    
   796.42232975978686       0.296379745    
   796.56554542778895       0.309826791    
   796.70876109579103       0.323498666    
   796.85197676379312       0.337302834    
   796.99519243179520       0.351140499    
   797.13840809979729       0.364921391    
   797.28162376779937       0.378576666    
   797.42483943580146       0.392067164    
   797.56805510380354       0.405385137    
   797.71127077180563       0.418549150    
   797.85448643980772       0.431594223    
   797.99770210780980       0.444560915    
   798.14091777581189       0.457484394    
   798.28413344381397       0.470383406    
   798.42734911181606       0.483249485    
   798.57056477981814       0.496039867    
   798.71378044782023       0.508678377    
   798.85699611582231       0.521066368    
   799.00021178382440       0.533100128    
   799.14342745182648       0.544689000    
   799.28664311982857       0.555769324    
   799.42985878783065       0.566311955    
   799.57307445583274       0.576323211    
   799.71629012383482       0.585838258    
   799.85950579183691       0.594907343    
   800.00272145983899       0.603578091    
   800.14593712784108       0.611879110    
   800.28915279584317       0.619811475    
   800.43236846384525       0.627348304    
   800.57558413184734       0.634439647    
   800.71879979984942       0.641019106    
   800.86201546785151       0.647010982    
   801.00523113585359       0.652339458    
   801.14844680385568       0.656939983    
   801.29166247185776       0.660769880    
   801.43487813985985       0.663814545    
   801.57809380786193       0.666087806    
   801.72130947586402       0.667626143    
   801.86452514386610       0.668479502    
   802.00774081186819       0.668699324    
   802.15095647987027       0.668325603    
   802.29417214787236       0.667376280    
   802.43738781587444       0.665843129    
   802.58060348387653       0.663695991    
   802.72381915187862       0.660893023    
   802.86703481988070       0.657391310    
   803.01025048788279       0.653154373    
   803.15346615588487       0.648155749    
   803.29668182388696       0.642381072    
   803.43989749188904       0.635829270    
   803.58311315989113       0.628512323    
   803.72632882789321       0.620453000    
   803.86954449589530       0.611681640    
   804.01276016389738       0.602233171    
   804.15597583189947       0.592145443    
   804.29919149990155       0.581455946    
   804.44240716790364       0.570195854    
   804.58562283590572       0.558383524    
   804.72883850390781       0.546021521    
   804.87205417190989       0.533100069    
   805.01526983991198       0.519604683    
   805.15848550791407       0.505523384    
   805.30170117591615       0.490849972    
   805.44491684391824       0.475584149    
   805.58813251192032       0.459731370    
   805.73134817992241       0.443303764    
   805.87456384792449       0.426321656    
   806.01777951592658       0.408814311    
   806.16099518392866       0.390820026    
   806.30421085193075       0.372385919    
   806.44742651993283       0.353566855    
   806.59064218793492       0.334420890    
   806.73385785593700       0.315000951    
   806.87707352393909       0.295345217    
   807.02028919194117       0.275471240    
   807.16350485994326       0.255376756    
   807.30672052794534       0.235045910    
   807.44993619594743       0.214457855    
   807.59315186394952       0.193594784    
   807.73636753195160       0.172448874    
   807.87958319995369       0.151028171    
   808.02279886795577       0.129360184    
   808.16601453595786       0.107491583    
   808.30923020395994        8.54841173E-02
   808.45244587196203        6.34089559E-02
   808.59566153996411        4.13410887E-02
   808.73887720796620        1.93531103E-02
   808.88209287596828       -2.49368278E-03
   809.02530854397037       -2.41605192E-02
   809.16852421197245       -4.56402563E-02
   809.31173987997454       -6.69584721E-02
   809.45495554797662       -8.81641954E-02
   809.59817121597871      -0.109313309    
   809.74138688398079      -0.130450666    
   809.88460255198288      -0.151595771    
   810.02781821998497      -0.172734082    
   810.17103388798705      -0.193814620    
   810.31424955598914      -0.214755237    
   810.45746522399122      -0.235455483    
   810.60068089199331      -0.255814612    
   810.74389655999539      -0.275749087    
   810.88711222799748      -0.295204610    
   811.03032789599956      -0.314160883    
   811.17354356400165      -0.332630903    
   811.31675923200373      -0.350656271    
   811.45997490000582      -0.368298203    
   811.60319056800790      -0.385623395    
   811.74640623600999      -0.402686566    
   811.88962190401207      -0.419513881    
   812.03283757201416      -0.436093062    
   812.17605324001624      -0.452372342    
   812.31926890801833      -0.468268543    
   812.46248457602042      -0.483681977    
   812.60570024402250      -0.498516172    
   812.74891591202459      -0.512698233    
   812.89213158002667      -0.526194394    
   813.03534724802876      -0.539014637    
   813.17856291603084      -0.551205039    
   813.32177858403293      -0.562831402    
   813.46499425203501      -0.573961258    
   813.60820992003710      -0.584649146    
   813.75142558803918      -0.594926775    
   813.89464125604127      -0.604797244    
   814.03785692404335      -0.614233673    
   814.18107259204544      -0.623183727    
   814.32428826004752      -0.631580353    
   814.46750392804961      -0.639355600    
   814.61071959605169      -0.646453738    
   814.75393526405378      -0.652840197    
   814.89715093205587      -0.658506513    
   815.04036660005795      -0.663471580    
   815.18358226806004      -0.667778194    
   815.32679793606212      -0.671483397    
   815.47001360406421      -0.674643219    
   815.61322927206629      -0.677297115    
   815.75644494006838      -0.679458201    
   815.89966060807046      -0.681112826    
   816.04287627607255      -0.682227910    
   816.18609194407463      -0.682761610    
   816.32930761207672      -0.682673633    
   816.47252328007880      -0.681933522    
   816.61573894808089      -0.680525482    
   816.75895461608297      -0.678448737    
   816.90217028408506      -0.675713897    
   817.04538595208714      -0.672336876    
   817.18860162008923      -0.668333948    
   817.33181728809132      -0.663720131    
   817.47503295609340      -0.658509672    
   817.61824862409549      -0.652715981    
   817.76146429209757      -0.646349728    
   817.90467996009966      -0.639417470    
   818.04789562810174      -0.631922901    
   818.19111129610383      -0.623870373    
   818.33432696410591      -0.615268826    
   818.47754263210800      -0.606132686    
   818.62075830011008      -0.596480191    
   818.76397396811217      -0.586330593    
   818.90718963611425      -0.575700879    
   819.05040530411634      -0.564602375    
   819.19362097211842      -0.553036928    
   819.33683664012051      -0.540994644    
   819.48005230812259      -0.528457224    
   819.62326797612468      -0.515406907    
   819.76648364412677      -0.501837075    
   819.90969931212885      -0.487759084    
   820.05291498013094      -0.473202348    
   820.19613064813302      -0.458208382    
   820.33934631613511      -0.442822635    
   820.48256198413719      -0.427087039    
   820.62577765213928      -0.411033452    
   820.76899332014136      -0.394678593    
   820.91220898814345      -0.378021747    
   821.05542465614553      -0.361047000    
   821.19864032414762      -0.343729854    
   821.34185599214970      -0.326045960    
   821.48507166015179      -0.307979167    
   821.62828732815387      -0.289528191    
   821.77150299615596      -0.270711869    
   821.91471866415804      -0.251572460    
   822.05793433216013      -0.232174248    
   822.20115000016222      -0.212595314    
   822.34436566816430      -0.192913532    
   822.48758133616639      -0.173191279    
   822.63079700416847      -0.153463989    
   822.77401267217056      -0.133735493    
   822.91722834017264      -0.113980308    
   823.06044400817473       -9.41520855E-02
   823.20365967617681       -7.41975605E-02
   823.34687534417890       -5.40738404E-02
   823.49009101218098       -3.37645039E-02
   823.63330668018307       -1.32888854E-02
   823.77652234818515        7.29846954E-03
   823.91973801618724        2.79166345E-02
   824.06295368418932        4.84709330E-02
   824.20616935219141        6.88658953E-02
   824.34938502019349        8.90177041E-02
   824.49260068819558       0.108866207    
   824.63581635619767       0.128384411    
   824.77903202419975       0.147581756    
   824.92224769220184       0.166498333    
   825.06546336020392       0.185191169    
   825.20867902820601       0.203716755    
   825.35189469620809       0.222114369    
   825.49511036421018       0.240392864    
   825.63832603221226       0.258522809    
   825.78154170021435       0.276436329    
   825.92475736821643       0.294036359    
   826.06797303621852       0.311214656    
   826.21118870422060       0.327873021    
   826.35440437222269       0.343941331    
   826.49762004022477       0.359387338    
   826.64083570822686       0.374217629    
   826.78405137622894       0.388471514    
   826.92726704423103       0.402209401    
   827.07048271223312       0.415497094    
   827.21369838023520       0.428388447    
   827.35691404823729       0.440910637    
   827.50012971623937       0.453056127    
   827.64334538424146       0.464782894    
   827.78656105224354       0.476021141    
   827.92977672024563       0.486684322    
   828.07299238824771       0.496682882    
   828.21620805624980       0.505940259    
   828.35942372425188       0.514408171    
   828.50263939225397       0.522075832    
   828.64585506025605       0.528969705    
   828.78907072825814       0.535142779    
   828.93228639626022       0.540658712    
   829.07550206426231       0.545576155    
   829.21871773226439       0.549936771    
   829.36193340026648       0.553757846    
   829.50514906826857       0.557029784    
   829.64836473627065       0.559719145    
   829.79158040427274       0.561778486    
   829.93479607227482       0.563159168    
   830.07801174027691       0.563823342    
   830.22122740827899       0.563750684    
   830.36444307628108       0.562939584    
   830.50765874428316       0.561405301    
   830.65087441228525       0.559177220    
   830.79409008028733       0.556294203    
   830.93730574828942       0.552798331    
   831.08052141629150       0.548727095    
   831.22373708429359       0.544107974    
   831.36695275229567       0.538956940    
   831.51016842029776       0.533280909    
   831.65338408829984       0.527081370    
   831.79659975630193       0.520357668    
   831.93981542430402       0.513110280    
   832.08303109230610       0.505344033    
   832.22624676030819       0.497070551    
   832.36946242831027       0.488307446    
   832.51267809631236       0.479074657    
   832.65589376431444       0.469390482    
   832.79910943231653       0.459270626    
   832.94232510031861       0.448731095    
   833.08554076832070       0.437792242    
   833.22875643632278       0.426480979    
   833.37197210432487       0.414830416    
   833.51518777232695       0.402879000    
   833.65840344032904       0.390669644    
   833.80161910833112       0.378248125    
   833.94483477633321       0.365658790    
   834.08805044433529       0.352938622    
   834.23126611233738       0.340112597    
   834.37448178033947       0.327193499    
   834.51769744834155       0.314185590    
   834.66091311634364       0.301089227    
   834.80412878434572       0.287904561    
   834.94734445234781       0.274634957    
   835.09056012034989       0.261291564    
   835.23377578835198       0.247898281    
   835.37699145635406       0.234494552    
   835.52020712435615       0.221133173    
   835.66342279235823       0.207873866    
   835.80663846036032       0.194775730    
   835.94985412836240       0.181890652    
   836.09306979636449       0.169257924    
   836.23628546436657       0.156899825    
   836.37950113236866       0.144819200    
   836.52271680037074       0.133001670    
   836.66593246837283       0.121423289    
   836.80914813637492       0.110061131    
   836.95236380437700        9.89027396E-02
   837.09557947237909        8.79519284E-02
   837.23879514038117        7.72314146E-02
   837.38201080838326        6.67832494E-02
   837.52522647638534        5.66663444E-02
   837.66844214438743        4.69493419E-02
   837.81165781238951        3.76991071E-02
   837.95487348039160        2.89685484E-02
   838.09808914839368        2.07885057E-02
   838.24130481639577        1.31657245E-02
   838.38452048439785        6.08523702E-03
   838.52773615239994       -4.85271012E-04
   838.67095182040202       -6.58945413E-03
   838.81416748840411       -1.22733908E-02
   838.95738315640619       -1.75740886E-02
   839.10059882440828       -2.25089062E-02
   839.24381449241037       -2.70702224E-02
   839.38703016041245       -3.12269237E-02
   839.53024582841454       -3.49305980E-02
   839.67346149641662       -3.81235294E-02
   839.81667716441871       -4.07475792E-02
   839.95989283242079       -4.27544080E-02
   840.10310850042288       -4.41160575E-02
   840.24632416842496       -4.48322669E-02
   840.38953983642705       -4.49308343E-02
   840.53275550442913       -4.44605611E-02
   840.67597117243122       -4.34801243E-02
   840.81918684043330       -4.20467854E-02
   840.96240250843539       -4.02067639E-02
   841.10561817643747       -3.79874371E-02
   841.24883384443956       -3.53923887E-02
   841.39204951244164       -3.24016735E-02
   841.53526518044373       -2.89787538E-02
   841.67848084844582       -2.50820108E-02
   841.82169651644790       -2.06762739E-02
   841.96491218444999       -1.57408882E-02
   842.10812785245207       -1.02742091E-02
   842.25134352045416       -4.29599686E-03
   842.39455918845624        2.15241639E-03
   842.53777485645833        9.01241135E-03
   842.68099052446041        1.62180718E-02
   842.82420619246250        2.37092245E-02
   842.96742186046458        3.14422846E-02
   843.11063752846667        3.93950976E-02
   843.25385319646875        4.75661457E-02
   843.39706886447084        5.59707358E-02
   843.54028453247292        6.46355897E-02
   843.68350020047501        7.35910982E-02
   843.82671586847709        8.28612149E-02
   843.96993153647918        9.24537554E-02
   844.11314720448127       0.102355599    
   844.25636287248335       0.112534672    
   844.39957854048544       0.122946300    
   844.54279420848752       0.133539841    
   844.68600987648961       0.144263685    
   844.82922554449169       0.155069605    
   844.97244121249378       0.165918022    
   845.11565688049586       0.176782861    
   845.25887254849795       0.187653184    
   845.40208821650003       0.198530480    
   845.54530388450212       0.209423289    
   845.68851955250420       0.220342115    
   845.83173522050629       0.231295377    
   845.97495088850837       0.242285356    
   846.11816655651046       0.253304034    
   846.26138222451254       0.264330775    
   846.40459789251463       0.275334626    
   846.54781356051672       0.286280245    
   846.69102922851880       0.297133863    
   846.83424489652089       0.307865918    
   846.97746056452297       0.318450421    
   847.12067623252506       0.328864455    
   847.26389190052714       0.339089692    
   847.40710756852923       0.349114865    
   847.55032323653131       0.358936280    
   847.69353890453340       0.368555814    
   847.83675457253548       0.377978623    
   847.97997024053757       0.387212336    
   848.12318590853965       0.396266341    
   848.26640157654174       0.405148655    
   848.40961724454382       0.413859755    
   848.55283291254591       0.422386676    
   848.69604858054799       0.430701762    
   848.83926424855008       0.438766778    
   848.98247991655217       0.446538806    
   849.12569558455425       0.453974932    
   849.26891125255634       0.461034954    
   849.41212692055842       0.467684686    
   849.55534258856051       0.473900825    
   849.69855825656259       0.479675621    
   849.84177392456468       0.485018194    
   849.98498959256676       0.489951819    
   850.12820526056885       0.494508862    
   850.27142092857093       0.498724937    
   850.41463659657302       0.502632022    
   850.55785226457510       0.506249726    
   850.70106793257719       0.509576738    
   850.84428360057927       0.512586653    
   850.98749926858136       0.515231490    
   851.13071493658344       0.517451644    
   851.27393060458553       0.519188046    
   851.41714627258762       0.520392060    
   851.56036194058970       0.521032512    
   851.70357760859179       0.521100998    
   851.84679327659387       0.520614207    
   851.99000894459596       0.519611299    
   852.13322461259804       0.518144727    
   852.27644028060013       0.516267657    
   852.41965594860221       0.514022648    
   852.56287161660430       0.511434197    
   852.70608728460638       0.508504331    
   852.84930295260847       0.505209506    
   852.99251862061055       0.501500428    
   853.13573428861264       0.497307777    
   853.27894995661472       0.492556274    
   853.42216562461681       0.487182945    
   853.56538129261889       0.481152892    
   853.70859696062098       0.474467218    
   853.85181262862307       0.467162013    
   853.99502829662515       0.459301114    
   854.13824396462724       0.450964242    
   854.28145963262932       0.442231715    
   854.42467530063141       0.433167338    
   854.56789096863349       0.423804015    
   854.71110663663558       0.414137006    
   854.85432230463766       0.404126585    
   854.99753797263975       0.393707186    
   855.14075364064183       0.382799417    
   855.28396930864392       0.371323377    
   855.42718497664600       0.359213382    
   855.57040064464809       0.346432567    
   855.71361631265017       0.332983732    
   855.85683198065226       0.318911284    
   856.00004764865434       0.304293096    
   856.14326331665643       0.289225578    
   856.28647898465852       0.273805797    
   856.42969465266060       0.258113921    
   856.57291032066269       0.242198050    
   856.71612598866477       0.226064369    
   856.85934165666686       0.209677309    
   857.00255732466894       0.192971706    
   857.14577299267103       0.175873205    
   857.28898866067311       0.158319071    
   857.43220432867520       0.140272468    
   857.57541999667728       0.121728711    
   857.71863566467937       0.102715656    
   857.86185133268145        8.32905099E-02
   858.00506700068354        6.35322705E-02
   858.14828266868562        4.35290150E-02
   858.29149833668771        2.33621448E-02
   858.43471400468979        3.09266476E-03
   858.57792967269188       -1.72462426E-02
   858.72114534069397       -3.76498848E-02
   858.86436100869605       -5.81380911E-02
   859.00757667669814       -7.87480325E-02
   859.15079234470022       -9.95234475E-02
   859.29400801270231      -0.120500669    
   859.43722368070439      -0.141695023    
   859.58043934870648      -0.163093045    
   859.72365501670856      -0.184653699    
   859.86687068471065      -0.206316859    
   860.01008635271273      -0.228014037    
   860.15330202071482      -0.249677673    
   860.29651768871690      -0.271248102    
   860.43973335671899      -0.292678118    
   860.58294902472107      -0.313934743    
   860.72616469272316      -0.334996969    
   860.86938036072524      -0.355850846    
   861.01259602872733      -0.376485109    
   861.15581169672942      -0.396890044    
   861.29902736473150      -0.417058706    
   861.44224303273359      -0.436986744    
   861.58545870073567      -0.456668705    
   861.72867436873776      -0.476093173    
   861.87189003673984      -0.495240510    
   862.01510570474193      -0.514084697    
   862.15832137274401      -0.532596529    
   862.30153704074610      -0.550744951    
   862.44475270874818      -0.568495452    
   862.58796837675027      -0.585808575    
   862.73118404475235      -0.602640510    
   862.87439971275444      -0.618945777    
   863.01761538075652      -0.634679854    
   863.16083104875861      -0.649801075    
   863.30404671676069      -0.664274037    
   863.44726238476278      -0.678075135    
   863.59047805276487      -0.691198230    
   863.73369372076695      -0.703654945    
   863.87690938876904      -0.715468287    
   864.02012505677112      -0.726660609    
   864.16334072477321      -0.737242222    
   864.30655639277529      -0.747204840    
   864.44977206077738      -0.756519496    
   864.59298772877946      -0.765138745    
   864.73620339678155      -0.773002207    
   864.87941906478363      -0.780045271    
   865.02263473278572      -0.786210239    
   865.16585040078780      -0.791456282    
   865.30906606878989      -0.795764744    
   865.45228173679197      -0.799140215    
   865.59549740479406      -0.801608562    
   865.73871307279614      -0.803213239    
   865.88192874079823      -0.804008961    
   866.02514440880032      -0.804050088    
   866.16836007680240      -0.803375840    
   866.31157574480449      -0.801997006    
   866.45479141280657      -0.799890578    
   866.59800708080866      -0.797003448    
   866.74122274881074      -0.793263435    
   866.88443841681283      -0.788593829    
   867.02765408481491      -0.782929122    
   867.17086975281700      -0.776230514    
   867.31408542081908      -0.768497646    
   867.45730108882117      -0.759771705    
   867.60051675682325      -0.750127554    
   867.74373242482534      -0.739657640    
   867.88694809282742      -0.728453517    
   868.03016376082951      -0.716591239    
   868.17337942883159      -0.704121530    
   868.31659509683368      -0.691063702    
   868.45981076483577      -0.677403212    
   868.60302643283785      -0.663094819    
   868.74624210083994      -0.648074210    
   868.88945776884202      -0.632275164    
   869.03267343684411      -0.615648627    
   869.17588910484619      -0.598178089    
   869.31910477284828      -0.579888463    
   869.46232044085036      -0.560847044    
   869.60553610885245      -0.541155875    
   869.74875177685453      -0.520935595    
   869.89196744485662      -0.500302613    
   870.03518311285870      -0.479346871    
   870.17839878086079      -0.458117336    
   870.32161444886287      -0.436618865    
   870.46483011686496      -0.414819628    
   870.60804578486704      -0.392664790    
   870.75126145286913      -0.370093077    
   870.89447712087122      -0.347054094    
   871.03769278887330      -0.323524386    
   871.18090845687539      -0.299518168    
   871.32412412487747      -0.275089473    
   871.46733979287956      -0.250325114    
   871.61055546088164      -0.225332081    
   871.75377112888373      -0.200222835    
   871.89698679688581      -0.175100714    
   872.04020246488790      -0.150045559    
   872.18341813288998      -0.125101551    
   872.32663380089207      -0.100271694    
   872.46984946889415       -7.55233467E-02
   872.61306513689624       -5.08044921E-02
   872.75628080489832       -2.60652266E-02
   872.89949647290041       -1.27673824E-03
   873.04271214090249        2.35570613E-02
   873.18592780890458        4.83962931E-02
   873.32914347690667        7.31693059E-02
   873.47235914490875        9.77832824E-02
   873.61557481291084       0.122139648    
   873.75879048091292       0.146150663    
   873.90200614891501       0.169752002    
   874.04522181691709       0.192907825    
   874.18843748491918       0.215608656    
   874.33165315292126       0.237865299    
   874.47486882092335       0.259701252    
   874.61808448892543       0.281144232    
   874.76130015692752       0.302216202    
   874.90451582492960       0.322923601    
   875.04773149293169       0.343251348    
   875.19094716093377       0.363163054    
   875.33416282893586       0.382607013    
   875.47737849693794       0.401525199    
   875.62059416494003       0.419862509    
   875.76380983294212       0.437575340    
   875.90702550094420       0.454637885    
   876.05024116894629       0.471044272    
   876.19345683694837       0.486804098    
   876.33667250495046       0.501932085    
   876.47988817295254       0.516437054    
   876.62310384095463       0.530315578    
   876.76631950895671       0.543553114    
   876.90953517695880       0.556130052    
   877.05275084496088       0.568028092    
   877.19596651296297       0.579234302    
   877.33918218096505       0.589743376    
   877.48239784896714       0.599558353    
   877.62561351696922       0.608689427    
   877.76882918497131       0.617149770    
   877.91204485297339       0.624949038    
   878.05526052097548       0.632087886    
   878.19847618897757       0.638556004    
   878.34169185697965       0.644334018    
   878.48490752498174       0.649396896    
   878.62812319298382       0.653717875    
   878.77133886098591       0.657273233    
   878.91455452898799       0.660049140    
   879.05777019699008       0.662049472    
   879.20098586499216       0.663300812    
   879.34420153299425       0.663850963    
   879.48741720099633       0.663760662    
   879.63063286899842       0.663091242    
   879.77384853700050       0.661891341    
   879.91706420500259       0.660185754    
   880.06027987300467       0.657968402    
   880.20349554100676       0.655201793    
   880.34671120900884       0.651825845    
   880.48992687701093       0.647774220    
   880.63314254501302       0.642993391    
   880.77635821301510       0.637457311    
   880.91957388101719       0.631174564    
   881.06278954901927       0.624187410    
   881.20600521702136       0.616566181    
   881.34922088502344       0.608399808    
   881.49243655302553       0.599782407    
   881.63565222102761       0.590797186    
   881.77886788902970       0.581500471    
   881.92208355703178       0.571911216    
   882.06529922503387       0.562009037    
   882.20851489303595       0.551740706    
   882.35173056103804       0.541032732    
   882.49494622904012       0.529808521    
   882.63816189704221       0.518008113    
   882.78137756504429       0.505607545    
   882.92459323304638       0.492631197    
   883.06780890104847       0.479152113    
   883.21102456905055       0.465278894    
   883.35424023705264       0.451133311    
   883.49745590505472       0.436826289    
   883.64067157305681       0.422437936    
   883.78388724105889       0.408005118    
   883.92710290906098       0.393518090    
   884.07031857706306       0.378927201    
   884.21353424506515       0.364158809    
   884.35674991306723       0.349136472    
   884.49996558106932       0.333801657    
   884.64318124907140       0.318128973    
   884.78639691707349       0.302133709    
   884.92961258507557       0.285872549    
   885.07282825307766       0.269437551    
   885.21604392107974       0.252942592    
   885.35925958908183       0.236502960    
   885.50247525708392       0.220212251    
   885.64569092508600       0.204123557    
   885.78890659308809       0.188241437    
   885.93212226109017       0.172526196    
   886.07533792909226       0.156908125    
   886.21855359709434       0.141307279    
   886.36176926509643       0.125655130    
   886.50498493309851       0.109914087    
   886.64820060110060        9.40901861E-02
   886.79141626910268        7.82341957E-02
   886.93463193710477        6.24304824E-02
   887.07784760510685        4.67780195E-02
   887.22106327310894        3.13708559E-02
   887.36427894111102        1.62836351E-02
   887.50749460911311        1.56361877E-03
   887.65071027711519       -1.27718737E-02
   887.79392594511728       -2.67333202E-02
   887.93714161311937       -4.03517336E-02
   888.08035728112145       -5.36666662E-02
   888.22357294912354       -6.67122826E-02
   888.36678861712562       -7.95057192E-02
   888.51000428512771       -9.20405835E-02
   888.65321995312979      -0.104286045    
   888.79643562113188      -0.116190910    
   888.93965128913396      -0.127692342    
   889.08286695713605      -0.138728634    
   889.22608262513813      -0.149253130    
   889.36929829314022      -0.159243956    
   889.51251396114230      -0.168704912    
   889.65572962914439      -0.177657038    
   889.79894529714647      -0.186125487    
   889.94216096514856      -0.194127232    
   890.08537663315064      -0.201663360    
   890.22859230115273      -0.208716422    
   890.37180796915482      -0.215252727    
   890.51502363715690      -0.221229404    
   890.65823930515899      -0.226605356    
   890.80145497316107      -0.231352493    
   890.94467064116316      -0.235462308    
   891.08788630916524      -0.238944933    
   891.23110197716733      -0.241822317    
   891.37431764516941      -0.244119912    
   891.51753331317150      -0.245859921    
   891.66074898117358      -0.247055978    
   891.80396464917567      -0.247707963    
   891.94718031717775      -0.247797772    
   892.09039598517984      -0.247289121    
   892.23361165318192      -0.246133968    
   892.37682732118401      -0.244284585    
   892.52004298918609      -0.241707057    
   892.66325865718818      -0.238391995    
   892.80647432519027      -0.234359995    
   892.94968999319235      -0.229660705    
   893.09290566119444      -0.224364683    
   893.23612132919652      -0.218547896    
   893.37933699719861      -0.212272003    
   893.52255266520069      -0.205566972    
   893.66576833320278      -0.198422760    
   893.80898400120486      -0.190793157    
   893.95219966920695      -0.182609290    
   894.09541533720903      -0.173797816    
   894.23863100521112      -0.164299279    
   894.38184667321320      -0.154084086    
   894.52506234121529      -0.143163234    
   894.66827800921737      -0.131590739    
   894.81149367721946      -0.119455710    
   894.95470934522154      -0.106866181    
   895.09792501322363       -9.39295888E-02
   895.24114068122572       -8.07350278E-02
   895.38435634922780       -6.73395470E-02
   895.52757201722989       -5.37590645E-02
   895.67078768523197       -3.99655513E-02
   895.81400335323406       -2.58937981E-02
   895.95721902123614       -1.14596309E-02
   896.10043468923823        3.41381528E-03
   896.24365035724031        1.87700596E-02
   896.38686602524240        3.46021540E-02
   896.53008169324448        5.08488677E-02
   896.67329736124657        6.74035102E-02
   896.81651302924865        8.41322392E-02
   896.95972869725074       0.100898243    
   897.10294436525282       0.117587417    
   897.24616003325491       0.134129316    
   897.38937570125699       0.150506973    
   897.53259136925908       0.166752771    
   897.67580703726117       0.182932764    
   897.81902270526325       0.199125633    
   897.96223837326534       0.215401500    
   898.10545404126742       0.231803328    
   898.24866970926951       0.248332307    
   898.39188537727159       0.264940053    
   898.53510104527368       0.281530768    
   898.67831671327576       0.297974795    
   898.82153238127785       0.314130217    
   898.96474804927993       0.329867095    
   899.10796371728202       0.345088840    
   899.25117938528410       0.359747112    
   899.39439505328619       0.373847365    
   899.53761072128827       0.387442321    
   899.68082638929036       0.400612295    
   899.82404205729244       0.413437396    
   899.96725772529453       0.425970167    
   900.11047339329662       0.438218325    
   900.25368906129870       0.450141549    
   900.39690472930079       0.461659849    
   900.54012039730287       0.472668648    
   900.68333606530496       0.483056784    
   900.82655173330704       0.492725074    
   900.96976740130913       0.501602888    
   901.11298306931121       0.509658456    
   901.25619873731330       0.516899526    
   901.39941440531538       0.523364961    
   901.54263007331747       0.529111147    
   901.68584574131955       0.534197330    
   901.82906140932164       0.538671851    
   901.97227707732372       0.542559505    
   902.11549274532581       0.545851946    
   902.25870841332789       0.548505664    
   902.40192408132998       0.550450444    
   902.54513974933207       0.551606774    
   902.68835541733415       0.551905394    
   902.83157108533624       0.551302791    
   902.97478675333832       0.549788117    
   903.11800242134041       0.547381938    
   903.26121808934249       0.544127464    
   903.40443375734458       0.540076852    
   903.54764942534666       0.535275638    
   903.69086509334875       0.529750586    
   903.83408076135083       0.523506343    
   903.97729642935292       0.516530395    
   904.12051209735500       0.508803010    
   904.26372776535709       0.500306249    
   904.40694343335917       0.491029561    
   904.55015910136126       0.480972975    
   904.69337476936334       0.470149755    
   904.83659043736543       0.458587140    
   904.97980610536752       0.446323156    
   905.12302177336960       0.433398694    
   905.26623744137169       0.419848263    
   905.40945310937377       0.405693173    
   905.55266877737586       0.390939087    
   905.69588444537794       0.375577420    
   905.83910011338003       0.359589517    
   905.98231578138211       0.342954725    
   906.12553144938420       0.325662524    
   906.26874711738628       0.307725906    
   906.41196278538837       0.289189368    
   906.55517845339045       0.270125955    
   906.69839412139254       0.250623643    
   906.84160978939462       0.230766803    
   906.98482545739671       0.210619837    
   907.12804112539879       0.190217644    
   907.27125679340088       0.169563606    
   907.41447246140297       0.148634776    
   907.55768812940505       0.127393484    
   907.70090379740714       0.105803400    
   907.84411946540922        8.38455483E-02
   907.98733513341131        6.15292378E-02
   908.13055080141339        3.88953947E-02
   908.27376646941548        1.60135571E-02
   908.41698213741756       -7.02485023E-03
   908.56019780541965       -3.01161520E-02
   908.70341347342173       -5.31579256E-02
   908.84662914142382       -7.60658756E-02
   908.98984480942590       -9.87897962E-02
   909.13306047742799      -0.121322356    
   909.27627614543007      -0.143696696    
   909.41949181343216      -0.165973604    
   909.56270748143424      -0.188222200    
   909.70592314943633      -0.210498273    
   909.84913881743842      -0.232823983    
   909.99235448544050      -0.255173564    
   910.13557015344259      -0.277470380    
   910.27878582144467      -0.299598455    
   910.42200148944676      -0.321425796    
   910.56521715744884      -0.342831075    
   910.70843282545093      -0.363724709    
   910.85164849345301      -0.384059846    
   910.99486416145510      -0.403834134    
   911.13807982945718      -0.423084944    
   911.28129549745927      -0.441878736    
   911.42451116546135      -0.460294515    
   911.56772683346344      -0.478403449    
   911.71094250146552      -0.496249080    
   911.85415816946761      -0.513833761    
   911.99737383746969      -0.531113803    
   912.14058950547178      -0.548003733    
   912.28380517347387      -0.564388394    
   912.42702084147595      -0.580142796    
   912.57023650947804      -0.595156908    
   912.71345217748012      -0.609359920    
   912.85666784548221      -0.622735143    
   912.99988351348429      -0.635320663    
   913.14309918148638      -0.647195160    
   913.28631484948846      -0.658455551    
   913.42953051749055      -0.669192672    
   913.57274618549263      -0.679470420    
   913.71596185349472      -0.689311862    
   913.85917752149680      -0.698693991    
   914.00239318949889      -0.707553864    
   914.14560885750097      -0.715803802    
   914.28882452550306      -0.723350644    
   914.43204019350514      -0.730113626    
   914.57525586150723      -0.736036897    
   914.71847152950932      -0.741097808    
   914.86168719751140      -0.745311201    
   915.00490286551349      -0.748728096    
   915.14811853351557      -0.751425982    
   915.29133420151766      -0.753490090    
   915.43454986951974      -0.754991412    
   915.57776553752183      -0.755968571    
   915.72098120552391      -0.756420016    
   915.86419687352600      -0.756306827    
   916.00741254152808      -0.755564034    
   916.15062820953017      -0.754117489    
   916.29384387753225      -0.751902938    
   916.43705954553434      -0.748882949    
   916.58027521353642      -0.745056748    
   916.72349088153851      -0.740458488    
   916.86670654954060      -0.735146284    
   917.00992221754268      -0.729187131    
   917.15313788554477      -0.722643554    
   917.29635355354685      -0.715565026    
   917.43956922154894      -0.707982719    
   917.58278488955102      -0.699906468    
   917.72600055755311      -0.691325128    
   917.86921622555519      -0.682211161    
   918.01243189355728      -0.672529519    
   918.15564756155936      -0.662248075    
   918.29886322956145      -0.651346505    
   918.44207889756353      -0.639822900    
   918.58529456556562      -0.627697051    
   918.72851023356770      -0.615008771    
   918.87172590156979      -0.601810277    
   919.01494156957187      -0.588152766    
   919.15815723757396      -0.574072480    
   919.30137290557605      -0.559582829    
   919.44458857357813      -0.544676602    
   919.58780424158022      -0.529335916    
   919.73101990958230      -0.513544798    
   919.87423557758439      -0.497298628    
   920.01745124558647      -0.480608761    
   920.16066691358856      -0.463502616    
   920.30388258159064      -0.446019441    
   920.44709824959273      -0.428201944    
   920.59031391759481      -0.410086244    
   920.73352958559690      -0.391693860    
   920.87674525359898      -0.373029828    
   921.01996092160107      -0.354086518    
   921.16317658960315      -0.334850341    
   921.30639225760524      -0.315307528    
   921.44960792560732      -0.295448750    
   921.59282359360941      -0.275274068    
   921.73603926161150      -0.254798979    
   921.87925492961358      -0.234058961    
   922.02247059761567      -0.213108853    
   922.16568626561775      -0.192015648    
   922.30890193361984      -0.170846552    
   922.45211760162192      -0.149656132    
   922.59533326962401      -0.128475755    
   922.73854893762609      -0.107307918    
   922.88176460562818       -8.61274898E-02
   923.02498027363026       -6.48915321E-02
   923.16819594163235       -4.35562953E-02
   923.31141160963443       -2.20959466E-02
   923.45462727763652       -5.15777676E-04
   923.59784294563860        2.11448241E-02
   923.74105861364069        4.28191200E-02
   923.88427428164277        6.44253045E-02
   924.02748994964486        8.58801007E-02
   924.17070561764695       0.107111655    
   924.31392128564903       0.128070503    
   924.45713695365112       0.148736790    
   924.60035262165320       0.169121265    
   924.74356828965529       0.189259201    
   924.88678395765737       0.209199250    
   925.02999962565946       0.228990391    
   925.17321529366154       0.248668998    
   925.31643096166363       0.268246800    
   925.45964662966571       0.287701041    
   925.60286229766780       0.306970567    
   925.74607796566988       0.325961709    
   925.88929363367197       0.344564646    
   926.03250930167405       0.362675488    
   926.17572496967614       0.380216688    
   926.31894063767822       0.397149712    
   926.46215630568031       0.413477778    
   926.60537197368240       0.429239571    
   926.74858764168448       0.444496095    
   926.89180330968657       0.459313244    
   927.03501897768865       0.473743767    
   927.17823464569074       0.487813324    
   927.32145031369282       0.501513839    
   927.46466598169491       0.514804602    
   927.60788164969699       0.527618349    
   927.75109731769908       0.539870381    
   927.89431298570116       0.551470041    
   928.03752865370325       0.562335134    
   928.18074432170533       0.572407067    
   928.32395998970742       0.581662595    
   928.46717565770950       0.590117455    
   928.61039132571159       0.597820222    
   928.75360699371367       0.604838610    
   928.89682266171576       0.611241877    
   929.04003832971785       0.617083609    
   929.18325399771993       0.622387707    
   929.32646966572202       0.627141476    
   929.46968533372410       0.631298602    
   929.61290100172619       0.634791195    
   929.75611666972827       0.637547493    
   929.89933233773036       0.639507711    
   930.04254800573244       0.640633821    
   930.18576367373453       0.640912473    
   930.32897934173661       0.640353680    
   930.47219500973870       0.638987303    
   930.61541067774078       0.636857212    
   930.75862634574287       0.634013176    
   930.90184201374495       0.630500853    
   931.04505768174704       0.626352727    
   931.18827334974912       0.621582508    
   931.33148901775121       0.616183877    
   931.47470468575330       0.610133529    
   931.61792035375538       0.603398263    
   931.76113602175747       0.595945179    
   931.90435168975955       0.587753594    
   932.04756735776164       0.578824222    
   932.19078302576372       0.569181502    
   932.33399869376581       0.558867633    
   932.47721436176789       0.547932029    
   932.62043002976998       0.536420226    
   932.76364569777206       0.524366975    
   932.90686136577415       0.511794269    
   933.05007703377623       0.498713166    
   933.19329270177832       0.485128522    
   933.33650836978040       0.471045375    
   933.47972403778249       0.456475109    
   933.62293970578457       0.441438675    
   933.76615537378666       0.425965697    
   933.90937104178875       0.410090685    
   934.05258670979083       0.393849045    
   934.19580237779292       0.377274781    
   934.33901804579500       0.360399276    
   934.48223371379709       0.343249142    
   934.62544938179917       0.325842917    
   934.76866504980126       0.308189034    
   934.91188071780334       0.290288240    
   935.05509638580543       0.272140890    
   935.19831205380751       0.253756553    
   935.34152772180960       0.235161871    
   935.48474338981168       0.216404006    
   935.62795905781377       0.197548449    
   935.77117472581585       0.178671509    
   935.91439039381794       0.159848347    
   936.05760606182002       0.141139045    
   936.20082172982211       0.122577257    
   936.34403739782420       0.104166165    
   936.48725306582628        8.58838484E-02
   936.63046873382837        6.76959008E-02
   936.77368440183045        4.95702848E-02
   936.91690006983254        3.14901210E-02
   937.06011573783462        1.34622268E-02
   937.20333140583671       -4.47888998E-03
   937.34654707383879       -2.22718883E-02
   937.48976274184088       -3.98347080E-02
   937.63297840984296       -5.70753850E-02
   937.77619407784505       -7.39052966E-02
   937.91940974584713       -9.02519152E-02
   938.06262541384922      -0.106068850    
   938.20584108185130      -0.121342160    
   938.34905674985339      -0.136091605    
   938.49227241785547      -0.150364801    
   938.63548808585756      -0.164223269    
   938.77870375385965      -0.177722484    
   938.92191942186173      -0.190892145    
   939.06513508986382      -0.203723639    
   939.20835075786590      -0.216168568    
   939.35156642586799      -0.228147715    
   939.49478209387007      -0.239566594    
   939.63799776187216      -0.250333399    
   939.78121342987424      -0.260375917    
   939.92442909787633      -0.269654483    
   940.06764476587841      -0.278167665    
   940.21086043388050      -0.285949349    
   940.35407610188258      -0.293058187    
   940.49729176988467      -0.299563199    
   940.64050743788675      -0.305529445    
   940.78372310588884      -0.311005652    
   940.92693877389092      -0.316014141    
   941.07015444189301      -0.320544362    
   941.21337010989510      -0.324552387    
   941.35658577789718      -0.327968299    
   941.49980144589927      -0.330711335    
   941.64301711390135      -0.332708657    
   941.78623278190344      -0.333912432    
   941.92944844990552      -0.334310979    
   942.07266411790761      -0.333931923    
   942.21587978590969      -0.332836419    
   942.35909545391178      -0.331105649    
   942.50231112191386      -0.328822523    
   942.64552678991595      -0.326053828    
   942.78874245791803      -0.322838426    
   942.93195812592012      -0.319184214    
   943.07517379392220      -0.315072656    
   943.21838946192429      -0.310467392    
   943.36160512992637      -0.305323958    
   943.50482079792846      -0.299600005    
   943.64803646593055      -0.293265820    
   943.79125213393263      -0.286313683    
   943.93446780193472      -0.278763086    
   944.07768346993680      -0.270659804    
   944.22089913793889      -0.262069046    
   944.36411480594097      -0.253064930    
   944.50733047394306      -0.243718594    
   944.65054614194514      -0.234086573    
   944.79376180994723      -0.224201098    
   944.93697747794931      -0.214065507    
   945.08019314595140      -0.203657642    
   945.22340881395348      -0.192941234    
   945.36662448195557      -0.181881353    
   945.50984014995765      -0.170457885    
   945.65305581795974      -0.158672765    
   945.79627148596182      -0.146550521    
   945.93948715396391      -0.134134009    
   946.08270282196600      -0.121477634    
   946.22591848996808      -0.108639359    
   946.36913415797017       -9.56728607E-02
   946.51234982597225       -8.26214924E-02
   946.65556549397434       -6.95155859E-02
   946.79878116197642       -5.63729331E-02
   946.94199682997851       -4.32010405E-02
   947.08521249798059       -3.00000478E-02
   947.22842816598268       -1.67667158E-02
   947.37164383398476       -3.50014144E-03
   947.51485950198685        9.79182776E-03
   947.65807516998893        2.30885036E-02
   947.80129083799102        3.63574028E-02
   947.94450650599310        4.95604053E-02
   948.08772217399519        6.26619309E-02
   948.23093784199727        7.56355003E-02
   948.37415350999936        8.84667113E-02
   948.51736917800145       0.101152614    
   948.66058484600353       0.113697879    
   948.80380051400562       0.126107991    
   948.94701618200770       0.138380826    
   949.09023185000979       0.150499836    
   949.23344751801187       0.162432805    
   949.37666318601396       0.174137190    
   949.51987885401604       0.185569599    
   949.66309452201813       0.196694389    
   949.80631019002021       0.207488343    
   949.94952585802230       0.217941359    
   950.09274152602438       0.228055298    
   950.23595719402647       0.237841591    
   950.37917286202855       0.247317225    
   950.52238853003064       0.256498188    
   950.66560419803272       0.265391767    
   950.80881986603481       0.273990303    
   950.95203553403690       0.282268256    
   951.09525120203898       0.290183276    
   951.23846687004107       0.297681123    
   951.38168253804315       0.304704368    
   951.52489820604524       0.311204731    
   951.66811387404732       0.317156136    
   951.81132954204941       0.322563857    
   951.95454521005149       0.327465087    
   952.09776087805358       0.331919849    
   952.24097654605566       0.335995048    
   952.38419221405775       0.339747012    
   952.52740788205983       0.343206435    
   952.67062355006192       0.346369117    
   952.81383921806400       0.349194109    
   952.95705488606609       0.351610780    
   953.10027055406817       0.353533745    
   953.24348622207026       0.354881704    
   953.38670189007235       0.355594248    
   953.52991755807443       0.355642676    
   953.67313322607652       0.355033934    
   953.81634889407860       0.353809118    
   953.95956456208069       0.352037162    
   954.10278023008277       0.349803120    
   954.24599589808486       0.347190946    
   954.38921156608694       0.344263792    
   954.53242723408903       0.341047794    
   954.67564290209111       0.337524742    
   954.81885857009320       0.333635747    
   954.96207423809528       0.329294205    
   955.10528990609737       0.324404597    
   955.24850557409945       0.318883806    
   955.39172124210154       0.312680811    
   955.53493691010362       0.305789948    
   955.67815257810571       0.298253030    
   955.82136824610780       0.290149420    
   955.96458391410988       0.281577438    
   956.10779958211197       0.272633135    
   956.25101525011405       0.263391942    
   956.39423091811614       0.253895879    
   956.53744658611822       0.244147286    
   956.68066225412031       0.234109849    
   956.82387792212239       0.223717511    
   956.96709359012448       0.212889776    
   957.11030925812656       0.201550111    
   957.25352492612865       0.189642981    
   957.39674059413073       0.177146539    
   957.53995626213282       0.164079398    
   957.68317193013490       0.150500119    
   957.82638759813699       0.136498332    
   957.96960326613907       0.122177422    
   958.11281893414116       0.107632637    
   958.25603460214325        9.29312930E-02
   958.39925027014533        7.81015530E-02
   958.54246593814742        6.31321296E-02
   958.68568160614950        4.79810163E-02
   958.82889727415159        3.25892754E-02
   958.97211294215367        1.68968067E-02
   959.11532861015576        8.57811421E-04
   959.25854427815784       -1.55467130E-02
   959.40175994615993       -3.23027410E-02
   959.54497561416201       -4.93651778E-02
   959.68819128216410       -6.66667446E-02
   959.83140695016618       -8.41299891E-02
   959.97462261816827      -0.101678930    
   960.11783828617035      -0.119249038    
   960.26105395417244      -0.136795506    
   960.40426962217452      -0.154298976    
   960.54748529017661      -0.171766266    
   960.69070095817870      -0.189224303    
   960.83391662618078      -0.206708238    
   960.97713229418287      -0.224247620    
   961.12034796218495      -0.241855055    
   961.26356363018704      -0.259520084    
   961.40677929818912      -0.277208805    
   961.54999496619121      -0.294869274    
   961.69321063419329      -0.312441260    
   961.83642630219538      -0.329867780    
   961.97964197019746      -0.347104609    
   962.12285763819955      -0.364123881    
   962.26607330620163      -0.380911291    
   962.40928897420372      -0.397459716    
   962.55250464220580      -0.413762957    
   962.69572031020789      -0.429811716    
   962.83893597820997      -0.445591480    
   962.98215164621206      -0.461081535    
   963.12536731421415      -0.476255625    
   963.26858298221623      -0.491084963    
   963.41179865021832      -0.505542576    
   963.55501431822040      -0.519607365    
   963.69822998622249      -0.533265233    
   963.84144565422457      -0.546507478    
   963.98466132222666      -0.559328496    
   964.12787699022874      -0.571723104    
   964.27109265823083      -0.583683610    
   964.41430832623291      -0.595195115    
   964.55752399423500      -0.606230617    
   964.70073966223708      -0.616748452    
   964.84395533023917      -0.626695812    
   964.98717099824125      -0.636018097    
   965.13038666624334      -0.644670546    
   965.27360233424542      -0.652628183    
   965.41681800224751      -0.659890473    
   965.56003367024960      -0.666480660    
   965.70324933825168      -0.672438860    
   965.84646500625377      -0.677810371    
   965.98968067425585      -0.682631433    
   966.13289634225794      -0.686916292    
   966.27611201026002      -0.690650105    
   966.41932767826211      -0.693789721    
   966.56254334626419      -0.696271598    
   966.70575901426628      -0.698023617    
   966.84897468226836      -0.698978484    
   966.99219035027045      -0.699086964    
   967.13540601827253      -0.698329091    
   967.27862168627462      -0.696720421    
   967.42183735427670      -0.694310665    
   967.56505302227879      -0.691174448    
   967.70826869028087      -0.687396288    
   967.85148435828296      -0.683053136    
   967.99470002628505      -0.678198218    
   968.13791569428713      -0.672848403    
   968.28113136228922      -0.666978300    
   968.42434703029130      -0.660524189    
   968.56756269829339      -0.653398573    
   968.71077836629547      -0.645512938    
   968.85399403429756      -0.636801779    
   968.99720970229964      -0.627240241    
   969.14042537030173      -0.616851270    
   969.28364103830381      -0.605701923    
   969.42685670630590      -0.593890607    
   969.57007237430798      -0.581529200    
   969.71328804231007      -0.568721771    
   969.85650371031215      -0.555545688    
   969.99971937831424      -0.542038321    
   970.14293504631632      -0.528193235    
   970.28615071431841      -0.513966322    
   970.42936638232050      -0.499289185    
   970.57258205032258      -0.484086573    
   970.71579771832467      -0.468295306    
   970.85901338632675      -0.451881766    
   971.00222905432884      -0.434854507    
   971.14544472233092      -0.417268246    
   971.28866039033301      -0.399217248    
   971.43187605833509      -0.380819052    
   971.57509172633718      -0.362193167    
   971.71830739433926      -0.343439698    
   971.86152306234135      -0.324622631    
   972.00473873034343      -0.305761516    
   972.14795439834552      -0.286833256    
   972.29117006634760      -0.267784446    
   972.43438573434969      -0.248550817    
   972.57760140235177      -0.229078501    
   972.72081707035386      -0.209340662    
   972.86403273835595      -0.189346135    
   973.00724840635803      -0.169139922    
   973.15046407436012      -0.148797214    
   973.29367974236220      -0.128412873    
   973.43689541036429      -0.108087569    
   973.58011107836637       -8.79123434E-02
   973.72332674636846       -6.79548830E-02
   973.86654241437054       -4.82510626E-02
   974.00975808237263       -2.88038719E-02
   974.15297375037471       -9.58932005E-03
   974.29618941837680        9.43268184E-03
   974.43940508637888        2.83048358E-02
   974.58262075438097        4.70586531E-02
   974.72583642238305        6.57030717E-02
   974.86905209038514        8.42187032E-02
   975.01226775838722       0.102559969    
   975.15548342638931       0.120664574    
   975.29869909439140       0.138466880    
   975.44191476239348       0.155910313    
   975.58513043039557       0.172955364    
   975.72834609839765       0.189581811    
   975.87156176639974       0.205785900    
   976.01477743440182       0.221573845    
   976.15799310240391       0.236953825    
   976.30120877040599       0.251928717    
   976.44442443840808       0.266492009    
   976.58764010641016       0.280627578    
   976.73085577441225       0.294312686    
   976.87407144241433       0.307522267    
   977.01728711041642       0.320233136    
   977.16050277841850       0.332428038    
   977.30371844642059       0.344099045    
   977.44693411442267       0.355249465    
   977.59014978242476       0.365892440    
   977.73336545042685       0.376045465    
   977.87658111842893       0.385722339    
   978.01979678643102       0.394925416    
   978.16301245443310       0.403641313    
   978.30622812243519       0.411841393    
   978.44944379043727       0.419487149    
   978.59265945843936       0.426539361    
   978.73587512644144       0.432969183    
   978.87909079444353       0.438768476    
   979.02230646244561       0.443955868    
   979.16552213044770       0.448575079    
   979.30873779844978       0.452685386    
   979.45195346645187       0.456346899    
   979.59516913445395       0.459605426    
   979.73838480245604       0.462481588    
   979.88160047045812       0.464965910    
   980.02481613846021       0.467020929    
   980.16803180646230       0.468588889    
   980.31124747446438       0.469604164    
   980.45446314246647       0.470007926    
   980.59767881046855       0.469762057    
   980.74089447847064       0.468859524    
   980.88411014647272       0.467328936    
   981.02732581447481       0.465232253    
   981.17054148247689       0.462655723    
   981.31375715047898       0.459694952    
   981.45697281848106       0.456435889    
   981.60018848648315       0.452936292    
   981.74340415448523       0.449212372    
   981.88661982248732       0.445235163    
   982.02983549048940       0.440938056    
   982.17305115849149       0.436233431    
   982.31626682649357       0.431034446    
   982.45948249449566       0.425276488    
   982.60269816249775       0.418934137    
   982.74591383049983       0.412029237    
   982.88912949850192       0.404628366    
   983.03234516650400       0.396829635    
   983.17556083450609       0.388742447    
   983.31877650250817       0.380465657    
   983.46199217051026       0.372069478    
   983.60520783851234       0.363584340    
   983.74842350651443       0.354997814    
   983.89163917451651       0.346259296    
   984.03485484251860       0.337292314    
   984.17807051052068       0.328012764    
   984.32128617852277       0.318349987    
   984.46450184652485       0.308265775    
   984.60771751452694       0.297766000    
   984.75093318252902       0.286901891    
   984.89414885053111       0.275760591    
   985.03736451853320       0.264447331    
   985.18058018653528       0.253063709    
   985.32379585453737       0.241686448    
   985.46701152253945       0.230352551    
   985.61022719054154       0.219054207    
   985.75344285854362       0.207744718    
   985.89665852654571       0.196353361    
   986.03987419454779       0.184804410    
   986.18308986254988       0.173035383    
   986.32630553055196       0.161010906    
   986.46952119855405       0.148730069    
   986.61273686655613       0.136226356    
   986.75595253455822       0.123560637    
   986.89916820256030       0.110808752    
   987.04238387056239        9.80468392E-02
   987.18559953856447        8.53377879E-02
   987.32881520656656        7.27214813E-02
   987.47203087456865        6.02099672E-02
   987.61524654257073        4.77879234E-02
   987.75846221057282        3.54187414E-02
   987.90167787857490        2.30557937E-02
   988.04489354657699        1.06568364E-02
   988.18810921457907       -1.80255913E-03
   988.33132488258116       -1.43211093E-02
   988.47454055058324       -2.68719327E-02
   988.61775621858533       -3.94098237E-02
   988.76097188658741       -5.18823229E-02
   988.90418755458950       -6.42409250E-02
   989.04740322259158       -7.64497966E-02
   989.19061889059367       -8.84906054E-02
   989.33383455859575      -0.100362599    
   989.47705022659784      -0.112077929    
   989.62026589459992      -0.123653606    
   989.76348156260201      -0.135102808    
   989.90669723060410      -0.146428466    
   990.04991289860618      -0.157620534    
   990.19312856660827      -0.168656826    
   990.33634423461035      -0.179506183    
   990.47955990261244      -0.190133452    
   990.62277557061452      -0.200505614    
   990.76599123861661      -0.210598156    
   990.90920690661869      -0.220399782    
   991.05242257462078      -0.229913831    
   991.19563824262286      -0.239155501    
   991.33885391062495      -0.248145804    
   991.48206957862703      -0.256903678    
   991.62528524662912      -0.265437841    
   991.76850091463120      -0.273740411    
   991.91171658263329      -0.281784624    
   992.05493225063537      -0.289528280    
   992.19814791863746      -0.296922892    
   992.34136358663955      -0.303925574    
   992.48457925464163      -0.310509056    
   992.62779492264372      -0.316666573    
   992.77101059064580      -0.322410882    
   992.91422625864789      -0.327768862    
   993.05744192664997      -0.332773268    
   993.20065759465206      -0.337452859    
   993.34387326265414      -0.341822594    
   993.48708893065623      -0.345876187    
   993.63030459865831      -0.349583924    
   993.77352026666040      -0.352897167    
   993.91673593466248      -0.355758160    
   994.05995160266457      -0.358112037    
   994.20316727066665      -0.359918237    
   994.34638293866874      -0.361159265    
   994.48959860667082      -0.361845613    
   994.63281427467291      -0.362015337    
   994.77602994267500      -0.361726791    
   994.91924561067708      -0.361045152    
   995.06246127867917      -0.360026270    
   995.20567694668125      -0.358702093    
   995.34889261468334      -0.357072204    
   995.49210828268542      -0.355103105    
   995.63532395068751      -0.352735221    
   995.77853961868959      -0.349896252    
   995.92175528669168      -0.346518129    
   996.06497095469376      -0.342553556    
   996.20818662269585      -0.337987602    
   996.35140229069793      -0.332841307    
   996.49461795870002      -0.327167034    
   996.63783362670210      -0.321037620    
   996.78104929470419      -0.314532310    
   996.92426496270627      -0.307721645    
   997.06748063070836      -0.300653517    
   997.21069629871045      -0.293343335    
   997.35391196671253      -0.285771549    
   997.49712763471462      -0.277889967    
   997.64034330271670      -0.269635469    
   997.78355897071879      -0.260946751    
   997.92677463872087      -0.251779884    
   998.06999030672296      -0.242119625    
   998.21320597472504      -0.231985435    
   998.35642164272713      -0.221430793    
   998.49963731072921      -0.210534900    
   998.64285297873130      -0.199387565    
   998.78606864673338      -0.188070863    
   998.92928431473547      -0.176643223    
   999.07249998273755      -0.165130287    
   999.21571565073964      -0.153524190    
   999.35893131874172      -0.141789779    
   999.50214698674381      -0.129875734    
   999.64536265474590      -0.117728464    
   999.78857832274798      -0.105306812    
   999.93179399075007       -9.25944522E-02
   1000.0750096587522       -7.96068013E-02
   1000.2182253267542       -6.63907379E-02
   1000.3614409947563       -5.30176088E-02
   1000.5046566627584       -3.95717770E-02
   1000.6478723307605       -2.61370894E-02
   1000.7910879987626       -1.27833979E-02
   1000.9343036667647        4.44448524E-04
   1001.0775193347667        1.35323126E-02
   1001.2207350027688        2.64952201E-02
   1001.3639506707709        3.93690392E-02
   1001.5071663387730        5.21983169E-02
   1001.6503820067751        6.50238767E-02
   1001.7935976747772        7.78724328E-02
   1001.9368133427793        9.07493234E-02
   1002.0800290107813       0.103635132    
   1002.2232446787834       0.116487615    
   1002.3664603467855       0.129249364    
   1002.5096760147876       0.141859233    
   1002.6528916827897       0.154263601    
   1002.7961073507918       0.166423887    
   1002.9393230187939       0.178319171    
   1003.0825386867959       0.189945266    
   1003.2257543547980       0.201311603    
   1003.3689700228001       0.212436318    
   1003.5121856908022       0.223339289    
   1003.6554013588043       0.234034613    
   1003.7986170268064       0.244525164    
   1003.9418326948085       0.254801422    
   1004.0850483628105       0.264844447    
   1004.2282640308126       0.274630874    
   1004.3714796988147       0.284137368    
   1004.5146953668168       0.293343842    
   1004.6579110348189       0.302235663    
   1004.8011267028210       0.310804754    
   1004.9443423708231       0.319049150    
   1005.0875580388251       0.326970607    
   1005.2307737068272       0.334571868    
   1005.3739893748293       0.341854721    
   1005.5172050428314       0.348820180    
   1005.6604207108335       0.355469763    
   1005.8036363788356       0.361806810    
   1005.9468520468376       0.367837757    
   1006.0900677148397       0.373573303    
   1006.2332833828418       0.379029512    
   1006.3764990508439       0.384227008    
   1006.5197147188460       0.389187366    
   1006.6629303868481       0.393927693    
   1006.8061460548502       0.398455560    
   1006.9493617228522       0.402767032    
   1007.0925773908543       0.406847954    
   1007.2357930588564       0.410677373    
   1007.3790087268585       0.414232135    
   1007.5222243948606       0.417492628    
   1007.6654400628627       0.420449793    
   1007.8086557308648       0.423111677    
   1007.9518713988668       0.425506383    
   1008.0950870668689       0.427679449    
   1008.2383027348710       0.429686427    
   1008.3815184028731       0.431583315    
   1008.5247340708752       0.433417976    
   1008.6679497388773       0.435223281    
   1008.8111654068794       0.437012076    
   1008.9543810748814       0.438774824    
   1009.0975967428835       0.440481573    
   1009.2408124108856       0.442089438    
   1009.3840280788877       0.443554074    
   1009.5272437468898       0.444842249    
   1009.6704594148919       0.445942223    
   1009.8136750828940       0.446869820    
   1009.9568907508960       0.447669446    
   1010.1001064188981       0.448408812    
   1010.2433220869002       0.449168056    
   1010.3865377549023       0.450024486    
   1010.5297534229044       0.451037526    
   1010.6729690909065       0.452238202    
   1010.8161847589085       0.453625441    
   1010.9594004269106       0.455169529    
   1011.1026160949127       0.456820846    
   1011.2458317629148       0.458522201    
   1011.3890474309169       0.460223347    
   1011.5322630989190       0.461894482    
   1011.6754787669211       0.463535130    
   1011.8186944349231       0.465175927    
   1011.9619101029252       0.466872931    
   1012.1051257709273       0.468697101    
   1012.2483414389294       0.470721632    
   1012.3915571069315       0.473009348    
   1012.5347727749336       0.475600868    
   1012.6779884429357       0.478505790    
   1012.8212041109377       0.481700182    
   1012.9644197789398       0.485132277    
   1013.1076354469419       0.488735706    
   1013.2508511149440       0.492446125    
   1013.3940667829461       0.496215910    
   1013.5372824509482       0.500024140    
   1013.6804981189503       0.503880322    
   1013.8237137869523       0.507821977    
   1013.9669294549544       0.511906624    
   1014.1101451229565       0.516199410    
   1014.2533607909586       0.520759284    
   1014.3965764589607       0.525627255    
   1014.5397921269628       0.530820072    
   1014.6830077949649       0.536328971    
   1014.8262234629669       0.542122841    
   1014.9694391309690       0.548154354    
   1015.1126547989711       0.554368913    
   1015.2558704669732       0.560715079    
   1015.3990861349753       0.567154706    
   1015.5423018029774       0.573670208    
   1015.6855174709794       0.580266833    
   1015.8287331389815       0.586969733    
   1015.9719488069836       0.593817651    
   1016.1151644749857       0.600854099    
   1016.2583801429878       0.608117044    
   1016.4015958109899       0.615629733    
   1016.5448114789920       0.623394549    
   1016.6880271469940       0.631392896    
   1016.8312428149961       0.639590502    
   1016.9744584829982       0.647945404    
   1017.1176741510003       0.656415403    
   1017.2608898190024       0.664963365    
   1017.4041054870045       0.673560441    
   1017.5473211550066       0.682188988    
   1017.6905368230086       0.690844119    
   1017.8337524910107       0.699533224    
   1017.9769681590128       0.708272398    
   1018.1201838270149       0.717081368    
   1018.2633994950170       0.725978017    
   1018.4066151630191       0.734974086    
   1018.5498308310212       0.744071603    
   1018.6930464990232       0.753260970    
   1018.8362621670253       0.762521386    
   1018.9794778350274       0.771824718    
   1019.1226935030295       0.781141818    
   1019.2659091710316       0.790448785    
   1019.4091248390337       0.799730420    
   1019.5523405070358       0.808979988    
   1019.6955561750378       0.818196595    
   1019.8387718430399       0.827382088    
   1019.9819875110420       0.836538613    
   1020.1252031790441       0.845667481    
   1020.2684188470462       0.854768813    
   1020.4116345150483       0.863842785    
   1020.5548501830503       0.872891426    
   1020.6980658510524       0.881919205    
   1020.8412815190545       0.890931487    
   1020.9844971870566       0.899931133    
   1021.1277128550587       0.908915162    
   1021.2709285230608       0.917873502    
   1021.4141441910629       0.926789999    
   1021.5573598590649       0.935644627    
   1021.7005755270670       0.944414675    
   1021.8437911950691       0.953076005    
   1021.9870068630712       0.961604893    
   1022.1302225310733       0.969981611    
   1022.2734381990754       0.978194416    
   1022.4166538670775       0.986242890    
   1022.5598695350795       0.994139254    
   1022.7030852030816        1.00190687    
   1022.8463008710837        1.00957680    
   1022.9895165390858        1.01718128    
   1023.1327322070879        1.02474487    
   1023.2759478750900        1.03227556    
   1023.4191635430921        1.03975880    
   1023.5623792110941        1.04715765    
   1023.7055948790962        1.05441964    
   1023.8488105470983        1.06148827    
   1023.9920262151004        1.06831431    
   1024.1352418831025        1.07486606    
   1024.2784575511046        1.08113503    
   1024.4216732191067        1.08713734    
   1024.5648888871087        1.09291017    
   1024.7081045551108        1.09850383    
   1024.8513202231129        1.10397160    
   1024.9945358911150        1.10935831    
   1025.1377515591171        1.11469138    
   1025.2809672271192        1.11997318    
   1025.4241828951212        1.12517750    
   1025.5673985631233        1.13025057    
   1025.7106142311254        1.13511813    
   1025.8538298991275        1.13969958    
   1025.9970455671296        1.14392483    
   1026.1402612351317        1.14774990    
   1026.2834769031338        1.15116680    
   1026.4266925711358        1.15420425    
   1026.5699082391379        1.15692091    
   1026.7131239071400        1.15939176    
   1026.8563395751421        1.16169083    
   1026.9995552431442        1.16387391    
   1027.1427709111463        1.16596532    
   1027.2859865791484        1.16795194    
   1027.4292022471504        1.16978610    
   1027.5724179151525        1.17139530    
   1027.7156335831546        1.17269540    
   1027.8588492511567        1.17360437    
   1028.0020649191588        1.17405605    
   1028.1452805871609        1.17401183    
   1028.2884962551630        1.17346823    
   1028.4317119231650        1.17245805    
   1028.5749275911671        1.17104328    
   1028.7181432591692        1.16930103    
   1028.8613589271713        1.16730595    
   1029.0045745951734        1.16511214    
   1029.1477902631755        1.16273999    
   1029.2910059311776        1.16016996    
   1029.4342215991796        1.15734613    
   1029.5774372671817        1.15418839    
   1029.7206529351838        1.15061104    
   1029.8638686031859        1.14654088    
   1030.0070842711880        1.14193141    
   1030.1502999391901        1.13676953    
   1030.2935156071921        1.13107479    
   1030.4367312751942        1.12489378    
   1030.5799469431963        1.11828971    
   1030.7231626111984        1.11132991    
   1030.8663782792005        1.10407197    
   1031.0095939472026        1.09655273    
   1031.1528096152047        1.08878112    
   1031.2960252832067        1.08073664    
   1031.4392409512088        1.07237387    
   1031.5824566192109        1.06363094    
   1031.7256722872130        1.05444169    
   1031.8688879552151        1.04475057    
   1032.0121036232172        1.03452551    
   1032.1553192912193        1.02376604    
   1032.2985349592213        1.01250255    
   1032.4417506272234        1.00078738    
   1032.5849662952255       0.988682389    
   1032.7281819632276       0.976245224    
   1032.8713976312297       0.963519812    
   1033.0146132992318       0.950530946    
   1033.1578289672339       0.937283516    
   1033.3010446352359       0.923765540    
   1033.4442603032380       0.909954429    
   1033.5874759712401       0.895824492    
   1033.7306916392422       0.881353736    
   1033.8739073072443       0.866529226    
   1034.0171229752464       0.851350427    
   1034.1603386432485       0.835831165    
   1034.3035543112505       0.819999278    
   1034.4467699792526       0.803893268    
   1034.5899856472547       0.787555277    
   1034.7332013152568       0.771022737    
   1034.8764169832589       0.754321456    
   1035.0196326512610       0.737463057    
   1035.1628483192630       0.720447242    
   1035.3060639872651       0.703267574    
   1035.4492796552672       0.685918808    
   1035.5924953232693       0.668403566    
   1035.7357109912714       0.650736809    
   1035.8789266592735       0.632945657    
   1036.0221423272756       0.615064323    
   1036.1653579952776       0.597125947    
   1036.3085736632797       0.579155385    
   1036.4517893312818       0.561165810    
   1036.5950049992839       0.543160737    
   1036.7382206672860       0.525138676    
   1036.8814363352881       0.507098615    
   1037.0246520032902       0.489044011    
   1037.1678676712922       0.470986158    
   1037.3110833392943       0.452946961    
   1037.4542990072964       0.434959978    
   1037.5975146752985       0.417068988    
   1037.7407303433006       0.399323136    
   1037.8839460113027       0.381770104    
   1038.0271616793048       0.364448547    
   1038.1703773473068       0.347381502    
   1038.3135930153089       0.330571979    
   1038.4568086833110       0.314002573    
   1038.6000243513131       0.297640979    
   1038.7432400193152       0.281451404    
   1038.8864556873173       0.265409112    
   1039.0296713553194       0.249513075    
   1039.1728870233214       0.233792081    
   1039.3161026913235       0.218302414    
   1039.4593183593256       0.203118131    
   1039.6025340273277       0.188316554    
   1039.7457496953298       0.173962697    
   1039.8889653633319       0.160096005    
   1040.0321810313339       0.146723017    
   1040.1753966993360       0.133818224    
   1040.3186123673381       0.121332467    
   1040.4618280353402       0.109205894    
   1040.6050437033423        9.73817036E-02
   1040.7482593713444        8.58183205E-02
   1040.8914750393465        7.44993314E-02
   1041.0346907073485        6.34403005E-02
   1041.1779063753506        5.26902713E-02
   1041.3211220433527        4.23255265E-02
   1041.4643377113548        3.24352421E-02
   1041.6075533793569        2.31022611E-02
   1041.7507690473590        1.43843815E-02
   1041.8939847153611        6.30115112E-03
   1042.0372003833631       -1.17098505E-03
   1042.1804160513652       -8.09432473E-03
   1042.3236317193673       -1.45568270E-02
   1042.4668473873694       -2.06525102E-02
   1042.6100630553715       -2.64598411E-02
   1042.7532787233736       -3.20241973E-02
   1042.8964943913757       -3.73494886E-02
   1043.0397100593777       -4.24003936E-02
   1043.1829257273798       -4.71129268E-02
   1043.3261413953819       -5.14093563E-02
   1043.4693570633840       -5.52142337E-02
   1043.6125727313861       -5.84695116E-02
   1043.7557883993882       -6.11467585E-02
   1043.8990040673903       -6.32541552E-02
   1044.0422197353923       -6.48363233E-02
   1044.1854354033944       -6.59668371E-02
   1044.3286510713965       -6.67349920E-02
   1044.4718667393986       -6.72293082E-02
   1044.6150824074007       -6.75203428E-02
   1044.7582980754028       -6.76459819E-02
   1044.9015137434048       -6.76032975E-02
   1045.0447294114069       -6.73506558E-02
   1045.1879450794090       -6.68205991E-02
   1045.3311607474111       -6.59397095E-02
   1045.4743764154132       -6.46487847E-02
   1045.6175920834153       -6.29175529E-02
   1045.7608077514174       -6.07512742E-02
   1045.9040234194194       -5.81895523E-02
   1046.0472390874215       -5.52986115E-02
   1046.1904547554236       -5.21585084E-02
   1046.3336704234257       -4.88476567E-02
   1046.4768860914278       -4.54284810E-02
   1046.6201017594299       -4.19380218E-02
   1046.7633174274320       -3.83851342E-02
   1046.9065330954340       -3.47531587E-02
   1047.0497487634361       -3.10058221E-02
   1047.1929644314382       -2.70953756E-02
   1047.3361800994403       -2.29731034E-02
   1047.4793957674424       -1.86016150E-02
   1047.6226114354445       -1.39659271E-02
   1047.7658271034466       -9.07922257E-03
   1047.9090427714486       -3.98084894E-03
   1048.0522584394507        1.27249013E-03
   1048.1954741074528        6.61895145E-03
   1048.3386897754549        1.20035764E-02
   1048.4819054434570        1.73875950E-02
   1048.6251211114591        2.27532517E-02
   1048.7683367794612        2.81029716E-02
   1048.9115524474632        3.34531218E-02
   1049.0547681154653        3.88249047E-02
   1049.1979837834674        4.42362912E-02
   1049.3411994514695        4.96977419E-02
   1049.4844151194716        5.52116036E-02
   1049.6276307874737        6.07730523E-02
   1049.7708464554757        6.63710460E-02
   1049.9140621234778        7.19896033E-02
   1050.0572777914799        7.76105523E-02
   1050.2004934594820        8.32174122E-02
   1050.3437091274841        8.87986943E-02
   1050.4869247954862        9.43490490E-02
   1050.6301404634883        9.98682603E-02
   1050.7733561314903       0.105359457    
   1050.9165717994924       0.110826991    
   1051.0597874674945       0.116273515    
   1051.2030031354966       0.121696278    
   1051.3462188034987       0.127084628    
   1051.4894344715008       0.132421747    
   1051.6326501395029       0.137691289    
   1051.7758658075049       0.142886072    
   1051.9190814755070       0.148013711    
   1052.0622971435091       0.153096005    
   1052.2055128115112       0.158162609    
   1052.3487284795133       0.163241938    
   1052.4919441475154       0.168352500    
   1052.6351598155175       0.173496291    
   1052.7783754835195       0.178655446    
   1052.9215911515216       0.183793724    
   1053.0648068195237       0.188863233    
   1053.2080224875258       0.193814978    
   1053.3512381555279       0.198609635    
   1053.4944538235300       0.203225389    
   1053.6376694915321       0.207661927    
   1053.7808851595341       0.211941376    
   1053.9241008275362       0.216106370    
   1054.0673164955383       0.220214263    
   1054.2105321635404       0.224326611    
   1054.3537478315425       0.228495240    
   1054.4969634995446       0.232749000    
   1054.6401791675466       0.237085208    
   1054.7833948355487       0.241467983    
   1054.9266105035508       0.245833576    
   1055.0698261715529       0.250102073    
   1055.2130418395550       0.254194379    
   1055.3562575075571       0.258051127    
   1055.4994731755592       0.261648357    
   1055.6426888435612       0.265003711    
   1055.7859045115633       0.268170655    
   1055.9291201795654       0.271223575    
   1056.0723358475675       0.274239570    
   1056.2155515155696       0.277282149    
   1056.3587671835717       0.280388802    
   1056.5019828515738       0.283563495    
   1056.6451985195758       0.286774606    
   1056.7884141875779       0.289960384    
   1056.9316298555800       0.293041348    
   1057.0748455235821       0.295936733    
   1057.2180611915842       0.298580885    
   1057.3612768595863       0.300935626    
   1057.5044925275884       0.302997738    
   1057.6477081955904       0.304800540    
   1057.7909238635925       0.306408137    
   1057.9341395315946       0.307901710    
   1058.0773551995967       0.309359848    
   1058.2205708675988       0.310838461    
   1058.3637865356009       0.312356770    
   1058.5070022036030       0.313893139    
   1058.6502178716050       0.315390646    
   1058.7934335396071       0.316769809    
   1058.9366492076092       0.317945302    
   1059.0798648756113       0.318843812    
   1059.2230805436134       0.319418699    
   1059.3662962116155       0.319657832    
   1059.5095118796175       0.319582462    
   1059.6527275476196       0.319238812    
   1059.7959432156217       0.318686545    
   1059.9391588836238       0.317987114    
   1060.0823745516259       0.317192912    
   1060.2255902196280       0.316336989    
   1060.3688058876301       0.315425068    
   1060.5120215556321       0.314432949    
   1060.6552372236342       0.313311994    
   1060.7984528916363       0.312001228    
   1060.9416685596384       0.310442001    
   1061.0848842276405       0.308590561    
   1061.2280998956426       0.306426436    
   1061.3713155636447       0.303955674    
   1061.5145312316467       0.301208764    
   1061.6577468996488       0.298232168    
   1061.8009625676509       0.295075238    
   1061.9441782356530       0.291776776    
   1062.0873939036551       0.288356304    
   1062.2306095716572       0.284813136    
   1062.3738252396593       0.281131268    
   1062.5170409076613       0.277286500    
   1062.6602565756634       0.273253053    
   1062.8034722436655       0.269008994    
   1062.9466879116676       0.264540881    
   1063.0899035796697       0.259846509    
   1063.2331192476718       0.254935026    
   1063.3763349156739       0.249823868    
   1063.5195505836759       0.244534567    
   1063.6627662516780       0.239089027    
   1063.8059819196801       0.233506292    
   1063.9491975876822       0.227799430    
   1064.0924132556843       0.221972689    
   1064.2356289236864       0.216021374    
   1064.3788445916884       0.209936142    
   1064.5220602596905       0.203710675    
   1064.6652759276926       0.197348535    
   1064.8084915956947       0.190865517    
   1064.9517072636968       0.184286490    
   1065.0949229316989       0.177639127    
   1065.2381385997010       0.170947015    
   1065.3813542677030       0.164223760    
   1065.5245699357051       0.157468781    
   1065.6677856037072       0.150666505    
   1065.8110012717093       0.143791020    
   1065.9542169397114       0.136815742    
   1066.0974326077135       0.129724607    
   1066.2406482757156       0.122519597    
   1066.3838639437176       0.115222007    
   1066.5270796117197       0.107868440    
   1066.6702952797218       0.100504555    
   1066.8135109477239        9.31782350E-02
   1066.9567266157260        8.59321132E-02
   1067.0999422837281        7.87953883E-02
   1067.2431579517302        7.17769116E-02
   1067.3863736197322        6.48624152E-02
   1067.5295892877343        5.80176152E-02
   1067.6728049557364        5.11961654E-02
   1067.8160206237385        4.43504266E-02
   1067.9592362917406        3.74432541E-02
   1068.1024519597427        3.04593630E-02
   1068.2456676277448        2.34136246E-02
   1068.3888832957468        1.63524877E-02
   1068.5320989637489        9.34592355E-03
   1068.6753146317510        2.47130380E-03
   1068.8185302997531       -4.20540618E-03
   1068.9617459677552       -1.06449872E-02
   1069.1049616357573       -1.68431643E-02
   1069.2481773037593       -2.28309892E-02
   1069.3913929717614       -2.86680143E-02
   1069.5346086397635       -3.44291106E-02
   1069.6778243077656       -4.01868522E-02
   1069.8210399757677       -4.59936894E-02
   1069.9642556437698       -5.18692508E-02
   1070.1074713117719       -5.77962101E-02
   1070.2506869797739       -6.37244955E-02
   1070.3939026477760       -6.95810318E-02
   1070.5371183157781       -7.52827302E-02
   1070.6803339837802       -8.07519555E-02
   1070.8235496517823       -8.59332234E-02
   1070.9667653197844       -9.08077508E-02
   1071.1099809877865       -9.54004824E-02
   1071.2531966557885       -9.97759849E-02
   1071.3964123237906      -0.104024008    
   1071.5396279917927      -0.108239040    
   1071.6828436597948      -0.112499312    
   1071.8260593277969      -0.116849467    
   1071.9692749957990      -0.121290229    
   1072.1124906638011      -0.125777870    
   1072.2557063318031      -0.130234882    
   1072.3989219998052      -0.134569690    
   1072.5421376678073      -0.138699502    
   1072.6853533358094      -0.142569199    
   1072.8285690038115      -0.146162137    
   1072.9717846718136      -0.149502084    
   1073.1150003398157      -0.152648062    
   1073.2582160078177      -0.155683219    
   1073.4014316758198      -0.158698902    
   1073.5446473438219      -0.161776364    
   1073.6878630118240      -0.164970264    
   1073.8310786798261      -0.168298364    
   1073.9742943478282      -0.171739325    
   1074.1175100158302      -0.175237983    
   1074.2607256838323      -0.178716585    
   1074.4039413518344      -0.182090625    
   1074.5471570198365      -0.185287759    
   1074.6903726878386      -0.188265607    
   1074.8335883558407      -0.191022739    
   1074.9768040238428      -0.193598270    
   1075.1200196918448      -0.196060613    
   1075.2632353598469      -0.198489800    
   1075.4064510278490      -0.200959578    
   1075.5496666958511      -0.203523144    
   1075.6928823638532      -0.206204176    
   1075.8360980318553      -0.208994001    
   1075.9793136998574      -0.211855531    
   1076.1225293678594      -0.214733526    
   1076.2657450358615      -0.217568263    
   1076.4089607038636      -0.220308319    
   1076.5521763718657      -0.222919315    
   1076.6953920398678      -0.225388274    
   1076.8386077078699      -0.227724582    
   1076.9818233758720      -0.229957938    
   1077.1250390438740      -0.232132137    
   1077.2682547118761      -0.234294578    
   1077.4114703798782      -0.236483768    
   1077.5546860478803      -0.238719046    
   1077.6979017158824      -0.240996107    
   1077.8411173838845      -0.243288785    
   1077.9843330518866      -0.245555714    
   1078.1275487198886      -0.247749791    
   1078.2707643878907      -0.249828830    
   1078.4139800558928      -0.251765013    
   1078.5571957238949      -0.253549993    
   1078.7004113918970      -0.255193323    
   1078.8436270598991      -0.256714821    
   1078.9868427279011      -0.258135140    
   1079.1300583959032      -0.259468973    
   1079.2732740639053      -0.260722280    
   1079.4164897319074      -0.261892676    
   1079.5597053999095      -0.262970418    
   1079.7029210679116      -0.263939917    
   1079.8461367359137      -0.264782578    
   1079.9893524039157      -0.265480965    
   1080.1325680719178      -0.266022831    
   1080.2757837399199      -0.266402662    
   1080.4189994079220      -0.266620815    
   1080.5622150759241      -0.266681075    
   1080.7054307439262      -0.266588002    
   1080.8486464119283      -0.266343802    
   1080.9918620799303      -0.265944004    
   1081.1350777479324      -0.265373349    
   1081.2782934159345      -0.264604896    
   1081.4215090839366      -0.263604373    
   1081.5647247519387      -0.262339145    
   1081.7079404199408      -0.260787874    
   1081.8511560879429      -0.258946657    
   1081.9943717559449      -0.256829977    
   1082.1375874239470      -0.254466832    
   1082.2808030919491      -0.251893103    
   1082.4240187599512      -0.249141768    
   1082.5672344279533      -0.246232674    
   1082.7104500959554      -0.243165389    
   1082.8536657639575      -0.239917919    
   1082.9968814319595      -0.236451626    
   1083.1400970999616      -0.232719854    
   1083.2833127679637      -0.228676781    
   1083.4265284359658      -0.224284947    
   1083.5697441039679      -0.219521821    
   1083.7129597719700      -0.214385569    
   1083.8561754399720      -0.208898395    
   1083.9993911079741      -0.203104556    
   1084.1426067759762      -0.197062090    
   1084.2858224439783      -0.190830216    
   1084.4290381119804      -0.184456214    
   1084.5722537799825      -0.177965075    
   1084.7154694479846      -0.171353281    
   1084.8586851159866      -0.164588094    
   1085.0019007839887      -0.157613680    
   1085.1451164519908      -0.150364205    
   1085.2883321199929      -0.142781481    
   1085.4315477879950      -0.134831309    
   1085.5747634559971      -0.126512840    
   1085.7179791239992      -0.117858812    
   1085.8611947920012      -0.108928286    
   1086.0044104600033       -9.97953936E-02
   1086.1476261280054       -9.05366018E-02
   1086.2908417960075       -8.12179372E-02
   1086.4340574640096       -7.18837008E-02
   1086.5772731320117       -6.25491068E-02
   1086.7204888000138       -5.31988926E-02
   1086.8637044680158       -4.37921099E-02
   1087.0069201360179       -3.42714973E-02
   1087.1501358040200       -2.45756321E-02
   1087.2933514720221       -1.46526936E-02
   1087.4365671400242       -4.47419053E-03
   1087.5797828080263        5.95462788E-03
   1087.7229984760284        1.65919345E-02
   1087.8662141440304        2.73663737E-02
   1088.0094298120325        3.81921418E-02
   1088.1526454800346        4.89869043E-02
   1088.2958611480367        5.96872531E-02
   1088.4390768160388        7.02586845E-02
   1088.5822924840409        8.06992501E-02
   1088.7255081520429        9.10366401E-02
   1088.8687238200450       0.101318806    
   1089.0119394880471       0.111599810    
   1089.1551551560492       0.121924825    
   1089.2983708240513       0.132318929    
   1089.4415864920534       0.142781988    
   1089.5848021600555       0.153288692    
   1089.7280178280575       0.163791582    
   1089.8712334960596       0.174226299    
   1090.0144491640617       0.184520245    
   1090.1576648320638       0.194604948    
   1090.3008805000659       0.204429761    
   1090.4440961680680       0.213971987    
   1090.5873118360701       0.223239988    
   1090.7305275040721       0.232268363    
   1090.8737431720742       0.241107598    
   1091.0169588400763       0.249810860    
   1091.1601745080784       0.258420467    
   1091.3033901760805       0.266956687    
   1091.4466058440826       0.275412142    
   1091.5898215120847       0.283753932    
   1091.7330371800867       0.291932523    
   1091.8762528480888       0.299893707    
   1092.0194685160909       0.307589024    
   1092.1626841840930       0.314982712    
   1092.3058998520951       0.322055280    
   1092.4491155200972       0.328805000    
   1092.5923311880993       0.335246742    
   1092.7355468561013       0.341407388    
   1092.8787625241034       0.347318351    
   1093.0219781921055       0.353007585    
   1093.1651938601076       0.358493388    
   1093.3084095281097       0.363781005    
   1093.4516251961118       0.368861228    
   1093.5948408641138       0.373711407    
   1093.7380565321159       0.378299952    
   1093.8812722001180       0.382595062    
   1094.0244878681201       0.386574954    
   1094.1677035361222       0.390234828    
   1094.3109192041243       0.393586993    
   1094.4541348721264       0.396654516    
   1094.5973505401284       0.399462551    
   1094.7405662081305       0.402031541    
   1094.8837818761326       0.404373795    
   1095.0269975441347       0.406492680    
   1095.1702132121368       0.408383757    
   1095.3134288801389       0.410038084    
   1095.4566445481410       0.411447346    
   1095.5998602161430       0.412608862    
   1095.7430758841451       0.413527936    
   1095.8862915521472       0.414216280    
   1096.0295072201493       0.414688498    
   1096.1727228881514       0.414958656    
   1096.3159385561535       0.415038437    
   1096.4591542241556       0.414934993    
   1096.6023698921576       0.414648354    
   1096.7455855601597       0.414168924    
   1096.8888012281618       0.413478196    
   1097.0320168961639       0.412553340    
   1097.1752325641660       0.411374718    
   1097.3184482321681       0.409933060    
   1097.4616639001702       0.408234775    
   1097.6048795681722       0.406304210    
   1097.7480952361743       0.404182076    
   1097.8913109041764       0.401919007    
   1098.0345265721785       0.399563760    
   1098.1777422401806       0.397149920    
   1098.3209579081827       0.394686282    
   1098.4641735761847       0.392155319    
   1098.6073892441868       0.389519632    
   1098.7506049121889       0.386732310    
   1098.8938205801910       0.383747667    
   1099.0370362481931       0.380530298    
   1099.1802519161952       0.377063096    
   1099.3234675841973       0.373352975    
   1099.4666832521993       0.369431823    
   1099.6098989202014       0.365351051    
   1099.7531145882035       0.361170828    
   1099.8963302562056       0.356947750    
   1100.0395459242077       0.352724105    
   1100.1827615922098       0.348519653    
   1100.3259772602119       0.344326347    
   1100.4691929282139       0.340107411    
   1100.6124085962160       0.335803181    
   1100.7556242642181       0.331344962    
   1100.8988399322202       0.326673001    
   1101.0420556002223       0.321752816    
   1101.1852712682244       0.316584200    
   1101.3284869362265       0.311201543    
   1101.4717026042285       0.305666447    
   1101.6149182722306       0.300055146    
   1101.7581339402327       0.294442594    
   1101.9013496082348       0.288886458    
   1102.0445652762369       0.283415020    
   1102.1877809442390       0.278023034    
   1102.3309966122411       0.272675604    
   1102.4742122802431       0.267317444    
   1102.6174279482452       0.261883974    
   1102.7606436162473       0.256312877    
   1102.9038592842494       0.250556052    
   1103.0470749522515       0.244591057    
   1103.1902906202536       0.238428280    
   1103.3335062882556       0.232109830    
   1103.4767219562577       0.225699976    
   1103.6199376242598       0.219270319    
   1103.7631532922619       0.212884873    
   1103.9063689602640       0.206588000    
   1104.0495846282661       0.200396389    
   1104.1928002962682       0.194295943    
   1104.3360159642702       0.188245654    
   1104.4792316322723       0.182189107    
   1104.6224473002744       0.176070675    
   1104.7656629682765       0.169850275    
   1104.9088786362786       0.163511470    
   1105.0520943042807       0.157062173    
   1105.1953099722828       0.150530487    
   1105.3385256402848       0.143958881    
   1105.4817413082869       0.137397021    
   1105.6249569762890       0.130893022    
   1105.7681726442911       0.124484047    
   1105.9113883122932       0.118189186    
   1106.0546039802953       0.112007387    
   1106.1978196482974       0.105920456    
   1106.3410353162994        9.98991281E-02
   1106.4842509843015        9.39106718E-02
   1106.6274666523036        8.79276097E-02
   1106.7706823203057        8.19365606E-02
   1106.9138979883078        7.59444013E-02
   1107.0571136563099        6.99780956E-02
   1107.2003293243120        6.40773624E-02
   1107.3435449923140        5.82835525E-02
   1107.4867606603161        5.26300222E-02
   1107.6299763283182        4.71371263E-02
   1107.7731919963203        4.18115743E-02
   1107.9164076643224        3.66483778E-02
   1108.0596233323245        3.16348113E-02
   1108.2028390003265        2.67566293E-02
   1108.3460546683286        2.20053531E-02
   1108.4892703363307        1.73833054E-02
   1108.6324860043328        1.29034119E-02
   1108.7757016723349        8.58425256E-03
   1108.9189173403370        4.44405247E-03
   1109.0621330083391        4.96931025E-04
   1109.2053486763411       -3.24855396E-03
   1109.3485643443432       -6.79077022E-03
   1109.4917800123453       -1.01370960E-02
   1109.6349956803474       -1.33044869E-02
   1109.7782113483495       -1.63156334E-02
   1109.9214270163516       -1.91907771E-02
   1110.0646426843537       -2.19388586E-02
   1110.2078583523557       -2.45521851E-02
   1110.3510740203578       -2.70061996E-02
   1110.4942896883599       -2.92634182E-02
   1110.6375053563620       -3.12803686E-02
   1110.7807210243641       -3.30172405E-02
   1110.9239366923662       -3.44491117E-02
   1111.0671523603683       -3.55753042E-02
   1111.2103680283703       -3.64221781E-02
   1111.3535836963724       -3.70372795E-02
   1111.4967993643745       -3.74772325E-02
   1111.6400150323766       -3.77943888E-02
   1111.7832307003787       -3.80259678E-02
   1111.9264463683808       -3.81866954E-02
   1112.0696620363829       -3.82650420E-02
   1112.2128777043849       -3.82243097E-02
   1112.3560933723870       -3.80102918E-02
   1112.4993090403891       -3.75648402E-02
   1112.6425247083912       -3.68412808E-02
   1112.7857403763933       -3.58166546E-02
   1112.9289560443954       -3.44981998E-02
   1113.0721717123974       -3.29244062E-02
   1113.2153873803995       -3.11613455E-02
   1113.3586030484016       -2.92933788E-02
   1113.5018187164037       -2.74074376E-02
   1113.6450343844058       -2.55733933E-02
   1113.7882500524079       -2.38271058E-02
   1113.9314657204100       -2.21629553E-02
   1114.0746813884120       -2.05382891E-02
   1114.2178970564141       -1.88868735E-02
   1114.3611127244162       -1.71363689E-02
   1114.5043283924183       -1.52261434E-02
   1114.6475440604204       -1.31232161E-02
   1114.7907597284225       -1.08335298E-02
   1114.9339753964246       -8.40476807E-03
   1115.0771910644266       -5.91852982E-03
   1115.2204067324287       -3.47396871E-03
   1115.3636224004308       -1.16847269E-03
   1115.5068380684329        9.19268758E-04
   1115.6500537364350        2.74144742E-03
   1115.7932694044371        4.28817468E-03
   1115.9364850724392        5.58836479E-03
   1116.0797007404412        6.70235371E-03
   1116.2229164084433        7.70577323E-03
   1116.3661320764454        8.66828952E-03
   1116.5093477444475        9.63375624E-03
   1116.6525634124496        1.06073553E-02
   1116.7957790804517        1.15517918E-02
   1116.9389947484538        1.23919323E-02
   1117.0822104164558        1.30270226E-02
   1117.2254260844579        1.33494930E-02
   1117.3686417524600        1.32671772E-02
   1117.5118574204621        1.27226245E-02
   1117.6550730884642        1.17028672E-02
   1117.7982887564663        1.02369692E-02
   1117.9415044244683        8.38419609E-03
   1118.0847200924704        6.21811906E-03
   1118.2279357604725        3.81032284E-03
   1118.3711514284746        1.21495943E-03
   1118.5143670964767       -1.54453993E-03
   1118.6575827644788       -4.48322715E-03
   1118.8007984324809       -7.65313534E-03
   1118.9440141004829       -1.11319646E-02
   1119.0872297684850       -1.50058325E-02
   1119.2304454364871       -1.93516295E-02
   1119.3736611044892       -2.42226310E-02
   1119.5168767724913       -2.96386462E-02
   1119.6600924404934       -3.55816968E-02
   1119.8033081084955       -4.19994034E-02
   1119.9465237764975       -4.88173515E-02
   1120.0897394444996       -5.59579395E-02
   1120.2329551125017       -6.33594021E-02
   1120.3761707805038       -7.09886551E-02
   1120.5193864485059       -7.88452551E-02
   1120.6626021165080       -8.69578645E-02
   1120.8058177845101       -9.53755826E-02
   1120.9490334525121      -0.104155533    
   1121.0922491205142      -0.113348141    
   1121.2354647885163      -0.122983351    
   1121.3786804565184      -0.133062392    
   1121.5218961245205      -0.143557772    
   1121.6651117925226      -0.154420257    
   1121.8083274605247      -0.165588900    
   1121.9515431285267      -0.177001178    
   1122.0947587965288      -0.188602880    
   1122.2379744645309      -0.200357378    
   1122.3811901325330      -0.212252036    
   1122.5244058005351      -0.224298030    
   1122.6676214685372      -0.236522093    
   1122.8108371365392      -0.248953298    
   1122.9540528045413      -0.261610508    
   1123.0972684725434      -0.274494857    
   1123.2404841405455      -0.287587345    
   1123.3836998085476      -0.300850630    
   1123.5269154765497      -0.314234018    
   1123.6701311445518      -0.327682108    
   1123.8133468125538      -0.341145545    
   1123.9565624805559      -0.354589880    
   1124.0997781485580      -0.367998183    
   1124.2429938165601      -0.381366640    
   1124.3862094845622      -0.394696057    
   1124.5294251525643      -0.407983720    
   1124.6726408205664      -0.421217710    
   1124.8158564885684      -0.434373379    
   1124.9590721565705      -0.447411776    
   1125.1022878245726      -0.460281700    
   1125.2455034925747      -0.472926527    
   1125.3887191605768      -0.485294759    
   1125.5319348285789      -0.497349858    
   1125.6751504965810      -0.509075701    
   1125.8183661645830      -0.520476401    
   1125.9615818325851      -0.531571746    
   1126.1047975005872      -0.542389631    
   1126.2480131685893      -0.552955151    
   1126.3912288365914      -0.563277364    
   1126.5344445045935      -0.573338091    
   1126.6776601725956      -0.583087444    
   1126.8208758405976      -0.592449784    
   1126.9640915085997      -0.601337492    
   1127.1073071766018      -0.609668076    
   1127.2505228446039      -0.617378592    
   1127.3937385126060      -0.624436796    
   1127.5369541806081      -0.630846322    
   1127.6801698486101      -0.636645734    
   1127.8233855166122      -0.641897976    
   1127.9666011846143      -0.646672368    
   1128.1098168526164      -0.651023567    
   1128.2530325206185      -0.654974282    
   1128.3962481886206      -0.658506811    
   1128.5394638566227      -0.661563754    
   1128.6826795246247      -0.664056420    
   1128.8258951926268      -0.665879965    
   1128.9691108606289      -0.666933715    
   1129.1123265286310      -0.667143762    
   1129.2555421966331      -0.666481018    
   1129.3987578646352      -0.664968967    
   1129.5419735326373      -0.662678003    
   1129.6851892006393      -0.659708738    
   1129.8284048686414      -0.656169593    
   1129.9716205366435      -0.652153254    
   1130.1148362046456      -0.647715926    
   1130.2580518726477      -0.642863452    
   1130.4012675406498      -0.637549281    
   1130.5444832086519      -0.631685615    
   1130.6876988766539      -0.625164926    
   1130.8309145446560      -0.617885351    
   1130.9741302126581      -0.609772682    
   1131.1173458806602      -0.600795746    
   1131.2605615486623      -0.590973616    
   1131.4037772166644      -0.580373704    
   1131.5469928846665      -0.569100022    
   1131.6902085526685      -0.557272077    
   1131.8334242206706      -0.544999301    
   1131.9766398886727      -0.532358348    
   1132.1198555566748      -0.519379973    
   1132.2630712246769      -0.506046772    
   1132.4062868926790      -0.492300928    
   1132.5495025606810      -0.478059441    
   1132.6927182286831      -0.463234633    
   1132.8359338966852      -0.447757185    
   1132.9791495646873      -0.431596130    
   1133.1223652326894      -0.414769143    
   1133.2655809006915      -0.397339970    
   1133.4087965686936      -0.379404962    
   1133.5520122366956      -0.361073673    
   1133.6952279046977      -0.342449397    
   1133.8384435726998      -0.323612064    
   1133.9816592407019      -0.304606050    
   1134.1248749087040      -0.285435200    
   1134.2680905767061      -0.266067296    
   1134.4113062447082      -0.246447280    
   1134.5545219127102      -0.226515353    
   1134.6977375807123      -0.206224352    
   1134.8409532487144      -0.185552627    
   1134.9841689167165      -0.164510965    
   1135.1273845847186      -0.143143401    
   1135.2706002527207      -0.121521048    
   1135.4138159207228       -9.97293219E-02
   1135.5570315887248       -7.78510869E-02
   1135.7002472567269       -5.59513420E-02
   1135.8434629247290       -3.40685435E-02
   1135.9866785927311       -1.22141121E-02
   1136.1298942607332        9.62193683E-03
   1136.2731099287353        3.14622372E-02
   1136.4163255967374        5.33318557E-02
   1136.5595412647394        7.52475783E-02
   1136.7027569327415        9.72087681E-02
   1136.8459726007436       0.119193278    
   1136.9891882687457       0.141160533    
   1137.1324039367478       0.163060382    
   1137.2756196047499       0.184843376    
   1137.4188352727519       0.206468567    
   1137.5620509407540       0.227907851    
   1137.7052666087561       0.249147743    
   1137.8484822767582       0.270188808    
   1137.9916979447603       0.291041493    
   1138.1349136127624       0.311717898    
   1138.2781292807645       0.332221776    
   1138.4213449487665       0.352541208    
   1138.5645606167686       0.372647315    
   1138.7077762847707       0.392499119    
   1138.8509919527728       0.412051827    
   1138.9942076207749       0.431265891    
   1139.1374232887770       0.450115174    
   1139.2806389567791       0.468592584    
   1139.4238546247811       0.486711085    
   1139.5670702927832       0.504498184    
   1139.7102859607853       0.521984339    
   1139.8535016287874       0.539189875    
   1139.9967172967895       0.556114674    
   1140.1399329647916       0.572734058    
   1140.2831486327937       0.588999808    
   1140.4263643007957       0.604846537    
   1140.5695799687978       0.620201468    
   1140.7127956367999       0.634998024    
   1140.8560113048020       0.649190247    
   1140.9992269728041       0.662763417    
   1141.1424426408062       0.675736785    
   1141.2856583088083       0.688157558    
   1141.4288739768103       0.700088978    
   1141.5720896448124       0.711595654    
   1141.7153053128145       0.722728133    
   1141.8585209808166       0.733508706    
   1142.0017366488187       0.743921816    
   1142.1449523168208       0.753912687    
   1142.2881679848228       0.763397336    
   1142.4313836528249       0.772281528    
   1142.5745993208270       0.780482352    
   1142.7178149888291       0.787946403    
   1142.8610306568312       0.794659972    
   1143.0042463248333       0.800651073    
   1143.1474619928354       0.805983365    
   1143.2906776608374       0.810742199    
   1143.4338933288395       0.815014780    
   1143.5771089968416       0.818868637    
   1143.7203246648437       0.822334468    
   1143.8635403328458       0.825398624    
   1144.0067560008479       0.828005433    
   1144.1499716688500       0.830068529    
   1144.2931873368520       0.831487715    
   1144.4364030048541       0.832170129    
   1144.5796186728562       0.832051039    
   1144.7228343408583       0.831110299    
   1144.8660500088604       0.829377949    
   1145.0092656768625       0.826927602    
   1145.1524813448646       0.823859215    
   1145.2956970128666       0.820276380    
   1145.4389126808687       0.816263974    
   1145.5821283488708       0.811869860    
   1145.7253440168729       0.807094395    
   1145.8685596848750       0.801891029    
   1146.0117753528771       0.796178639    
   1146.1549910208792       0.789863408    
   1146.2982066888812       0.782862663    
   1146.4414223568833       0.775124252    
   1146.5846380248854       0.766636491    
   1146.7278536928875       0.757429898    
   1146.8710693608896       0.747570992    
   1147.0142850288917       0.737150073    
   1147.1575006968937       0.726263583    
   1147.3007163648958       0.714993894    
   1147.4439320328979       0.703392267    
   1147.5871477009000       0.691470146    
   1147.7303633689021       0.679200709    
   1147.8735790369042       0.666529000    
   1148.0167947049063       0.653387249    
   1148.1600103729083       0.639711916    
   1148.3032260409104       0.625460565    
   1148.4464417089125       0.610624969    
   1148.5896573769146       0.595235884    
   1148.7328730449167       0.579357505    
   1148.8760887129188       0.563073158    
   1149.0193043809209       0.546467364    
   1149.1625200489229       0.529610217    
   1149.3057357169250       0.512547374    
   1149.4489513849271       0.495296001    
   1149.5921670529292       0.477846980    
   1149.7353827209313       0.460172832    
   1149.8785983889334       0.442240179    
   1150.0218140569355       0.424023122    
   1150.1650297249375       0.405513078    
   1150.3082453929396       0.386722952    
   1150.4514610609417       0.367685914    
   1150.5946767289438       0.348450989    
   1150.7378923969459       0.329076380    
   1150.8811080649480       0.309620380    
   1151.0243237329501       0.290130883    
   1151.1675394009521       0.270636857    
   1151.3107550689542       0.251145989    
   1151.4539707369563       0.231649816    
   1151.5971864049584       0.212134197    
   1151.7404020729605       0.192590266    
   1151.8836177409626       0.173022866    
   1152.0268334089646       0.153455228    
   1152.1700490769667       0.133929893    
   1152.3132647449688       0.114504665    
   1152.4564804129709        9.52429846E-02
   1152.5996960809730        7.62009099E-02
   1152.7429117489751        5.74155338E-02
   1152.8861274169772        3.88996527E-02
   1153.0293430849792        2.06442121E-02
   1153.1725587529813        2.62609334E-03
   1153.3157744209834       -1.51821440E-02
   1153.4589900889855       -3.28024663E-02
   1153.6022057569876       -5.02420403E-02
   1153.7454214249897       -6.74857199E-02
   1153.8886370929918       -8.44930857E-02
   1154.0318527609938      -0.101202324    
   1154.1750684289959      -0.117540598    
   1154.3182840969980      -0.133437544    
   1154.4614997650001      -0.148838341    
   1154.6047154330022      -0.163714007    
   1154.7479311010043      -0.178067297    
   1154.8911467690064      -0.191932380    
   1155.0343624370084      -0.205366060    
   1155.1775781050105      -0.218431070    
   1155.3207937730126      -0.231175974    
   1155.4640094410147      -0.243618608    
   1155.6072251090168      -0.255738258    
   1155.7504407770189      -0.267477751    
   1155.8936564450210      -0.278753608    
   1156.0368721130230      -0.289471716    
   1156.1800877810251      -0.299546361    
   1156.3233034490272      -0.308919162    
   1156.4665191170293      -0.317572951    
   1156.6097347850314      -0.325535536    
   1156.7529504530335      -0.332872123    
   1156.8961661210355      -0.339669436    
   1157.0393817890376      -0.346016884    
   1157.1825974570397      -0.351988822    
   1157.3258131250418      -0.357629299    
   1157.4690287930439      -0.362941176    
   1157.6122444610460      -0.367883086    
   1157.7554601290481      -0.372377157    
   1157.8986757970501      -0.376327187    
   1158.0418914650522      -0.379642487    
   1158.1851071330543      -0.382260084    
   1158.3283228010564      -0.384159952    
   1158.4715384690585      -0.385370582    
   1158.6147541370606      -0.385964870    
   1158.7579698050627      -0.386046082    
   1158.9011854730647      -0.385726154    
   1159.0444011410668      -0.385100931    
   1159.1876168090689      -0.384229869    
   1159.3308324770710      -0.383126110    
   1159.4740481450731      -0.381758600    
   1159.6172638130752      -0.380063355    
   1159.7604794810773      -0.377960414    
   1159.9036951490793      -0.375372887    
   1160.0469108170814      -0.372245997    
   1160.1901264850835      -0.368562430    
   1160.3333421530856      -0.364349335    
   1160.4765578210877      -0.359674394    
   1160.6197734890898      -0.354632765    
   1160.7629891570919      -0.349329025    
   1160.9062048250939      -0.343858749    
   1161.0494204930960      -0.338292152    
   1161.1926361610981      -0.332661867    
   1161.3358518291002      -0.326958120    
   1161.4790674971023      -0.321134359    
   1161.6222831651044      -0.315123618    
   1161.7654988331064      -0.308860689    
   1161.9087145011085      -0.302302212    
   1162.0519301691106      -0.295439005    
   1162.1951458371127      -0.288298994    
   1162.3383615051148      -0.280942202    
   1162.4815771731169      -0.273449868    
   1162.6247928411190      -0.265909076    
   1162.7680085091210      -0.258395731    
   1162.9112241771231      -0.250960410    
   1163.0544398451252      -0.243621856    
   1163.1976555131273      -0.236369520    
   1163.3408711811294      -0.229172423    
   1163.4840868491315      -0.221990317    
   1163.6273025171336      -0.214784965    
   1163.7705181851356      -0.207530811    
   1163.9137338531377      -0.200223997    
   1164.0569495211398      -0.192886949    
   1164.2001651891419      -0.185565606    
   1164.3433808571440      -0.178319484    
   1164.4865965251461      -0.171208337    
   1164.6298121931482      -0.164279997    
   1164.7730278611502      -0.157562271    
   1164.9162435291523      -0.151059389    
   1165.0594591971544      -0.144753620    
   1165.2026748651565      -0.138612688    
   1165.3458905331586      -0.132602364    
   1165.4891062011607      -0.126700327    
   1165.6323218691628      -0.120905399    
   1165.7755375371648      -0.115238443    
   1165.9187532051669      -0.109735809    
   1166.0619688731690      -0.104439713    
   1166.2051845411711       -9.93891656E-02
   1166.3484002091732       -9.46127549E-02
   1166.4916158771753       -9.01231468E-02
   1166.6348315451773       -8.59144554E-02
   1166.7780472131794       -8.19644853E-02
   1166.9212628811815       -7.82422498E-02
   1167.0644785491836       -7.47180209E-02
   1167.2076942171857       -7.13717788E-02
   1167.3509098851878       -6.81977347E-02
   1167.4941255531899       -6.52055591E-02
   1167.6373412211919       -6.24195002E-02
   1167.7805568891940       -5.98750338E-02
   1167.9237725571961       -5.76114394E-02
   1168.0669882251982       -5.56607284E-02
   1168.2102038932003       -5.40366918E-02
   1168.3534195612024       -5.27290180E-02
   1168.4966352292045       -5.17049991E-02
   1168.6398508972065       -5.09174280E-02
   1168.7830665652086       -5.03155626E-02
   1168.9262822332107       -4.98566926E-02
   1169.0694979012128       -4.95166518E-02
   1169.2127135692149       -4.92969714E-02
   1169.3559292372170       -4.92254570E-02
   1169.4991449052191       -4.93485220E-02
   1169.6423605732211       -4.97175008E-02
   1169.7855762412232       -5.03742993E-02
   1169.9287919092253       -5.13410866E-02
   1170.0720075772274       -5.26154004E-02
   1170.2152232452295       -5.41695729E-02
   1170.3584389132316       -5.59537783E-02
   1170.5016545812337       -5.79036996E-02
   1170.6448702492357       -5.99532016E-02
   1170.7880859172378       -6.20495267E-02
   1170.9313015852399       -6.41659945E-02
   1171.0745172532420       -6.63080588E-02
   1171.2177329212441       -6.85117692E-02
   1171.3609485892462       -7.08361715E-02
   1171.5041642572482       -7.33511001E-02
   1171.6473799252503       -7.61211962E-02
   1171.7905955932524       -7.91882649E-02
   1171.9338112612545       -8.25570524E-02
   1172.0770269292566       -8.61903280E-02
   1172.2202425972587       -9.00161043E-02
   1172.3634582652608       -9.39443633E-02
   1172.5066739332628       -9.78871360E-02
   1172.6498896012649      -0.101776481    
   1172.7931052692670      -0.105577230    
   1172.9363209372691      -0.109293267    
   1173.0795366052712      -0.112965725    
   1173.2227522732733      -0.116662502    
   1173.3659679412754      -0.120460950    
   1173.5091836092774      -0.124428846    
   1173.6523992772795      -0.128609076    
   1173.7956149452816      -0.133010641    
   1173.9388306132837      -0.137606099    
   1174.0820462812858      -0.142334551    
   1174.2252619492879      -0.147111073    
   1174.3684776172900      -0.151842743    
   1174.5116932852920      -0.156448886    
   1174.6549089532941      -0.160879448    
   1174.7981246212962      -0.165125340    
   1174.9413402892983      -0.169218183    
   1175.0845559573004      -0.173220724    
   1175.2277716253025      -0.177211225    
   1175.3709872933046      -0.181264579    
   1175.5142029613066      -0.185433239    
   1175.6574186293087      -0.189732403    
   1175.8006342973108      -0.194134444    
   1175.9438499653129      -0.198575169    
   1176.0870656333150      -0.202969193    
   1176.2302813013171      -0.207228288    
   1176.3734969693191      -0.211277276    
   1176.5167126373212      -0.215065181    
   1176.6599283053233      -0.218571842    
   1176.8031439733254      -0.221809983    
   1176.9463596413275      -0.224821091    
   1177.0895753093296      -0.227664694    
   1177.2327909773317      -0.230403289    
   1177.3760066453337      -0.233087227    
   1177.5192223133358      -0.235743314    
   1177.6624379813379      -0.238368437    
   1177.8056536493400      -0.240928516    
   1177.9488693173421      -0.243363455    
   1178.0920849853442      -0.245598599    
   1178.2353006533463      -0.247560933    
   1178.3785163213483      -0.249195069    
   1178.5217319893504      -0.250473082    
   1178.6649476573525      -0.251395255    
   1178.8081633253546      -0.251983404    
   1178.9513789933567      -0.252270609    
   1179.0945946613588      -0.252290636    
   1179.2378103293609      -0.252068222    
   1179.3810259973629      -0.251611978    
   1179.5242416653650      -0.250911444    
   1179.6674573333671      -0.249940053    
   1179.8106730013692      -0.248662591    
   1179.9538886693713      -0.247043148    
   1180.0971043373734      -0.245050728    
   1180.2403200053755      -0.242662162    
   1180.3835356733775      -0.239864051    
   1180.5267513413796      -0.236654639    
   1180.6699670093817      -0.233043775    
   1180.8131826773838      -0.229048550    
   1180.9563983453859      -0.224685177    
   1181.0996140133880      -0.219960511    
   1181.2428296813900      -0.214867368    
   1181.3860453493921      -0.209385216    
   1181.5292610173942      -0.203485057    
   1181.6724766853963      -0.197136551    
   1181.8156923533984      -0.190315947    
   1181.9589080214005      -0.183013305    
   1182.1021236894026      -0.175236329    
   1182.2453393574046      -0.167008162    
   1182.3885550254067      -0.158358589    
   1182.5317706934088      -0.149312317    
   1182.6749863614109      -0.139879659    
   1182.8182020294130      -0.130052879    
   1182.9614176974151      -0.119808391    
   1183.1046333654172      -0.109112442    
   1183.2478490334192       -9.79287624E-02
   1183.3910647014213       -8.62273499E-02
   1183.5342803694234       -7.39931613E-02
   1183.6774960374255       -6.12322502E-02
   1183.8207117054276       -4.79729138E-02
   1183.9639273734297       -3.42615210E-02
   1184.1071430414318       -2.01549791E-02
   1184.2503587094338       -5.71188936E-03
   1184.3935743774359        9.01707821E-03
   1184.5367900454380        2.39994656E-02
   1184.6800057134401        3.92300263E-02
   1184.8232213814422        5.47342077E-02
   1184.9664370494443        7.05623254E-02
   1185.1096527174464        8.67747366E-02
   1185.2528683854484       0.103422731    
   1185.3960840534505       0.120531589    
   1185.5392997214526       0.138090238    
   1185.6825153894547       0.156049147    
   1185.8257310574568       0.174326345    
   1185.9689467254589       0.192821026    
   1186.1121623934609       0.211432457    
   1186.2553780614630       0.230079651    
   1186.3985937294651       0.248715773    
   1186.5418093974672       0.267333448    
   1186.6850250654693       0.285960495    
   1186.8282407334714       0.304649264    
   1186.9714564014735       0.323462248    
   1187.1146720694755       0.342455894    
   1187.2578877374776       0.361664146    
   1187.4011034054797       0.381084561    
   1187.5443190734818       0.400671244    
   1187.6875347414839       0.420337737    
   1187.8307504094860       0.439969569    
   1187.9739660774881       0.459443480    
   1188.1171817454901       0.478648901    
   1188.2603974134922       0.497507751    
   1188.4036130814943       0.515987933    
   1188.5468287494964       0.534106255    
   1188.6900444174985       0.551918209    
   1188.8332600855006       0.569497108    
   1188.9764757535027       0.586908937    
   1189.1196914215047       0.604190707    
   1189.2629070895068       0.621338248    
   1189.4061227575089       0.638303578    
   1189.5493384255110       0.655000985    
   1189.6925540935131       0.671319962    
   1189.8357697615152       0.687143028    
   1189.9789854295173       0.702365279    
   1190.1222010975193       0.716911674    
   1190.2654167655214       0.730746627    
   1190.4086324335235       0.743875325    
   1190.5518481015256       0.756336629    
   1190.6950637695277       0.768190324    
   1190.8382794375298       0.779500544    
   1190.9814951055318       0.790316701    
   1191.1247107735339       0.800656199    
   1191.2679264415360       0.810494006    
   1191.4111421095381       0.819763601    
   1191.5543577775402       0.828369856    
   1191.6975734455423       0.836209536    
   1191.8407891135444       0.843192697    
   1191.9840047815464       0.849259198    
   1192.1272204495485       0.854387224    
   1192.2704361175506       0.858592570    
   1192.4136517855527       0.861919045    
   1192.5568674535548       0.864423037    
   1192.7000831215569       0.866156280    
   1192.8432987895590       0.867152691    
   1192.9865144575610       0.867421687    
   1193.1297301255631       0.866947949    
   1193.2729457935652       0.865695596    
   1193.4161614615673       0.863615334    
   1193.5593771295694       0.860653996    
   1193.7025927975715       0.856766164    
   1193.8458084655736       0.851925135    
   1193.9890241335756       0.846129715    
   1194.1322398015777       0.839404285    
   1194.2754554695798       0.831792176    
   1194.4186711375819       0.823345184    
   1194.5618868055840       0.814111352    
   1194.7051024735861       0.804123640    
   1194.8483181415882       0.793392301    
   1194.9915338095902       0.781903505    
   1195.1347494775923       0.769626439    
   1195.2779651455944       0.756527245    
   1195.4211808135965       0.742584288    
   1195.5643964815986       0.727798581    
   1195.7076121496007       0.712196410    
   1195.8508278176027       0.695824325    
   1195.9940434856048       0.678740144    
   1196.1372591536069       0.661002815    
   1196.2804748216090       0.642662883    
   1196.4236904896111       0.623754680    
   1196.5669061576132       0.604292512    
   1196.7101218256153       0.584271491    
   1196.8533374936173       0.563673675    
   1196.9965531616194       0.542477131    
   1197.1397688296215       0.520665884    
   1197.2829844976236       0.498239815    
   1197.4262001656257       0.475222439    
   1197.5694158336278       0.451664925    
   1197.7126315016299       0.427643389    
   1197.8558471696319       0.403248161    
   1197.9990628376340       0.378567129    
   1198.1422785056361       0.353668362    
   1198.2854941736382       0.328587562    
   1198.4287098416403       0.303324163    
   1198.5719255096424       0.277846843    
   1198.7151411776445       0.252107263    
   1198.8583568456465       0.226059139    
   1199.0015725136486       0.199678123    
   1199.1447881816507       0.172976568    
   1199.2880038496528       0.146008596    
   1199.4312195176549       0.118863851    
   1199.5744351856570        9.16530415E-02
   1199.7176508536591        6.44901767E-02
   1199.8608665216611        3.74756642E-02
   1200.0040821896632        1.06822867E-02
   1200.1472978576653       -1.58547927E-02
   1200.2905135256674       -4.21419293E-02
   1200.4337291936695       -6.82223439E-02
   1200.5769448616716       -9.41621587E-02
   1200.7201605296736      -0.120029733    
   1200.8633761976757      -0.145873532    
   1201.0065918656778      -0.171704069    
   1201.1498075336799      -0.197484002    
   1201.2930232016820      -0.223128751    
   1201.4362388696841      -0.248518467    
   1201.5794545376862      -0.273519695    
   1201.7226702056882      -0.298012137    
   1201.8658858736903      -0.321912885    
   1202.0091015416924      -0.345190823    
   1202.1523172096945      -0.367867529    
   1202.2955328776966      -0.390005589    
   1202.4387485456987      -0.411688626    
   1202.5819642137008      -0.432998151    
   1202.7251798817028      -0.453992277    
   1202.8683955497049      -0.474689782    
   1203.0116112177070      -0.495063394    
   1203.1548268857091      -0.515043020    
   1203.2980425537112      -0.534528494    
   1203.4412582217133      -0.553407550    
   1203.5844738897154      -0.571575940    
   1203.7276895577174      -0.588956237    
   1203.8709052257195      -0.605512202    
   1204.0141208937216      -0.621256053    
   1204.1573365617237      -0.636244476    
   1204.3005522297258      -0.650563359    
   1204.4437678977279      -0.664304197    
   1204.5869835657300      -0.677539527    
   1204.7301992337320      -0.690304637    
   1204.8734149017341      -0.702589810    
   1205.0166305697362      -0.714343250    
   1205.1598462377383      -0.725483537    
   1205.3030619057404      -0.735918522    
   1205.4462775737425      -0.745566010    
   1205.5894932417445      -0.754371881    
   1205.7327089097466      -0.762320042    
   1205.8759245777487      -0.769432187    
   1206.0191402457508      -0.775758982    
   1206.1623559137529      -0.781366646    
   1206.3055715817550      -0.786322355    
   1206.4487872497571      -0.790681183    
   1206.5920029177591      -0.794474840    
   1206.7352185857612      -0.797704935    
   1206.8784342537633      -0.800343037    
   1207.0216499217654      -0.802338541    
   1207.1648655897675      -0.803632557    
   1207.3080812577696      -0.804174304    
   1207.4512969257717      -0.803935170    
   1207.5945125937737      -0.802917063    
   1207.7377282617758      -0.801153541    
   1207.8809439297779      -0.798702240    
   1208.0241595977800      -0.795630693    
   1208.1673752657821      -0.791998982    
   1208.3105909337842      -0.787845433    
   1208.4538066017863      -0.783180237    
   1208.5970222697883      -0.777988076    
   1208.7402379377904      -0.772237599    
   1208.8834536057925      -0.765893102    
   1209.0266692737946      -0.758925736    
   1209.1698849417967      -0.751322508    
   1209.3131006097988      -0.743091643    
   1209.4563162778009      -0.734263122    
   1209.5995319458029      -0.724883437    
   1209.7427476138050      -0.715006173    
   1209.8859632818071      -0.704681814    
   1210.0291789498092      -0.693948805    
   1210.1723946178113      -0.682828009    
   1210.3156102858134      -0.671319962    
   1210.4588259538154      -0.659405947    
   1210.6020416218175      -0.647054672    
   1210.7452572898196      -0.634234190    
   1210.8884729578217      -0.620926499    
   1211.0316886258238      -0.607139647    
   1211.1749042938259      -0.592911899    
   1211.3181199618280      -0.578306973    
   1211.4613356298300      -0.563401818    
   1211.6045512978321      -0.548271060    
   1211.7477669658342      -0.532971859    
   1211.8909826338363      -0.517532527    
   1212.0341983018384      -0.501948416    
   1212.1774139698405      -0.486186534    
   1212.3206296378426      -0.470197797    
   1212.4638453058446      -0.453933388    
   1212.6070609738467      -0.437359899    
   1212.7502766418488      -0.420469999    
   1212.8934923098509      -0.403287828    
   1213.0367079778530      -0.385868847    
   1213.1799236458551      -0.368293881    
   1213.3231393138572      -0.350657016    
   1213.4663549818592      -0.333048999    
   1213.6095706498613      -0.315539837    
   1213.7527863178634      -0.298165977    
   1213.8960019858655      -0.280925184    
   1214.0392176538676      -0.263780147    
   1214.1824333218697      -0.246669888    
   1214.3256489898718      -0.229527608    
   1214.4688646578738      -0.212301522    
   1214.6120803258759      -0.194973886    
   1214.7552959938780      -0.177571878    
   1214.8985116618801      -0.160166070    
   1215.0417273298822      -0.142856866    
   1215.1849429978843      -0.125753880    
   1215.3281586658863      -0.108954623    
   1215.4713743338884       -9.25274268E-02
   1215.6145900018905       -7.65009969E-02
   1215.7578056698926       -6.08618781E-02
   1215.9010213378947       -4.55607139E-02
   1216.0442370058968       -3.05267312E-02
   1216.1874526738989       -1.56874452E-02
   1216.3306683419009       -9.88657353E-04
   1216.4738840099030        1.35899866E-02
   1216.6170996779051        2.80266535E-02
   1216.7603153459072        4.22573052E-02
   1216.9035310139093        5.61843738E-02
   1217.0467466819114        6.96937963E-02
   1217.1899623499135        8.26777294E-02
   1217.3331780179155        9.50574428E-02
   1217.4763936859176       0.106799327    
   1217.6196093539197       0.117919281    
   1217.7628250219218       0.128474787    
   1217.9060406899239       0.138547808    
   1218.0492563579260       0.148223087    
   1218.1924720259281       0.157566398    
   1218.3356876939301       0.166607589    
   1218.4789033619322       0.175332427    
   1218.6221190299343       0.183685973    
   1218.7653346979364       0.191586077    
   1218.9085503659385       0.198942393    
   1219.0517660339406       0.205675021    
   1219.1949817019427       0.211729109    
   1219.3381973699447       0.217084020    
   1219.4814130379468       0.221756652    
   1219.6246287059489       0.225797817    
   1219.7678443739510       0.229280874    
   1219.9110600419531       0.232284248    
   1220.0542757099552       0.234872386    
   1220.1974913779572       0.237081051    
   1220.3407070459593       0.238910422    
   1220.4839227139614       0.240327045    
   1220.6271383819635       0.241273463    
   1220.7703540499656       0.241683409    
   1220.9135697179677       0.241499558    
   1221.0567853859698       0.240689293    
   1221.2000010539718       0.239253432    
   1221.3432167219739       0.237225220    
   1221.4864323899760       0.234660551    
   1221.6296480579781       0.231624022    
   1221.7728637259802       0.228175461    
   1221.9160793939823       0.224359736    
   1222.0592950619844       0.220200926    
   1222.2025107299864       0.215701416    
   1222.3457263979885       0.210846245    
   1222.4889420659906       0.205611914    
   1222.6321577339927       0.199977010    
   1222.7753734019948       0.193931237    
   1222.9185890699969       0.187480658    
   1223.0618047379990       0.180649370    
   1223.2050204060010       0.173477903    
   1223.3482360740031       0.166018665    
   1223.4914517420052       0.158327773    
   1223.6346674100073       0.150454506    
   1223.7778830780094       0.142432109    
   1223.9210987460115       0.134274051    
   1224.0643144140136       0.125977635    
   1224.2075300820156       0.117533125    
   1224.3507457500177       0.108934350    
   1224.4939614180198       0.100187466    
   1224.6371770860219        9.13161412E-02
   1224.7803927540240        8.23622942E-02
   1224.9236084220261        7.33817667E-02
   1225.0668240900281        6.44352883E-02
   1225.2100397580302        5.55771291E-02
   1225.3532554260323        4.68455292E-02
   1225.4964710940344        3.82584035E-02
   1225.6396867620365        2.98150592E-02
   1225.7829024300386        2.15022210E-02
   1225.9261180980407        1.33022079E-02
   1226.0693337660427        5.20200795E-03
   1226.2125494340448       -2.79758871E-03
   1226.3557651020469       -1.06746536E-02
   1226.4989807700490       -1.83832813E-02
   1226.6421964380511       -2.58571263E-02
   1226.7854121060532       -3.30188088E-02
   1226.9286277740553       -3.97926643E-02
   1227.0718434420573       -4.61179391E-02
   1227.2150591100594       -5.19599877E-02
   1227.3582747780615       -5.73170818E-02
   1227.5014904460636       -6.22201301E-02
   1227.6447061140657       -6.67234287E-02
   1227.7879217820678       -7.08877072E-02
   1227.9311374500699       -7.47604147E-02
   1228.0743531180719       -7.83596188E-02
   1228.2175687860740       -8.16661343E-02
   1228.3607844540761       -8.46247971E-02
   1228.5040001220782       -8.71533900E-02
   1228.6472157900803       -8.91571119E-02
   1228.7904314580824       -9.05464590E-02
   1228.9336471260845       -9.12553146E-02
   1229.0768627940865       -9.12547708E-02
   1229.2200784620886       -9.05585736E-02
   1229.3632941300907       -8.92186984E-02
   1229.5065097980928       -8.73128176E-02
   1229.6497254660949       -8.49270821E-02
   1229.7929411340970       -8.21375847E-02
   1229.9361568020990       -7.89932087E-02
   1230.0793724701011       -7.55031407E-02
   1230.2225881381032       -7.16327056E-02
   1230.3658038061053       -6.73101172E-02
   1230.5090194741074       -6.24431819E-02
   1230.6522351421095       -5.69416247E-02
   1230.7954508101116       -5.07390313E-02
   1230.9386664781136       -4.38092276E-02
   1231.0818821461157       -3.61738428E-02
   1231.2250978141178       -2.78994683E-02
   1231.3683134821199       -1.90845579E-02
   1231.5115291501220       -9.83873568E-03
   1231.6547448181241       -2.59756955E-04
   1231.7979604861262        9.58557520E-03
   1231.9411761541282        1.96720250E-02
   1232.0843918221303        3.00168227E-02
   1232.2276074901324        4.06721309E-02
   1232.3708231581345        5.17110117E-02
   1232.5140388261366        6.32089227E-02
   1232.6572544941387        7.52236098E-02
   1232.8004701621408        8.77779797E-02
   1232.9436858301428       0.100850821    
   1233.0869014981449       0.114378147    
   1233.2301171661470       0.128264308    
   1233.3733328341491       0.142399266    
   1233.5165485021512       0.156677917    
   1233.6597641701533       0.171017915    
   1233.8029798381554       0.185372770    
   1233.9461955061574       0.199736908    
   1234.0894111741595       0.214140534    
   1234.2326268421616       0.228635177    
   1234.3758425101637       0.243274450    
   1234.5190581781658       0.258095801    
   1234.6622738461679       0.273108125    
   1234.8054895141699       0.288286835    
   1234.9487051821720       0.303576529    
   1235.0919208501741       0.318899572    
   1235.2351365181762       0.334169120    
   1235.3783521861783       0.349303722    
   1235.5215678541804       0.364239752    
   1235.6647835221825       0.378938884    
   1235.8079991901845       0.393389046    
   1235.9512148581866       0.407599807    
   1236.0944305261887       0.421593845    
   1236.2376461941908       0.435395867    
   1236.3808618621929       0.449021131    
   1236.5240775301950       0.462466329    
   1236.6672931981971       0.475706011    
   1236.8105088661991       0.488695711    
   1236.9537245342012       0.501380384    
   1237.0969402022033       0.513705194    
   1237.2401558702054       0.525624454    
   1237.3833715382075       0.537107766    
   1237.5265872062096       0.548141718    
   1237.6698028742117       0.558727801    
   1237.8130185422137       0.568876207    
   1237.9562342102158       0.578596354    
   1238.0994498782179       0.587888539    
   1238.2426655462200       0.596738815    
   1238.3858812142221       0.605119705    
   1238.5290968822242       0.612995625    
   1238.6723125502263       0.620329797    
   1238.8155282182283       0.627091169    
   1238.9587438862304       0.633259714    
   1239.1019595542325       0.638829887    
   1239.2451752222346       0.643811285    
   1239.3883908902367       0.648225069    
   1239.5316065582388       0.652096689    
   1239.6748222262408       0.655446649    
   1239.8180378942429       0.658281863    
   1239.9612535622450       0.660590708    
   1240.1044692302471       0.662342608    
   1240.2476848982492       0.663492799    
   1240.3909005662513       0.663990974    
   1240.5341162342534       0.663793266    
   1240.6773319022554       0.662873566    
   1240.8205475702575       0.661231875    
   1240.9637632382596       0.658895612    
   1241.1069789062617       0.655914664    
   1241.2501945742638       0.652350605    
   1241.3934102422659       0.648263693    
   1241.5366259102680       0.643699169    
   1241.6798415782700       0.638677001    
   1241.8230572462721       0.633186221    
   1241.9662729142742       0.627187133    
   1242.1094885822763       0.620620728    
   1242.2527042502784       0.613422871    
   1242.3959199182805       0.605539858    
   1242.5391355862826       0.596941233    
   1242.6823512542846       0.587628126    
   1242.8255669222867       0.577635884    
   1242.9687825902888       0.567030489    
   1243.1119982582909       0.555897832    
   1243.2552139262930       0.544327676    
   1243.3984295942951       0.532395244    
   1243.5416452622972       0.520146191    
   1243.6848609302992       0.507588089    
   1243.8280765983013       0.494691104    
   1243.9712922663034       0.481396765    
   1244.1145079343055       0.467632920    
   1244.2577236023076       0.453331888    
   1244.4009392703097       0.438448250    
   1244.5441549383117       0.422972292    
   1244.6873706063138       0.406935662    
   1244.8305862743159       0.390407711    
   1244.9738019423180       0.373483360    
   1245.1170176103201       0.356265455    
   1245.2602332783222       0.338846087    
   1245.4034489463243       0.321289957    
   1245.5466646143263       0.303623974    
   1245.6898802823284       0.285834670    
   1245.8330959503305       0.267874658    
   1245.9763116183326       0.249676511    
   1246.1195272863347       0.231170788    
   1246.2627429543368       0.212304249    
   1246.4059586223389       0.193054393    
   1246.5491742903409       0.173437625    
   1246.6923899583430       0.153509229    
   1246.8356056263451       0.133354753    
   1246.9788212943472       0.113074340    
   1247.1220369623493        9.27636549E-02
   1247.2652526303514        7.24963322E-02
   1247.4084682983535        5.23123816E-02
   1247.5516839663555        3.22146490E-02
   1247.6948996343576        1.21732829E-02
   1247.8381153023597       -7.86351413E-03
   1247.9813309703618       -2.79547051E-02
   1248.1245466383639       -4.81503271E-02
   1248.2677623063660       -6.84773698E-02
   1248.4109779743681       -8.89310539E-02
   1248.5541936423701      -0.109473765    
   1248.6974093103722      -0.130041614    
   1248.8406249783743      -0.150556400    
   1248.9838406463764      -0.170939445    
   1249.1270563143785      -0.191124380    
   1249.2702719823806      -0.211066350    
   1249.4134876503826      -0.230746359    
   1249.5567033183847      -0.250169933    
   1249.6999189863868      -0.269360363    
   1249.8431346543889      -0.288348317    
   1249.9863503223910      -0.307160318    
   1250.1295659903931      -0.325809419    
   1250.2727816583952      -0.344290048    
   1250.4159973263972      -0.362577587    
   1250.5592129943993      -0.380632609    
   1250.7024286624014      -0.398407996    
   1250.8456443304035      -0.415857285    
   1250.9888599984056      -0.432941943    
   1251.1320756664077      -0.449635804    
   1251.2752913344098      -0.465925932    
   1251.4185070024118      -0.481810093    
   1251.5617226704139      -0.497292280    
   1251.7049383384160      -0.512377441    
   1251.8481540064181      -0.527066350    
   1251.9913696744202      -0.541352212    
   1252.1345853424223      -0.555219412    
   1252.2778010104244      -0.568645477    
   1252.4210166784264      -0.581605494    
   1252.5642323464285      -0.594076991    
   1252.7074480144306      -0.606043875    
   1252.8506636824327      -0.617497444    
   1252.9938793504348      -0.628435433    
   1253.1370950184369      -0.638858855    
   1253.2803106864390      -0.648768604    
   1253.4235263544410      -0.658161402    
   1253.5667420224431      -0.667026401    
   1253.7099576904452      -0.675344050    
   1253.8531733584473      -0.683087409    
   1253.9963890264494      -0.690227091    
   1254.1396046944515      -0.696737409    
   1254.2828203624535      -0.702602327    
   1254.4260360304556      -0.707818925    
   1254.5692516984577      -0.712397516    
   1254.7124673664598      -0.716359258    
   1254.8556830344619      -0.719730675    
   1254.9988987024640      -0.722537100    
   1255.1421143704661      -0.724795222    
   1255.2853300384681      -0.726507604    
   1255.4285457064702      -0.727659762    
   1255.5717613744723      -0.728222191    
   1255.7149770424744      -0.728155732    
   1255.8581927104765      -0.727419674    
   1256.0014083784786      -0.725980878    
   1256.1446240464807      -0.723821819    
   1256.2878397144827      -0.720945776    
   1256.4310553824848      -0.717377543    
   1256.5742710504869      -0.713159204    
   1256.7174867184890      -0.708342135    
   1256.8607023864911      -0.702976763    
   1257.0039180544932      -0.697102904    
   1257.1471337224953      -0.690742731    
   1257.2903493904973      -0.683897018    
   1257.4335650584994      -0.676545799    
   1257.5767807265015      -0.668653965    
   1257.7199963945036      -0.660180926    
   1257.8632120625057      -0.651091814    
   1258.0064277305078      -0.641367555    
   1258.1496433985099      -0.631011426    
   1258.2928590665119      -0.620050609    
   1258.4360747345140      -0.608533263    
   1258.5792904025161      -0.596522212    
   1258.7225060705182      -0.584085524    
   1258.8657217385203      -0.571285486    
   1259.0089374065224      -0.558168590    
   1259.1521530745244      -0.544758439    
   1259.2953687425265      -0.531054556    
   1259.4385844105286      -0.517036498    
   1259.5818000785307      -0.502672017    
   1259.7250157465328      -0.487927735    
   1259.8682314145349      -0.472779334    
   1260.0114470825370      -0.457220435    
   1260.1546627505390      -0.441267788    
   1260.2978784185411      -0.424961656    
   1260.4410940865432      -0.408360779    
   1260.5843097545453      -0.391533554    
   1260.7275254225474      -0.374547511    
   1260.8707410905495      -0.357459843    
   1261.0139567585516      -0.340310216    
   1261.1571724265536      -0.323117316    
   1261.3003880945557      -0.305879653    
   1261.4436037625578      -0.288580984    
   1261.5868194305599      -0.271198928    
   1261.7300350985620      -0.253714800    
   1261.8732507665641      -0.236121908    
   1262.0164664345662      -0.218430758    
   1262.1596821025682      -0.200670466    
   1262.3028977705703      -0.182886630    
   1262.4461134385724      -0.165135890    
   1262.5893291065745      -0.147477761    
   1262.7325447745766      -0.129965469    
   1262.8757604425787      -0.112638347    
   1263.0189761105808       -9.55182165E-02
   1263.1621917785828       -7.86102861E-02
   1263.3054074465849       -6.19074814E-02
   1263.4486231145870       -4.53964360E-02
   1263.5918387825891       -2.90638097E-02
   1263.7350544505912       -1.29021807E-02
   1263.8782701185933        3.08533967E-03
   1264.0214857865953        1.88830271E-02
   1264.1647014545974        3.44638415E-02
   1264.3079171225995        4.97936122E-02
   1264.4511327906016        6.48364350E-02
   1264.5943484586037        7.95594975E-02
   1264.7375641266058        9.39365029E-02
   1264.8807797946079       0.107949682    
   1265.0239954626099       0.121590316    
   1265.1672111306120       0.134857550    
   1265.3104267986141       0.147755265    
   1265.4536424666162       0.160288110    
   1265.5968581346183       0.172458127    
   1265.7400738026204       0.184263229    
   1265.8832894706225       0.195697471    
   1266.0265051386245       0.206752419    
   1266.1697208066266       0.217418969    
   1266.3129364746287       0.227689192    
   1266.4561521426308       0.237558156    
   1266.5993678106329       0.247024640    
   1266.7425834786350       0.256090075    
   1266.8857991466371       0.264756054    
   1267.0290148146391       0.273021817    
   1267.1722304826412       0.280883491    
   1267.3154461506433       0.288335204    
   1267.4586618186454       0.295371383    
   1267.6018774866475       0.301988691    
   1267.7450931546496       0.308187634    
   1267.8883088226517       0.313973904    
   1268.0315244906537       0.319359511    
   1268.1747401586558       0.324362785    
   1268.3179558266579       0.329006612    
   1268.4611714946600       0.333314836    
   1268.6043871626621       0.337308407    
   1268.7476028306642       0.341002315    
   1268.8908184986662       0.344403952    
   1269.0340341666683       0.347512335    
   1269.1772498346704       0.350318700    
   1269.3204655026725       0.352808952    
   1269.4636811706746       0.354968578    
   1269.6068968386767       0.356789112    
   1269.7501125066788       0.358273804    
   1269.8933281746808       0.359440655    
   1270.0365438426829       0.360321820    
   1270.1797595106850       0.360959828    
   1270.3229751786871       0.361401558    
   1270.4661908466892       0.361690581    
   1270.6094065146913       0.361859530    
   1270.7526221826934       0.361924380    
   1270.8958378506954       0.361882806    
   1271.0390535186975       0.361717194    
   1271.1822691866996       0.361400843    
   1271.3254848547017       0.360905558    
   1271.4687005227038       0.360209107    
   1271.6119161907059       0.359301746    
   1271.7551318587080       0.358191490    
   1271.8983475267100       0.356906146    
   1272.0415631947121       0.355490983    
   1272.1847788627142       0.354001641    
   1272.3279945307163       0.352494329    
   1272.4712101987184       0.351015955    
   1272.6144258667205       0.349596322    
   1272.7576415347226       0.348243535    
   1272.9008572027246       0.346943408    
   1273.0440728707267       0.345663667    
   1273.1872885387288       0.344362676    
   1273.3305042067309       0.343001306    
   1273.4737198747330       0.341554284    
   1273.6169355427351       0.340017557    
   1273.7601512107371       0.338410050    
   1273.9033668787392       0.336770415    
   1274.0465825467413       0.335150063    
   1274.1897982147434       0.333604097    
   1274.3330138827455       0.332181334    
   1274.4762295507476       0.330915272    
   1274.6194452187497       0.329817861    
   1274.7626608867517       0.328878045    
   1274.9058765547538       0.328064889    
   1275.0490922227559       0.327334344    
   1275.1923078907580       0.326638490    
   1275.3355235587601       0.325935841    
   1275.4787392267622       0.325201273    
   1275.6219548947643       0.324432909    
   1275.7651705627663       0.323653549    
   1275.9083862307684       0.322905570    
   1276.0516018987705       0.322240710    
   1276.1948175667726       0.321708202    
   1276.3380332347747       0.321344078    
   1276.4812489027768       0.321164042    
   1276.6244645707789       0.321160406    
   1276.7676802387809       0.321304113    
   1276.9108959067830       0.321551263    
   1277.0541115747851       0.321853161    
   1277.1973272427872       0.322166860    
   1277.3405429107893       0.322463065    
   1277.4837585787914       0.322729886    
   1277.6269742467935       0.322973013    
   1277.7701899147955       0.323213041    
   1277.9134055827976       0.323480934    
   1278.0566212507997       0.323811382    
   1278.1998369188018       0.324234456    
   1278.3430525868039       0.324767858    
   1278.4862682548060       0.325411797    
   1278.6294839228080       0.326148570    
   1278.7726995908101       0.326946497    
   1278.9159152588122       0.327766895    
   1279.0591309268143       0.328572333    
   1279.2023465948164       0.329334438    
   1279.3455622628185       0.330039144    
   1279.4887779308206       0.330688030    
   1279.6319935988226       0.331295043    
   1279.7752092668247       0.331880003    
   1279.9184249348268       0.332461625    
   1280.0616406028289       0.333052367    
   1280.2048562708310       0.333656341    
   1280.3480719388331       0.334269166    
   1280.4912876068352       0.334879637    
   1280.6345032748372       0.335472345    
   1280.7777189428393       0.336031258    
   1280.9209346108414       0.336542964    
   1281.0641502788435       0.336998761    
   1281.2073659468456       0.337394863    
   1281.3505816148477       0.337731421    
   1281.4937972828498       0.338011265    
   1281.6370129508518       0.338238388    
   1281.7802286188539       0.338415891    
   1281.9234442868560       0.338542968    
   1282.0666599548581       0.338612765    
   1282.2098756228602       0.338612527    
   1282.3530912908623       0.338527203    
   1282.4963069588644       0.338344902    
   1282.6395226268664       0.338061661    
   1282.7827382948685       0.337683201    
   1282.9259539628706       0.337223083    
   1283.0691696308727       0.336698443    
   1283.2123852988748       0.336124301    
   1283.3556009668769       0.335507989    
   1283.4988166348789       0.334845394    
   1283.6420323028810       0.334120095    
   1283.7852479708831       0.333306342    
   1283.9284636388852       0.332374990    
   1284.0716793068873       0.331299990    
   1284.2148949748894       0.330063879    
   1284.3581106428915       0.328660667    
   1284.5013263108935       0.327096969    
   1284.6445419788956       0.325390995    
   1284.7877576468977       0.323569775    
   1284.9309733148998       0.321664125    
   1285.0741889829019       0.319702148    
   1285.2174046509040       0.317702383    
   1285.3606203189061       0.315668285    
   1285.5038359869081       0.313585162    
   1285.6470516549102       0.311420560    
   1285.7902673229123       0.309129059    
   1285.9334829909144       0.306661338    
   1286.0766986589165       0.303975999    
   1286.2199143269186       0.301050633    
   1286.3631299949207       0.297887981    
   1286.5063456629227       0.294515282    
   1286.6495613309248       0.290976942    
   1286.7927769989269       0.287323713    
   1286.9359926669290       0.283601254    
   1287.0792083349311       0.279840469    
   1287.2224240029332       0.276050866    
   1287.3656396709353       0.272217989    
   1287.5088553389373       0.268305629    
   1287.6520710069394       0.264262319    
   1287.7952866749415       0.260031044    
   1287.9385023429436       0.255559534    
   1288.0817180109457       0.250809610    
   1288.2249336789478       0.245764509    
   1288.3681493469498       0.240432739    
   1288.5113650149519       0.234847605    
   1288.6545806829540       0.229060918    
   1288.7977963509561       0.223131508    
   1288.9410120189582       0.217110857    
   1289.0842276869603       0.211029872    
   1289.2274433549624       0.204890534    
   1289.3706590229644       0.198664725    
   1289.5138746909665       0.192300364    
   1289.6570903589686       0.185733184    
   1289.8003060269707       0.178901032    
   1289.9435216949728       0.171757102    
   1290.0867373629749       0.164278716    
   1290.2299530309770       0.156469986    
   1290.3731686989790       0.148358613    
   1290.5163843669811       0.139988765    
   1290.6596000349832       0.131412029    
   1290.8028157029853       0.122677706    
   1290.9460313709874       0.113823369    
   1291.0892470389895       0.104867123    
   1291.2324627069916        9.58033726E-02
   1291.3756783749936        8.66037905E-02
   1291.5188940429957        7.72236139E-02
   1291.6621097109978        6.76117986E-02
   1291.8053253789999        5.77224307E-02
   1291.9485410470020        4.75249887E-02
   1292.0917567150041        3.70112732E-02
   1292.2349723830062        2.61974316E-02
   1292.3781880510082        1.51201040E-02
   1292.5214037190103        3.82741354E-03
   1292.6646193870124       -7.63256475E-03
   1292.8078350550145       -1.92220546E-02
   1292.9510507230166       -3.09194941E-02
   1293.0942663910187       -4.27202582E-02
   1293.2374820590207       -5.46335354E-02
   1293.3806977270228       -6.66774735E-02
   1293.5239133950249       -7.88741484E-02
   1293.6671290630270       -9.12448913E-02
   1293.8103447310291      -0.103806064    
   1293.9535603990312      -0.116565548    
   1294.0967760670333      -0.129520461    
   1294.2399917350353      -0.142656490    
   1294.3832074030374      -0.155949146    
   1294.5264230710395      -0.169366896    
   1294.6696387390416      -0.182876036    
   1294.8128544070437      -0.196446046    
   1294.9560700750458      -0.210054010    
   1295.0992857430479      -0.223686188    
   1295.2425014110499      -0.237336218    
   1295.3857170790520      -0.251001060    
   1295.5289327470541      -0.264676630    
   1295.6721484150562      -0.278355300    
   1295.8153640830583      -0.292025566    
   1295.9585797510604      -0.305673689    
   1296.1017954190625      -0.319286346    
   1296.2450110870645      -0.332852840    
   1296.3882267550666      -0.346366107    
   1296.5314424230687      -0.359821379    
   1296.6746580910708      -0.373212546    
   1296.8178737590729      -0.386528075    
   1296.9610894270750      -0.399748206    
   1297.1043050950771      -0.412845552    
   1297.2475207630791      -0.425788343    
   1297.3907364310812      -0.438544661    
   1297.5339520990833      -0.451085836    
   1297.6771677670854      -0.463388294    
   1297.8203834350875      -0.475434691    
   1297.9635991030896      -0.487215012    
   1298.1068147710916      -0.498727411    
   1298.2500304390937      -0.509977639    
   1298.3932461070958      -0.520976424    
   1298.5364617750979      -0.531735182    
   1298.6796774431000      -0.542259932    
   1298.8228931111021      -0.552546084    
   1298.9661087791042      -0.562574208    
   1299.1093244471062      -0.572308660    
   1299.2525401151083      -0.581700802    
   1299.3957557831104      -0.590696394    
   1299.5389714511125      -0.599245667    
   1299.6821871191146      -0.607313097    
   1299.8254027871167      -0.614883244    
   1299.9686184551188      -0.621961951    
   1300.1118341231208      -0.628572345    
   1300.2550497911229      -0.634747744    
   1300.3982654591250      -0.640522838    
   1300.5414811271271      -0.645925045    
   1300.6846967951292      -0.650967658    
   1300.8279124631313      -0.655646145    
   1300.9711281311334      -0.659937859    
   1301.1143437991354      -0.663804650    
   1301.2575594671375      -0.667197824    
   1301.4007751351396      -0.670065224    
   1301.5439908031417      -0.672360122    
   1301.6872064711438      -0.674051166    
   1301.8304221391459      -0.675130606    
   1301.9736378071480      -0.675617576    
   1302.1168534751500      -0.675554454    
   1302.2600691431521      -0.674997091    
   1302.4032848111542      -0.674002230    
   1302.5465004791563      -0.672615290    
   1302.6897161471584      -0.670861304    
   1302.8329318151605      -0.668740392    
   1302.9761474831625      -0.666229188    
   1303.1193631511646      -0.663287044    
   1303.2625788191667      -0.659866452    
   1303.4057944871688      -0.655924618    
   1303.5490101551709      -0.651432514    
   1303.6922258231730      -0.646380663    
   1303.8354414911751      -0.640780985    
   1303.9786571591771      -0.634665728    
   1304.1218728271792      -0.628083944    
   1304.2650884951813      -0.621094406    
   1304.4083041631834      -0.613755941    
   1304.5515198311855      -0.606116533    
   1304.6947354991876      -0.598204672    
   1304.8379511671897      -0.590024590    
   1304.9811668351917      -0.581557691    
   1305.1243825031938      -0.572768688    
   1305.2675981711959      -0.563616335    
   1305.4108138391980      -0.554065764    
   1305.5540295072001      -0.544099689    
   1305.6972451752022      -0.533724606    
   1305.8404608432043      -0.522970319    
   1305.9836765112063      -0.511883855    
   1306.1268921792084      -0.500520110    
   1306.2701078472105      -0.488933235    
   1306.4133235152126      -0.477169424    
   1306.5565391832147      -0.465262204    
   1306.6997548512168      -0.453229517    
   1306.8429705192189      -0.441073895    
   1306.9861861872209      -0.428785741    
   1307.1294018552230      -0.416349232    
   1307.2726175232251      -0.403748661    
   1307.4158331912272      -0.390973955    
   1307.5590488592293      -0.378024489    
   1307.7022645272314      -0.364911437    
   1307.8454801952334      -0.351658016    
   1307.9886958632355      -0.338296920    
   1308.1319115312376      -0.324864358    
   1308.2751271992397      -0.311393082    
   1308.4183428672418      -0.297907144    
   1308.5615585352439      -0.284420788    
   1308.7047742032460      -0.270940959    
   1308.8479898712480      -0.257471442    
   1308.9912055392501      -0.244016513    
   1309.1344212072522      -0.230582774    
   1309.2776368752543      -0.217179596    
   1309.4208525432564      -0.203818098    
   1309.5640682112585      -0.190508813    
   1309.7072838792606      -0.177259296    
   1309.8504995472626      -0.164072931    
   1309.9937152152647      -0.150950253    
   1310.1369308832668      -0.137892008    
   1310.2801465512689      -0.124901950    
   1310.4233622192710      -0.111987926    
   1310.5665778872731       -9.91613865E-02
   1310.7097935552752       -8.64366665E-02
   1310.8530092232772       -7.38305598E-02
   1310.9962248912793       -6.13614917E-02
   1311.1394405592814       -4.90471870E-02
   1311.2826562272835       -3.69010009E-02
   1311.4258718952856       -2.49284282E-02
   1311.5690875632877       -1.31252510E-02
   1311.7123032312898       -1.47763989E-03
   1311.8555188992918        1.00360764E-02
   1311.9987345672939        2.14418881E-02
   1312.1419502352960        3.27642858E-02
   1312.2851659032981        4.40186188E-02
   1312.4283815713002        5.52041456E-02
   1312.5715972393023        6.63012639E-02
   1312.7148129073043        7.72748515E-02
   1312.8580285753064        8.80824700E-02
   1313.0012442433085        9.86842066E-02
   1313.1444599113106       0.109051123    
   1313.2876755793127       0.119171001    
   1313.4308912473148       0.129051074    
   1313.5741069153169       0.138717204    
   1313.7173225833189       0.148209125    
   1313.8605382513210       0.157572180    
   1314.0037539193231       0.166847974    
   1314.1469695873252       0.176066339    
   1314.2901852553273       0.185240090    
   1314.4334009233294       0.194362491    
   1314.5766165913315       0.203407466    
   1314.7198322593335       0.212333456    
   1314.8630479273356       0.221091717    
   1315.0062635953377       0.229637846    
   1315.1494792633398       0.237943187    
   1315.2926949313419       0.246002048    
   1315.4359105993440       0.253832936    
   1315.5791262673461       0.261474103    
   1315.7223419353481       0.268975377    
   1315.8655576033502       0.276387483    
   1316.0087732713523       0.283750713    
   1316.1519889393544       0.291085273    
   1316.2952046073565       0.298386574    
   1316.4384202753586       0.305627227    
   1316.5816359433607       0.312764525    
   1316.7248516113627       0.319749981    
   1316.8680672793648       0.326538414    
   1317.0112829473669       0.333095461    
   1317.1544986153690       0.339403749    
   1317.2977142833711       0.345467269    
   1317.4409299513732       0.351311803    
   1317.5841456193752       0.356979787    
   1317.7273612873773       0.362520754    
   1317.8705769553794       0.367980212    
   1318.0137926233815       0.373390049    
   1318.1570082913836       0.378762066    
   1318.3002239593857       0.384085238    
   1318.4434396273878       0.389327556    
   1318.5866552953898       0.394442767    
   1318.7298709633919       0.399381101    
   1318.8730866313940       0.404100686    
   1319.0163022993961       0.408575535    
   1319.1595179673982       0.412798405    
   1319.3027336354003       0.416779071    
   1319.4459493034024       0.420540154    
   1319.5891649714044       0.424111873    
   1319.7323806394065       0.427525759    
   1319.8755963074086       0.430807799    
   1320.0188119754107       0.433972508    
   1320.1620276434128       0.437020093    
   1320.3052433114149       0.439937234    
   1320.4484589794170       0.442700088    
   1320.5916746474190       0.445278257    
   1320.7348903154211       0.447639197    
   1320.8781059834232       0.449754059    
   1321.0213216514253       0.451603889    
   1321.1645373194274       0.453183860    
   1321.3077529874295       0.454503149    
   1321.4509686554316       0.455580056    
   1321.5941843234336       0.456435502    
   1321.7373999914357       0.457087725    
   1321.8806156594378       0.457549691    
   1322.0238313274399       0.457828134    
   1322.1670469954420       0.457923383    
   1322.3102626634441       0.457830012    
   1322.4534783314461       0.457538903    
   1322.5966939994482       0.457040012    
   1322.7399096674503       0.456324399    
   1322.8831253354524       0.455384314    
   1323.0263410034545       0.454212487    
   1323.1695566714566       0.452802271    
   1323.3127723394587       0.451149225    
   1323.4559880074607       0.449252874    
   1323.5992036754628       0.447116733    
   1323.7424193434649       0.444747120    
   1323.8856350114670       0.442151755    
   1324.0288506794691       0.439340025    
   1324.1720663474712       0.436323702    
   1324.3152820154733       0.433116972    
   1324.4584976834753       0.429734766    
   1324.6017133514774       0.426190525    
   1324.7449290194795       0.422494471    
   1324.8881446874816       0.418651998    
   1325.0313603554837       0.414661795    
   1325.1745760234858       0.410514086    
   1325.3177916914879       0.406190932    
   1325.4610073594899       0.401670635    
   1325.6042230274920       0.396935254    
   1325.7474386954941       0.391977906    
   1325.8906543634962       0.386806369    
   1326.0338700314983       0.381442487    
   1326.1770856995004       0.375918835    
   1326.3203013675025       0.370274365    
   1326.4635170355045       0.364549011    
   1326.6067327035066       0.358777523    
   1326.7499483715087       0.352982908    
   1326.8931640395108       0.347172469    
   1327.0363797075129       0.341337621    
   1327.1795953755150       0.335457325    
   1327.3228110435170       0.329503417    
   1327.4660267115191       0.323446125    
   1327.6092423795212       0.317260593    
   1327.7524580475233       0.310933918    
   1327.8956737155254       0.304471403    
   1328.0388893835275       0.297898859    
   1328.1821050515296       0.291259229    
   1328.3253207195316       0.284604281    
   1328.4685363875337       0.277984560    
   1328.6117520555358       0.271440238    
   1328.7549677235379       0.264994234    
   1328.8981833915400       0.258648455    
   1329.0413990595421       0.252384484    
   1329.1846147275442       0.246169284    
   1329.3278303955462       0.239964977    
   1329.4710460635483       0.233739138    
   1329.6142617315504       0.227472052    
   1329.7574773995525       0.221159875    
   1329.9006930675546       0.214814767    
   1330.0439087355567       0.208463654    
   1330.1871244035588       0.202145144    
   1330.3303400715608       0.195903584    
   1330.4735557395629       0.189780354    
   1330.6167714075650       0.183805108    
   1330.7599870755671       0.177990079    
   1330.9032027435692       0.172328964    
   1331.0464184115713       0.166799486    
   1331.1896340795734       0.161368117    
   1331.3328497475754       0.155996501    
   1331.4760654155775       0.150649577    
   1331.6192810835796       0.145304024    
   1331.7624967515817       0.139954090    
   1331.9057124195838       0.134612277    
   1332.0489280875859       0.129305050    
   1332.1921437555879       0.124066062    
   1332.3353594235900       0.118929870    
   1332.4785750915921       0.113926850    
   1332.6217907595942       0.109078929    
   1332.7650064275963       0.104395844    
   1332.9082220955984        9.98730361E-02
   1333.0514377636005        9.54923406E-02
   1333.1946534316025        9.12252739E-02
   1333.3378690996046        8.70375633E-02
   1333.4810847676067        8.28939155E-02
   1333.6243004356088        7.87630752E-02
   1333.7675161036109        7.46232942E-02
   1333.9107317716130        7.04668239E-02
   1334.0539474396151        6.63010404E-02
   1334.1971631076171        6.21450618E-02
   1334.3403787756192        5.80232702E-02
   1334.4835944436213        5.39588891E-02
   1334.6268101116234        4.99696620E-02
   1334.7700257796255        4.60654944E-02
   1334.9132414476276        4.22469005E-02
   1335.0564571156297        3.85041013E-02
   1335.1996727836317        3.48179974E-02
   1335.3428884516338        3.11635695E-02
   1335.4861041196359        2.75145452E-02
   1335.6293197876380        2.38471907E-02
   1335.7725354556401        2.01423615E-02
   1335.9157511236422        1.63868926E-02
   1336.0589667916443        1.25756077E-02
   1336.2021824596463        8.71340279E-03
   1336.3453981276484        4.81517799E-03
   1336.4886137956505        9.02138127E-04
   1336.6318294636526       -3.00442474E-03
   1336.7750451316547       -6.88895583E-03
   1336.9182607996568       -1.07448678E-02
   1337.0614764676588       -1.45751163E-02
   1337.2046921356609       -1.83912944E-02
   1337.3479078036630       -2.22118478E-02
   1337.4911234716651       -2.60591544E-02
   1337.6343391396672       -2.99555194E-02
   1337.7775548076693       -3.39193121E-02
   1337.9207704756714       -3.79627086E-02
   1338.0639861436734       -4.20912467E-02
   1338.2072018116755       -4.63039167E-02
   1338.3504174796776       -5.05927689E-02
   1338.4936331476797       -5.49426489E-02
   1338.6368488156818       -5.93326502E-02
   1338.7800644836839       -6.37399554E-02
   1338.9232801516860       -6.81446567E-02
   1339.0664958196880       -7.25335479E-02
   1339.2097114876901       -7.69018754E-02
   1339.3529271556922       -8.12537968E-02
   1339.4961428236943       -8.56021196E-02
   1339.6393584916964       -8.99668187E-02
   1339.7825741596985       -9.43713486E-02
   1339.9257898277006       -9.88370776E-02
   1340.0690054957026      -0.103378132    
   1340.2122211637047      -0.107998818    
   1340.3554368317068      -0.112693839    
   1340.4986524997089      -0.117449552    
   1340.6418681677110      -0.122244790    
   1340.7850838357131      -0.127051905    
   1340.9282995037152      -0.131839842    
   1341.0715151717172      -0.136579767    
   1341.2147308397193      -0.141251504    
   1341.3579465077214      -0.145847648    
   1341.5011621757235      -0.150374115    
   1341.6443778437256      -0.154847682    
   1341.7875935117277      -0.159291849    
   1341.9308091797297      -0.163731694    
   1342.0740248477318      -0.168187767    
   1342.2172405157339      -0.172670022    
   1342.3604561837360      -0.177173883    
   1342.5036718517381      -0.181680351    
   1342.6468875197402      -0.186159834    
   1342.7901031877423      -0.190577716    
   1342.9333188557443      -0.194899604    
   1343.0765345237464      -0.199095741    
   1343.2197501917485      -0.203145057    
   1343.3629658597506      -0.207038745    
   1343.5061815277527      -0.210781857    
   1343.6493971957548      -0.214391962    
   1343.7926128637569      -0.217895091    
   1343.9358285317589      -0.221320480    
   1344.0790441997610      -0.224695340    
   1344.2222598677631      -0.228039622    
   1344.3654755357652      -0.231360793    
   1344.5086912037673      -0.234650135    
   1344.6519068717694      -0.237882808    
   1344.7951225397715      -0.241022944    
   1344.9383382077735      -0.244031966    
   1345.0815538757756      -0.246876687    
   1345.2247695437777      -0.249534518    
   1345.3679852117798      -0.251995742    
   1345.5112008797819      -0.254264057    
   1345.6544165477840      -0.256355911    
   1345.7976322157861      -0.258297801    
   1345.9408478837881      -0.260121047    
   1346.0840635517902      -0.261855096    
   1346.2272792197923      -0.263521701    
   1346.3704948877944      -0.265131801    
   1346.5137105557965      -0.266684532    
   1346.6569262237986      -0.268167198    
   1346.8001418918006      -0.269556433    
   1346.9433575598027      -0.270821393    
   1347.0865732278048      -0.271930099    
   1347.2297888958069      -0.272857189    
   1347.3730045638090      -0.273590237    
   1347.5162202318111      -0.274132520    
   1347.6594358998132      -0.274501950    
   1347.8026515678152      -0.274727434    
   1347.9458672358173      -0.274843782    
   1348.0890829038194      -0.274885476    
   1348.2322985718215      -0.274880081    
   1348.3755142398236      -0.274843067    
   1348.5187299078257      -0.274775863    
   1348.6619455758278      -0.274667352    
   1348.8051612438298      -0.274497211    
   1348.9483769118319      -0.274239272    
   1349.0915925798340      -0.273865134    
   1349.2348082478361      -0.273348749    
   1349.3780239158382      -0.272672236    
   1349.5212395838403      -0.271831393    
   1349.6644552518424      -0.270837694    
   1349.8076709198444      -0.269716322    
   1349.9508865878465      -0.268501163    
   1350.0941022558486      -0.267229080    
   1350.2373179238507      -0.265934050    
   1350.3805335918528      -0.264641434    
   1350.5237492598549      -0.263362527    
   1350.6669649278570      -0.262091696    
   1350.8101805958590      -0.260808080    
   1350.9533962638611      -0.259481519    
   1351.0966119318632      -0.258080274    
   1351.2398275998653      -0.256576926    
   1351.3830432678674      -0.254951984    
   1351.5262589358695      -0.253196001    
   1351.6694746038715      -0.251311034    
   1351.8126902718736      -0.249310955    
   1351.9559059398757      -0.247219145    
   1352.0991216078778      -0.245063379    
   1352.2423372758799      -0.242869571    
   1352.3855529438820      -0.240656599    
   1352.5287686118841      -0.238432899    
   1352.6719842798861      -0.236194685    
   1352.8151999478882      -0.233925849    
   1352.9584156158903      -0.231600389    
   1353.1016312838924      -0.229188010    
   1353.2448469518945      -0.226661444    
   1353.3880626198966      -0.224002436    
   1353.5312782878987      -0.221204117    
   1353.6744939559007      -0.218269914    
   1353.8177096239028      -0.215210885    
   1353.9609252919049      -0.212043047    
   1354.1041409599070      -0.208784372    
   1354.2473566279091      -0.205450982    
   1354.3905722959112      -0.202053130    
   1354.5337879639133      -0.198592812    
   1354.6770036319153      -0.195063919    
   1354.8202192999174      -0.191453829    
   1354.9634349679195      -0.187744603    
   1355.1066506359216      -0.183913484    
   1355.2498663039237      -0.179934293    
   1355.3930819719258      -0.175781325    
   1355.5362976399279      -0.171434700    
   1355.6795133079299      -0.166884392    
   1355.8227289759320      -0.162130594    
   1355.9659446439341      -0.157181054    
   1356.1091603119362      -0.152047649    
   1356.2523759799383      -0.146743715    
   1356.3955916479404      -0.141282037    
   1356.5388073159424      -0.135672420    
   1356.6820229839445      -0.129919320    
   1356.8252386519466      -0.124020822    
   1356.9684543199487      -0.117969699    
   1357.1116699879508      -0.111755274    
   1357.2548856559529      -0.105364412    
   1357.3981013239550       -9.87814516E-02
   1357.5413169919570       -9.19888094E-02
   1357.6845326599591       -8.49697366E-02
   1357.8277483279612       -7.77124316E-02
   1357.9709639959633       -7.02132061E-02
   1358.1141796639654       -6.24768995E-02
   1358.2573953319675       -5.45151941E-02
   1358.4006109999696       -4.63444404E-02
   1358.5438266679716       -3.79835367E-02
   1358.6870423359737       -2.94511821E-02
   1358.8302580039758       -2.07621567E-02
   1358.9734736719779       -1.19239949E-02
   1359.1166893399800       -2.93608219E-03
   1359.2599050079821        6.20845472E-03
   1359.4031206759842        1.55199897E-02
   1359.5463363439862        2.50108242E-02
   1359.6895520119883        3.46945822E-02
   1359.8327676799904        4.45844941E-02
   1359.9759833479925        5.46891578E-02
   1360.1191990159946        6.50073439E-02
   1360.2624146839967        7.55249560E-02
   1360.4056303519988        8.62160251E-02
   1360.5488460200008        9.70468447E-02
   1360.6920616880029       0.107981034    
   1360.8352773560050       0.118984513    
   1360.9784930240071       0.130030647    
   1361.1217086920092       0.141105205    
   1361.2649243600113       0.152209178    
   1361.4081400280133       0.163357183    
   1361.5513556960154       0.174571410    
   1361.6945713640175       0.185873896    
   1361.8377870320196       0.197280183    
   1361.9810027000217       0.208795369    
   1362.1242183680238       0.220411450    
   1362.2674340360259       0.232105434    
   1362.4106497040279       0.243839413    
   1362.5538653720300       0.255564511    
   1362.6970810400321       0.267228454    
   1362.8402967080342       0.278784543    
   1362.9835123760363       0.290198743    
   1363.1267280440384       0.301454067    
   1363.2699437120405       0.312552214    
   1363.4131593800425       0.323512524    
   1363.5563750480446       0.334366560    
   1363.6995907160467       0.345147848    
   1363.8428063840488       0.355879724    
   1363.9860220520509       0.366565466    
   1364.1292377200530       0.377185106    
   1364.2724533880551       0.387698472    
   1364.4156690560571       0.398051828    
   1364.5588847240592       0.408185691    
   1364.7021003920613       0.418042868    
   1364.8453160600634       0.427577406    
   1364.9885317280655       0.436762065    
   1365.1317473960676       0.445592076    
   1365.2749630640697       0.454082966    
   1365.4181787320717       0.462263793    
   1365.5613944000738       0.470168978    
   1365.7046100680759       0.477830619    
   1365.8478257360780       0.485271096    
   1365.9910414040801       0.492496282    
   1366.1342570720822       0.499490559    
   1366.2774727400842       0.506217360    
   1366.4206884080863       0.512626112    
   1366.5639040760884       0.518663228    
   1366.7071197440905       0.524282813    
   1366.8503354120926       0.529454350    
   1366.9935510800947       0.534165978    
   1367.1367667480968       0.538424850    
   1367.2799824160988       0.542254150    
   1367.4231980841009       0.545686007    
   1367.5664137521030       0.548752189    
   1367.7096294201051       0.551475585    
   1367.8528450881072       0.553865790    
   1367.9960607561093       0.555919528    
   1368.1392764241114       0.557623386    
   1368.2824920921134       0.558956385    
   1368.4257077601155       0.559893191    
   1368.5689234281176       0.560408711    
   1368.7121390961197       0.560484886    
   1368.8553547641218       0.560116410    
   1368.9985704321239       0.559312224    
   1369.1417861001260       0.558092654    
   1369.2850017681280       0.556484342    
   1369.4282174361301       0.554515243    
   1369.5714331041322       0.552210867    
   1369.7146487721343       0.549589992    
   1369.8578644401364       0.546661496    
   1370.0010801081385       0.543423474    
   1370.1442957761406       0.539866745    
   1370.2875114441426       0.535981119    
   1370.4307271121447       0.531760812    
   1370.5739427801468       0.527205467    
   1370.7171584481489       0.522318840    
   1370.8603741161510       0.517106652    
   1371.0035897841531       0.511576056    
   1371.1468054521551       0.505735934    
   1371.2900211201572       0.499596238    
   1371.4332367881593       0.493167222    
   1371.5764524561614       0.486459792    
   1371.7196681241635       0.479487538    
   1371.8628837921656       0.472268522    
   1372.0060994601677       0.464825034    
   1372.1493151281697       0.457181126    
   1372.2925307961718       0.449360132    
   1372.4357464641739       0.441383868    
   1372.5789621321760       0.433272451    
   1372.7221778001781       0.425042540    
   1372.8653934681802       0.416703761    
   1373.0086091361823       0.408255816    
   1373.1518248041843       0.399689287    
   1373.2950404721864       0.390990674    
   1373.4382561401885       0.382148594    
   1373.5814718081906       0.373158693    
   1373.7246874761927       0.364026815    
   1373.8679031441948       0.354770958    
   1374.0111188121969       0.345422119    
   1374.1543344801989       0.336021662    
   1374.2975501482010       0.326614290    
   1374.4407658162031       0.317238480    
   1374.5839814842052       0.307918757    
   1374.7271971522073       0.298663110    
   1374.8704128202094       0.289464861    
   1375.0136284882115       0.280306518    
   1375.1568441562135       0.271163762    
   1375.3000598242156       0.262010574    
   1375.4432754922177       0.252826184    
   1375.5864911602198       0.243602544    
   1375.7297068282219       0.234349221    
   1375.8729224962240       0.225093409    
   1376.0161381642260       0.215875685    
   1376.1593538322281       0.206743628    
   1376.3025695002302       0.197744548    
   1376.4457851682323       0.188917220    
   1376.5890008362344       0.180283397    
   1376.7322165042365       0.171842113    
   1376.8754321722386       0.163569972    
   1377.0186478402406       0.155428439    
   1377.1618635082427       0.147374749    
   1377.3050791762448       0.139372170    
   1377.4482948442469       0.131397337    
   1377.5915105122490       0.123444840    
   1377.7347261802511       0.115529433    
   1377.8779418482532       0.107684851    
   1378.0211575162552        9.99576822E-02
   1378.1643731842573        9.23972502E-02
   1378.3075888522594        8.50450695E-02
   1378.4508045202615        7.79275969E-02
   1378.5940201882636        7.10531846E-02
   1378.7372358562657        6.44116625E-02
   1378.8804515242678        5.79755642E-02
   1379.0236671922698        5.17041534E-02
   1379.1668828602719        4.55518402E-02
   1379.3100985282740        3.94798256E-02
   1379.4533141962761        3.34665813E-02
   1379.5965298642782        2.75127441E-02
   1379.7397455322803        2.16392670E-02
   1379.8829612002824        1.58811640E-02
   1380.0261768682844        1.02797057E-02
   1380.1693925362865        4.87429136E-03
   1380.3126082042886       -3.05672438E-04
   1380.4558238722907       -5.24742575E-03
   1380.5990395402928       -9.95737873E-03
   1380.7422552082949       -1.44580603E-02
   1380.8854708762969       -1.87811255E-02
   1381.0286865442990       -2.29599476E-02
   1381.1719022123011       -2.70241164E-02
   1381.3151178803032       -3.09955310E-02
   1381.4583335483053       -3.48848887E-02
   1381.6015492163074       -3.86890247E-02
   1381.7447648843095       -4.23911847E-02
   1381.8879805523115       -4.59653512E-02
   1382.0311962203136       -4.93830368E-02
   1382.1744118883157       -5.26193939E-02
   1382.3176275563178       -5.56568727E-02
   1382.4608432243199       -5.84870093E-02
   1382.6040588923220       -6.11114651E-02
   1382.7472745603241       -6.35417774E-02
   1382.8904902283261       -6.57963231E-02
   1383.0337058963282       -6.78945705E-02
   1383.1769215643303       -6.98513538E-02
   1383.3201372323324       -7.16745779E-02
   1383.4633529003345       -7.33668432E-02
   1383.6065685683366       -7.49284178E-02
   1383.7497842363387       -7.63584375E-02
   1383.8929999043407       -7.76541457E-02
   1384.0362155723428       -7.88102895E-02
   1384.1794312403449       -7.98203275E-02
   1384.3226469083470       -8.06786194E-02
   1384.4658625763491       -8.13814923E-02
   1384.6090782443512       -8.19265693E-02
   1384.7522939123533       -8.23120251E-02
   1384.8955095803553       -8.25372487E-02
   1385.0387252483574       -8.26044381E-02
   1385.1819409163595       -8.25191438E-02
   1385.3251565843616       -8.22888240E-02
   1385.4683722523637       -8.19209889E-02
   1385.6115879203658       -8.14228058E-02
   1385.7548035883678       -8.08022246E-02
   1385.8980192563699       -8.00684243E-02
   1386.0412349243720       -7.92299658E-02
   1386.1844505923741       -7.82914087E-02
   1386.3276662603762       -7.72509202E-02
   1386.4708819283783       -7.61004016E-02
   1386.6140975963804       -7.48274848E-02
   1386.7573132643824       -7.34180063E-02
   1386.9005289323845       -7.18587041E-02
   1387.0437446003866       -7.01408684E-02
   1387.1869602683887       -6.82647228E-02
   1387.3301759363908       -6.62422627E-02
   1387.4733916043929       -6.40961379E-02
   1387.6166072723950       -6.18547350E-02
   1387.7598229403970       -5.95462807E-02
   1387.9030386083991       -5.71947731E-02
   1388.0462542764012       -5.48179708E-02
   1388.1894699444033       -5.24256639E-02
   1388.3326856124054       -5.00172824E-02
   1388.4759012804075       -4.75804433E-02
   1388.6191169484096       -4.50929329E-02
   1388.7623326164116       -4.25285995E-02
   1388.9055482844137       -3.98648418E-02
   1389.0487639524158       -3.70887890E-02
   1389.1919796204179       -3.42010893E-02
   1389.3351952884200       -3.12178452E-02
   1389.4784109564221       -2.81707626E-02
   1389.6216266244242       -2.51040924E-02
   1389.7648422924262       -2.20672023E-02
   1389.9080579604283       -1.91042777E-02
   1390.0512736284304       -1.62451118E-02
   1390.1944892964325       -1.35006038E-02
   1390.3377049644346       -1.08636254E-02
   1390.4809206324367       -8.31328146E-03
   1390.6241363004387       -5.82054630E-03
   1390.7673519684408       -3.35475430E-03
   1390.9105676364429       -8.90981464E-04
   1391.0537833044450        1.58286875E-03
   1391.1969989724471        4.06165142E-03
   1391.3402146404492        6.52284222E-03
   1391.4834303084513        8.93009733E-03
   1391.6266459764533        1.12387054E-02
   1391.7698616444554        1.34019004E-02
   1391.9130773124575        1.53782591E-02
   1392.0562929804596        1.71398446E-02
   1392.1995086484617        1.86787080E-02
   1392.3427243164638        2.00083312E-02
   1392.4859399844659        2.11585704E-02
   1392.6291556524679        2.21661367E-02
   1392.7723713204700        2.30645854E-02
   1392.9155869884721        2.38766335E-02
   1393.0588026564742        2.46093050E-02
   1393.2020183244763        2.52515227E-02
   1393.3452339924784        2.57747453E-02
   1393.4884496604805        2.61377376E-02
   1393.6316653284825        2.62950473E-02
   1393.7748809964846        2.62063760E-02
   1393.9180966644867        2.58434284E-02
   1394.0613123324888        2.51929779E-02
   1394.2045280004909        2.42573321E-02
   1394.3477436684930        2.30536759E-02
   1394.4909593364951        2.16119941E-02
   1394.6341750044971        1.99699886E-02
   1394.7773906724992        1.81648098E-02
   1394.9206063405013        1.62240174E-02
   1395.0638220085034        1.41594084E-02
   1395.2070376765055        1.19656529E-02
   1395.3502533445076        9.62312799E-03
   1395.4934690125096        7.10314605E-03
   1395.6366846805117        4.37438581E-03
   1395.7799003485138        1.40994973E-03
   1395.9231160165159       -1.80623296E-03
   1396.0663316845180       -5.27585531E-03
   1396.2095473525201       -8.98702070E-03
   1396.3527630205222       -1.29184527E-02
   1396.4959786885242       -1.70443710E-02
   1396.6391943565263       -2.13378910E-02
   1396.7824100245284       -2.57730652E-02
   1396.9256256925305       -3.03270426E-02
   1397.0688413605326       -3.49828042E-02
   1397.2120570285347       -3.97311598E-02
   1397.3552726965368       -4.45704199E-02
   1397.4984883645388       -4.95038703E-02
   1397.6417040325409       -5.45367412E-02
   1397.7849197005430       -5.96739650E-02
   1397.9281353685451       -6.49184808E-02
   1398.0713510365472       -7.02691302E-02
   1398.2145667045493       -7.57184774E-02
   1398.3577823725514       -8.12522620E-02
   1398.5009980405534       -8.68515596E-02
   1398.6442137085555       -9.24963504E-02
   1398.7874293765576       -9.81677845E-02
   1398.9306450445597      -0.103847563    
   1399.0738607125618      -0.109515809    
   1399.2170763805639      -0.115150116    
   1399.3602920485660      -0.120727263    
   1399.5035077165680      -0.126226351    
   1399.6467233845701      -0.131631449    
   1399.7899390525722      -0.136932760    
   1399.9331547205743      -0.142126754    
   1400.0763703885764      -0.147215635    
   1400.2195860565785      -0.152205363    
   1400.3628017245805      -0.157101706    
   1400.5060173925826      -0.161905229    
   1400.6492330605847      -0.166607574    
   1400.7924487285868      -0.171190813    
   1400.9356643965889      -0.175629616    
   1401.0788800645910      -0.179894179    
   1401.2220957325931      -0.183952644    
   1401.3653114005951      -0.187773675    
   1401.5085270685972      -0.191330090    
   1401.6517427365993      -0.194603443    
   1401.7949584046014      -0.197587401    
   1401.9381740726035      -0.200288221    
   1402.0813897406056      -0.202722266    
   1402.2246054086077      -0.204911739    
   1402.3678210766097      -0.206879377    
   1402.5110367446118      -0.208642289    
   1402.6542524126139      -0.210205317    
   1402.7974680806160      -0.211556002    
   1402.9406837486181      -0.212664083    
   1403.0838994166202      -0.213486716    
   1403.2271150846223      -0.213977292    
   1403.3703307526243      -0.214094356    
   1403.5135464206264      -0.213807881    
   1403.6567620886285      -0.213102937    
   1403.7999777566306      -0.211981595    
   1403.9431934246327      -0.210463196    
   1404.0864090926348      -0.208581612    
   1404.2296247606369      -0.206379026    
   1404.3728404286389      -0.203897506    
   1404.5160560966410      -0.201171011    
   1404.6592717646431      -0.198219433    
   1404.8024874326452      -0.195045039    
   1404.9457031006473      -0.191631079    
   1405.0889187686494      -0.187943712    
   1405.2321344366514      -0.183938369    
   1405.3753501046535      -0.179570407    
   1405.5185657726556      -0.174806699    
   1405.6617814406577      -0.169634193    
   1405.8049971086598      -0.164062813    
   1405.9482127766619      -0.158123076    
   1406.0914284446640      -0.151860178    
   1406.2346441126660      -0.145325840    
   1406.3778597806681      -0.138568982    
   1406.5210754486702      -0.131626576    
   1406.6642911166723      -0.124517158    
   1406.8075067846744      -0.117239274    
   1406.9507224526765      -0.109774709    
   1407.0939381206786      -0.102094546    
   1407.2371537886806       -9.41660330E-02
   1407.3803694566827       -8.59598070E-02
   1407.5235851246848       -7.74576738E-02
   1407.6668007926869       -6.86599389E-02
   1407.8100164606890       -5.95894791E-02
   1407.9532321286911       -5.02898768E-02
   1408.0964477966932       -4.08176109E-02
   1408.2396634646952       -3.12312189E-02
   1408.3828791326973       -2.15810407E-02
   1408.5260948006994       -1.19016301E-02
   1408.6693104687015       -2.20736302E-03
   1408.8125261367036        7.50840735E-03
   1408.9557418047057        1.72697920E-02
   1409.0989574727078        2.71104183E-02
   1409.2421731407098        3.70632671E-02
   1409.3853888087119        4.71518710E-02
   1409.5286044767140        5.73854893E-02
   1409.6718201447161        6.77580684E-02
   1409.8150358127182        7.82492682E-02
   1409.9582514807203        8.88264030E-02
   1410.1014671487223        9.94478241E-02
   1410.2446828167244       0.110068664    
   1410.3878984847265       0.120647952    
   1410.5311141527286       0.131154850    
   1410.6743298207307       0.141571864    
   1410.8175454887328       0.151894927    
   1410.9607611567349       0.162131429    
   1411.1039768247369       0.172296688    
   1411.2471924927390       0.182408959    
   1411.3904081607411       0.192483187    
   1411.5336238287432       0.202525556    
   1411.6768394967453       0.212531403    
   1411.8200551647474       0.222487241    
   1411.9632708327495       0.232374817    
   1412.1064865007515       0.242174447    
   1412.2497021687536       0.251866519    
   1412.3929178367557       0.261432260    
   1412.5361335047578       0.270855218    
   1412.6793491727599       0.280123442    
   1412.8225648407620       0.289230734    
   1412.9657805087641       0.298176318    
   1413.1089961767661       0.306963652    
   1413.2522118447682       0.315599620    
   1413.3954275127703       0.324094176    
   1413.5386431807724       0.332458973    
   1413.6818588487745       0.340704113    
   1413.8250745167766       0.348834634    
   1413.9682901847787       0.356848687    
   1414.1115058527807       0.364738554    
   1414.2547215207828       0.372492641    
   1414.3979371887849       0.380096614    
   1414.5411528567870       0.387533396    
   1414.6843685247891       0.394783437    
   1414.8275841927912       0.401826888    
   1414.9707998607932       0.408647120    
   1415.1140155287953       0.415234089    
   1415.2572311967974       0.421586186    
   1415.4004468647995       0.427711099    
   1415.5436625328016       0.433625638    
   1415.6868782008037       0.439354122    
   1415.8300938688058       0.444923759    
   1415.9733095368078       0.450357705    
   1416.1165252048099       0.455668330    
   1416.2597408728120       0.460853606    
   1416.4029565408141       0.465898067    
   1416.5461722088162       0.470776379    
   1416.6893878768183       0.475457549    
   1416.8326035448204       0.479909211    
   1416.9758192128224       0.484102547    
   1417.1190348808245       0.488018185    
   1417.2622505488266       0.491650790    
   1417.4054662168287       0.495010316    
   1417.5486818848308       0.498119473    
   1417.6918975528329       0.501009047    
   1417.8351132208350       0.503712595    
   1417.9783288888370       0.506260931    
   1418.1215445568391       0.508675754    
   1418.2647602248412       0.510963440    
   1418.4079758928433       0.513111293    
   1418.5511915608454       0.515089333    
   1418.6944072288475       0.516857088    
   1418.8376228968496       0.518372536    
   1418.9808385648516       0.519600153    
   1419.1240542328537       0.520516336    
   1419.2672699008558       0.521113276    
   1419.4104855688579       0.521400332    
   1419.5537012368600       0.521402538    
   1419.6969169048621       0.521155536    
   1419.8401325728641       0.520697713    
   1419.9833482408662       0.520062208    
   1420.1265639088683       0.519271076    
   1420.2697795768704       0.518331110    
   1420.4129952448725       0.517231166    
   1420.5562109128746       0.515941679    
   1420.6994265808767       0.514418006    
   1420.8426422488787       0.512609005    
   1420.9858579168808       0.510468245    
   1421.1290735848829       0.507964194    
   1421.2722892528850       0.505086184    
   1421.4155049208871       0.501845539    
   1421.5587205888892       0.498273045    
   1421.7019362568913       0.494413257    
   1421.8451519248933       0.490315795    
   1421.9883675928954       0.486024380    
   1422.1315832608975       0.481566936    
   1422.2747989288996       0.476949900    
   1422.4180145969017       0.472158641    
   1422.5612302649038       0.467162222    
   1422.7044459329059       0.461919963    
   1422.8476616009079       0.456388563    
   1422.9908772689100       0.450529814    
   1423.1340929369121       0.444319189    
   1423.2773086049142       0.437752634    
   1423.4205242729163       0.430848837    
   1423.5637399409184       0.423645347    
   1423.7069556089205       0.416190296    
   1423.8501712769225       0.408532709    
   1423.9933869449246       0.400713474    
   1424.1366026129267       0.392758012    
   1424.2798182809288       0.384671718    
   1424.4230339489309       0.376439810    
   1424.5662496169330       0.368032515    
   1424.7094652849350       0.359414637    
   1424.8526809529371       0.350555420    
   1424.9958966209392       0.341435820    
   1425.1391122889413       0.332051873    
   1425.2823279569434       0.322415292    
   1425.4255436249455       0.312552243    
   1425.5687592929476       0.302499831    
   1425.7119749609496       0.292299926    
   1425.8551906289517       0.281991392    
   1425.9984062969538       0.271603733    
   1426.1416219649559       0.261154145    
   1426.2848376329580       0.250647813    
   1426.4280533009601       0.240079999    
   1426.5712689689622       0.229438931    
   1426.7144846369642       0.218710169    
   1426.8577003049663       0.207882836    
   1427.0009159729684       0.196955785    
   1427.1441316409705       0.185940713    
   1427.2873473089726       0.174860403    
   1427.4305629769747       0.163743600    
   1427.5737786449768       0.152619705    
   1427.7169943129788       0.141515538    
   1427.8602099809809       0.130453929    
   1428.0034256489830       0.119452924    
   1428.1466413169851       0.108525306    
   1428.2898569849872        9.76794735E-02
   1428.4330726529893        8.69219080E-02
   1428.5762883209914        7.62599111E-02
   1428.7195039889934        6.57028705E-02
   1428.8627196569955        5.52616082E-02
   1429.0059353249976        4.49473634E-02
   1429.1491509929997        3.47717404E-02
   1429.2923666610018        2.47472692E-02
   1429.4355823290039        1.48871299E-02
   1429.5787979970059        5.20356139E-03
   1429.7220136650080       -4.29366110E-03
   1429.8652293330101       -1.35968979E-02
   1430.0084450010122       -2.26982906E-02
   1430.1516606690143       -3.15870941E-02
   1430.2948763370164       -4.02483307E-02
   1430.4380920050185       -4.86629233E-02
   1430.5813076730205       -5.68085387E-02
   1430.7245233410226       -6.46611378E-02
   1430.8677390090247       -7.21981004E-02
   1431.0109546770268       -7.94031098E-02
   1431.1541703450289       -8.62708464E-02
   1431.2973860130310       -9.28083658E-02
   1431.4406016810331       -9.90317613E-02
   1431.5838173490351      -0.104959808    
   1431.7270330170372      -0.110607766    
   1431.8702486850393      -0.115983330    
   1432.0134643530414      -0.121084489    
   1432.1566800210435      -0.125898346    
   1432.2998956890456      -0.130401298    
   1432.4431113570477      -0.134561941    
   1432.5863270250497      -0.138347104    
   1432.7295426930518      -0.141729131    
   1432.8727583610539      -0.144691646    
   1433.0159740290560      -0.147232518    
   1433.1591896970581      -0.149364248    
   1433.3024053650602      -0.151112705    
   1433.4456210330623      -0.152513593    
   1433.5888367010643      -0.153605893    
   1433.7320523690664      -0.154422924    
   1433.8752680370685      -0.154983833    
   1434.0184837050706      -0.155289054    
   1434.1616993730727      -0.155321002    
   1434.3049150410748      -0.155049235    
   1434.4481307090768      -0.154438004    
   1434.5913463770789      -0.153454855    
   1434.7345620450810      -0.152079254    
   1434.8777777130831      -0.150309265    
   1435.0209933810852      -0.148164108    
   1435.1642090490873      -0.145681217    
   1435.3074247170894      -0.142909139    
   1435.4506403850914      -0.139899135    
   1435.5938560530935      -0.136697605    
   1435.7370717210956      -0.133339792    
   1435.8802873890977      -0.129844457    
   1436.0235030570998      -0.126210436    
   1436.1667187251019      -0.122417539    
   1436.3099343931040      -0.118432887    
   1436.4531500611060      -0.114221267    
   1436.5963657291081      -0.109755911    
   1436.7395813971102      -0.105026640    
   1436.8827970651123      -0.100044064    
   1437.0260127331144       -9.48400721E-02
   1437.1692284011165       -8.94643292E-02
   1437.3124440691186       -8.39764029E-02
   1437.4556597371206       -7.84344375E-02
   1437.5988754051227       -7.28836730E-02
   1437.7420910731248       -6.73489571E-02
   1437.8853067411269       -6.18334524E-02
   1438.0285224091290       -5.63228130E-02
   1438.1717380771311       -5.07922210E-02
   1438.3149537451332       -4.52142544E-02
   1438.4581694131352       -3.95667516E-02
   1438.6013850811373       -3.38399671E-02
   1438.7446007491394       -2.80413758E-02
   1438.8878164171415       -2.21964028E-02
   1439.0310320851436       -1.63447130E-02
   1439.1742477531457       -1.05335647E-02
   1439.3174634211477       -4.81024990E-03
   1439.4606790891498        7.85118202E-04
   1439.6038947571519        6.22586301E-03
   1439.7471104251540        1.15028704E-02
   1439.8903260931561        1.66246872E-02
   1440.0335417611582        2.16124803E-02
   1440.1767574291603        2.64911819E-02
   1440.3199730971623        3.12802643E-02
   1440.4631887651644        3.59874032E-02
   1440.6064044331665        4.06062156E-02
   1440.7496201011686        4.51173484E-02
   1440.8928357691707        4.94919568E-02
   1441.0360514371728        5.36971912E-02
   1441.1792671051749        5.77029884E-02
   1441.3224827731769        6.14882223E-02
   1441.4656984411790        6.50435835E-02
   1441.6089141091811        6.83701113E-02
   1441.7521297771832        7.14747459E-02
   1441.8953454451853        7.43657574E-02
   1442.0385611131874        7.70497322E-02
   1442.1817767811895        7.95299336E-02
   1442.3249924491915        8.18050131E-02
   1442.4682081171936        8.38682279E-02
   1442.6114237851957        8.57083723E-02
   1442.7546394531978        8.73130336E-02
   1442.8978551211999        8.86731222E-02
   1443.0410707892020        8.97864699E-02
   1443.1842864572041        9.06589329E-02
   1443.3275021252061        9.13030580E-02
   1443.4707177932082        9.17351097E-02
   1443.6139334612103        9.19709206E-02
   1443.7571491292124        9.20210183E-02
   1443.9003647972145        9.18861330E-02
   1444.0435804652166        9.15552974E-02
   1444.1867961332186        9.10081044E-02
   1444.3300118012207        9.02206823E-02
   1444.4732274692228        8.91730413E-02
   1444.6164431372249        8.78550112E-02
   1444.7596588052270        8.62694532E-02
   1444.9028744732291        8.44326541E-02
   1445.0460901412312        8.23720247E-02
   1445.1893058092332        8.01209733E-02
   1445.3325214772353        7.77115524E-02
   1445.4757371452374        7.51669109E-02
   1445.6189528132395        7.24961385E-02
   1445.7621684812416        6.96931630E-02
   1445.9053841492437        6.67391792E-02
   1446.0485998172458        6.36071041E-02
   1446.1918154852478        6.02671094E-02
   1446.3350311532499        5.66932820E-02
   1446.4782468212520        5.28711975E-02
   1446.6214624892541        4.88044098E-02
   1446.7646781572562        4.45170552E-02
   1446.9078938252583        4.00506519E-02
   1447.0511094932604        3.54558825E-02
   1447.1943251612624        3.07820197E-02
   1447.3375408292645        2.60668527E-02
   1447.4807564972666        2.13290676E-02
   1447.6239721652687        1.65643822E-02
   1447.7671878332708        1.17467036E-02
   1447.9104035012729        6.83486136E-03
   1448.0536191692750        1.78374804E-03
   1448.1968348372770       -3.44335358E-03
   1448.3400505052791       -8.86498578E-03
   1448.4832661732812       -1.44766038E-02
   1448.6264818412833       -2.02508215E-02
   1448.7696975092854       -2.61419248E-02
   1448.9129131772875       -3.20937373E-02
   1449.0561288452895       -3.80498283E-02
   1449.1993445132916       -4.39643189E-02
   1449.3425601812937       -4.98106517E-02
   1449.4857758492958       -5.55859916E-02
   1449.6289915172979       -6.13103583E-02
   1449.7722071853000       -6.70211166E-02
   1449.9154228533021       -7.27640092E-02
   1450.0586385213041       -7.85819367E-02
   1450.2018541893062       -8.45032483E-02
   1450.3450698573083       -9.05323401E-02
   1450.4882855253104       -9.66459289E-02
   1450.6315011933125      -0.102796905    
   1450.7747168613146      -0.108924598    
   1450.9179325293167      -0.114968069    
   1451.0611481973187      -0.120878384    
   1451.2043638653208      -0.126627281    
   1451.3475795333229      -0.132211193    
   1451.4907952013250      -0.137650028    
   1451.6340108693271      -0.142980859    
   1451.7772265373292      -0.148247510    
   1451.9204422053313      -0.153488740    
   1452.0636578733333      -0.158728361    
   1452.2068735413354      -0.163969666    
   1452.3500892093375      -0.169194639    
   1452.4933048773396      -0.174367011    
   1452.6365205453417      -0.179438218    
   1452.7797362133438      -0.184355691    
   1452.9229518813459      -0.189072624    
   1453.0661675493479      -0.193556845    
   1453.2093832173500      -0.197796330    
   1453.3525988853521      -0.201799393    
   1453.4958145533542      -0.205589786    
   1453.6390302213563      -0.209198222    
   1453.7822458893584      -0.212652624    
   1453.9254615573604      -0.215969190    
   1454.0686772253625      -0.219146416    
   1454.2118928933646      -0.222164050    
   1454.3551085613667      -0.224987343    
   1454.4983242293688      -0.227575451    
   1454.6415398973709      -0.229890585    
   1454.7847555653730      -0.231905013    
   1454.9279712333750      -0.233604312    
   1455.0711869013771      -0.234987184    
   1455.2144025693792      -0.236062929    
   1455.3576182373813      -0.236847073    
   1455.5008339053834      -0.237355769    
   1455.6440495733855      -0.237599999    
   1455.7872652413876      -0.237581253    
   1455.9304809093896      -0.237290099    
   1456.0736965773917      -0.236707747    
   1456.2169122453938      -0.235809550    
   1456.3601279133959      -0.234569564    
   1456.5033435813980      -0.232965454    
   1456.6465592494001      -0.230983332    
   1456.7897749174022      -0.228621170    
   1456.9329905854042      -0.225888908    
   1457.0762062534063      -0.222804278    
   1457.2194219214084      -0.219385400    
   1457.3626375894105      -0.215642914    
   1457.5058532574126      -0.211574689    
   1457.6490689254147      -0.207164884    
   1457.7922845934168      -0.202387258    
   1457.9355002614188      -0.197211787    
   1458.0787159294209      -0.191612780    
   1458.2219315974230      -0.185576364    
   1458.3651472654251      -0.179104939    
   1458.5083629334272      -0.172216922    
   1458.6515786014293      -0.164941922    
   1458.7947942694313      -0.157313138    
   1458.9380099374334      -0.149359643    
   1459.0812256054355      -0.141100138    
   1459.2244412734376      -0.132539049    
   1459.3676569414397      -0.123665169    
   1459.5108726094418      -0.114453465    
   1459.6540882774439      -0.104870468    
   1459.7973039454459       -9.48826671E-02
   1459.9405196134480       -8.44658539E-02
   1460.0837352814501       -7.36129656E-02
   1460.2269509494522       -6.23384267E-02
   1460.3701666174543       -5.06780036E-02
   1460.5133822854564       -3.86840068E-02
   1460.6565979534585       -2.64160633E-02
   1460.7998136214605       -1.39288688E-02
   1460.9430292894626       -1.25984766E-03
   1461.0862449574647        1.15792509E-02
   1461.2294606254668        2.46037059E-02
   1461.3726762934689        3.78495269E-02
   1461.5158919614710        5.13617769E-02
   1461.6591076294731        6.51811063E-02
   1461.8023232974751        7.93317929E-02
   1461.9455389654772        9.38135237E-02
   1462.0887546334793       0.108598247    
   1462.2319703014814       0.123632774    
   1462.3751859694835       0.138846710    
   1462.5184016374856       0.154163942    
   1462.6616173054877       0.169515118    
   1462.8048329734897       0.184848458    
   1462.9480486414918       0.200137302    
   1463.0912643094939       0.215383142    
   1463.2344799774960       0.230613261    
   1463.3776956454981       0.245872349    
   1463.5209113135002       0.261209160    
   1463.6641269815022       0.276661038    
   1463.8073426495043       0.292240530    
   1463.9505583175064       0.307928145    
   1464.0937739855085       0.323672503    
   1464.2369896535106       0.339398086    
   1464.3802053215127       0.355018169    
   1464.5234209895148       0.370450526    
   1464.6666366575168       0.385631949    
   1464.8098523255189       0.400528193    
   1464.9530679935210       0.415136337    
   1465.0962836615231       0.429479450    
   1465.2394993295252       0.443595976    
   1465.3827149975273       0.457527190    
   1465.5259306655294       0.471305519    
   1465.6691463335314       0.484944910    
   1465.8123620015335       0.498434454    
   1465.9555776695356       0.511736095    
   1466.0987933375377       0.524788082    
   1466.2420090055398       0.537513852    
   1466.3852246735419       0.549835026    
   1466.5284403415440       0.561685324    
   1466.6716560095460       0.573021531    
   1466.8148716775481       0.583829939    
   1466.9580873455502       0.594126344    
   1467.1013030135523       0.603949070    
   1467.2445186815544       0.613346457    
   1467.3877343495565       0.622362137    
   1467.5309500175586       0.631021917    
   1467.6741656855606       0.639326513    
   1467.8173813535627       0.647251248    
   1467.9605970215648       0.654751897    
   1468.1038126895669       0.661773980    
   1468.2470283575690       0.668263197    
   1468.3902440255711       0.674174905    
   1468.5334596935731       0.679480910    
   1468.6766753615752       0.684172511    
   1468.8198910295773       0.688259244    
   1468.9631066975794       0.691764176    
   1469.1063223655815       0.694717526    
   1469.2495380335836       0.697150111    
   1469.3927537015857       0.699086428    
   1469.5359693695877       0.700538993    
   1469.6791850375898       0.701504529    
   1469.8224007055919       0.701964736    
   1469.9656163735940       0.701891899    
   1470.1088320415961       0.701257765    
   1470.2520477095982       0.700042188    
   1470.3952633776003       0.698238552    
   1470.5384790456023       0.695854604    
   1470.6816947136044       0.692908943    
   1470.8249103816065       0.689425647    
   1470.9681260496086       0.685427845    
   1471.1113417176107       0.680932283    
   1471.2545573856128       0.675946891    
   1471.3977730536149       0.670471668    
   1471.5409887216169       0.664503217    
   1471.6842043896190       0.658039868    
   1471.8274200576211       0.651085496    
   1471.9706357256232       0.643650770    
   1472.1138513936253       0.635752499    
   1472.2570670616274       0.627411842    
   1472.4002827296295       0.618652225    
   1472.5434983976315       0.609496653    
   1472.6867140656336       0.599964499    
   1472.8299297336357       0.590068698    
   1472.9731454016378       0.579814374    
   1473.1163610696399       0.569199383    
   1473.2595767376420       0.558216810    
   1473.4027924056440       0.546859562    
   1473.5460080736461       0.535126328    
   1473.6892237416482       0.523028135    
   1473.8324394096503       0.510592878    
   1473.9756550776524       0.497865021    
   1474.1188707456545       0.484899253    
   1474.2620864136566       0.471749991    
   1474.4053020816586       0.458460599    
   1474.5485177496607       0.445056021    
   1474.6917334176628       0.431540489    
   1474.8349490856649       0.417899907    
   1474.9781647536670       0.404108256    
   1475.1213804216691       0.390136510    
   1475.2645960896712       0.375962734    
   1475.4078117576732       0.361580610    
   1475.5510274256753       0.347004205    
   1475.6942430936774       0.332267791    
   1475.8374587616795       0.317421734    
   1475.9806744296816       0.302525938    
   1476.1238900976837       0.287642092    
   1476.2671057656858       0.272824734    
   1476.4103214336878       0.258112192    
   1476.5535371016899       0.243519440    
   1476.6967527696920       0.229035854    
   1476.8399684376941       0.214629456    
   1476.9831841056962       0.200257063    
   1477.1263997736983       0.185877472    
   1477.2696154417004       0.171464428    
   1477.4128311097024       0.157016322    
   1477.5560467777045       0.142560005    
   1477.6992624457066       0.128147364    
   1477.8424781137087       0.113845341    
   1477.9856937817108        9.97222066E-02
   1478.1289094497129        8.58345404E-02
   1478.2721251177149        7.22183958E-02
   1478.4153407857170        5.88857271E-02
   1478.5585564537191        4.58252952E-02
   1478.7017721217212        3.30069847E-02
   1478.8449877897233        2.03891750E-02
   1478.9882034577254        7.92874116E-03
   1479.1314191257275       -4.40794183E-03
   1479.2746347937295       -1.66357365E-02
   1479.4178504617316       -2.87457127E-02
   1479.5610661297337       -4.07052785E-02
   1479.7042817977358       -5.24630211E-02
   1479.8474974657379       -6.39573783E-02
   1479.9907131337400       -7.51281977E-02
   1480.1339288017421       -8.59292448E-02
   1480.2771444697441       -9.63382870E-02
   1480.4203601377462      -0.106361024    
   1480.5635758057483      -0.116026983    
   1480.7067914737504      -0.125379160    
   1480.8500071417525      -0.134461448    
   1480.9932228097546      -0.143307835    
   1481.1364384777567      -0.151935637    
   1481.2796541457587      -0.160342976    
   1481.4228698137608      -0.168510154    
   1481.5660854817629      -0.176404342    
   1481.7093011497650      -0.183986455    
   1481.8525168177671      -0.191218540    
   1481.9957324857692      -0.198070064    
   1482.1389481537713      -0.204522297    
   1482.2821638217733      -0.210571080    
   1482.4253794897754      -0.216227651    
   1482.5685951577775      -0.221516579    
   1482.7118108257796      -0.226470038    
   1482.8550264937817      -0.231119215    
   1482.9982421617838      -0.235485718    
   1483.1414578297858      -0.239576206    
   1483.2846734977879      -0.243381903    
   1483.4278891657900      -0.246882290    
   1483.5711048337921      -0.250051409    
   1483.7143205017942      -0.252865046    
   1483.8575361697963      -0.255307078    
   1484.0007518377984      -0.257373244    
   1484.1439675058004      -0.259070665    
   1484.2871831738025      -0.260413140    
   1484.4303988418046      -0.261414558    
   1484.5736145098067      -0.262083918    
   1484.7168301778088      -0.262424082    
   1484.8600458458109      -0.262433380    
   1485.0032615138130      -0.262108177    
   1485.1464771818150      -0.261444569    
   1485.2896928498171      -0.260439485    
   1485.4329085178192      -0.259092003    
   1485.5761241858213      -0.257405281    
   1485.7193398538234      -0.255387664    
   1485.8625555218255      -0.253052384    
   1486.0057711898276      -0.250415474    
   1486.1489868578296      -0.247492537    
   1486.2922025258317      -0.244295165    
   1486.4354181938338      -0.240827337    
   1486.5786338618359      -0.237082824    
   1486.7218495298380      -0.233045503    
   1486.8650651978401      -0.228693843    
   1487.0082808658422      -0.224008903    
   1487.1514965338442      -0.218982831    
   1487.2947122018463      -0.213624328    
   1487.4379278698484      -0.207959130    
   1487.5811435378505      -0.202025548    
   1487.7243592058526      -0.195866957    
   1487.8675748738547      -0.189522848    
   1488.0107905418567      -0.183020562    
   1488.1540062098588      -0.176369846    
   1488.2972218778609      -0.169562250    
   1488.4404375458630      -0.162575483    
   1488.5836532138651      -0.155381024    
   1488.7268688818672      -0.147951975    
   1488.8700845498693      -0.140269518    
   1489.0133002178713      -0.132327884    
   1489.1565158858734      -0.124138385    
   1489.2997315538755      -0.115731724    
   1489.4429472218776      -0.107156463    
   1489.5861628898797       -9.84723046E-02
   1489.7293785578818       -8.97390619E-02
   1489.8725942258839       -8.10046270E-02
   1490.0158098938859       -7.22956061E-02
   1490.1590255618880       -6.36129826E-02
   1490.3022412298901       -5.49336970E-02
   1490.4454568978922       -4.62181047E-02
   1490.5886725658943       -3.74220908E-02
   1490.7318882338964       -2.85112020E-02
   1490.8751039018985       -1.94725879E-02
   1491.0183195699005       -1.03209186E-02
   1491.1615352379026       -1.09680812E-03
   1491.3047509059047        8.14072601E-03
   1491.4479665739068        1.73246767E-02
   1491.5911822419089        2.63906661E-02
   1491.7343979099110        3.52863036E-02
   1491.8776135779131        4.39783186E-02
   1492.0208292459151        5.24562970E-02
   1492.1640449139172        6.07320145E-02
   1492.3072605819193        6.88343868E-02
   1492.4504762499214        7.68012181E-02
   1492.5936919179235        8.46691877E-02
   1492.7369075859256        9.24635082E-02
   1492.8801232539276       0.100188695    
   1493.0233389219297       0.107822903    
   1493.1665545899318       0.115318559    
   1493.3097702579339       0.122610413    
   1493.4529859259360       0.129628927    
   1493.5962015939381       0.136314511    
   1493.7394172619402       0.142627984    
   1493.8826329299422       0.148555040    
   1494.0258485979443       0.154104874    
   1494.1690642659464       0.159304380    
   1494.3122799339485       0.164189354    
   1494.4554956019506       0.168794408    
   1494.5987112699527       0.173143834    
   1494.7419269379548       0.177245691    
   1494.8851426059568       0.181090251    
   1495.0283582739589       0.184651986    
   1495.1715739419610       0.187893674    
   1495.3147896099631       0.190771759    
   1495.4580052779652       0.193242937    
   1495.6012209459673       0.195271999    
   1495.7444366139694       0.196839109    
   1495.8876522819714       0.197944030    
   1496.0308679499735       0.198605046    
   1496.1740836179756       0.198852986    
   1496.3172992859777       0.198722258    
   1496.4605149539798       0.198241666    
   1496.6037306219819       0.197427377    
   1496.7469462899840       0.196279570    
   1496.8901619579860       0.194783971    
   1497.0333776259881       0.192917719    
   1497.1765932939902       0.190657541    
   1497.3198089619923       0.187986836    
   1497.4630246299944       0.184899300    
   1497.6062402979965       0.181398883    
   1497.7494559659985       0.177497700    
   1497.8926716340006       0.173213601    
   1498.0358873020027       0.168568015    
   1498.1791029700048       0.163583353    
   1498.3223186380069       0.158279940    
   1498.4655343060090       0.152673244    
   1498.6087499740111       0.146772578    
   1498.7519656420131       0.140581623    
   1498.8951813100152       0.134100437    
   1499.0383969780173       0.127328560    
   1499.1816126460194       0.120268874    
   1499.3248283140215       0.112931818    
   1499.4680439820236       0.105338082    
   1499.6112596500257        9.75178853E-02
   1499.7544753180277        8.95059258E-02
   1499.8976909860298        8.13338161E-02
   1500.0409066540319        7.30234087E-02
   1500.1841223220340        6.45840243E-02
   1500.3273379900361        5.60144708E-02
   1500.4705536580382        4.73086312E-02
   1500.6137693260403        3.84624936E-02
   1500.7569849940423        2.94805709E-02
   1500.9002006620444        2.03800444E-02
   1501.0434163300465        1.11914137E-02
   1501.1866319980486        1.95536180E-03
   1501.3298476660507       -7.28299189E-03
   1501.4730633340528       -1.64803322E-02
   1501.6162790020549       -2.56000645E-02
   1501.7594946700569       -3.46154198E-02
   1501.9027103380590       -4.35112566E-02
   1502.0459260060611       -5.22847064E-02
   1502.1891416740632       -6.09439388E-02
   1502.3323573420653       -6.95039704E-02
   1502.4755730100674       -7.79796094E-02
   1502.6187886780694       -8.63772109E-02
   1502.7620043460715       -9.46877599E-02
   1502.9052200140736      -0.102883324    
   1503.0484356820757      -0.110917963    
   1503.1916513500778      -0.118733309    
   1503.3348670180799      -0.126268074    
   1503.4780826860820      -0.133469582    
   1503.6212983540840      -0.140303940    
   1503.7645140220861      -0.146761388    
   1503.9077296900882      -0.152854875    
   1504.0509453580903      -0.158612624    
   1504.1941610260924      -0.164067745    
   1504.3373766940945      -0.169248089    
   1504.4805923620966      -0.174168304    
   1504.6238080300986      -0.178824872    
   1504.7670236981007      -0.183194473    
   1504.9102393661028      -0.187235951    
   1505.0534550341049      -0.190895721    
   1505.1966707021070      -0.194116041    
   1505.3398863701091      -0.196844369    
   1505.4831020381112      -0.199042529    
   1505.6263177061132      -0.200693905    
   1505.7695333741153      -0.201807156    
   1505.9127490421174      -0.202414855    
   1506.0559647101195      -0.202566087    
   1506.1991803781216      -0.202314258    
   1506.3423960461237      -0.201703236    
   1506.4856117141258      -0.200756118    
   1506.6288273821278      -0.199469730    
   1506.7720430501299      -0.197815999    
   1506.9152587181320      -0.195749149    
   1507.0584743861341      -0.193216726    
   1507.2016900541362      -0.190171629    
   1507.3449057221383      -0.186582655    
   1507.4881213901403      -0.182440892    
   1507.6313370581424      -0.177761018    
   1507.7745527261445      -0.172577769    
   1507.9177683941466      -0.166939288    
   1508.0609840621487      -0.160899073    
   1508.2041997301508      -0.154507518    
   1508.3474153981529      -0.147803649    
   1508.4906310661549      -0.140808105    
   1508.6338467341570      -0.133519292    
   1508.7770624021591      -0.125914454    
   1508.9202780701612      -0.117956229    
   1509.0634937381633      -0.109603286    
   1509.2067094061654      -0.100822233    
   1509.3499250741675       -9.15976912E-02
   1509.4931407421695       -8.19381252E-02
   1509.6363564101716       -7.18759969E-02
   1509.7795720781737       -6.14622161E-02
   1509.9227877461758       -5.07563725E-02
   1510.0660034141779       -3.98156010E-02
   1510.2092190821800       -2.86852121E-02
   1510.3524347501821       -1.73932631E-02
   1510.4956504181841       -5.94953122E-03
   1510.6388660861862        5.65198204E-03
   1510.7820817541883        1.74283125E-02
   1510.9252974221904        2.94015128E-02
   1511.0685130901925        4.15920764E-02
   1511.2117287581946        5.40126339E-02
   1511.3549444261967        6.66629523E-02
   1511.4981600941987        7.95272663E-02
   1511.6413757622008        9.25745144E-02
   1511.7845914302029       0.105761550    
   1511.9278070982050       0.119039081    
   1512.0710227662071       0.132359356    
   1512.2142384342092       0.145683900    
   1512.3574541022112       0.158988953    
   1512.5006697702133       0.172266617    
   1512.6438854382154       0.185521320    
   1512.7871011062175       0.198762938    
   1512.9303167742196       0.211999491    
   1513.0735324422217       0.225231737    
   1513.2167481102238       0.238450885    
   1513.3599637782258       0.251639426    
   1513.5031794462279       0.264773875    
   1513.6463951142300       0.277828515    
   1513.7896107822321       0.290779054    
   1513.9328264502342       0.303605080    
   1514.0760421182363       0.316291273    
   1514.2192577862384       0.328827024    
   1514.3624734542404       0.341205388    
   1514.5056891222425       0.353421479    
   1514.6489047902446       0.365470827    
   1514.7921204582467       0.377347559    
   1514.9353361262488       0.389042497    
   1515.0785517942509       0.400541961    
   1515.2217674622530       0.411828101    
   1515.3649831302550       0.422881216    
   1515.5081987982571       0.433683366    
   1515.6514144662592       0.444222063    
   1515.7946301342613       0.454492569    
   1515.9378458022634       0.464497417    
   1516.0810614702655       0.474243134    
   1516.2242771382676       0.483734727    
   1516.3674928062696       0.492969751    
   1516.5107084742717       0.501934350    
   1516.6539241422738       0.510602891    
   1516.7971398102759       0.518941939    
   1516.9403554782780       0.526917398    
   1517.0835711462801       0.534502149    
   1517.2267868142821       0.541682065    
   1517.3700024822842       0.548458695    
   1517.5132181502863       0.554848075    
   1517.6564338182884       0.560877025    
   1517.7996494862905       0.566576719    
   1517.9428651542926       0.571975350    
   1518.0860808222947       0.577090979    
   1518.2292964902967       0.581926107    
   1518.3725121582988       0.586465061    
   1518.5157278263009       0.590675473    
   1518.6589434943030       0.594512820    
   1518.8021591623051       0.597928107    
   1518.9453748303072       0.600876927    
   1519.0885904983093       0.603329062    
   1519.2318061663113       0.605275989    
   1519.3750218343134       0.606733799    
   1519.5182375023155       0.607740581    
   1519.6614531703176       0.608347356    
   1519.8046688383197       0.608605921    
   1519.9478845063218       0.608555973    
   1520.0911001743239       0.608215392    
   1520.2343158423259       0.607575893    
   1520.3775315103280       0.606604815    
   1520.5207471783301       0.605252564    
   1520.6639628463322       0.603463650    
   1520.8071785143343       0.601188838    
   1520.9503941823364       0.598395228    
   1521.0936098503385       0.595073104    
   1521.2368255183405       0.591237664    
   1521.3800411863426       0.586926401    
   1521.5232568543447       0.582192123    
   1521.6664725223468       0.577092707    
   1521.8096881903489       0.571679592    
   1521.9529038583510       0.565986991    
   1522.0961195263530       0.560024381    
   1522.2393351943551       0.553775012    
   1522.3825508623572       0.547199667    
   1522.5257665303593       0.540245831    
   1522.6689821983614       0.532859981    
   1522.8121978663635       0.525000393    
   1522.9554135343656       0.516647696    
   1523.0986292023676       0.507810533    
   1523.2418448703697       0.498524368    
   1523.3850605383718       0.488843828    
   1523.5282762063739       0.478830874    
   1523.6714918743760       0.468542367    
   1523.8147075423781       0.458020180    
   1523.9579232103802       0.447285175    
   1524.1011388783822       0.436335653    
   1524.2443545463843       0.425150305    
   1524.3875702143864       0.413694680    
   1524.5307858823885       0.401930630    
   1524.6740015503906       0.389826447    
   1524.8172172183927       0.377365679    
   1524.9604328863948       0.364552557    
   1525.1036485543968       0.351413220    
   1525.2468642223989       0.337992281    
   1525.3900798904010       0.324345469    
   1525.5332955584031       0.310529619    
   1525.6765112264052       0.296592265    
   1525.8197268944073       0.282563478    
   1525.9629425624094       0.268452376    
   1526.1061582304114       0.254249036    
   1526.2493738984135       0.239931166    
   1526.3925895664156       0.225473315    
   1526.5358052344177       0.210856244    
   1526.6790209024198       0.196074426    
   1526.8222365704219       0.181139648    
   1526.9654522384239       0.166080132    
   1527.1086679064260       0.150935575    
   1527.2518835744281       0.135750115    
   1527.3950992424302       0.120565534    
   1527.5383149104323       0.105416372    
   1527.6815305784344        9.03273895E-02
   1527.8247462464365        7.53129125E-02
   1527.9679619144385        6.03779741E-02
   1528.1111775824406        4.55212891E-02
   1528.2543932504427        3.07400227E-02
   1528.3976089184448        1.60351992E-02
   1528.5408245864469        1.41595025E-03
   1528.6840402544490       -1.30988695E-02
   1528.8272559224511       -2.74820272E-02
   1528.9704715904531       -4.17014994E-02
   1529.1136872584552       -5.57251982E-02
   1529.2569029264573       -6.95258081E-02
   1529.4001185944594       -8.30846056E-02
   1529.5433342624615       -9.63929668E-02
   1529.6865499304636      -0.109450489    
   1529.8297655984657      -0.122259974    
   1529.9729812664677      -0.134820983    
   1530.1161969344698      -0.147124305    
   1530.2594126024719      -0.159149483    
   1530.4026282704740      -0.170865729    
   1530.5458439384761      -0.182236031    
   1530.6890596064782      -0.193222955    
   1530.8322752744803      -0.203794926    
   1530.9754909424823      -0.213931352    
   1531.1187066104844      -0.223625049    
   1531.2619222784865      -0.232881367    
   1531.4051379464886      -0.241714418    
   1531.5483536144907      -0.250141561    
   1531.6915692824928      -0.258177340    
   1531.8347849504948      -0.265827775    
   1531.9780006184969      -0.273085773    
   1532.1212162864990      -0.279929101    
   1532.2644319545011      -0.286322176    
   1532.4076476225032      -0.292222232    
   1532.5508632905053      -0.297588229    
   1532.6940789585074      -0.302390277    
   1532.8372946265094      -0.306616515    
   1532.9805102945115      -0.310276002    
   1533.1237259625136      -0.313396871    
   1533.2669416305157      -0.316020191    
   1533.4101572985178      -0.318189949    
   1533.5533729665199      -0.319941670    
   1533.6965886345220      -0.321292698    
   1533.8398043025240      -0.322237253    
   1533.9830199705261      -0.322748005    
   1534.1262356385282      -0.322783470    
   1534.2694513065303      -0.322298467    
   1534.4126669745324      -0.321254998    
   1534.5558826425345      -0.319631398    
   1534.6990983105366      -0.317428172    
   1534.8423139785386      -0.314669669    
   1534.9855296465407      -0.311400533    
   1535.1287453145428      -0.307677865    
   1535.2719609825449      -0.303560495    
   1535.4151766505470      -0.299097925    
   1535.5583923185491      -0.294321030    
   1535.7016079865512      -0.289236516    
   1535.8448236545532      -0.283826530    
   1535.9880393225553      -0.278054118    
   1536.1312549905574      -0.271873832    
   1536.2744706585595      -0.265245080    
   1536.4176863265616      -0.258144706    
   1536.5609019945637      -0.250575423    
   1536.7041176625657      -0.242568016    
   1536.8473333305678      -0.234177336    
   1536.9905489985699      -0.225473166    
   1537.1337646665720      -0.216527998    
   1537.2769803345741      -0.207404211    
   1537.4201960025762      -0.198144034    
   1537.5634116705783      -0.188764706    
   1537.7066273385803      -0.179259986    
   1537.8498430065824      -0.169606820    
   1537.9930586745845      -0.159774795    
   1538.1362743425866      -0.149735972    
   1538.2794900105887      -0.139473692    
   1538.4227056785908      -0.128989279    
   1538.5659213465929      -0.118305445    
   1538.7091370145949      -0.107465282    
   1538.8523526825970       -9.65263322E-02
   1538.9955683505991       -8.55510235E-02
   1539.1387840186012       -7.45960549E-02
   1539.2819996866033       -6.37033507E-02
   1539.4252153546054       -5.28947599E-02
   1539.5684310226075       -4.21713553E-02
   1539.7116466906095       -3.15175764E-02
   1539.8548623586116       -2.09093876E-02
   1539.9980780266137       -1.03244530E-02
   1540.1412936946158        2.48456752E-04
   1540.2845093626179        1.08035300E-02
   1540.4277250306200        2.13168468E-02
   1540.5709406986221        3.17498744E-02
   1540.7141563666241        4.20560725E-02
   1540.8573720346262        5.21888137E-02
   1541.0005877026283        6.21089004E-02
   1541.1438033706304        7.17900917E-02
   1541.2870190386325        8.12214017E-02
   1541.4302347066346        9.04057771E-02
   1541.5734503746366        9.93558764E-02
   1541.7166660426387       0.108088285    
   1541.8598817106408       0.116617598    
   1542.0030973786429       0.124951161    
   1542.1463130466450       0.133085281    
   1542.2895287146471       0.141003817    
   1542.4327443826492       0.148680165    
   1542.5759600506512       0.156082615    
   1542.7191757186533       0.163181707    
   1542.8623913866554       0.169956848    
   1543.0056070546575       0.176400051    
   1543.1488227226596       0.182515875    
   1543.2920383906617       0.188317850    
   1543.4352540586638       0.193822920    
   1543.5784697266658       0.199045002    
   1543.7216853946679       0.203989521    
   1543.8649010626700       0.208650395    
   1544.0081167306721       0.213010639    
   1544.1513323986742       0.217046589    
   1544.2945480666763       0.220734298    
   1544.4377637346784       0.224056140    
   1544.5809794026804       0.227005616    
   1544.7241950706825       0.229589671    
   1544.8674107386846       0.231828034    
   1545.0106264066867       0.233749852    
   1545.1538420746888       0.235387966    
   1545.2970577426909       0.236771971    
   1545.4402734106930       0.237921491    
   1545.5834890786950       0.238841504    
   1545.7267047466971       0.239520848    
   1545.8699204146992       0.239934519    
   1546.0131360827013       0.240049660    
   1546.1563517507034       0.239834130    
   1546.2995674187055       0.239266083    
   1546.4427830867075       0.238341674    
   1546.5859987547096       0.237078547    
   1546.7292144227117       0.235513642    
   1546.8724300907138       0.233695865    
   1547.0156457587159       0.231675789    
   1547.1588614267180       0.229495093    
   1547.3020770947201       0.227178052    
   1547.4452927627221       0.224726960    
   1547.5885084307242       0.222122476    
   1547.7317240987263       0.219329074    
   1547.8749397667284       0.216304541    
   1548.0181554347305       0.213011324    
   1548.1613711027326       0.209426954    
   1548.3045867707347       0.205550998    
   1548.4478024387367       0.201407343    
   1548.5910181067388       0.197041422    
   1548.7342337747409       0.192512825    
   1548.8774494427430       0.187884569    
   1549.0206651107451       0.183210894    
   1549.1638807787472       0.178526357    
   1549.3070964467493       0.173839033    
   1549.4503121147513       0.169129670    
   1549.5935277827534       0.164357305    
   1549.7367434507555       0.159470066    
   1549.8799591187576       0.154418543    
   1550.0231747867597       0.149168715    
   1550.1663904547618       0.143711090    
   1550.3096061227639       0.138064191    
   1550.4528217907659       0.132271394    
   1550.5960374587680       0.126392260    
   1550.7392531267701       0.120490707    
   1550.8824687947722       0.114622705    
   1551.0256844627743       0.108826190    
   1551.1689001307764       0.103114970    
   1551.3121157987784        9.74777862E-02
   1551.4553314667805        9.18828025E-02
   1551.5985471347826        8.62864181E-02
   1551.7417628027847        8.06445330E-02
   1551.8849784707868        7.49236271E-02
   1552.0281941387889        6.91091418E-02
   1552.1714098067910        6.32094815E-02
   1552.3146254747930        5.72548881E-02
   1552.4578411427951        5.12915030E-02
   1552.6010568107972        4.53718938E-02
   1552.7442724787993        3.95441726E-02
   1552.8874881468014        3.38422619E-02
   1553.0307038148035        2.82798000E-02
   1553.1739194828056        2.28491034E-02
   1553.3171351508076        1.75252929E-02
   1553.4603508188097        1.22742327E-02
   1553.6035664868118        7.06209382E-03
   1553.7467821548139        1.86416996E-03
   1553.8899978228160       -3.32897226E-03
   1554.0332134908181       -8.50911625E-03
   1554.1764291588202       -1.36519540E-02
   1554.3196448268222       -1.87219363E-02
   1554.4628604948243       -2.36791614E-02
   1554.6060761628264       -2.84867678E-02
   1554.7492918308285       -3.31172794E-02
   1554.8925074988306       -3.75565626E-02
   1555.0357231668327       -4.18046229E-02
   1555.1789388348348       -4.58731614E-02
   1555.3221545028368       -4.97806743E-02
   1555.4653701708389       -5.35464138E-02
   1555.6085858388410       -5.71847409E-02
   1555.7518015068431       -6.07011504E-02
   1555.8950171748452       -6.40907884E-02
   1556.0382328428473       -6.73396215E-02
   1556.1814485108493       -7.04278499E-02
   1556.3246641788514       -7.33344778E-02
   1556.4678798468535       -7.60417432E-02
   1556.6110955148556       -7.85381794E-02
   1556.7543111828577       -8.08195472E-02
   1556.8975268508598       -8.28875005E-02
   1557.0407425188619       -8.47465768E-02
   1557.1839581868639       -8.64004716E-02
   1557.3271738548660       -8.78487155E-02
   1557.4703895228681       -8.90849531E-02
   1557.6136051908702       -9.00972113E-02
   1557.7568208588723       -9.08701867E-02
   1557.9000365268744       -9.13887247E-02
   1558.0432521948765       -9.16415751E-02
   1558.1864678628785       -9.16243345E-02
   1558.3296835308806       -9.13408846E-02
   1558.4728991988827       -9.08026770E-02
   1558.6161148668848       -9.00256634E-02
   1558.7593305348869       -8.90253931E-02
   1558.9025462028890       -8.78115073E-02
   1559.0457618708911       -8.63834247E-02
   1559.1889775388931       -8.47286433E-02
   1559.3321932068952       -8.28242600E-02
   1559.4754088748973       -8.06413963E-02
   1559.6186245428994       -7.81513378E-02
   1559.7618402109015       -7.53322467E-02
   1559.9050558789036       -7.21748397E-02
   1560.0482715469057       -6.86857700E-02
   1560.1914872149077       -6.48874417E-02
   1560.3347028829098       -6.08140118E-02
   1560.4779185509119       -5.65043055E-02
   1560.6211342189140       -5.19932657E-02
   1560.7643498869161       -4.73039187E-02
   1560.9075655549182       -4.24416326E-02
   1561.0507812229203       -3.73921096E-02
   1561.1939968909223       -3.21238339E-02
   1561.3372125589244       -2.65949164E-02
   1561.4804282269265       -2.07629353E-02
   1561.6236438949286       -1.45955505E-02
   1561.7668595629307       -8.07922985E-03
   1561.9100752309328       -1.22402143E-03
   1562.0532908989348        5.93670923E-03
   1562.1965065669369        1.33516202E-02
   1562.3397222349390        2.09608953E-02
   1562.4829379029411        2.87080184E-02
   1562.6261535709432        3.65511402E-02
   1562.7693692389453        4.44711149E-02
   1562.9125849069474        5.24741933E-02
   1563.0558005749494        6.05889037E-02
   1563.1990162429515        6.88581616E-02
   1563.3422319109536        7.73285180E-02
   1563.4854475789557        8.60384554E-02
   1563.6286632469578        9.50078741E-02
   1563.7718789149599       0.104230873    
   1563.9150945829620       0.113673881    
   1564.0583102509640       0.123279996    
   1564.2015259189661       0.132978752    
   1564.3447415869682       0.142698929    
   1564.4879572549703       0.152381197    
   1564.6311729229724       0.161988094    
   1564.7743885909745       0.171509147    
   1564.9176042589766       0.180960298    
   1565.0608199269786       0.190377504    
   1565.2040355949807       0.199805871    
   1565.3472512629828       0.209286943    
   1565.4904669309849       0.218847319    
   1565.6336825989870       0.228490964    
   1565.7768982669891       0.238196611    
   1565.9201139349912       0.247920260    
   1566.0633296029932       0.257601917    
   1566.2065452709953       0.267175436    
   1566.3497609389974       0.276579469    
   1566.4929766069995       0.285767287    
   1566.6361922750016       0.294713140    
   1566.7794079430037       0.303414345    
   1566.9226236110057       0.311888665    
   1567.0658392790078       0.320168138    
   1567.2090549470099       0.328289926    
   1567.3522706150120       0.336285919    
   1567.4954862830141       0.344173163    
   1567.6387019510162       0.351947904    
   1567.7819176190183       0.359584868    
   1567.9251332870203       0.367041856    
   1568.0683489550224       0.374267727    
   1568.2115646230245       0.381211281    
   1568.3547802910266       0.387829155    
   1568.4979959590287       0.394091457    
   1568.6412116270308       0.399984747    
   1568.7844272950329       0.405511647    
   1568.9276429630349       0.410687476    
   1569.0708586310370       0.415534407    
   1569.2140742990391       0.420075297    
   1569.3572899670412       0.424328387    
   1569.5005056350433       0.428303629    
   1569.6437213030454       0.432000607    
   1569.7869369710475       0.435408115    
   1569.9301526390495       0.438505799    
   1570.0733683070516       0.441267759    
   1570.2165839750537       0.443667531    
   1570.3597996430558       0.445682853    
   1570.5030153110579       0.447299123    
   1570.6462309790600       0.448510647    
   1570.7894466470621       0.449320197    
   1570.9326623150641       0.449737012    
   1571.0758779830662       0.449773997    
   1571.2190936510683       0.449444801    
   1571.3623093190704       0.448761940    
   1571.5055249870725       0.447736412    
   1571.6487406550746       0.446378499    
   1571.7919563230766       0.444698244    
   1571.9351719910787       0.442704946    
   1572.0783876590808       0.440405607    
   1572.2216033270829       0.437803715    
   1572.3648189950850       0.434899092    
   1572.5080346630871       0.431688875    
   1572.6512503310892       0.428168774    
   1572.7944659990912       0.424334347    
   1572.9376816670933       0.420182347    
   1573.0808973350954       0.415712416    
   1573.2241130030975       0.410929084    
   1573.3673286710996       0.405842692    
   1573.5105443391017       0.400469393    
   1573.6537600071038       0.394830078    
   1573.7969756751058       0.388948977    
   1573.9401913431079       0.382851988    
   1574.0834070111100       0.376564145    
   1574.2266226791121       0.370105892    
   1574.3698383471142       0.363489240    
   1574.5130540151163       0.356715322    
   1574.6562696831184       0.349774987    
   1574.7994853511204       0.342652500    
   1574.9427010191225       0.335331351    
   1575.0859166871246       0.327800661    
   1575.2291323551267       0.320060760    
   1575.3723480231288       0.312126428    
   1575.5155636911309       0.304026932    
   1575.6587793591330       0.295802414    
   1575.8019950271350       0.287497640    
   1575.9452106951371       0.279155284    
   1576.0884263631392       0.270810097    
   1576.2316420311413       0.262484789    
   1576.3748576991434       0.254187524    
   1576.5180733671455       0.245911375    
   1576.6612890351475       0.237636343    
   1576.8045047031496       0.229334459    
   1576.9477203711517       0.220977351    
   1577.0909360391538       0.212544486    
   1577.2341517071559       0.204029769    
   1577.3773673751580       0.195445240    
   1577.5205830431601       0.186821297    
   1577.6637987111621       0.178203121    
   1577.8070143791642       0.169643417    
   1577.9502300471663       0.161192372    
   1578.0934457151684       0.152887449    
   1578.2366613831705       0.144746184    
   1578.3798770511726       0.136764422    
   1578.5230927191747       0.128919870    
   1578.6663083871767       0.121179342    
   1578.8095240551788       0.113507241    
   1578.9527397231809       0.105873637    
   1579.0959553911830        9.82609466E-02
   1579.2391710591851        9.06683058E-02
   1579.3823867271872        8.31127688E-02
   1579.5256023951893        7.56269097E-02
   1579.6688180631913        6.82533756E-02
   1579.8120337311934        6.10374399E-02
   1579.9552493991955        5.40189296E-02
   1580.0984650671976        4.72246446E-02
   1580.2416807351997        4.06628400E-02
   1580.3848964032018        3.43213789E-02
   1580.5281120712039        2.81707030E-02
   1580.6713277392059        2.21711658E-02
   1580.8145434072080        1.62825845E-02
   1580.9577590752101        1.04732756E-02
   1581.1009747432122        4.72650537E-03
   1581.2441904112143       -9.56550357E-04
   1581.3874060792164       -6.55749906E-03
   1581.5306217472184       -1.20448675E-02
   1581.6738374152205       -1.73809286E-02
   1581.8170530832226       -2.25295518E-02
   1581.9602687512247       -2.74629444E-02
   1582.1034844192268       -3.21657695E-02
   1582.2467000872289       -3.66365463E-02
   1582.3899157552310       -4.08871733E-02
   1582.5331314232330       -4.49411161E-02
   1582.6763470912351       -4.88299169E-02
   1582.8195627592372       -5.25875650E-02
   1582.9627784272393       -5.62433712E-02
   1583.1059940952414       -5.98153546E-02
   1583.2492097632435       -6.33064881E-02
   1583.3924254312456       -6.67049289E-02
   1583.5356410992476       -6.99878111E-02
   1583.6788567672497       -7.31271729E-02
   1583.8220724352518       -7.60964677E-02
   1583.9652881032539       -7.88763240E-02
   1584.1085037712560       -8.14582780E-02
   1584.2517194392581       -8.38455707E-02
   1584.3949351072602       -8.60510617E-02
   1584.5381507752622       -8.80934000E-02
   1584.6813664432643       -8.99929926E-02
   1584.8245821112664       -9.17687714E-02
   1584.9677977792685       -9.34358016E-02
   1585.1110134472706       -9.50033963E-02
   1585.2542291152727       -9.64737386E-02
   1585.3974447832748       -9.78415534E-02
   1585.5406604512768       -9.90951508E-02
   1585.6838761192789      -0.100218691    
   1585.8270917872810      -0.101195179    
   1585.9703074552831      -0.102009676    
   1586.1135231232852      -0.102652326    
   1586.2567387912873      -0.103120498    
   1586.3999544592893      -0.103419036    
   1586.5431701272914      -0.103558064    
   1586.6863857952935      -0.103549123    
   1586.8296014632956      -0.103401586    
   1586.9728171312977      -0.103121117    
   1587.1160327992998      -0.102710471    
   1587.2592484673019      -0.102171279    
   1587.4024641353039      -0.101505294    
   1587.5456798033060      -0.100714251    
   1587.6888954713081       -9.97989252E-02
   1587.8321111393102       -9.87581313E-02
   1587.9753268073123       -9.75880697E-02
   1588.1185424753144       -9.62822735E-02
   1588.2617581433165       -9.48322043E-02
   1588.4049738113185       -9.32288095E-02
   1588.5481894793206       -9.14647579E-02
   1588.6914051473227       -8.95365477E-02
   1588.8346208153248       -8.74456391E-02
   1588.9778364833269       -8.51982832E-02
   1589.1210521513290       -8.28046724E-02
   1589.2642678193311       -8.02780911E-02
   1589.4074834873331       -7.76340961E-02
   1589.5506991553352       -7.48892948E-02
   1589.6939148233373       -7.20591396E-02
   1589.8371304913394       -6.91548586E-02
   1589.9803461593415       -6.61803633E-02
   1590.1235618273436       -6.31300658E-02
   1590.2667774953457       -5.99885359E-02
   1590.4099931633477       -5.67326695E-02
   1590.5532088313498       -5.33365421E-02
   1590.6964244993519       -4.97781895E-02
   1590.8396401673540       -4.60463203E-02
   1590.9828558353561       -4.21445630E-02
   1591.1260715033582       -3.80915739E-02
   1591.2692871713602       -3.39172706E-02
   1591.4125028393623       -2.96568610E-02
   1591.5557185073644       -2.53446102E-02
   1591.6989341753665       -2.10085362E-02
   1591.8421498433686       -1.66664086E-02
   1591.9853655113707       -1.23233022E-02
   1592.1285811793728       -7.97119550E-03
   1592.2717968473748       -3.59103386E-03
   1592.4150125153769        8.42899783E-04
   1592.5582281833790        5.35713462E-03
   1592.7014438513811        9.97269619E-03
   1592.8446595193832        1.46992635E-02
   1592.9878751873853        1.95308104E-02
   1593.1310908553874        2.44440120E-02
   1593.2743065233894        2.94006057E-02
   1593.4175221913915        3.43539231E-02
   1593.5607378593936        3.92581709E-02
   1593.7039535273957        4.40777913E-02
   1593.8471691953978        4.87941094E-02
   1593.9903848633999        5.34075499E-02
   1594.1336005314020        5.79351969E-02
   1594.2768161994040        6.24046698E-02
   1594.4200318674061        6.68460727E-02
   1594.5632475354082        7.12839738E-02
   1594.7064632034103        7.57312104E-02
   1594.8496788714124        8.01855922E-02
   1594.9928945394145        8.46295282E-02
   1595.1361102074166        8.90320763E-02
   1595.2793258754186        9.33528244E-02
   1595.4225415434207        9.75473821E-02
   1595.5657572114228       0.101574309    
   1595.7089728794249       0.105402388    
   1595.8521885474270       0.109016530    
   1595.9954042154291       0.112420283    
   1596.1386198834311       0.115633942    
   1596.2818355514332       0.118688665    
   1596.4250512194353       0.121618167    
   1596.5682668874374       0.124450035    
   1596.7114825554395       0.127198726    
   1596.8546982234416       0.129861787    
   1596.9979138914437       0.132420287    
   1597.1411295594457       0.134843305    
   1597.2843452274478       0.137094826    
   1597.4275608954499       0.139140993    
   1597.5707765634520       0.140955761    
   1597.7139922314541       0.142524064    
   1597.8572078994562       0.143842861    
   1598.0004235674583       0.144920483    
   1598.1436392354603       0.145774603    
   1598.2868549034624       0.146428823    
   1598.4300705714645       0.146908015    
   1598.5732862394666       0.147232980    
   1598.7165019074687       0.147415534    
   1598.8597175754708       0.147455454    
   1599.0029332434729       0.147340208    
   1599.1461489114749       0.147047922    
   1599.2893645794770       0.146553189    
   1599.4325802474791       0.145833954    
   1599.5757959154812       0.144877478    
   1599.7190115834833       0.143683389    
   1599.8622272514854       0.142263100    
   1600.0054429194875       0.140636399    
   1600.1486585874895       0.138826638    
   1600.2918742554916       0.136856288    
   1600.4350899234937       0.134743780    
   1600.5783055914958       0.132501885    
   1600.7215212594979       0.130137488    
   1600.8647369275000       0.127652526    
   1601.0079525955020       0.125045404    
   1601.1511682635041       0.122312747    
   1601.2943839315062       0.119451091    
   1601.4375995995083       0.116458595    
   1601.5808152675104       0.113336809    
   1601.7240309355125       0.110092118    
   1601.8672466035146       0.106736138    
   1602.0104622715166       0.103284419    
   1602.1536779395187        9.97535437E-02
   1602.2968936075208        9.61576626E-02
   1602.4401092755229        9.25061405E-02
   1602.5833249435250        8.88034627E-02
   1602.7265406115271        8.50517079E-02
   1602.8697562795292        8.12544078E-02
   1603.0129719475312        7.74201751E-02
   1603.1561876155333        7.35644028E-02
   1603.2994032835354        6.97082207E-02
   1603.4426189515375        6.58749938E-02
   1603.5858346195396        6.20856322E-02
   1603.7290502875417        5.83544634E-02
   1603.8722659555438        5.46871871E-02
   1604.0154816235458        5.10814227E-02
   1604.1586972915479        4.75294515E-02
   1604.3019129595500        4.40220125E-02
   1604.4451286275521        4.05520536E-02
   1604.5883442955542        3.71177308E-02
   1604.7315599635563        3.37243788E-02
   1604.8747756315584        3.03853694E-02
   1605.0179912995604        2.71216836E-02
   1605.1612069675625        2.39600260E-02
   1605.3044226355646        2.09294166E-02
   1605.4476383035667        1.80565398E-02
   1605.5908539715688        1.53606050E-02
   1605.7340696395709        1.28489072E-02
   1605.8772853075729        1.05145415E-02
   1606.0205009755750        8.33758339E-03
   1606.1637166435771        6.29021088E-03
   1606.3069323115792        4.34488943E-03
   1606.4501479795813        2.48336187E-03
   1606.5933636475834        7.03536964E-04
   1606.7365793155855       -9.78077413E-04
   1606.8797949835875       -2.52918270E-03
   1607.0230106515896       -3.90873058E-03
   1607.1662263195917       -5.07598417E-03
   1607.3094419875938       -5.99914743E-03
   1607.4526576555959       -6.66168705E-03
   1607.5958733235980       -7.06533017E-03
   1607.7390889916001       -7.22953351E-03
   1607.8823046596021       -7.18779303E-03
   1608.0255203276042       -6.98152976E-03
   1608.1687359956063       -6.65250467E-03
   1608.3119516636084       -6.23488380E-03
   1608.4551673316105       -5.74821606E-03
   1608.5983829996126       -5.19274781E-03
   1608.7415986676147       -4.54844395E-03
   1608.8848143356167       -3.77859315E-03
   1609.0280300036188       -2.83779018E-03
   1609.1712456716209       -1.68272422E-03
   1609.3144613396230       -2.83107249E-04
   1609.4576770076251        1.37020391E-03
   1609.6008926756272        3.26215313E-03
   1609.7441083436293        5.35636162E-03
   1609.8873240116313        7.60314893E-03
   1610.0305396796334        9.95050836E-03
   1610.1737553476355        1.23550771E-02
   1610.3169710156376        1.47902872E-02
   1610.4601866836397        1.72499362E-02
   1610.6034023516418        1.97469834E-02
   1610.7466180196438        2.23086886E-02
   1610.8898336876459        2.49696821E-02
   1611.0330493556480        2.77643222E-02
   1611.1762650236501        3.07192355E-02
   1611.3194806916522        3.38468403E-02
   1611.4626963596543        3.71410474E-02
   1611.6059120276564        4.05764207E-02
   1611.7491276956584        4.41116765E-02
   1611.8923433636605        4.76971827E-02
   1612.0355590316626        5.12849130E-02
   1612.1787746996647        5.48384078E-02
   1612.3219903676668        5.83402663E-02
   1612.4652060356689        6.17951788E-02
   1612.6084217036710        6.52275756E-02
   1612.7516373716730        6.86744377E-02
   1612.8948530396751        7.21752420E-02
   1613.0380687076772        7.57618472E-02
   1613.1812843756793        7.94511139E-02
   1613.3245000436814        8.32418650E-02
   1613.4677157116835        8.71162117E-02
   1613.6109313796856        9.10441950E-02
   1613.7541470476876        9.49900895E-02
   1613.8973627156897        9.89189073E-02
   1614.0405783836918       0.102801941    
   1614.1837940516939       0.106620625    
   1614.3270097196960       0.110368460    
   1614.4702253876981       0.114050962    
   1614.6134410557002       0.117683649    
   1614.7566567237022       0.121288173    
   1614.8998723917043       0.124886841    
   1615.0430880597064       0.128496572    
   1615.1863037277085       0.132124096    
   1615.3295193957106       0.135764107    
   1615.4727350637127       0.139401317    
   1615.6159507317147       0.143015549    
   1615.7591663997168       0.146587893    
   1615.9023820677189       0.150105745    
   1616.0455977357210       0.153565228    
   1616.1888134037231       0.156970829    
   1616.3320290717252       0.160332754    
   1616.4752447397273       0.163662881    
   1616.6184604077293       0.166970894    
   1616.7616760757314       0.170261696    
   1616.9048917437335       0.173535153    
   1617.0481074117356       0.176787779    
   1617.1913230797377       0.180015251    
   1617.3345387477398       0.183214575    
   1617.4777544157419       0.186385214    
   1617.6209700837439       0.189529166    
   1617.7641857517460       0.192650750    
   1617.9074014197481       0.195756033    
   1618.0506170877502       0.198851913    
   1618.1938327557523       0.201944545    
   1618.3370484237544       0.205037147    
   1618.4802640917565       0.208127931    
   1618.6234797597585       0.211208642    
   1618.7666954277606       0.214264914    
   1618.9099110957627       0.217278779    
   1619.0531267637648       0.220233396    
   1619.1963424317669       0.223118842    
   1619.3395580997690       0.225936770    
   1619.4827737677711       0.228701785    
   1619.6259894357731       0.231438547    
   1619.7692051037752       0.234175503    
   1619.9124207717773       0.236937225    
   1620.0556364397794       0.239737675    
   1620.1988521077815       0.242575958    
   1620.3420677757836       0.245435596    
   1620.4852834437856       0.248287350    
   1620.6284991117877       0.251095295    
   1620.7717147797898       0.253824592    
   1620.9149304477919       0.256448954    
   1621.0581461157940       0.258955717    
   1621.2013617837961       0.261347979    
   1621.3445774517982       0.263643593    
   1621.4877931198002       0.265871823    
   1621.6310087878023       0.268067718    
   1621.7742244558044       0.270264834    
   1621.9174401238065       0.272486866    
   1622.0606557918086       0.274740428    
   1622.2038714598107       0.277011245    
   1622.3470871278128       0.279265106    
   1622.4903027958148       0.281454235    
   1622.6335184638169       0.283527195    
   1622.7767341318190       0.285440177    
   1622.9199497998211       0.287167013    
   1623.0631654678232       0.288704842    
   1623.2063811358253       0.290073991    
   1623.3495968038274       0.291311979    
   1623.4928124718294       0.292463690    
   1623.6360281398315       0.293570280    
   1623.7792438078336       0.294659823    
   1623.9224594758357       0.295741051    
   1624.0656751438378       0.296801150    
   1624.2088908118399       0.297807604    
   1624.3521064798420       0.298714072    
   1624.4953221478440       0.299468786    
   1624.6385378158461       0.300024182    
   1624.7817534838482       0.300345153    
   1624.9249691518503       0.300414681    
   1625.0681848198524       0.300236344    
   1625.2114004878545       0.299832821    
   1625.3546161558565       0.299240798    
   1625.4978318238586       0.298502117    
   1625.6410474918607       0.297653109    
   1625.7842631598628       0.296714962    
   1625.9274788278649       0.295688450    
   1626.0706944958670       0.294554293    
   1626.2139101638691       0.293278545    
   1626.3571258318711       0.291821182    
   1626.5003414998732       0.290144920    
   1626.6435571678753       0.288222849    
   1626.7867728358774       0.286043167    
   1626.9299885038795       0.283610284    
   1627.0732041718816       0.280942529    
   1627.2164198398837       0.278067112    
   1627.3596355078857       0.275014132    
   1627.5028511758878       0.271810919    
   1627.6460668438899       0.268477499    
   1627.7892825118920       0.265023202    
   1627.9324981798941       0.261445075    
   1628.0757138478962       0.257728666    
   1628.2189295158983       0.253851473    
   1628.3621451839003       0.249788478    
   1628.5053608519024       0.245518416    
   1628.6485765199045       0.241029009    
   1628.7917921879066       0.236320361    
   1628.9350078559087       0.231405526    
   1629.0782235239108       0.226308137    
   1629.2214391919129       0.221057191    
   1629.3646548599149       0.215680376    
   1629.5078705279170       0.210198402    
   1629.6510861959191       0.204622358    
   1629.7943018639212       0.198954567    
   1629.9375175319233       0.193191811    
   1630.0807331999254       0.187328860    
   1630.2239488679274       0.181361213    
   1630.3671645359295       0.175286964    
   1630.5103802039316       0.169108167    
   1630.6535958719337       0.162831411    
   1630.7968115399358       0.156467304    
   1630.9400272079379       0.150028914    
   1631.0832428759400       0.143529803    
   1631.2264585439420       0.136982486    
   1631.3696742119441       0.130397514    
   1631.5128898799462       0.123782858    
   1631.6561055479483       0.117143698    
   1631.7993212159504       0.110483177    
   1631.9425368839525       0.103804491    
   1632.0857525519546        9.71137956E-02
   1632.2289682199566        9.04224515E-02
   1632.3721838879587        8.37472156E-02
   1632.5153995559608        7.71080703E-02
   1632.6586152239629        7.05245435E-02
   1632.8018308919650        6.40117973E-02
   1632.9450465599671        5.75776473E-02
   1633.0882622279692        5.12214713E-02
   1633.2314778959712        4.49357443E-02
   1633.3746935639733        3.87102552E-02
   1633.5179092319754        3.25377546E-02
   1633.6611248999775        2.64188386E-02
   1633.8043405679796        2.03640778E-02
   1633.9475562359817        1.43929813E-02
   1634.0907719039838        8.53090547E-03
   1634.2339875719858        2.80528679E-03
   1634.3772032399879       -2.75819958E-03
   1634.5204189079900       -8.13959818E-03
   1634.6636345759921       -1.33284330E-02
   1634.8068502439942       -1.83261558E-02
   1634.9500659119963       -2.31460780E-02
   1635.0932815799983       -2.78105140E-02
   1635.2364972480004       -3.23459283E-02
   1635.3797129160025       -3.67771871E-02
   1635.5229285840046       -4.11216430E-02
   1635.6661442520067       -4.53837886E-02
   1635.8093599200088       -4.95517962E-02
   1635.9525755880109       -5.35978600E-02
   1636.0957912560129       -5.74832968E-02
   1636.2390069240150       -6.11674264E-02
   1636.3822225920171       -6.46173730E-02
   1636.5254382600192       -6.78157061E-02
   1636.6686539280213       -7.07640499E-02
   1636.8118695960234       -7.34823197E-02
   1636.9550852640255       -7.60040954E-02
   1637.0983009320275       -7.83691257E-02
   1637.2415166000296       -8.06145817E-02
   1637.3847322680317       -8.27671885E-02
   1637.5279479360338       -8.48382413E-02
   1637.6711636040359       -8.68223310E-02
   1637.8143792720380       -8.86993036E-02
   1637.9575949400401       -9.04384181E-02
   1638.1008106080421       -9.20043588E-02
   1638.2440262760442       -9.33647901E-02
   1638.3872419440463       -9.44985449E-02
   1638.5304576120484       -9.54023153E-02
   1638.6736732800505       -9.60933566E-02
   1638.8168889480526       -9.66070965E-02
   1638.9601046160547       -9.69903767E-02
   1639.1033202840567       -9.72922593E-02
   1639.2465359520588       -9.75543037E-02
   1639.3897516200609       -9.78021845E-02
   1639.5329672880630       -9.80404466E-02
   1639.6761829560651       -9.82523412E-02
   1639.8193986240672       -9.84052941E-02
   1639.9626142920692       -9.84605551E-02
   1640.1058299600713       -9.83835608E-02
   1640.2490456280734       -9.81518552E-02
   1640.3922612960755       -9.77591500E-02
   1640.5354769640776       -9.72158909E-02
   1640.6786926320797       -9.65472311E-02
   1640.8219083000818       -9.57888439E-02
   1640.9651239680838       -9.49807987E-02
   1641.1083396360859       -9.41603556E-02
   1641.2515553040880       -9.33554620E-02
   1641.3947709720901       -9.25804004E-02
   1641.5379866400922       -9.18342546E-02
   1641.6812023080943       -9.11021829E-02
   1641.8244179760964       -9.03591663E-02
   1641.9676336440984       -8.95762667E-02
   1642.1108493121005       -8.87283310E-02
   1642.2540649801026       -8.78010392E-02
   1642.3972806481047       -8.67947042E-02
   1642.5404963161068       -8.57234970E-02
   1642.6837119841089       -8.46109092E-02
   1642.8269276521110       -8.34835917E-02
   1642.9701433201130       -8.23655203E-02
   1643.1133589881151       -8.12734887E-02
   1643.2565746561172       -8.02143440E-02
   1643.3997903241193       -7.91845322E-02
   1643.5430059921214       -7.81721994E-02
   1643.6862216601235       -7.71610290E-02
   1643.8294373281256       -7.61341602E-02
   1643.9726529961276       -7.50767663E-02
   1644.1158686641297       -7.39773139E-02
   1644.2590843321318       -7.28285313E-02
   1644.4023000001339       -7.16287047E-02
   1644.5455156681360       -7.03825802E-02
   1644.6887313361381       -6.91003948E-02
   1644.8319470041401       -6.77947626E-02
   1644.9751626721422       -6.64766133E-02
   1645.1183783401443       -6.51521608E-02
   1645.2615940081464       -6.38219640E-02
   1645.4048096761485       -6.24817759E-02
   1645.5480253441506       -6.11244775E-02
   1645.6912410121527       -5.97425327E-02
   1645.8344566801547       -5.83304949E-02
   1645.9776723481568       -5.68866059E-02
   1646.1208880161589       -5.54122478E-02
   1646.2641036841610       -5.39090633E-02
   1646.4073193521631       -5.23751825E-02
   1646.5505350201652       -5.08027934E-02
   1646.6937506881673       -4.91784178E-02
   1646.8369663561693       -4.74854410E-02
   1646.9801820241714       -4.57073264E-02
   1647.1233976921735       -4.38304394E-02
   1647.2666133601756       -4.18462045E-02
   1647.4098290281777       -3.97526249E-02
   1647.5530446961798       -3.75546701E-02
   1647.6962603641819       -3.52630466E-02
   1647.8394760321839       -3.28914933E-02
   1647.9826917001860       -3.04536596E-02
   1648.1259073681881       -2.79604644E-02
   1648.2691230361902       -2.54178699E-02
   1648.4123387041923       -2.28245612E-02
   1648.5555543721944       -2.01698132E-02
   1648.6987700401965       -1.74331348E-02
   1648.8419857081985       -1.45872999E-02
   1648.9852013762006       -1.16047068E-02
   1649.1284170442027       -8.46488029E-03
   1649.2716327122048       -5.16022835E-03
   1649.4148483802069       -1.69826450E-03
   1649.5580640482090        1.89989549E-03
   1649.7012797162110        5.60408924E-03
   1649.8444953842131        9.38189123E-03
   1649.9877110522152        1.32064130E-02
   1650.1309267202173        1.70630962E-02
   1650.2741423882194        2.09532045E-02
   1650.4173580562215        2.48928368E-02
   1650.5605737242236        2.89083049E-02
   1650.7037893922256        3.30299139E-02
   1650.8470050602277        3.72858122E-02
   1650.9902207282298        4.16964330E-02
   1651.1334363962319        4.62695435E-02
   1651.2766520642340        5.09967357E-02
   1651.4198677322361        5.58528677E-02
   1651.5630834002382        6.07994385E-02
   1651.7062990682402        6.57914355E-02
   1651.8495147362423        7.07858428E-02
   1651.9927304042444        7.57498890E-02
   1652.1359460722465        8.06675777E-02
   1652.2791617402486        8.55430961E-02
   1652.4223774082507        9.03997123E-02
   1652.5655930762528        9.52735096E-02
   1652.7088087442548       0.100203156    
   1652.8520244122569       0.105219059    
   1652.9952400802590       0.110335499    
   1653.1384557482611       0.115547732    
   1653.2816714162632       0.120833524    
   1653.4248870842653       0.126157552    
   1653.5681027522674       0.131477356    
   1653.7113184202694       0.136750251    
   1653.8545340882715       0.141940325    
   1653.9977497562736       0.147024125    
   1654.1409654242757       0.151993677    
   1654.2841810922778       0.156856149    
   1654.4273967602799       0.161631033    
   1654.5706124282819       0.166345373    
   1654.7138280962840       0.171027407    
   1654.8570437642861       0.175698981    
   1655.0002594322882       0.180368274    
   1655.1434751002903       0.185025290    
   1655.2866907682924       0.189642251    
   1655.4299064362945       0.194179133    
   1655.5731221042965       0.198592007    
   1655.7163377722986       0.202841535    
   1655.8595534403007       0.206899539    
   1656.0027691083028       0.210752696    
   1656.1459847763049       0.214403003    
   1656.2892004443070       0.217864871    
   1656.4324161123091       0.221159741    
   1656.5756317803111       0.224309966    
   1656.7188474483132       0.227333963    
   1656.8620631163153       0.230243489    
   1657.0052787843174       0.233042479    
   1657.1484944523195       0.235726252    
   1657.2917101203216       0.238281280    
   1657.4349257883237       0.240686506    
   1657.5781414563257       0.242917076    
   1657.7213571243278       0.244949743    
   1657.8645727923299       0.246767953    
   1658.0077884603320       0.248364806    
   1658.1510041283341       0.249743178    
   1658.2942197963362       0.250913858    
   1658.4374354643383       0.251892090    
   1658.5806511323403       0.252693444    
   1658.7238668003424       0.253329694    
   1658.8670824683445       0.253806263    
   1659.0102981363466       0.254122436    
   1659.1535138043487       0.254274070    
   1659.2967294723508       0.254256964    
   1659.4399451403528       0.254068911    
   1659.5831608083549       0.253709584    
   1659.7263764763570       0.253179640    
   1659.8695921443591       0.252479762    
   1660.0128078123612       0.251610935    
   1660.1560234803633       0.250574738    
   1660.2992391483654       0.249373838    
   1660.4424548163674       0.248012200    
   1660.5856704843695       0.246495366    
   1660.7288861523716       0.244830430    
   1660.8721018203737       0.243025348    
   1661.0153174883758       0.241087988    
   1661.1585331563779       0.239025623    
   1661.3017488243800       0.236845717    
   1661.4449644923820       0.234557182    
   1661.5881801603841       0.232170641    
   1661.7313958283862       0.229696468    
   1661.8746114963883       0.227141351    
   1662.0178271643904       0.224505380    
   1662.1610428323925       0.221781418    
   1662.3042585003946       0.218957260    
   1662.4474741683966       0.216019481    
   1662.5906898363987       0.212958097    
   1662.7339055044008       0.209770933    
   1662.8771211724029       0.206466824    
   1663.0203368404050       0.203066483    
   1663.1635525084071       0.199599981    
   1663.3067681764092       0.196101308    
   1663.4499838444112       0.192602038    
   1663.5931995124133       0.189126298    
   1663.7364151804154       0.185687974    
   1663.8796308484175       0.182289779    
   1664.0228465164196       0.178923279    
   1664.1660621844217       0.175569817    
   1664.3092778524237       0.172203422    
   1664.4524935204258       0.168795899    
   1664.5957091884279       0.165323630    
   1664.7389248564300       0.161774173    
   1664.8821405244321       0.158150911    
   1665.0253561924342       0.154474646    
   1665.1685718604363       0.150781289    
   1665.3117875284383       0.147115424    
   1665.4550031964404       0.143520817    
   1665.5982188644425       0.140030041    
   1665.7414345324446       0.136656731    
   1665.8846502004467       0.133393005    
   1666.0278658684488       0.130212501    
   1666.1710815364509       0.127077445    
   1666.3142972044529       0.123947352    
   1666.4575128724550       0.120787740    
   1666.6007285404571       0.117577597    
   1666.7439442084592       0.114314601    
   1666.8871598764613       0.111016706    
   1667.0303755444634       0.107719429    
   1667.1735912124655       0.104469478    
   1667.3168068804675       0.101316229    
   1667.4600225484696        9.83027816E-02
   1667.6032382164717        9.54577103E-02
   1667.7464538844738        9.27885324E-02
   1667.8896695524759        9.02786106E-02
   1668.0328852204780        8.78894255E-02
   1668.1761008884801        8.55689570E-02
   1668.3193165564821        8.32642317E-02
   1668.4625322244842        8.09342116E-02
   1668.6057478924863        7.85591379E-02
   1668.7489635604884        7.61440322E-02
   1668.8921792284905        7.37165362E-02
   1669.0353948964926        7.13201985E-02
   1669.1786105644946        6.90049678E-02
   1669.3218262324967        6.68167472E-02
   1669.4650419004988        6.47882968E-02
   1669.6082575685009        6.29335642E-02
   1669.7514732365030        6.12463504E-02
   1669.8946889045051        5.97028621E-02
   1670.0379045725072        5.82668744E-02
   1670.1811202405092        5.68966158E-02
   1670.3243359085113        5.55528998E-02
   1670.4675515765134        5.42076491E-02
   1670.6107672445155        5.28509058E-02
   1670.7539829125176        5.14940172E-02
   1670.8971985805197        5.01675382E-02
   1671.0404142485218        4.89144027E-02
   1671.1836299165238        4.77802791E-02
   1671.3268455845259        4.68035489E-02
   1671.4700612525280        4.60070074E-02
   1671.6132769205301        4.53932062E-02
   1671.7564925885322        4.49448749E-02
   1671.8997082565343        4.46306840E-02
   1672.0429239245364        4.44145538E-02
   1672.1861395925384        4.42651659E-02
   1672.3293552605405        4.41625714E-02
   1672.4725709285426        4.41007465E-02
   1672.6157865965447        4.40870412E-02
   1672.7590022645468        4.41399552E-02
   1672.9022179325489        4.42858674E-02
   1673.0454336005510        4.45544720E-02
   1673.1886492685530        4.49731424E-02
   1673.3318649365551        4.55615073E-02
   1673.4750806045572        4.63279784E-02
   1673.6182962725593        4.72692363E-02
   1673.7615119405614        4.83723283E-02
   1673.9047276085635        4.96186092E-02
   1674.0479432765655        5.09888455E-02
   1674.1911589445676        5.24687544E-02
   1674.3343746125697        5.40536158E-02
   1674.4775902805718        5.57499789E-02
   1674.6208059485739        5.75732999E-02
   1674.7640216165760        5.95422499E-02
   1674.9072372845781        6.16722964E-02
   1675.0504529525801        6.39712214E-02
   1675.1936686205822        6.64378330E-02
   1675.3368842885843        6.90635666E-02
   1675.4800999565864        7.18358681E-02
   1675.6233156245885        7.47424588E-02
   1675.7665312925906        7.77753666E-02
   1675.9097469605927        8.09334368E-02
   1676.0529626285947        8.42222944E-02
   1676.1961782965968        8.76518711E-02
   1676.3393939645989        9.12328288E-02
   1676.4826096326010        9.49735492E-02
   1676.6258253006031        9.88780782E-02
   1676.7690409686052       0.102944575    
   1676.9122566366073       0.107163943    
   1677.0554723046093       0.111519508    
   1677.1986879726114       0.115989283    
   1677.3419036406135       0.120551169    
   1677.4851193086156       0.125189394    
   1677.6283349766177       0.129899547    
   1677.7715506446198       0.134690166    
   1677.9147663126219       0.139580712    
   1678.0579819806239       0.144596577    
   1678.2011976486260       0.149761975    
   1678.3444133166281       0.155091673    
   1678.4876289846302       0.160583794    
   1678.6308446526323       0.166216239    
   1678.7740603206344       0.171949178    
   1678.9172759886364       0.177732825    
   1679.0604916566385       0.183517933    
   1679.2037073246406       0.189265192    
   1679.3469229926427       0.194951683    
   1679.4901386606448       0.200573668    
   1679.6333543286469       0.206146047    
   1679.7765699966490       0.211698234    
   1679.9197856646510       0.217266679    
   1680.0630013326531       0.222885206    
   1680.2062170006552       0.228575513    
   1680.3494326686573       0.234340101    
   1680.4926483366594       0.240158871    
   1680.6358640046615       0.245989874    
   1680.7790796726636       0.251774400    
   1680.9222953406656       0.257446676    
   1681.0655110086677       0.262946516    
   1681.2087266766698       0.268232107    
   1681.3519423446719       0.273288161    
   1681.4951580126740       0.278127015    
   1681.6383736806761       0.282782555    
   1681.7815893486782       0.287299365    
   1681.9248050166802       0.291720122    
   1682.0680206846823       0.296073437    
   1682.2112363526844       0.300364345    
   1682.3544520206865       0.304570019    
   1682.4976676886886       0.308642179    
   1682.6408833566907       0.312516123    
   1682.7840990246928       0.316123217    
   1682.9273146926948       0.319403291    
   1683.0705303606969       0.322314054    
   1683.2137460286990       0.324837238    
   1683.3569616967011       0.326980859    
   1683.5001773647032       0.328777164    
   1683.6433930327053       0.330275089    
   1683.7866087007073       0.331527770    
   1683.9298243687094       0.332578540    
   1684.0730400367115       0.333449274    
   1684.2162557047136       0.334134519    
   1684.3594713727157       0.334601939    
   1684.5026870407178       0.334798336    
   1684.6459027087199       0.334660172    
   1684.7891183767219       0.334126770    
   1684.9323340447240       0.333153099    
   1685.0755497127261       0.331718922    
   1685.2187653807282       0.329831004    
   1685.3619810487303       0.327518761    
   1685.5051967167324       0.324825704    
   1685.6484123847345       0.321799278    
   1685.7916280527365       0.318481147    
   1685.9348437207386       0.314898938    
   1686.0780593887407       0.311060488    
   1686.2212750567428       0.306952596    
   1686.3644907247449       0.302545130    
   1686.5077063927470       0.297799170    
   1686.6509220607491       0.292676598    
   1686.7941377287511       0.287148714    
   1686.9373533967532       0.281202495    
   1687.0805690647553       0.274844497    
   1687.2237847327574       0.268101156    
   1687.3670004007595       0.261014313    
   1687.5102160687616       0.253632009    
   1687.6534317367637       0.245997608    
   1687.7966474047657       0.238141075    
   1687.9398630727678       0.230075523    
   1688.0830787407699       0.221798673    
   1688.2262944087720       0.213297457    
   1688.3695100767741       0.204553977    
   1688.5127257447762       0.195552066    
   1688.6559414127782       0.186283767    
   1688.7991570807803       0.176753849    
   1688.9423727487824       0.166980639    
   1689.0855884167845       0.156992838    
   1689.2288040847866       0.146824002    
   1689.3720197527887       0.136507347    
   1689.5152354207908       0.126071945    
   1689.6584510887928       0.115540102    
   1689.8016667567949       0.104925737    
   1689.9448824247970        9.42344964E-02
   1690.0880980927991        8.34667459E-02
   1690.2313137608012        7.26229921E-02
   1690.3745294288033        6.17094114E-02
   1690.5177450968054        5.07411025E-02
   1690.6609607648074        3.97421643E-02
   1690.8041764328095        2.87434217E-02
   1690.9473921008116        1.77787617E-02
   1691.0906077688137        6.88042492E-03
   1691.2338234368158       -3.92637495E-03
   1691.3770391048179       -1.46278208E-02
   1691.5202547728200       -2.52223685E-02
   1691.6634704408220       -3.57169062E-02
   1691.8066861088241       -4.61196750E-02
   1691.9499017768262       -5.64331450E-02
   1692.0931174448283       -6.66493475E-02
   1692.2363331128304       -7.67480657E-02
   1692.3795487808325       -8.66971686E-02
   1692.5227644488346       -9.64551568E-02
   1692.6659801168366      -0.105976522    
   1692.8091957848387      -0.115219720    
   1692.9524114528408      -0.124155410    
   1693.0956271208429      -0.132771641    
   1693.2388427888450      -0.141074091    
   1693.3820584568471      -0.149081960    
   1693.5252741248491      -0.156821385    
   1693.6684897928512      -0.164317682    
   1693.8117054608533      -0.171586961    
   1693.9549211288554      -0.178628474    
   1694.0981367968575      -0.185420126    
   1694.2413524648596      -0.191919714    
   1694.3845681328617      -0.198072389    
   1694.5277838008637      -0.203821704    
   1694.6709994688658      -0.209120721    
   1694.8142151368679      -0.213940710    
   1694.9574308048700      -0.218276352    
   1695.1006464728721      -0.222146705    
   1695.2438621408742      -0.225590989    
   1695.3870778088763      -0.228658810    
   1695.5302934768783      -0.231397256    
   1695.6735091448804      -0.233838633    
   1695.8167248128825      -0.235992759    
   1695.9599404808846      -0.237844869    
   1696.1031561488867      -0.239358574    
   1696.2463718168888      -0.240482628    
   1696.3895874848909      -0.241161093    
   1696.5328031528929      -0.241345793    
   1696.6760188208950      -0.241008326    
   1696.8192344888971      -0.240147486    
   1696.9624501568992      -0.238789529    
   1697.1056658249013      -0.236981735    
   1697.2488814929034      -0.234782040    
   1697.3920971609055      -0.232247621    
   1697.5353128289075      -0.229423851    
   1697.6785284969096      -0.226335153    
   1697.8217441649117      -0.222979635    
   1697.9649598329138      -0.219330087    
   1698.1081755009159      -0.215341896    
   1698.2513911689180      -0.210965425    
   1698.3946068369200      -0.206158653    
   1698.5378225049221      -0.200897038    
   1698.6810381729242      -0.195179269    
   1698.8242538409263      -0.189028740    
   1698.9674695089284      -0.182490394    
   1699.1106851769305      -0.175622493    
   1699.2539008449326      -0.168484598    
   1699.3971165129346      -0.161125347    
   1699.5403321809367      -0.153573900    
   1699.6835478489388      -0.145837069    
   1699.8267635169409      -0.137901485    
   1699.9699791849430      -0.129739329    
   1700.1131948529451      -0.121316411    
   1700.2564105209472      -0.112602010    
   1700.3996261889492      -0.103578456    
   1700.5428418569513       -9.42475423E-02
   1700.6860575249534       -8.46313760E-02
   1700.8292731929555       -7.47677386E-02
   1700.9724888609576       -6.47026077E-02
   1701.1157045289597       -5.44823818E-02
   1701.2589201969618       -4.41471115E-02
   1701.4021358649638       -3.37247662E-02
   1701.5453515329659       -2.32274216E-02
   1701.6885672009680       -1.26511389E-02
   1701.8317828689701       -1.98061531E-03
   1701.9749985369722        8.80276505E-03
   1702.1182142049743        1.97127797E-02
   1702.2614298729764        3.07529718E-02
   1702.4046455409784        4.19147387E-02
   1702.5478612089805        5.31780459E-02
   1702.6910768769826        6.45141006E-02
   1702.8342925449847        7.58900717E-02
   1702.9775082129868        8.72754380E-02
   1703.1207238809889        9.86479893E-02
   1703.2639395489909       0.109996758    
   1703.4071552169930       0.121320687    
   1703.5503708849951       0.132624209    
   1703.6935865529972       0.143912271    
   1703.8368022209993       0.155186310    
   1703.9800178890014       0.166441292    
   1704.1232335570035       0.177663743    
   1704.2664492250055       0.188831612    
   1704.4096648930076       0.199917138    
   1704.5528805610097       0.210892275    
   1704.6960962290118       0.221734673    
   1704.8393118970139       0.232431516    
   1704.9825275650160       0.242980376    
   1705.1257432330181       0.253387809    
   1705.2689589010201       0.263666451    
   1705.4121745690222       0.273830414    
   1705.5553902370243       0.283888966    
   1705.6986059050264       0.293839633    
   1705.8418215730285       0.303664029    
   1705.9850372410306       0.313328832    
   1706.1282529090327       0.322791666    
   1706.2714685770347       0.332009465    
   1706.4146842450368       0.340946436    
   1706.5578999130389       0.349580020    
   1706.7011155810410       0.357904553    
   1706.8443312490431       0.365931749    
   1706.9875469170452       0.373687088    
   1707.1307625850473       0.381201774    
   1707.2739782530493       0.388502389    
   1707.4171939210514       0.395602018    
   1707.5604095890535       0.402495235    
   1707.7036252570556       0.409157693    
   1707.8468409250577       0.415549159    
   1707.9900565930598       0.421619534    
   1708.1332722610618       0.427317560    
   1708.2764879290639       0.432601303    
   1708.4197035970660       0.437447816    
   1708.5629192650681       0.441858351    
   1708.7061349330702       0.445857465    
   1708.8493506010723       0.449486315    
   1708.9925662690744       0.452792287    
   1709.1357819370764       0.455817193    
   1709.2789976050785       0.458585948    
   1709.4222132730806       0.461098075    
   1709.5654289410827       0.463324904    
   1709.7086446090848       0.465214461    
   1709.8518602770869       0.466703057    
   1709.9950759450890       0.467729598    
   1710.1382916130910       0.468248338    
   1710.2815072810931       0.468237132    
   1710.4247229490952       0.467700779    
   1710.5679386170973       0.466669500    
   1710.7111542850994       0.465192378    
   1710.8543699531015       0.463326365    
   1710.9975856211036       0.461122841    
   1711.1408012891056       0.458615482    
   1711.2840169571077       0.455813020    
   1711.4272326251098       0.452698320    
   1711.5704482931119       0.449232578    
   1711.7136639611140       0.445363641    
   1711.8568796291161       0.441036999    
   1712.0000952971182       0.436208487    
   1712.1433109651202       0.430855632    
   1712.2865266331223       0.424984127    
   1712.4297423011244       0.418626964    
   1712.5729579691265       0.411836267    
   1712.7161736371286       0.404671192    
   1712.8593893051307       0.397184908    
   1713.0026049731327       0.389414072    
   1713.1458206411348       0.381372184    
   1713.2890363091369       0.373048216    
   1713.4322519771390       0.364411592    
   1713.5754676451411       0.355422050    
   1713.7186833131432       0.346041709    
   1713.8618989811453       0.336245567    
   1714.0051146491473       0.326027900    
   1714.1483303171494       0.315404534    
   1714.2915459851515       0.304411232    
   1714.4347616531536       0.293098629    
   1714.5779773211557       0.281523973    
   1714.7211929891578       0.269740611    
   1714.8644086571599       0.257788271    
   1715.0076243251619       0.245687276    
   1715.1508399931640       0.233438417    
   1715.2940556611661       0.221027419    
   1715.4372713291682       0.208432376    
   1715.5804869971703       0.195632279    
   1715.7237026651724       0.182615668    
   1715.8669183331745       0.169387460    
   1716.0101340011765       0.155971795    
   1716.1533496691786       0.142409086    
   1716.2965653371807       0.128748268    
   1716.4397810051828       0.115037315    
   1716.5829966731849       0.101315618    
   1716.7262123411870        8.76100734E-02
   1716.8694280091891        7.39346966E-02
   1717.0126436771911        6.02927618E-02
   1717.1558593451932        4.66810092E-02
   1717.2990750131953        3.30954865E-02
   1717.4422906811974        1.95378251E-02
   1717.5855063491995        6.02000719E-03
   1717.7287220172016       -7.43394904E-03
   1717.8719376852036       -2.07895208E-02
   1718.0151533532057       -3.40054445E-02
   1718.1583690212078       -4.70386967E-02
   1718.3015846892099       -5.98501824E-02
   1718.4448003572120       -7.24103749E-02
   1718.5880160252141       -8.47032815E-02
   1718.7312316932162       -9.67267081E-02
   1718.8744473612182      -0.108488016    
   1719.0176630292203      -0.119996697    
   1719.1608786972224      -0.131256565    
   1719.3040943652245      -0.142259851    
   1719.4473100332266      -0.152984515    
   1719.5905257012287      -0.163394794    
   1719.7337413692308      -0.173445389    
   1719.8769570372328      -0.183088794    
   1720.0201727052349      -0.192284226    
   1720.1633883732370      -0.201005146    
   1720.3066040412391      -0.209242478    
   1720.4498197092412      -0.217002749    
   1720.5930353772433      -0.224302575    
   1720.7362510452454      -0.231161848    
   1720.8794667132474      -0.237597048    
   1721.0226823812495      -0.243615106    
   1721.1658980492516      -0.249208376    
   1721.3091137172537      -0.254352301    
   1721.4523293852558      -0.259007335    
   1721.5955450532579      -0.263125449    
   1721.7387607212600      -0.266659468    
   1721.8819763892620      -0.269572556    
   1722.0251920572641      -0.271845639    
   1722.1684077252662      -0.273481548    
   1722.3116233932683      -0.274504870    
   1722.4548390612704      -0.274956882    
   1722.5980547292725      -0.274885893    
   1722.7412703972745      -0.274334908    
   1722.8844860652766      -0.273330510    
   1723.0277017332787      -0.271876305    
   1723.1709174012808      -0.269952357    
   1723.3141330692829      -0.267520249    
   1723.4573487372850      -0.264532328    
   1723.6005644052871      -0.260942876    
   1723.7437800732891      -0.256719559    
   1723.8869957412912      -0.251852155    
   1724.0302114092933      -0.246356472    
   1724.1734270772954      -0.240272135    
   1724.3166427452975      -0.233655214    
   1724.4598584132996      -0.226568177    
   1724.6030740813017      -0.219069019    
   1724.7462897493037      -0.211201280    
   1724.8895054173058      -0.202986270    
   1725.0327210853079      -0.194419503    
   1725.1759367533100      -0.185473397    
   1725.3191524213121      -0.176106408    
   1725.4623680893142      -0.166276470    
   1725.6055837573163      -0.155954376    
   1725.7487994253183      -0.145133719    
   1725.8920150933204      -0.133835435    
   1726.0352307613225      -0.122106574    
   1726.1784464293246      -0.110013813    
   1726.3216620973267       -9.76324454E-02
   1726.4648777653288       -8.50330964E-02
   1726.6080934333309       -7.22695366E-02
   1726.7513091013329       -5.93712218E-02
   1726.8945247693350       -4.63423915E-02
   1727.0377404373371       -3.31670344E-02
   1727.1809561053392       -1.98175125E-02
   1727.3241717733413       -6.26471965E-03
   1727.4673874413434        7.51179596E-03
   1727.6106031093454        2.15151869E-02
   1727.7538187773475        3.57260294E-02
   1727.8970344453496        5.01020476E-02
   1728.0402501133517        6.45831972E-02
   1728.1834657813538        7.91006237E-02
   1728.3266814493559        9.35871676E-02
   1728.4698971173580       0.107987270    
   1728.6131127853600       0.122264549    
   1728.7563284533621       0.136405483    
   1728.8995441213642       0.150417790    
   1729.0427597893663       0.164323345    
   1729.1859754573684       0.178147450    
   1729.3291911253705       0.191907927    
   1729.4724067933726       0.205607295    
   1729.6156224613746       0.219229504    
   1729.7588381293767       0.232740819    
   1729.9020537973788       0.246094048    
   1730.0452694653809       0.259235233    
   1730.1884851333830       0.272111893    
   1730.3317008013851       0.284680903    
   1730.4749164693872       0.296913683    
   1730.6181321373892       0.308797210    
   1730.7613478053913       0.320331246    
   1730.9045634733934       0.331523776    
   1731.0477791413955       0.342386037    
   1731.1909948093976       0.352927625    
   1731.3342104773997       0.363151640    
   1731.4774261454018       0.373050869    
   1731.6206418134038       0.382606626    
   1731.7638574814059       0.391791254    
   1731.9070731494080       0.400573403    
   1732.0502888174101       0.408924192    
   1732.1935044854122       0.416821748    
   1732.3367201534143       0.424253523    
   1732.4799358214163       0.431216300    
   1732.6231514894184       0.437714040    
   1732.7663671574205       0.443754047    
   1732.9095828254226       0.449341983    
   1733.0527984934247       0.454477698    
   1733.1960141614268       0.459153831    
   1733.3392298294289       0.463357359    
   1733.4824454974309       0.467073232    
   1733.6256611654330       0.470288068    
   1733.7688768334351       0.472993016    
   1733.9120925014372       0.475185633    
   1734.0553081694393       0.476870835    
   1734.1985238374414       0.478060395    
   1734.3417395054435       0.478769988    
   1734.4849551734455       0.479015052    
   1734.6281708414476       0.478806436    
   1734.7713865094497       0.478147864    
   1734.9146021774518       0.477035403    
   1735.0578178454539       0.475458264    
   1735.2010335134560       0.473400801    
   1735.3442491814581       0.470846146    
   1735.4874648494601       0.467781693    
   1735.6306805174622       0.464205146    
   1735.7738961854643       0.460128576    
   1735.9171118534664       0.455578119    
   1736.0603275214685       0.450589597    
   1736.2035431894706       0.445201337    
   1736.3467588574727       0.439447045    
   1736.4899745254747       0.433349609    
   1736.6331901934768       0.426917017    
   1736.7764058614789       0.420141160    
   1736.9196215294810       0.413000584    
   1737.0628371974831       0.405467421    
   1737.2060528654852       0.397516340    
   1737.3492685334872       0.389132708    
   1737.4924842014893       0.380317867    
   1737.6356998694914       0.371090829    
   1737.7789155374935       0.361487269    
   1737.9221312054956       0.351555407    
   1738.0653468734977       0.341349214    
   1738.2085625414998       0.330919355    
   1738.3517782095018       0.320304036    
   1738.4949938775039       0.309522450    
   1738.6382095455060       0.298572898    
   1738.7814252135081       0.287435383    
   1738.9246408815102       0.276078075    
   1739.0678565495123       0.264466435    
   1739.2110722175144       0.252574116    
   1739.3542878855164       0.240393057    
   1739.4975035535185       0.227939710    
   1739.6407192215206       0.215254977    
   1739.7839348895227       0.202397510    
   1739.9271505575248       0.189433143    
   1740.0703662255269       0.176423684    
   1740.2135818935290       0.163417608    
   1740.3567975615310       0.150443509    
   1740.5000132295331       0.137507200    
   1740.6432288975352       0.124593265    
   1740.7864445655373       0.111671664    
   1740.9296602335394        9.87077802E-02
   1741.0728759015415        8.56731907E-02
   1741.2160915695436        7.25541860E-02
   1741.3593072375456        5.93568087E-02
   1741.5025229055477        4.61083911E-02
   1741.6457385735498        3.28555778E-02
   1741.7889542415519        1.96584165E-02
   1741.9321699095540        6.58070995E-03
   1742.0753855775561       -6.32135803E-03
   1742.2186012455581       -1.90088209E-02
   1742.3618169135602       -3.14647481E-02
   1742.5050325815623       -4.36933972E-02
   1742.6482482495644       -5.57148755E-02
   1742.7914639175665       -6.75570145E-02
   1742.9346795855686       -7.92460665E-02
   1743.0778952535707       -9.07978266E-02
   1743.2211109215727      -0.102211401    
   1743.3643265895748      -0.113467678    
   1743.5075422575769      -0.124532714    
   1743.6507579255790      -0.135364234    
   1743.7939735935811      -0.145918548    
   1743.9371892615832      -0.156156152    
   1744.0804049295853      -0.166046053    
   1744.2236205975873      -0.175569028    
   1744.3668362655894      -0.184718996    
   1744.5100519335915      -0.193501562    
   1744.6532676015936      -0.201929361    
   1744.7964832695957      -0.210015774    
   1744.9396989375978      -0.217769265    
   1745.0829146055999      -0.225189820    
   1745.2261302736019      -0.232267365    
   1745.3693459416040      -0.238982007    
   1745.5125616096061      -0.245306462    
   1745.6557772776082      -0.251210898    
   1745.7989929456103      -0.256668985    
   1745.9422086136124      -0.261662781    
   1746.0854242816145      -0.266184092    
   1746.2286399496165      -0.270232052    
   1746.3718556176186      -0.273809254    
   1746.5150712856207      -0.276918173    
   1746.6582869536228      -0.279559225    
   1746.8015026216249      -0.281729847    
   1746.9447182896270      -0.283424556    
   1747.0879339576290      -0.284635991    
   1747.2311496256311      -0.285357118    
   1747.3743652936332      -0.285583794    
   1747.5175809616353      -0.285315931    
   1747.6607966296374      -0.284556895    
   1747.8040122976395      -0.283311993    
   1747.9472279656416      -0.281587392    
   1748.0904436336436      -0.279389471    
   1748.2336593016457      -0.276723653    
   1748.3768749696478      -0.273592263    
   1748.5200906376499      -0.269991994    
   1748.6633063056520      -0.265913218    
   1748.8065219736541      -0.261342287    
   1748.9497376416562      -0.256265968    
   1749.0929533096582      -0.250676244    
   1749.2361689776603      -0.244574130    
   1749.3793846456624      -0.237972006    
   1749.5226003136645      -0.230894044    
   1749.6658159816666      -0.223373890    
   1749.8090316496687      -0.215448901    
   1749.9522473176708      -0.207152411    
   1750.0954629856728      -0.198506817    
   1750.2386786536749      -0.189520389    
   1750.3818943216770      -0.180188507    
   1750.5251099896791      -0.170497909    
   1750.6683256576812      -0.160431951    
   1750.8115413256833      -0.149976149    
   1750.9547569936854      -0.139123857    
   1751.0979726616874      -0.127881274    
   1751.2411883296895      -0.116270356    
   1751.3844039976916      -0.104328215    
   1751.5276196656937       -9.21030417E-02
   1751.6708353336958       -7.96478614E-02
   1751.8140510016979       -6.70134351E-02
   1751.9572666696999       -5.42410351E-02
   1752.1004823377020       -4.13559675E-02
   1752.2436980057041       -2.83637419E-02
   1752.3869136737062       -1.52512435E-02
   1752.5301293417083       -1.99369481E-03
   1752.6733450097104        1.14344461E-02
   1752.8165606777125        2.50483844E-02
   1752.9597763457145        3.88449691E-02
   1753.1029920137166        5.27991802E-02
   1753.2462076817187        6.68650791E-02
   1753.3894233497208        8.09808895E-02
   1753.5326390177229        9.50775892E-02
   1753.6758546857250       0.109089494    
   1753.8190703537271       0.122964047    
   1753.9622860217291       0.136667907    
   1754.1055016897312       0.150188357    
   1754.2487173577333       0.163530737    
   1754.3919330257354       0.176713601    
   1754.5351486937375       0.189761981    
   1754.6783643617396       0.202698842    
   1754.8215800297417       0.215535507    
   1754.9647956977437       0.228263661    
   1755.1080113657458       0.240851998    
   1755.2512270337479       0.253248960    
   1755.3944427017500       0.265390664    
   1755.5376583697521       0.277211398    
   1755.6808740377542       0.288654506    
   1755.8240897057563       0.299681157    
   1755.9673053737583       0.310275346    
   1756.1105210417604       0.320443362    
   1756.2537367097625       0.330207288    
   1756.3969523777646       0.339594692    
   1756.5401680457667       0.348628163    
   1756.6833837137688       0.357317746    
   1756.8265993817708       0.365657449    
   1756.9698150497729       0.373624951    
   1757.1130307177750       0.381184042    
   1757.2562463857771       0.388289481    
   1757.3994620537792       0.394894063    
   1757.5426777217813       0.400956750    
   1757.6858933897834       0.406449437    
   1757.8291090577854       0.411360621    
   1757.9723247257875       0.415695846    
   1758.1155403937896       0.419475228    
   1758.2587560617917       0.422728151    
   1758.4019717297938       0.425485790    
   1758.5451873977959       0.427772254    
   1758.6884030657980       0.429597318    
   1758.8316187338000       0.430953771    
   1758.9748344018021       0.431820631    
   1759.1180500698042       0.432170480    
   1759.2612657378063       0.431977570    
   1759.4044814058084       0.431224167    
   1759.5476970738105       0.429903775    
   1759.6909127418126       0.428021818    
   1759.8341284098146       0.425593913    
   1759.9773440778167       0.422641903    
   1760.1205597458188       0.419189036    
   1760.2637754138209       0.415255606    
   1760.4069910818230       0.410856724    
   1760.5502067498251       0.406002104    
   1760.6934224178272       0.400696933    
   1760.8366380858292       0.394942760    
   1760.9798537538313       0.388739079    
   1761.1230694218334       0.382086277    
   1761.2662850898355       0.374989510    
   1761.4095007578376       0.367461979    
   1761.5527164258397       0.359525919    
   1761.6959320938417       0.351210177    
   1761.8391477618438       0.342545807    
   1761.9823634298459       0.333561063    
   1762.1255790978480       0.324276865    
   1762.2687947658501       0.314704269    
   1762.4120104338522       0.304844826    
   1762.5552261018543       0.294694722    
   1762.6984417698563       0.284251690    
   1762.8416574378584       0.273522079    
   1762.9848731058605       0.262524724    
   1763.1280887738626       0.251290500    
   1763.2713044418647       0.239858061    
   1763.4145201098668       0.228268653    
   1763.5577357778689       0.216561228    
   1763.7009514458709       0.204768464    
   1763.8441671138730       0.192913592    
   1763.9873827818751       0.181008607    
   1764.1305984498772       0.169054806    
   1764.2738141178793       0.157045931    
   1764.4170297858814       0.144973010    
   1764.5602454538835       0.132829964    
   1764.7034611218855       0.120618880    
   1764.8466767898876       0.108354725    
   1764.9898924578897        9.60682333E-02
   1765.1331081258918        8.38053748E-02
   1765.2763237938939        7.16220140E-02
   1765.4195394618960        5.95745109E-02
   1765.5627551298981        4.77090962E-02
   1765.7059707979001        3.60537246E-02
   1765.8491864659022        2.46149097E-02
   1765.9924021339043        1.33800833E-02
   1766.1356178019064        2.32451013E-03
   1766.2788334699085       -8.57903529E-03
   1766.4220491379106       -1.93501152E-02
   1766.5652648059126       -2.99926344E-02
   1766.7084804739147       -4.04911973E-02
   1766.8516961419168       -5.08124717E-02
   1766.9949118099189       -6.09103814E-02
   1767.1381274779210       -7.07331523E-02
   1767.2813431459231       -8.02307650E-02
   1767.4245588139252       -8.93623680E-02
   1767.5677744819272       -9.81031656E-02
   1767.7109901499293      -0.106449313    
   1767.8542058179314      -0.114418641    
   1767.9974214859335      -0.122045964    
   1768.1406371539356      -0.129373640    
   1768.2838528219377      -0.136439964    
   1768.4270684899398      -0.143268287    
   1768.5702841579418      -0.149859563    
   1768.7134998259439      -0.156189859    
   1768.8567154939460      -0.162214071    
   1768.9999311619481      -0.167875469    
   1769.1431468299502      -0.173118919    
   1769.2863624979523      -0.177903652    
   1769.4295781659544      -0.182211652    
   1769.5727938339564      -0.186049640    
   1769.7160095019585      -0.189445168    
   1769.8592251699606      -0.192439124    
   1770.0024408379627      -0.195076838    
   1770.1456565059648      -0.197399288    
   1770.2888721739669      -0.199435443    
   1770.4320878419690      -0.201196924    
   1770.5753035099710      -0.202676043    
   1770.7185191779731      -0.203847632    
   1770.8617348459752      -0.204674423    
   1771.0049505139773      -0.205115065    
   1771.1481661819794      -0.205133662    
   1771.2913818499815      -0.204708993    
   1771.4345975179835      -0.203841031    
   1771.5778131859856      -0.202552155    
   1771.7210288539877      -0.200882196    
   1771.8642445219898      -0.198878497    
   1772.0074601899919      -0.196584508    
   1772.1506758579940      -0.194030315    
   1772.2938915259961      -0.191227630    
   1772.4371071939981      -0.188169777    
   1772.5803228620002      -0.184836030    
   1772.7235385300023      -0.181198969    
   1772.8667541980044      -0.177232876    
   1773.0099698660065      -0.172920823    
   1773.1531855340086      -0.168258727    
   1773.2964012020107      -0.163255811    
   1773.4396168700127      -0.157932535    
   1773.5828325380148      -0.152317449    
   1773.7260482060169      -0.146443576    
   1773.8692638740190      -0.140344009    
   1774.0124795420211      -0.134046689    
   1774.1556952100232      -0.127569258    
   1774.2989108780253      -0.120915987    
   1774.4421265460273      -0.114078410    
   1774.5853422140294      -0.107039943    
   1774.7285578820315       -9.97829288E-02
   1774.8717735500336       -9.22959074E-02
   1775.0149892180357       -8.45788345E-02
   1775.1582048860378       -7.66447335E-02
   1775.3014205540399       -6.85172379E-02
   1775.4446362220419       -6.02247790E-02
   1775.5878518900440       -5.17934747E-02
   1775.7310675580461       -4.32414189E-02
   1775.8742832260482       -3.45764160E-02
   1776.0174988940503       -2.57975552E-02
   1776.1607145620524       -1.68992933E-02
   1776.3039302300544       -7.87609257E-03
   1776.4471458980565        1.27384451E-03
   1776.5903615660586        1.05464188E-02
   1776.7335772340607        1.99310482E-02
   1776.8767929020628        2.94114891E-02
   1777.0200085700649        3.89677472E-02
   1777.1632242380670        4.85785455E-02
   1777.3064399060690        5.82239442E-02
   1777.4496555740711        6.78878352E-02
   1777.5928712420732        7.75603279E-02
   1777.7360869100753        8.72395411E-02
   1777.8793025780774        9.69317332E-02
   1778.0225182460795       0.106648564    
   1778.1657339140816       0.116401263    
   1778.3089495820836       0.126193464    
   1778.4521652500857       0.136015519    
   1778.5953809180878       0.145842984    
   1778.7385965860899       0.155639976    
   1778.8818122540920       0.165366247    
   1779.0250279220941       0.174985662    
   1779.1682435900962       0.184473410    
   1779.3114592580982       0.193820253    
   1779.4546749261003       0.203032553    
   1779.5978905941024       0.212128341    
   1779.7411062621045       0.221130490    
   1779.8843219301066       0.230059162    
   1780.0275375981087       0.238925442    
   1780.1707532661108       0.247727528    
   1780.3139689341128       0.256449431    
   1780.4571846021149       0.265061826    
   1780.6004002701170       0.273524880    
   1780.7436159381191       0.281793147    
   1780.8868316061212       0.289822310    
   1781.0300472741233       0.297576964    
   1781.1732629421253       0.305037439    
   1781.3164786101274       0.312203825    
   1781.4596942781295       0.319095165    
   1781.6029099461316       0.325743824    
   1781.7461256141337       0.332185626    
   1781.8893412821358       0.338448226    
   1782.0325569501379       0.344541281    
   1782.1757726181399       0.350451261    
   1782.3189882861420       0.356142759    
   1782.4622039541441       0.361565679    
   1782.6054196221462       0.366665661    
   1782.7486352901483       0.371394455    
   1782.8918509581504       0.375717908    
   1783.0350666261525       0.379620373    
   1783.1782822941545       0.383105546    
   1783.3214979621566       0.386193663    
   1783.4647136301587       0.388915867    
   1783.6079292981608       0.391306460    
   1783.7511449661629       0.393394619    
   1783.8943606341650       0.395196944    
   1784.0375763021671       0.396712393    
   1784.1807919701691       0.397920221    
   1784.3240076381712       0.398782223    
   1784.4672233061733       0.399249315    
   1784.6104389741754       0.399271518    
   1784.7536546421775       0.398809433    
   1784.8968703101796       0.397843421    
   1785.0400859781817       0.396377653    
   1785.1833016461837       0.394437641    
   1785.3265173141858       0.392062336    
   1785.4697329821879       0.389293551    
   1785.6129486501900       0.386165917    
   1785.7561643181921       0.382699847    
   1785.8993799861942       0.378898829    
   1786.0425956541962       0.374751180    
   1786.1858113221983       0.370234936    
   1786.3290269902004       0.365324110    
   1786.4722426582025       0.359994769    
   1786.6154583262046       0.354229629    
   1786.7586739942067       0.348021239    
   1786.9018896622088       0.341373593    
   1787.0451053302108       0.334302247    
   1787.1883209982129       0.326832116    
   1787.3315366662150       0.318992972    
   1787.4747523342171       0.310813665    
   1787.6179680022192       0.302316517    
   1787.7611836702213       0.293513924    
   1787.9043993382234       0.284407914    
   1788.0476150062254       0.274993062    
   1788.1908306742275       0.265261531    
   1788.3340463422296       0.255209267    
   1788.4772620102317       0.244840771    
   1788.6204776782338       0.234171271    
   1788.7636933462359       0.223224819    
   1788.9069090142380       0.212029487    
   1789.0501246822400       0.200611755    
   1789.1933403502421       0.188992575    
   1789.3365560182442       0.177186489    
   1789.4797716862463       0.165203243    
   1789.6229873542484       0.153050676    
   1789.7662030222505       0.140737489    
   1789.9094186902526       0.128275335    
   1790.0526343582546       0.115680031    
   1790.1958500262567       0.102971911    
   1790.3390656942588        9.01753232E-02
   1790.4822813622609        7.73174539E-02
   1790.6254970302630        6.44266754E-02
   1790.7687126982651        5.15305288E-02
   1790.9119283662671        3.86531875E-02
   1791.0551440342692        2.58127339E-02
   1791.1983597022713        1.30191650E-02
   1791.3415753702734        2.74600869E-04
   1791.4847910382755       -1.24233915E-02
   1791.6280067062776       -2.50758883E-02
   1791.7712223742797       -3.76760364E-02
   1791.9144380422817       -5.02042100E-02
   1792.0576537102838       -6.26266375E-02
   1792.2008693782859       -7.48980120E-02
   1792.3440850462880       -8.69676247E-02
   1792.4873007142901       -9.87874120E-02
   1792.6305163822922      -0.110319927    
   1792.7737320502943      -0.121543713    
   1792.9169477182963      -0.132454455    
   1793.0601633862984      -0.143061772    
   1793.2033790543005      -0.153383046    
   1793.3465947223026      -0.163436383    
   1793.4898103903047      -0.173234209    
   1793.6330260583068      -0.182778105    
   1793.7762417263089      -0.192055076    
   1793.9194573943109      -0.201036185    
   1794.0626730623130      -0.209678173    
   1794.2058887303151      -0.217928797    
   1794.3491043983172      -0.225734904    
   1794.4923200663193      -0.233051598    
   1794.6355357343214      -0.239850283    
   1794.7787514023235      -0.246123791    
   1794.9219670703255      -0.251886874    
   1795.0651827383276      -0.257171631    
   1795.2083984063297      -0.262018114    
   1795.3516140743318      -0.266462594    
   1795.4948297423339      -0.270526856    
   1795.6380454103360      -0.274211675    
   1795.7812610783380      -0.277496099    
   1795.9244767463401      -0.280341953    
   1796.0676924143422      -0.282701880    
   1796.2109080823443      -0.284529001    
   1796.3541237503464      -0.285786062    
   1796.4973394183485      -0.286452591    
   1796.6405550863506      -0.286528349    
   1796.7837707543526      -0.286032706    
   1796.9269864223547      -0.285000235    
   1797.0702020903568      -0.283473879    
   1797.2134177583589      -0.281496763    
   1797.3566334263610      -0.279103935    
   1797.4998490943631      -0.276315063    
   1797.6430647623652      -0.273130089    
   1797.7862804303672      -0.269529581    
   1797.9294960983693      -0.265480310    
   1798.0727117663714      -0.260945112    
   1798.2159274343735      -0.255893767    
   1798.3591431023756      -0.250311911    
   1798.5023587703777      -0.244205877    
   1798.6455744383798      -0.237602577    
   1798.7887901063818      -0.230544925    
   1798.9320057743839      -0.223083749    
   1799.0752214423860      -0.215268344    
   1799.2184371103881      -0.207138151    
   1799.3616527783902      -0.198717758    
   1799.5048684463923      -0.190016016    
   1799.6480841143944      -0.181028545    
   1799.7912997823964      -0.171742305    
   1799.9345154503985      -0.162141114    
   1800.0777311184006      -0.152211562    
