   0.0000000000000000        0.00000000    
  0.14321566800212829        0.00000000    
  0.28643133600425658        0.00000000    
  0.42964700400638489        0.00000000    
  0.57286267200851315        0.00000000    
  0.71607834001064141        0.00000000    
  0.85929400801276967        0.00000000    
   1.0025096760148979        0.00000000    
   1.1457253440170263        0.00000000    
   1.2889410120191547        0.00000000    
   1.4321566800212830        0.00000000    
   1.5753723480234114        0.00000000    
   1.7185880160255398        0.00000000    
   1.8618036840276682        0.00000000    
   2.0050193520297963        0.00000000    
   2.1482350200319247        0.00000000    
   2.2914506880340531        0.00000000    
   2.4346663560361814        0.00000000    
   2.5778820240383098        0.00000000    
   2.7210976920404382        0.00000000    
   2.8643133600425665        0.00000000    
   3.0075290280446949        0.00000000    
   3.1507446960468233        0.00000000    
   3.2939603640489517        0.00000000    
   3.4371760320510800        0.00000000    
   3.5803917000532084        0.00000000    
   3.7236073680553368        0.00000000    
   3.8668230360574651        0.00000000    
   4.0100387040595935        0.00000000    
   4.1532543720617214        0.00000000    
   4.2964700400638494        0.00000000    
   4.4396857080659773        0.00000000    
   4.5829013760681052        0.00000000    
   4.7261170440702331        0.00000000    
   4.8693327120723611        0.00000000    
   5.0125483800744890        0.00000000    
   5.1557640480766169        0.00000000    
   5.2989797160787449        0.00000000    
   5.4421953840808728        0.00000000    
   5.5854110520830007        0.00000000    
   5.7286267200851286        0.00000000    
   5.8718423880872566        0.00000000    
   6.0150580560893845        0.00000000    
   6.1582737240915124        0.00000000    
   6.3014893920936403        0.00000000    
   6.4447050600957683        0.00000000    
   6.5879207280978962        0.00000000    
   6.7311363961000241        0.00000000    
   6.8743520641021520        0.00000000    
   7.0175677321042800        0.00000000    
   7.1607834001064079        0.00000000    
   7.3039990681085358        0.00000000    
   7.4472147361106638        0.00000000    
   7.5904304041127917        0.00000000    
   7.7336460721149196        0.00000000    
   7.8768617401170475        0.00000000    
   8.0200774081191764        0.00000000    
   8.1632930761213043        0.00000000    
   8.3065087441234322        0.00000000    
   8.4497244121255601        0.00000000    
   8.5929400801276881        0.00000000    
   8.7361557481298160        0.00000000    
   8.8793714161319439        0.00000000    
   9.0225870841340718        0.00000000    
   9.1658027521361998        0.00000000    
   9.3090184201383277        0.00000000    
   9.4522340881404556        0.00000000    
   9.5954497561425836        0.00000000    
   9.7386654241447115        0.00000000    
   9.8818810921468394        0.00000000    
   10.025096760148967        0.00000000    
   10.168312428151095        0.00000000    
   10.311528096153223        0.00000000    
   10.454743764155351        0.00000000    
   10.597959432157479        0.00000000    
   10.741175100159607        0.00000000    
   10.884390768161735        0.00000000    
   11.027606436163863        0.00000000    
   11.170822104165991        0.00000000    
   11.314037772168119        0.00000000    
   11.457253440170247        0.00000000    
   11.600469108172375        0.00000000    
   11.743684776174502        0.00000000    
   11.886900444176630        0.00000000    
   12.030116112178758        0.00000000    
   12.173331780180886        0.00000000    
   12.316547448183014        0.00000000    
   12.459763116185142        0.00000000    
   12.602978784187270        0.00000000    
   12.746194452189398        0.00000000    
   12.889410120191526        0.00000000    
   13.032625788193654        0.00000000    
   13.175841456195782        0.00000000    
   13.319057124197910        0.00000000    
   13.462272792200038        0.00000000    
   13.605488460202166        0.00000000    
   13.748704128204293        0.00000000    
   13.891919796206421        0.00000000    
   14.035135464208549        0.00000000    
   14.178351132210677        0.00000000    
   14.321566800212805        0.00000000    
   14.464782468214933        0.00000000    
   14.607998136217061        0.00000000    
   14.751213804219189        0.00000000    
   14.894429472221317        0.00000000    
   15.037645140223445        0.00000000    
   15.180860808225573        0.00000000    
   15.324076476227701        0.00000000    
   15.467292144229829        0.00000000    
   15.610507812231956        0.00000000    
   15.753723480234084        0.00000000    
   15.896939148236212        0.00000000    
   16.040154816238342        0.00000000    
   16.183370484240470        0.00000000    
   16.326586152242598        0.00000000    
   16.469801820244726        0.00000000    
   16.613017488246854        0.00000000    
   16.756233156248982        0.00000000    
   16.899448824251110        0.00000000    
   17.042664492253238        0.00000000    
   17.185880160255365        0.00000000    
   17.329095828257493        0.00000000    
   17.472311496259621        0.00000000    
   17.615527164261749        0.00000000    
   17.758742832263877        0.00000000    
   17.901958500266005        0.00000000    
   18.045174168268133        0.00000000    
   18.188389836270261        0.00000000    
   18.331605504272389        0.00000000    
   18.474821172274517        0.00000000    
   18.618036840276645        0.00000000    
   18.761252508278773        0.00000000    
   18.904468176280901        0.00000000    
   19.047683844283029        0.00000000    
   19.190899512285156        0.00000000    
   19.334115180287284        0.00000000    
   19.477330848289412        0.00000000    
   19.620546516291540        0.00000000    
   19.763762184293668        0.00000000    
   19.906977852295796        0.00000000    
   20.050193520297924        0.00000000    
   20.193409188300052        0.00000000    
   20.336624856302180        0.00000000    
   20.479840524304308        0.00000000    
   20.623056192306436        0.00000000    
   20.766271860308564        0.00000000    
   20.909487528310692        0.00000000    
   21.052703196312820        0.00000000    
   21.195918864314947        0.00000000    
   21.339134532317075        0.00000000    
   21.482350200319203        0.00000000    
   21.625565868321331        0.00000000    
   21.768781536323459        0.00000000    
   21.911997204325587        0.00000000    
   22.055212872327715        0.00000000    
   22.198428540329843        0.00000000    
   22.341644208331971        0.00000000    
   22.484859876334099        0.00000000    
   22.628075544336227        0.00000000    
   22.771291212338355        0.00000000    
   22.914506880340483        0.00000000    
   23.057722548342610        0.00000000    
   23.200938216344738        0.00000000    
   23.344153884346866        0.00000000    
   23.487369552348994        0.00000000    
   23.630585220351122        0.00000000    
   23.773800888353250        0.00000000    
   23.917016556355378        0.00000000    
   24.060232224357506        0.00000000    
   24.203447892359634        0.00000000    
   24.346663560361762        0.00000000    
   24.489879228363890        0.00000000    
   24.633094896366018        0.00000000    
   24.776310564368146        0.00000000    
   24.919526232370274        0.00000000    
   25.062741900372401        0.00000000    
   25.205957568374529        0.00000000    
   25.349173236376657        0.00000000    
   25.492388904378785        0.00000000    
   25.635604572380913        0.00000000    
   25.778820240383041        0.00000000    
   25.922035908385169        0.00000000    
   26.065251576387297        0.00000000    
   26.208467244389425        0.00000000    
   26.351682912391553        0.00000000    
   26.494898580393681        0.00000000    
   26.638114248395809        0.00000000    
   26.781329916397937        0.00000000    
   26.924545584400065        0.00000000    
   27.067761252402192        0.00000000    
   27.210976920404320        0.00000000    
   27.354192588406448        0.00000000    
   27.497408256408576        0.00000000    
   27.640623924410704        0.00000000    
   27.783839592412832        0.00000000    
   27.927055260414960        0.00000000    
   28.070270928417088        0.00000000    
   28.213486596419216        0.00000000    
   28.356702264421344        0.00000000    
   28.499917932423472        0.00000000    
   28.643133600425600        0.00000000    
   28.786349268427728        0.00000000    
   28.929564936429855        0.00000000    
   29.072780604431983        0.00000000    
   29.215996272434111        0.00000000    
   29.359211940436239        0.00000000    
   29.502427608438367        0.00000000    
   29.645643276440495        0.00000000    
   29.788858944442623        0.00000000    
   29.932074612444751        0.00000000    
   30.075290280446879        0.00000000    
   30.218505948449007        0.00000000    
   30.361721616451135        0.00000000    
   30.504937284453263        0.00000000    
   30.648152952455391        0.00000000    
   30.791368620457519        0.00000000    
   30.934584288459646        0.00000000    
   31.077799956461774        0.00000000    
   31.221015624463902        0.00000000    
   31.364231292466030        0.00000000    
   31.507446960468158        0.00000000    
   31.650662628470286        0.00000000    
   31.793878296472414        0.00000000    
   31.937093964474542        0.00000000    
   32.080309632476670        0.00000000    
   32.223525300478798        0.00000000    
   32.366740968480926        0.00000000    
   32.509956636483054        0.00000000    
   32.653172304485182        0.00000000    
   32.796387972487310        0.00000000    
   32.939603640489437        0.00000000    
   33.082819308491565        0.00000000    
   33.226034976493693        0.00000000    
   33.369250644495821        0.00000000    
   33.512466312497949        0.00000000    
   33.655681980500077        0.00000000    
   33.798897648502205        0.00000000    
   33.942113316504333        0.00000000    
   34.085328984506461        0.00000000    
   34.228544652508589        0.00000000    
   34.371760320510717        0.00000000    
   34.514975988512845        0.00000000    
   34.658191656514973        0.00000000    
   34.801407324517101        0.00000000    
   34.944622992519228        0.00000000    
   35.087838660521356        0.00000000    
   35.231054328523484        0.00000000    
   35.374269996525612        0.00000000    
   35.517485664527740        0.00000000    
   35.660701332529868        0.00000000    
   35.803917000531996        0.00000000    
   35.947132668534124        0.00000000    
   36.090348336536252        0.00000000    
   36.233564004538380        0.00000000    
   36.376779672540508        0.00000000    
   36.519995340542636        0.00000000    
   36.663211008544764        0.00000000    
   36.806426676546891        0.00000000    
   36.949642344549019        0.00000000    
   37.092858012551147        0.00000000    
   37.236073680553275        0.00000000    
   37.379289348555403        0.00000000    
   37.522505016557531        0.00000000    
   37.665720684559659        0.00000000    
   37.808936352561787        0.00000000    
   37.952152020563915        0.00000000    
   38.095367688566043        0.00000000    
   38.238583356568171        0.00000000    
   38.381799024570299        0.00000000    
   38.525014692572427        0.00000000    
   38.668230360574555        0.00000000    
   38.811446028576682        0.00000000    
   38.954661696578810        0.00000000    
   39.097877364580938        0.00000000    
   39.241093032583066        0.00000000    
   39.384308700585194        0.00000000    
   39.527524368587322        0.00000000    
   39.670740036589450        0.00000000    
   39.813955704591578        0.00000000    
   39.957171372593706        0.00000000    
   40.100387040595834        0.00000000    
   40.243602708597962        0.00000000    
   40.386818376600090        0.00000000    
   40.530034044602218        0.00000000    
   40.673249712604346        0.00000000    
   40.816465380606473        0.00000000    
   40.959681048608601        0.00000000    
   41.102896716610729        0.00000000    
   41.246112384612857        0.00000000    
   41.389328052614985        0.00000000    
   41.532543720617113        0.00000000    
   41.675759388619241        0.00000000    
   41.818975056621369        0.00000000    
   41.962190724623497        0.00000000    
   42.105406392625625        0.00000000    
   42.248622060627753        0.00000000    
   42.391837728629881        0.00000000    
   42.535053396632009        0.00000000    
   42.678269064634136        0.00000000    
   42.821484732636264        0.00000000    
   42.964700400638392        0.00000000    
   43.107916068640520        0.00000000    
   43.251131736642648        0.00000000    
   43.394347404644776        0.00000000    
   43.537563072646904        0.00000000    
   43.680778740649032        0.00000000    
   43.823994408651160        0.00000000    
   43.967210076653288        0.00000000    
   44.110425744655416        0.00000000    
   44.253641412657544        0.00000000    
   44.396857080659672        0.00000000    
   44.540072748661800        0.00000000    
   44.683288416663927        0.00000000    
   44.826504084666055        0.00000000    
   44.969719752668183        0.00000000    
   45.112935420670311        0.00000000    
   45.256151088672439        0.00000000    
   45.399366756674567        0.00000000    
   45.542582424676695        0.00000000    
   45.685798092678823        0.00000000    
   45.829013760680951        0.00000000    
   45.972229428683079        0.00000000    
   46.115445096685207        0.00000000    
   46.258660764687335        0.00000000    
   46.401876432689463        0.00000000    
   46.545092100691591        0.00000000    
   46.688307768693718        0.00000000    
   46.831523436695846        0.00000000    
   46.974739104697974        0.00000000    
   47.117954772700102        0.00000000    
   47.261170440702230        0.00000000    
   47.404386108704358        0.00000000    
   47.547601776706486        0.00000000    
   47.690817444708614        0.00000000    
   47.834033112710742        0.00000000    
   47.977248780712870        0.00000000    
   48.120464448714998        0.00000000    
   48.263680116717126        0.00000000    
   48.406895784719254        0.00000000    
   48.550111452721382        0.00000000    
   48.693327120723509        0.00000000    
   48.836542788725637        0.00000000    
   48.979758456727765        0.00000000    
   49.122974124729893        0.00000000    
   49.266189792732021        0.00000000    
   49.409405460734149        0.00000000    
   49.552621128736277        0.00000000    
   49.695836796738405        0.00000000    
   49.839052464740533        0.00000000    
   49.982268132742661        0.00000000    
   50.125483800744789        0.00000000    
   50.268699468746917        0.00000000    
   50.411915136749045        0.00000000    
   50.555130804751172        0.00000000    
   50.698346472753300        0.00000000    
   50.841562140755428        0.00000000    
   50.984777808757556        0.00000000    
   51.127993476759684        0.00000000    
   51.271209144761812        0.00000000    
   51.414424812763940        0.00000000    
   51.557640480766068        0.00000000    
   51.700856148768196        0.00000000    
   51.844071816770324        0.00000000    
   51.987287484772452        0.00000000    
   52.130503152774580        0.00000000    
   52.273718820776708        0.00000000    
   52.416934488778836        0.00000000    
   52.560150156780963        0.00000000    
   52.703365824783091        0.00000000    
   52.846581492785219        0.00000000    
   52.989797160787347        0.00000000    
   53.133012828789475        0.00000000    
   53.276228496791603        0.00000000    
   53.419444164793731        0.00000000    
   53.562659832795859        0.00000000    
   53.705875500797987        0.00000000    
   53.849091168800115        0.00000000    
   53.992306836802243        0.00000000    
   54.135522504804371        0.00000000    
   54.278738172806499        0.00000000    
   54.421953840808627        0.00000000    
   54.565169508810754        0.00000000    
   54.708385176812882        0.00000000    
   54.851600844815010        0.00000000    
   54.994816512817138        0.00000000    
   55.138032180819266        0.00000000    
   55.281247848821394        0.00000000    
   55.424463516823522        0.00000000    
   55.567679184825650        0.00000000    
   55.710894852827778        0.00000000    
   55.854110520829906        0.00000000    
   55.997326188832034        0.00000000    
   56.140541856834162        0.00000000    
   56.283757524836290        0.00000000    
   56.426973192838418        0.00000000    
   56.570188860840545        0.00000000    
   56.713404528842673        0.00000000    
   56.856620196844801        0.00000000    
   56.999835864846929        0.00000000    
   57.143051532849057        0.00000000    
   57.286267200851185        0.00000000    
   57.429482868853313        0.00000000    
   57.572698536855441        0.00000000    
   57.715914204857569        0.00000000    
   57.859129872859697        0.00000000    
   58.002345540861825        0.00000000    
   58.145561208863953        0.00000000    
   58.288776876866081        0.00000000    
   58.431992544868208        0.00000000    
   58.575208212870336        0.00000000    
   58.718423880872464        0.00000000    
   58.861639548874592        0.00000000    
   59.004855216876720        0.00000000    
   59.148070884878848        0.00000000    
   59.291286552880976        0.00000000    
   59.434502220883104        0.00000000    
   59.577717888885232        0.00000000    
   59.720933556887360        0.00000000    
   59.864149224889488        0.00000000    
   60.007364892891616        0.00000000    
   60.150580560893744        0.00000000    
   60.293796228895872        0.00000000    
   60.437011896897999        0.00000000    
   60.580227564900127        0.00000000    
   60.723443232902255        0.00000000    
   60.866658900904383        0.00000000    
   61.009874568906511        0.00000000    
   61.153090236908639        0.00000000    
   61.296305904910767        0.00000000    
   61.439521572912895        0.00000000    
   61.582737240915023        0.00000000    
   61.725952908917151        0.00000000    
   61.869168576919279        0.00000000    
   62.012384244921407        0.00000000    
   62.155599912923535        0.00000000    
   62.298815580925663        0.00000000    
   62.442031248927790        0.00000000    
   62.585246916929918        0.00000000    
   62.728462584932046        0.00000000    
   62.871678252934174        0.00000000    
   63.014893920936302        0.00000000    
   63.158109588938430        0.00000000    
   63.301325256940558        0.00000000    
   63.444540924942686        0.00000000    
   63.587756592944814        0.00000000    
   63.730972260946942        0.00000000    
   63.874187928949070        0.00000000    
   64.017403596951198        0.00000000    
   64.160619264953326        0.00000000    
   64.303834932955453        0.00000000    
   64.447050600957581        0.00000000    
   64.590266268959709        0.00000000    
   64.733481936961837        0.00000000    
   64.876697604963965        0.00000000    
   65.019913272966093        0.00000000    
   65.163128940968221        0.00000000    
   65.306344608970349        0.00000000    
   65.449560276972477        0.00000000    
   65.592775944974605        0.00000000    
   65.735991612976733        0.00000000    
   65.879207280978861        0.00000000    
   66.022422948980989        0.00000000    
   66.165638616983117        0.00000000    
   66.308854284985244        0.00000000    
   66.452069952987372        0.00000000    
   66.595285620989500        0.00000000    
   66.738501288991628        0.00000000    
   66.881716956993756        0.00000000    
   67.024932624995884        0.00000000    
   67.168148292998012        0.00000000    
   67.311363961000140        0.00000000    
   67.454579629002268        0.00000000    
   67.597795297004396        0.00000000    
   67.741010965006524        0.00000000    
   67.884226633008652        0.00000000    
   68.027442301010780        0.00000000    
   68.170657969012908        0.00000000    
   68.313873637015035        0.00000000    
   68.457089305017163        0.00000000    
   68.600304973019291        0.00000000    
   68.743520641021419        0.00000000    
   68.886736309023547        0.00000000    
   69.029951977025675        0.00000000    
   69.173167645027803        0.00000000    
   69.316383313029931        0.00000000    
   69.459598981032059        0.00000000    
   69.602814649034187        0.00000000    
   69.746030317036315        0.00000000    
   69.889245985038443        0.00000000    
   70.032461653040571        0.00000000    
   70.175677321042699        0.00000000    
   70.318892989044826        0.00000000    
   70.462108657046954        0.00000000    
   70.605324325049082        0.00000000    
   70.748539993051210        0.00000000    
   70.891755661053338        0.00000000    
   71.034971329055466        0.00000000    
   71.178186997057594        0.00000000    
   71.321402665059722        0.00000000    
   71.464618333061850        0.00000000    
   71.607834001063978        0.00000000    
   71.751049669066106        0.00000000    
   71.894265337068234        0.00000000    
   72.037481005070362        0.00000000    
   72.180696673072489        0.00000000    
   72.323912341074617        0.00000000    
   72.467128009076745        0.00000000    
   72.610343677078873        0.00000000    
   72.753559345081001        0.00000000    
   72.896775013083129        0.00000000    
   73.039990681085257        0.00000000    
   73.183206349087385        0.00000000    
   73.326422017089513        0.00000000    
   73.469637685091641        0.00000000    
   73.612853353093769        0.00000000    
   73.756069021095897        0.00000000    
   73.899284689098025        0.00000000    
   74.042500357100153        0.00000000    
   74.185716025102280        0.00000000    
   74.328931693104408        0.00000000    
   74.472147361106536        0.00000000    
   74.615363029108664        0.00000000    
   74.758578697110792        0.00000000    
   74.901794365112920        0.00000000    
   75.045010033115048        0.00000000    
   75.188225701117176        0.00000000    
   75.331441369119304        0.00000000    
   75.474657037121432        0.00000000    
   75.617872705123560        0.00000000    
   75.761088373125688        0.00000000    
   75.904304041127816        0.00000000    
   76.047519709129944        0.00000000    
   76.190735377132071        0.00000000    
   76.333951045134199        0.00000000    
   76.477166713136327        0.00000000    
   76.620382381138455        0.00000000    
   76.763598049140583        0.00000000    
   76.906813717142711        0.00000000    
   77.050029385144839        0.00000000    
   77.193245053146967        0.00000000    
   77.336460721149095        0.00000000    
   77.479676389151223        0.00000000    
   77.622892057153351        0.00000000    
   77.766107725155479        0.00000000    
   77.909323393157607        0.00000000    
   78.052539061159735        0.00000000    
   78.195754729161862        0.00000000    
   78.338970397163990        0.00000000    
   78.482186065166118        0.00000000    
   78.625401733168246        0.00000000    
   78.768617401170374        0.00000000    
   78.911833069172502        0.00000000    
   79.055048737174630        0.00000000    
   79.198264405176758        0.00000000    
   79.341480073178886        0.00000000    
   79.484695741181014        0.00000000    
   79.627911409183142        0.00000000    
   79.771127077185270        0.00000000    
   79.914342745187398        0.00000000    
   80.057558413189525        0.00000000    
   80.200774081191653        0.00000000    
   80.343989749193781        0.00000000    
   80.487205417195909        0.00000000    
   80.630421085198037        0.00000000    
   80.773636753200165        0.00000000    
   80.916852421202293        0.00000000    
   81.060068089204421        0.00000000    
   81.203283757206549        0.00000000    
   81.346499425208677        0.00000000    
   81.489715093210805        0.00000000    
   81.632930761212933        0.00000000    
   81.776146429215061        0.00000000    
   81.919362097217189        0.00000000    
   82.062577765219316        0.00000000    
   82.205793433221444        0.00000000    
   82.349009101223572        0.00000000    
   82.492224769225700        0.00000000    
   82.635440437227828        0.00000000    
   82.778656105229956        0.00000000    
   82.921871773232084        0.00000000    
   83.065087441234212        0.00000000    
   83.208303109236340        0.00000000    
   83.351518777238468        0.00000000    
   83.494734445240596        0.00000000    
   83.637950113242724        0.00000000    
   83.781165781244852        0.00000000    
   83.924381449246980        0.00000000    
   84.067597117249107        0.00000000    
   84.210812785251235        0.00000000    
   84.354028453253363        0.00000000    
   84.497244121255491        0.00000000    
   84.640459789257619        0.00000000    
   84.783675457259747        0.00000000    
   84.926891125261875        0.00000000    
   85.070106793264003        0.00000000    
   85.213322461266131        0.00000000    
   85.356538129268259        0.00000000    
   85.499753797270387        0.00000000    
   85.642969465272515        0.00000000    
   85.786185133274643        0.00000000    
   85.929400801276770        0.00000000    
   86.072616469278898        0.00000000    
   86.215832137281026        0.00000000    
   86.359047805283154        0.00000000    
   86.502263473285282        0.00000000    
   86.645479141287410        0.00000000    
   86.788694809289538        0.00000000    
   86.931910477291666        0.00000000    
   87.075126145293794        0.00000000    
   87.218341813295922        0.00000000    
   87.361557481298050        0.00000000    
   87.504773149300178        0.00000000    
   87.647988817302306        0.00000000    
   87.791204485304434        0.00000000    
   87.934420153306561        0.00000000    
   88.077635821308689        0.00000000    
   88.220851489310817        0.00000000    
   88.364067157312945        0.00000000    
   88.507282825315073        0.00000000    
   88.650498493317201        0.00000000    
   88.793714161319329        0.00000000    
   88.936929829321457        0.00000000    
   89.080145497323585        0.00000000    
   89.223361165325713        0.00000000    
   89.366576833327841        0.00000000    
   89.509792501329969        0.00000000    
   89.653008169332097        0.00000000    
   89.796223837334225        0.00000000    
   89.939439505336352        0.00000000    
   90.082655173338480        0.00000000    
   90.225870841340608        0.00000000    
   90.369086509342736        0.00000000    
   90.512302177344864        0.00000000    
   90.655517845346992        0.00000000    
   90.798733513349120        0.00000000    
   90.941949181351248        0.00000000    
   91.085164849353376        0.00000000    
   91.228380517355504        0.00000000    
   91.371596185357632        0.00000000    
   91.514811853359760        0.00000000    
   91.658027521361888        0.00000000    
   91.801243189364016        0.00000000    
   91.944458857366143        0.00000000    
   92.087674525368271        0.00000000    
   92.230890193370399        0.00000000    
   92.374105861372527        0.00000000    
   92.517321529374655        0.00000000    
   92.660537197376783        0.00000000    
   92.803752865378911        0.00000000    
   92.946968533381039        0.00000000    
   93.090184201383167        0.00000000    
   93.233399869385295        0.00000000    
   93.376615537387423        0.00000000    
   93.519831205389551        0.00000000    
   93.663046873391679        0.00000000    
   93.806262541393806        0.00000000    
   93.949478209395934        0.00000000    
   94.092693877398062        0.00000000    
   94.235909545400190        0.00000000    
   94.379125213402318        0.00000000    
   94.522340881404446        0.00000000    
   94.665556549406574        0.00000000    
   94.808772217408702        0.00000000    
   94.951987885410830        0.00000000    
   95.095203553412958        0.00000000    
   95.238419221415086        0.00000000    
   95.381634889417214        0.00000000    
   95.524850557419342        0.00000000    
   95.668066225421470        0.00000000    
   95.811281893423597        0.00000000    
   95.954497561425725        0.00000000    
   96.097713229427853        0.00000000    
   96.240928897429981        0.00000000    
   96.384144565432109        0.00000000    
   96.527360233434237        0.00000000    
   96.670575901436365        0.00000000    
   96.813791569438493        0.00000000    
   96.957007237440621        0.00000000    
   97.100222905442749        0.00000000    
   97.243438573444877        0.00000000    
   97.386654241447005        0.00000000    
   97.529869909449133        0.00000000    
   97.673085577451261        0.00000000    
   97.816301245453388        0.00000000    
   97.959516913455516        0.00000000    
   98.102732581457644        0.00000000    
   98.245948249459772        0.00000000    
   98.389163917461900        0.00000000    
   98.532379585464028        0.00000000    
   98.675595253466156        0.00000000    
   98.818810921468284        0.00000000    
   98.962026589470412        0.00000000    
   99.105242257472540        0.00000000    
   99.248457925474668        0.00000000    
   99.391673593476796        0.00000000    
   99.534889261478924        0.00000000    
   99.678104929481051        0.00000000    
   99.821320597483179        0.00000000    
   99.964536265485307        0.00000000    
   100.10775193348744        0.00000000    
   100.25096760148956        0.00000000    
   100.39418326949169        0.00000000    
   100.53739893749382        0.00000000    
   100.68061460549595        0.00000000    
   100.82383027349807        0.00000000    
   100.96704594150020        0.00000000    
   101.11026160950233        0.00000000    
   101.25347727750446        0.00000000    
   101.39669294550659        0.00000000    
   101.53990861350871        0.00000000    
   101.68312428151084        0.00000000    
   101.82633994951297        0.00000000    
   101.96955561751510        0.00000000    
   102.11277128551723        0.00000000    
   102.25598695351935        0.00000000    
   102.39920262152148        0.00000000    
   102.54241828952361        0.00000000    
   102.68563395752574        0.00000000    
   102.82884962552787        0.00000000    
   102.97206529352999        0.00000000    
   103.11528096153212        0.00000000    
   103.25849662953425        0.00000000    
   103.40171229753638        0.00000000    
   103.54492796553851        0.00000000    
   103.68814363354063        0.00000000    
   103.83135930154276        0.00000000    
   103.97457496954489        0.00000000    
   104.11779063754702        0.00000000    
   104.26100630554915        0.00000000    
   104.40422197355127        0.00000000    
   104.54743764155340        0.00000000    
   104.69065330955553        0.00000000    
   104.83386897755766        0.00000000    
   104.97708464555978        0.00000000    
   105.12030031356191        0.00000000    
   105.26351598156404        0.00000000    
   105.40673164956617        0.00000000    
   105.54994731756830        0.00000000    
   105.69316298557042        0.00000000    
   105.83637865357255        0.00000000    
   105.97959432157468        0.00000000    
   106.12280998957681        0.00000000    
   106.26602565757894        0.00000000    
   106.40924132558106        0.00000000    
   106.55245699358319        0.00000000    
   106.69567266158532        0.00000000    
   106.83888832958745        0.00000000    
   106.98210399758958        0.00000000    
   107.12531966559170        0.00000000    
   107.26853533359383        0.00000000    
   107.41175100159596        0.00000000    
   107.55496666959809        0.00000000    
   107.69818233760022        0.00000000    
   107.84139800560234        0.00000000    
   107.98461367360447        0.00000000    
   108.12782934160660        0.00000000    
   108.27104500960873        0.00000000    
   108.41426067761086        0.00000000    
   108.55747634561298        0.00000000    
   108.70069201361511        0.00000000    
   108.84390768161724        0.00000000    
   108.98712334961937        0.00000000    
   109.13033901762149        0.00000000    
   109.27355468562362        0.00000000    
   109.41677035362575        0.00000000    
   109.55998602162788        0.00000000    
   109.70320168963001        0.00000000    
   109.84641735763213        0.00000000    
   109.98963302563426        0.00000000    
   110.13284869363639        0.00000000    
   110.27606436163852        0.00000000    
   110.41928002964065        0.00000000    
   110.56249569764277        0.00000000    
   110.70571136564490        0.00000000    
   110.84892703364703        0.00000000    
   110.99214270164916        0.00000000    
   111.13535836965129        0.00000000    
   111.27857403765341        0.00000000    
   111.42178970565554        0.00000000    
   111.56500537365767        0.00000000    
   111.70822104165980        0.00000000    
   111.85143670966193        0.00000000    
   111.99465237766405        0.00000000    
   112.13786804566618        0.00000000    
   112.28108371366831        0.00000000    
   112.42429938167044        0.00000000    
   112.56751504967256        0.00000000    
   112.71073071767469        0.00000000    
   112.85394638567682        0.00000000    
   112.99716205367895        0.00000000    
   113.14037772168108        0.00000000    
   113.28359338968320        0.00000000    
   113.42680905768533        0.00000000    
   113.57002472568746        0.00000000    
   113.71324039368959        0.00000000    
   113.85645606169172        0.00000000    
   113.99967172969384        0.00000000    
   114.14288739769597        0.00000000    
   114.28610306569810        0.00000000    
   114.42931873370023        0.00000000    
   114.57253440170236        0.00000000    
   114.71575006970448        0.00000000    
   114.85896573770661        0.00000000    
   115.00218140570874        0.00000000    
   115.14539707371087        0.00000000    
   115.28861274171300        0.00000000    
   115.43182840971512        0.00000000    
   115.57504407771725        0.00000000    
   115.71825974571938        0.00000000    
   115.86147541372151        0.00000000    
   116.00469108172364        0.00000000    
   116.14790674972576        0.00000000    
   116.29112241772789        0.00000000    
   116.43433808573002        0.00000000    
   116.57755375373215        0.00000000    
   116.72076942173427        0.00000000    
   116.86398508973640        0.00000000    
   117.00720075773853        0.00000000    
   117.15041642574066        0.00000000    
   117.29363209374279        0.00000000    
   117.43684776174491        0.00000000    
   117.58006342974704        0.00000000    
   117.72327909774917        0.00000000    
   117.86649476575130        0.00000000    
   118.00971043375343        0.00000000    
   118.15292610175555        0.00000000    
   118.29614176975768        0.00000000    
   118.43935743775981        0.00000000    
   118.58257310576194        0.00000000    
   118.72578877376407        0.00000000    
   118.86900444176619        0.00000000    
   119.01222010976832        0.00000000    
   119.15543577777045        0.00000000    
   119.29865144577258        0.00000000    
   119.44186711377471        0.00000000    
   119.58508278177683        0.00000000    
   119.72829844977896        0.00000000    
   119.87151411778109        0.00000000    
   120.01472978578322        0.00000000    
   120.15794545378535        0.00000000    
   120.30116112178747        0.00000000    
   120.44437678978960        0.00000000    
   120.58759245779173        0.00000000    
   120.73080812579386        0.00000000    
   120.87402379379598        0.00000000    
   121.01723946179811        0.00000000    
   121.16045512980024        0.00000000    
   121.30367079780237        0.00000000    
   121.44688646580450        0.00000000    
   121.59010213380662        0.00000000    
   121.73331780180875        0.00000000    
   121.87653346981088        0.00000000    
   122.01974913781301        0.00000000    
   122.16296480581514        0.00000000    
   122.30618047381726        0.00000000    
   122.44939614181939        0.00000000    
   122.59261180982152        0.00000000    
   122.73582747782365        0.00000000    
   122.87904314582578        0.00000000    
   123.02225881382790        0.00000000    
   123.16547448183003        0.00000000    
   123.30869014983216        0.00000000    
   123.45190581783429        0.00000000    
   123.59512148583642        0.00000000    
   123.73833715383854        0.00000000    
   123.88155282184067        0.00000000    
   124.02476848984280        0.00000000    
   124.16798415784493        0.00000000    
   124.31119982584705        0.00000000    
   124.45441549384918        0.00000000    
   124.59763116185131        0.00000000    
   124.74084682985344        0.00000000    
   124.88406249785557        0.00000000    
   125.02727816585769        0.00000000    
   125.17049383385982        0.00000000    
   125.31370950186195        0.00000000    
   125.45692516986408        0.00000000    
   125.60014083786621        0.00000000    
   125.74335650586833        0.00000000    
   125.88657217387046        0.00000000    
   126.02978784187259        0.00000000    
   126.17300350987472        0.00000000    
   126.31621917787685        0.00000000    
   126.45943484587897        0.00000000    
   126.60265051388110        0.00000000    
   126.74586618188323        0.00000000    
   126.88908184988536        0.00000000    
   127.03229751788749        0.00000000    
   127.17551318588961        0.00000000    
   127.31872885389174        0.00000000    
   127.46194452189387        0.00000000    
   127.60516018989600        0.00000000    
   127.74837585789813        0.00000000    
   127.89159152590025        0.00000000    
   128.03480719390240        0.00000000    
   128.17802286190454        0.00000000    
   128.32123852990668        0.00000000    
   128.46445419790882        0.00000000    
   128.60766986591096        0.00000000    
   128.75088553391311        0.00000000    
   128.89410120191525        0.00000000    
   129.03731686991739        0.00000000    
   129.18053253791953        0.00000000    
   129.32374820592167        0.00000000    
   129.46696387392382        0.00000000    
   129.61017954192596        0.00000000    
   129.75339520992810        0.00000000    
   129.89661087793024        0.00000000    
   130.03982654593239        0.00000000    
   130.18304221393453        0.00000000    
   130.32625788193667        0.00000000    
   130.46947354993881        0.00000000    
   130.61268921794095        0.00000000    
   130.75590488594310        0.00000000    
   130.89912055394524        0.00000000    
   131.04233622194738        0.00000000    
   131.18555188994952        0.00000000    
   131.32876755795166        0.00000000    
   131.47198322595381        0.00000000    
   131.61519889395595        0.00000000    
   131.75841456195809        0.00000000    
   131.90163022996023        0.00000000    
   132.04484589796238        0.00000000    
   132.18806156596452        0.00000000    
   132.33127723396666        0.00000000    
   132.47449290196880        0.00000000    
   132.61770856997094        0.00000000    
   132.76092423797309        0.00000000    
   132.90413990597523        0.00000000    
   133.04735557397737        0.00000000    
   133.19057124197951        0.00000000    
   133.33378690998165        0.00000000    
   133.47700257798380        0.00000000    
   133.62021824598594        0.00000000    
   133.76343391398808        0.00000000    
   133.90664958199022        0.00000000    
   134.04986524999237        0.00000000    
   134.19308091799451        0.00000000    
   134.33629658599665        0.00000000    
   134.47951225399879        0.00000000    
   134.62272792200093        0.00000000    
   134.76594359000308        0.00000000    
   134.90915925800522        0.00000000    
   135.05237492600736        0.00000000    
   135.19559059400950        0.00000000    
   135.33880626201164        0.00000000    
   135.48202193001379        0.00000000    
   135.62523759801593        0.00000000    
   135.76845326601807        0.00000000    
   135.91166893402021        0.00000000    
   136.05488460202236        0.00000000    
   136.19810027002450        0.00000000    
   136.34131593802664        0.00000000    
   136.48453160602878        0.00000000    
   136.62774727403092        0.00000000    
   136.77096294203307        0.00000000    
   136.91417861003521        0.00000000    
   137.05739427803735        0.00000000    
   137.20060994603949        0.00000000    
   137.34382561404163        0.00000000    
   137.48704128204378        0.00000000    
   137.63025695004592        0.00000000    
   137.77347261804806        0.00000000    
   137.91668828605020        0.00000000    
   138.05990395405234        0.00000000    
   138.20311962205449        0.00000000    
   138.34633529005663        0.00000000    
   138.48955095805877        0.00000000    
   138.63276662606091        0.00000000    
   138.77598229406306        0.00000000    
   138.91919796206520        0.00000000    
   139.06241363006734        0.00000000    
   139.20562929806948        0.00000000    
   139.34884496607162        0.00000000    
   139.49206063407377        0.00000000    
   139.63527630207591        0.00000000    
   139.77849197007805        0.00000000    
   139.92170763808019        0.00000000    
   140.06492330608233        0.00000000    
   140.20813897408448        0.00000000    
   140.35135464208662        0.00000000    
   140.49457031008876        0.00000000    
   140.63778597809090        0.00000000    
   140.78100164609305        0.00000000    
   140.92421731409519        0.00000000    
   141.06743298209733        0.00000000    
   141.21064865009947        0.00000000    
   141.35386431810161        0.00000000    
   141.49707998610376        0.00000000    
   141.64029565410590        0.00000000    
   141.78351132210804        0.00000000    
   141.92672699011018        0.00000000    
   142.06994265811232        0.00000000    
   142.21315832611447        0.00000000    
   142.35637399411661        0.00000000    
   142.49958966211875        0.00000000    
   142.64280533012089        0.00000000    
   142.78602099812304        0.00000000    
   142.92923666612518        0.00000000    
   143.07245233412732        0.00000000    
   143.21566800212946        0.00000000    
   143.35888367013160        0.00000000    
   143.50209933813375        0.00000000    
   143.64531500613589        0.00000000    
   143.78853067413803        0.00000000    
   143.93174634214017        0.00000000    
   144.07496201014231        0.00000000    
   144.21817767814446        0.00000000    
   144.36139334614660        0.00000000    
   144.50460901414874        0.00000000    
   144.64782468215088        0.00000000    
   144.79104035015303        0.00000000    
   144.93425601815517        0.00000000    
   145.07747168615731        0.00000000    
   145.22068735415945        0.00000000    
   145.36390302216159        0.00000000    
   145.50711869016374        0.00000000    
   145.65033435816588        0.00000000    
   145.79355002616802        0.00000000    
   145.93676569417016        0.00000000    
   146.07998136217230        0.00000000    
   146.22319703017445        0.00000000    
   146.36641269817659        0.00000000    
   146.50962836617873        0.00000000    
   146.65284403418087        0.00000000    
   146.79605970218302        0.00000000    
   146.93927537018516        0.00000000    
   147.08249103818730        0.00000000    
   147.22570670618944        0.00000000    
   147.36892237419158        0.00000000    
   147.51213804219373        0.00000000    
   147.65535371019587        0.00000000    
   147.79856937819801        0.00000000    
   147.94178504620015        0.00000000    
   148.08500071420229        0.00000000    
   148.22821638220444        0.00000000    
   148.37143205020658        0.00000000    
   148.51464771820872        0.00000000    
   148.65786338621086        0.00000000    
   148.80107905421301        0.00000000    
   148.94429472221515        0.00000000    
   149.08751039021729        0.00000000    
   149.23072605821943        0.00000000    
   149.37394172622157        0.00000000    
   149.51715739422372        0.00000000    
   149.66037306222586        0.00000000    
   149.80358873022800        0.00000000    
   149.94680439823014        0.00000000    
   150.09002006623228        0.00000000    
   150.23323573423443        0.00000000    
   150.37645140223657        0.00000000    
   150.51966707023871        0.00000000    
   150.66288273824085        0.00000000    
   150.80609840624300        0.00000000    
   150.94931407424514        0.00000000    
   151.09252974224728        0.00000000    
   151.23574541024942        0.00000000    
   151.37896107825156        0.00000000    
   151.52217674625371        0.00000000    
   151.66539241425585        0.00000000    
   151.80860808225799        0.00000000    
   151.95182375026013        0.00000000    
   152.09503941826227        0.00000000    
   152.23825508626442        0.00000000    
   152.38147075426656        0.00000000    
   152.52468642226870        0.00000000    
   152.66790209027084        0.00000000    
   152.81111775827299        0.00000000    
   152.95433342627513        0.00000000    
   153.09754909427727        0.00000000    
   153.24076476227941        0.00000000    
   153.38398043028155        0.00000000    
   153.52719609828370        0.00000000    
   153.67041176628584        0.00000000    
   153.81362743428798        0.00000000    
   153.95684310229012        0.00000000    
   154.10005877029226        0.00000000    
   154.24327443829441        0.00000000    
   154.38649010629655        0.00000000    
   154.52970577429869        0.00000000    
   154.67292144230083        0.00000000    
   154.81613711030298        0.00000000    
   154.95935277830512        0.00000000    
   155.10256844630726        0.00000000    
   155.24578411430940        0.00000000    
   155.38899978231154        0.00000000    
   155.53221545031369        0.00000000    
   155.67543111831583        0.00000000    
   155.81864678631797        0.00000000    
   155.96186245432011        0.00000000    
   156.10507812232225        0.00000000    
   156.24829379032440        0.00000000    
   156.39150945832654        0.00000000    
   156.53472512632868        0.00000000    
   156.67794079433082        0.00000000    
   156.82115646233297        0.00000000    
   156.96437213033511        0.00000000    
   157.10758779833725        0.00000000    
   157.25080346633939        0.00000000    
   157.39401913434153        0.00000000    
   157.53723480234368        0.00000000    
   157.68045047034582        0.00000000    
   157.82366613834796        0.00000000    
   157.96688180635010        0.00000000    
   158.11009747435224        0.00000000    
   158.25331314235439        0.00000000    
   158.39652881035653        0.00000000    
   158.53974447835867        0.00000000    
   158.68296014636081        0.00000000    
   158.82617581436295        0.00000000    
   158.96939148236510        0.00000000    
   159.11260715036724        0.00000000    
   159.25582281836938        0.00000000    
   159.39903848637152        0.00000000    
   159.54225415437367        0.00000000    
   159.68546982237581        0.00000000    
   159.82868549037795        0.00000000    
   159.97190115838009        0.00000000    
   160.11511682638223        0.00000000    
   160.25833249438438        0.00000000    
   160.40154816238652        0.00000000    
   160.54476383038866        0.00000000    
   160.68797949839080        0.00000000    
   160.83119516639294        0.00000000    
   160.97441083439509        0.00000000    
   161.11762650239723        0.00000000    
   161.26084217039937        0.00000000    
   161.40405783840151        0.00000000    
   161.54727350640366        0.00000000    
   161.69048917440580        0.00000000    
   161.83370484240794        0.00000000    
   161.97692051041008        0.00000000    
   162.12013617841222        0.00000000    
   162.26335184641437        0.00000000    
   162.40656751441651        0.00000000    
   162.54978318241865        0.00000000    
   162.69299885042079        0.00000000    
   162.83621451842293        0.00000000    
   162.97943018642508        0.00000000    
   163.12264585442722        0.00000000    
   163.26586152242936        0.00000000    
   163.40907719043150        0.00000000    
   163.55229285843365        0.00000000    
   163.69550852643579        0.00000000    
   163.83872419443793        0.00000000    
   163.98193986244007        0.00000000    
   164.12515553044221        0.00000000    
   164.26837119844436        0.00000000    
   164.41158686644650        0.00000000    
   164.55480253444864        0.00000000    
   164.69801820245078        0.00000000    
   164.84123387045292        0.00000000    
   164.98444953845507        0.00000000    
   165.12766520645721        0.00000000    
   165.27088087445935        0.00000000    
   165.41409654246149        0.00000000    
   165.55731221046364        0.00000000    
   165.70052787846578        0.00000000    
   165.84374354646792        0.00000000    
   165.98695921447006        0.00000000    
   166.13017488247220        0.00000000    
   166.27339055047435        0.00000000    
   166.41660621847649        0.00000000    
   166.55982188647863        0.00000000    
   166.70303755448077        0.00000000    
   166.84625322248291        0.00000000    
   166.98946889048506        0.00000000    
   167.13268455848720        0.00000000    
   167.27590022648934        0.00000000    
   167.41911589449148        0.00000000    
   167.56233156249363        0.00000000    
   167.70554723049577        0.00000000    
   167.84876289849791        0.00000000    
   167.99197856650005        0.00000000    
   168.13519423450219        0.00000000    
   168.27840990250434        0.00000000    
   168.42162557050648        0.00000000    
   168.56484123850862        0.00000000    
   168.70805690651076        0.00000000    
   168.85127257451290        0.00000000    
   168.99448824251505        0.00000000    
   169.13770391051719        0.00000000    
   169.28091957851933        0.00000000    
   169.42413524652147        0.00000000    
   169.56735091452362        0.00000000    
   169.71056658252576        0.00000000    
   169.85378225052790        0.00000000    
   169.99699791853004        0.00000000    
   170.14021358653218        0.00000000    
   170.28342925453433        0.00000000    
   170.42664492253647        0.00000000    
   170.56986059053861        0.00000000    
   170.71307625854075        0.00000000    
   170.85629192654289        0.00000000    
   170.99950759454504        0.00000000    
   171.14272326254718        0.00000000    
   171.28593893054932        0.00000000    
   171.42915459855146        0.00000000    
   171.57237026655361        0.00000000    
   171.71558593455575        0.00000000    
   171.85880160255789        0.00000000    
   172.00201727056003        0.00000000    
   172.14523293856217        0.00000000    
   172.28844860656432        0.00000000    
   172.43166427456646        0.00000000    
   172.57487994256860        0.00000000    
   172.71809561057074        0.00000000    
   172.86131127857288        0.00000000    
   173.00452694657503        0.00000000    
   173.14774261457717        0.00000000    
   173.29095828257931        0.00000000    
   173.43417395058145        0.00000000    
   173.57738961858360        0.00000000    
   173.72060528658574        0.00000000    
   173.86382095458788        0.00000000    
   174.00703662259002        0.00000000    
   174.15025229059216        0.00000000    
   174.29346795859431        0.00000000    
   174.43668362659645        0.00000000    
   174.57989929459859        0.00000000    
   174.72311496260073        0.00000000    
   174.86633063060287        0.00000000    
   175.00954629860502        0.00000000    
   175.15276196660716        0.00000000    
   175.29597763460930        0.00000000    
   175.43919330261144        0.00000000    
   175.58240897061359        0.00000000    
   175.72562463861573        0.00000000    
   175.86884030661787        0.00000000    
   176.01205597462001        0.00000000    
   176.15527164262215        0.00000000    
   176.29848731062430        0.00000000    
   176.44170297862644        0.00000000    
   176.58491864662858        0.00000000    
   176.72813431463072        0.00000000    
   176.87134998263286        0.00000000    
   177.01456565063501        0.00000000    
   177.15778131863715        0.00000000    
   177.30099698663929        0.00000000    
   177.44421265464143        0.00000000    
   177.58742832264358        0.00000000    
   177.73064399064572        0.00000000    
   177.87385965864786        0.00000000    
   178.01707532665000        0.00000000    
   178.16029099465214        0.00000000    
   178.30350666265429        0.00000000    
   178.44672233065643        0.00000000    
   178.58993799865857        0.00000000    
   178.73315366666071        0.00000000    
   178.87636933466285        0.00000000    
   179.01958500266500        0.00000000    
   179.16280067066714        0.00000000    
   179.30601633866928        0.00000000    
   179.44923200667142        0.00000000    
   179.59244767467356        0.00000000    
   179.73566334267571        0.00000000    
   179.87887901067785        0.00000000    
   180.02209467867999        0.00000000    
   180.16531034668213        0.00000000    
   180.30852601468428        0.00000000    
   180.45174168268642        0.00000000    
   180.59495735068856        0.00000000    
   180.73817301869070        0.00000000    
   180.88138868669284        0.00000000    
   181.02460435469499        0.00000000    
   181.16782002269713        0.00000000    
   181.31103569069927        0.00000000    
   181.45425135870141        0.00000000    
   181.59746702670355        0.00000000    
   181.74068269470570        0.00000000    
   181.88389836270784        0.00000000    
   182.02711403070998        0.00000000    
   182.17032969871212        0.00000000    
   182.31354536671427        0.00000000    
   182.45676103471641        0.00000000    
   182.59997670271855        0.00000000    
   182.74319237072069        0.00000000    
   182.88640803872283        0.00000000    
   183.02962370672498        0.00000000    
   183.17283937472712        0.00000000    
   183.31605504272926        0.00000000    
   183.45927071073140        0.00000000    
   183.60248637873354        0.00000000    
   183.74570204673569        0.00000000    
   183.88891771473783        0.00000000    
   184.03213338273997        0.00000000    
   184.17534905074211        0.00000000    
   184.31856471874426        0.00000000    
   184.46178038674640        0.00000000    
   184.60499605474854        0.00000000    
   184.74821172275068        0.00000000    
   184.89142739075282        0.00000000    
   185.03464305875497        0.00000000    
   185.17785872675711        0.00000000    
   185.32107439475925        0.00000000    
   185.46429006276139        0.00000000    
   185.60750573076353        0.00000000    
   185.75072139876568        0.00000000    
   185.89393706676782        0.00000000    
   186.03715273476996        0.00000000    
   186.18036840277210        0.00000000    
   186.32358407077425        0.00000000    
   186.46679973877639        0.00000000    
   186.61001540677853        0.00000000    
   186.75323107478067        0.00000000    
   186.89644674278281        0.00000000    
   187.03966241078496        0.00000000    
   187.18287807878710        0.00000000    
   187.32609374678924        0.00000000    
   187.46930941479138        0.00000000    
   187.61252508279352        0.00000000    
   187.75574075079567        0.00000000    
   187.89895641879781        0.00000000    
   188.04217208679995        0.00000000    
   188.18538775480209        0.00000000    
   188.32860342280424        0.00000000    
   188.47181909080638        0.00000000    
   188.61503475880852        0.00000000    
   188.75825042681066        0.00000000    
   188.90146609481280        0.00000000    
   189.04468176281495        0.00000000    
   189.18789743081709        0.00000000    
   189.33111309881923        0.00000000    
   189.47432876682137        0.00000000    
   189.61754443482351        0.00000000    
   189.76076010282566        0.00000000    
   189.90397577082780        0.00000000    
   190.04719143882994        0.00000000    
   190.19040710683208        0.00000000    
   190.33362277483423        0.00000000    
   190.47683844283637        0.00000000    
   190.62005411083851        0.00000000    
   190.76326977884065        0.00000000    
   190.90648544684279        0.00000000    
   191.04970111484494        0.00000000    
   191.19291678284708        0.00000000    
   191.33613245084922        0.00000000    
   191.47934811885136        0.00000000    
   191.62256378685350        0.00000000    
   191.76577945485565        0.00000000    
   191.90899512285779        0.00000000    
   192.05221079085993        0.00000000    
   192.19542645886207        0.00000000    
   192.33864212686422        0.00000000    
   192.48185779486636        0.00000000    
   192.62507346286850        0.00000000    
   192.76828913087064        0.00000000    
   192.91150479887278        0.00000000    
   193.05472046687493        0.00000000    
   193.19793613487707        0.00000000    
   193.34115180287921        0.00000000    
   193.48436747088135        0.00000000    
   193.62758313888349        0.00000000    
   193.77079880688564        0.00000000    
   193.91401447488778        0.00000000    
   194.05723014288992        0.00000000    
   194.20044581089206        0.00000000    
   194.34366147889421        0.00000000    
   194.48687714689635        0.00000000    
   194.63009281489849        0.00000000    
   194.77330848290063        0.00000000    
   194.91652415090277        0.00000000    
   195.05973981890492        0.00000000    
   195.20295548690706        0.00000000    
   195.34617115490920        0.00000000    
   195.48938682291134        0.00000000    
   195.63260249091348        0.00000000    
   195.77581815891563        0.00000000    
   195.91903382691777        0.00000000    
   196.06224949491991        0.00000000    
   196.20546516292205        0.00000000    
   196.34868083092420        0.00000000    
   196.49189649892634        0.00000000    
   196.63511216692848        0.00000000    
   196.77832783493062        0.00000000    
   196.92154350293276        0.00000000    
   197.06475917093491        0.00000000    
   197.20797483893705        0.00000000    
   197.35119050693919        0.00000000    
   197.49440617494133        0.00000000    
   197.63762184294347        0.00000000    
   197.78083751094562        0.00000000    
   197.92405317894776        0.00000000    
   198.06726884694990        0.00000000    
   198.21048451495204        0.00000000    
   198.35370018295419        0.00000000    
   198.49691585095633        0.00000000    
   198.64013151895847        0.00000000    
   198.78334718696061        0.00000000    
   198.92656285496275        0.00000000    
   199.06977852296490        0.00000000    
   199.21299419096704        0.00000000    
   199.35620985896918        0.00000000    
   199.49942552697132        0.00000000    
   199.64264119497346        0.00000000    
   199.78585686297561        0.00000000    
   199.92907253097775        0.00000000    
   200.07228819897989        0.00000000    
   200.21550386698203        0.00000000    
   200.35871953498417        0.00000000    
   200.50193520298632        0.00000000    
   200.64515087098846        0.00000000    
   200.78836653899060        0.00000000    
   200.93158220699274        0.00000000    
   201.07479787499489        0.00000000    
   201.21801354299703        0.00000000    
   201.36122921099917        0.00000000    
   201.50444487900131        0.00000000    
   201.64766054700345        0.00000000    
   201.79087621500560        0.00000000    
   201.93409188300774        0.00000000    
   202.07730755100988        0.00000000    
   202.22052321901202        0.00000000    
   202.36373888701416        0.00000000    
   202.50695455501631        0.00000000    
   202.65017022301845        0.00000000    
   202.79338589102059        0.00000000    
   202.93660155902273        0.00000000    
   203.07981722702488        0.00000000    
   203.22303289502702        0.00000000    
   203.36624856302916        0.00000000    
   203.50946423103130        0.00000000    
   203.65267989903344        0.00000000    
   203.79589556703559        0.00000000    
   203.93911123503773        0.00000000    
   204.08232690303987        0.00000000    
   204.22554257104201        0.00000000    
   204.36875823904415        0.00000000    
   204.51197390704630        0.00000000    
   204.65518957504844        0.00000000    
   204.79840524305058        0.00000000    
   204.94162091105272        0.00000000    
   205.08483657905487        0.00000000    
   205.22805224705701        0.00000000    
   205.37126791505915        0.00000000    
   205.51448358306129        0.00000000    
   205.65769925106343        0.00000000    
   205.80091491906558        0.00000000    
   205.94413058706772        0.00000000    
   206.08734625506986        0.00000000    
   206.23056192307200        0.00000000    
   206.37377759107414        0.00000000    
   206.51699325907629        0.00000000    
   206.66020892707843        0.00000000    
   206.80342459508057        0.00000000    
   206.94664026308271        0.00000000    
   207.08985593108486        0.00000000    
   207.23307159908700        0.00000000    
   207.37628726708914        0.00000000    
   207.51950293509128        0.00000000    
   207.66271860309342        0.00000000    
   207.80593427109557        0.00000000    
   207.94914993909771        0.00000000    
   208.09236560709985        0.00000000    
   208.23558127510199        0.00000000    
   208.37879694310413        0.00000000    
   208.52201261110628        0.00000000    
   208.66522827910842        0.00000000    
   208.80844394711056        0.00000000    
   208.95165961511270        0.00000000    
   209.09487528311485        0.00000000    
   209.23809095111699        0.00000000    
   209.38130661911913        0.00000000    
   209.52452228712127        0.00000000    
   209.66773795512341        0.00000000    
   209.81095362312556        0.00000000    
   209.95416929112770        0.00000000    
   210.09738495912984        0.00000000    
   210.24060062713198        0.00000000    
   210.38381629513412        0.00000000    
   210.52703196313627        0.00000000    
   210.67024763113841        0.00000000    
   210.81346329914055        0.00000000    
   210.95667896714269        0.00000000    
   211.09989463514484        0.00000000    
   211.24311030314698        0.00000000    
   211.38632597114912        0.00000000    
   211.52954163915126        0.00000000    
   211.67275730715340        0.00000000    
   211.81597297515555        0.00000000    
   211.95918864315769        0.00000000    
   212.10240431115983        0.00000000    
   212.24561997916197        0.00000000    
   212.38883564716411        0.00000000    
   212.53205131516626        0.00000000    
   212.67526698316840        0.00000000    
   212.81848265117054        0.00000000    
   212.96169831917268        0.00000000    
   213.10491398717483        0.00000000    
   213.24812965517697        0.00000000    
   213.39134532317911        0.00000000    
   213.53456099118125        0.00000000    
   213.67777665918339        0.00000000    
   213.82099232718554        0.00000000    
   213.96420799518768        0.00000000    
   214.10742366318982        0.00000000    
   214.25063933119196        0.00000000    
   214.39385499919410        0.00000000    
   214.53707066719625        0.00000000    
   214.68028633519839        0.00000000    
   214.82350200320053        0.00000000    
   214.96671767120267        0.00000000    
   215.10993333920482        0.00000000    
   215.25314900720696        0.00000000    
   215.39636467520910        0.00000000    
   215.53958034321124        0.00000000    
   215.68279601121338        0.00000000    
   215.82601167921553        0.00000000    
   215.96922734721767        0.00000000    
   216.11244301521981        0.00000000    
   216.25565868322195        0.00000000    
   216.39887435122409        0.00000000    
   216.54209001922624        0.00000000    
   216.68530568722838        0.00000000    
   216.82852135523052        0.00000000    
   216.97173702323266        0.00000000    
   217.11495269123481        0.00000000    
   217.25816835923695        0.00000000    
   217.40138402723909        0.00000000    
   217.54459969524123        0.00000000    
   217.68781536324337        0.00000000    
   217.83103103124552        0.00000000    
   217.97424669924766        0.00000000    
   218.11746236724980        0.00000000    
   218.26067803525194        0.00000000    
   218.40389370325408        0.00000000    
   218.54710937125623        0.00000000    
   218.69032503925837        0.00000000    
   218.83354070726051        0.00000000    
   218.97675637526265        0.00000000    
   219.11997204326480        0.00000000    
   219.26318771126694        0.00000000    
   219.40640337926908        0.00000000    
   219.54961904727122        0.00000000    
   219.69283471527336        0.00000000    
   219.83605038327551        0.00000000    
   219.97926605127765        0.00000000    
   220.12248171927979        0.00000000    
   220.26569738728193        0.00000000    
   220.40891305528407        0.00000000    
   220.55212872328622        0.00000000    
   220.69534439128836        0.00000000    
   220.83856005929050        0.00000000    
   220.98177572729264        0.00000000    
   221.12499139529478        0.00000000    
   221.26820706329693        0.00000000    
   221.41142273129907        0.00000000    
   221.55463839930121        0.00000000    
   221.69785406730335        0.00000000    
   221.84106973530550        0.00000000    
   221.98428540330764        0.00000000    
   222.12750107130978        0.00000000    
   222.27071673931192        0.00000000    
   222.41393240731406        0.00000000    
   222.55714807531621        0.00000000    
   222.70036374331835        0.00000000    
   222.84357941132049        0.00000000    
   222.98679507932263        0.00000000    
   223.13001074732477        0.00000000    
   223.27322641532692        0.00000000    
   223.41644208332906        0.00000000    
   223.55965775133120        0.00000000    
   223.70287341933334        0.00000000    
   223.84608908733549        0.00000000    
   223.98930475533763        0.00000000    
   224.13252042333977        0.00000000    
   224.27573609134191        0.00000000    
   224.41895175934405        0.00000000    
   224.56216742734620        0.00000000    
   224.70538309534834        0.00000000    
   224.84859876335048        0.00000000    
   224.99181443135262        0.00000000    
   225.13503009935476        0.00000000    
   225.27824576735691        0.00000000    
   225.42146143535905        0.00000000    
   225.56467710336119        0.00000000    
   225.70789277136333        0.00000000    
   225.85110843936548        0.00000000    
   225.99432410736762        0.00000000    
   226.13753977536976        0.00000000    
   226.28075544337190        0.00000000    
   226.42397111137404        0.00000000    
   226.56718677937619        0.00000000    
   226.71040244737833        0.00000000    
   226.85361811538047        0.00000000    
   226.99683378338261        0.00000000    
   227.14004945138475        0.00000000    
   227.28326511938690        0.00000000    
   227.42648078738904        0.00000000    
   227.56969645539118        0.00000000    
   227.71291212339332        0.00000000    
   227.85612779139547        0.00000000    
   227.99934345939761        0.00000000    
   228.14255912739975        0.00000000    
   228.28577479540189        0.00000000    
   228.42899046340403        0.00000000    
   228.57220613140618        0.00000000    
   228.71542179940832        0.00000000    
   228.85863746741046        0.00000000    
   229.00185313541260        0.00000000    
   229.14506880341474        0.00000000    
   229.28828447141689        0.00000000    
   229.43150013941903        0.00000000    
   229.57471580742117        0.00000000    
   229.71793147542331        0.00000000    
   229.86114714342546        0.00000000    
   230.00436281142760        0.00000000    
   230.14757847942974        0.00000000    
   230.29079414743188        0.00000000    
   230.43400981543402        0.00000000    
   230.57722548343617        0.00000000    
   230.72044115143831        0.00000000    
   230.86365681944045        0.00000000    
   231.00687248744259        0.00000000    
   231.15008815544473        0.00000000    
   231.29330382344688        0.00000000    
   231.43651949144902        0.00000000    
   231.57973515945116        0.00000000    
   231.72295082745330        0.00000000    
   231.86616649545545        0.00000000    
   232.00938216345759        0.00000000    
   232.15259783145973        0.00000000    
   232.29581349946187        0.00000000    
   232.43902916746401        0.00000000    
   232.58224483546616        0.00000000    
   232.72546050346830        0.00000000    
   232.86867617147044        0.00000000    
   233.01189183947258        0.00000000    
   233.15510750747472        0.00000000    
   233.29832317547687        0.00000000    
   233.44153884347901        0.00000000    
   233.58475451148115        0.00000000    
   233.72797017948329        0.00000000    
   233.87118584748544        0.00000000    
   234.01440151548758        0.00000000    
   234.15761718348972        0.00000000    
   234.30083285149186        0.00000000    
   234.44404851949400        0.00000000    
   234.58726418749615        0.00000000    
   234.73047985549829        0.00000000    
   234.87369552350043        0.00000000    
   235.01691119150257        0.00000000    
   235.16012685950471        0.00000000    
   235.30334252750686        0.00000000    
   235.44655819550900        0.00000000    
   235.58977386351114        0.00000000    
   235.73298953151328        0.00000000    
   235.87620519951543        0.00000000    
   236.01942086751757        0.00000000    
   236.16263653551971        0.00000000    
   236.30585220352185        0.00000000    
   236.44906787152399        0.00000000    
   236.59228353952614        0.00000000    
   236.73549920752828        0.00000000    
   236.87871487553042        0.00000000    
   237.02193054353256        0.00000000    
   237.16514621153470        0.00000000    
   237.30836187953685        0.00000000    
   237.45157754753899        0.00000000    
   237.59479321554113        0.00000000    
   237.73800888354327        0.00000000    
   237.88122455154542        0.00000000    
   238.02444021954756        0.00000000    
   238.16765588754970        0.00000000    
   238.31087155555184        0.00000000    
   238.45408722355398        0.00000000    
   238.59730289155613        0.00000000    
   238.74051855955827        0.00000000    
   238.88373422756041        0.00000000    
   239.02694989556255        0.00000000    
   239.17016556356469        0.00000000    
   239.31338123156684        0.00000000    
   239.45659689956898        0.00000000    
   239.59981256757112        0.00000000    
   239.74302823557326        0.00000000    
   239.88624390357541        0.00000000    
   240.02945957157755        0.00000000    
   240.17267523957969        0.00000000    
   240.31589090758183        0.00000000    
   240.45910657558397        0.00000000    
   240.60232224358612        0.00000000    
   240.74553791158826        0.00000000    
   240.88875357959040        0.00000000    
   241.03196924759254        0.00000000    
   241.17518491559468        0.00000000    
   241.31840058359683        0.00000000    
   241.46161625159897        0.00000000    
   241.60483191960111        0.00000000    
   241.74804758760325        0.00000000    
   241.89126325560539        0.00000000    
   242.03447892360754        0.00000000    
   242.17769459160968        0.00000000    
   242.32091025961182        0.00000000    
   242.46412592761396        0.00000000    
   242.60734159561611        0.00000000    
   242.75055726361825        0.00000000    
   242.89377293162039        0.00000000    
   243.03698859962253        0.00000000    
   243.18020426762467        0.00000000    
   243.32341993562682        0.00000000    
   243.46663560362896        0.00000000    
   243.60985127163110        0.00000000    
   243.75306693963324        0.00000000    
   243.89628260763538        0.00000000    
   244.03949827563753        0.00000000    
   244.18271394363967        0.00000000    
   244.32592961164181        0.00000000    
   244.46914527964395        0.00000000    
   244.61236094764610        0.00000000    
   244.75557661564824        0.00000000    
   244.89879228365038        0.00000000    
   245.04200795165252        0.00000000    
   245.18522361965466        0.00000000    
   245.32843928765681        0.00000000    
   245.47165495565895        0.00000000    
   245.61487062366109        0.00000000    
   245.75808629166323        0.00000000    
   245.90130195966537        0.00000000    
   246.04451762766752        0.00000000    
   246.18773329566966        0.00000000    
   246.33094896367180        0.00000000    
   246.47416463167394        0.00000000    
   246.61738029967609        0.00000000    
   246.76059596767823        0.00000000    
   246.90381163568037        0.00000000    
   247.04702730368251        0.00000000    
   247.19024297168465        0.00000000    
   247.33345863968680        0.00000000    
   247.47667430768894        0.00000000    
   247.61988997569108        0.00000000    
   247.76310564369322        0.00000000    
   247.90632131169536        0.00000000    
   248.04953697969751        0.00000000    
   248.19275264769965        0.00000000    
   248.33596831570179        0.00000000    
   248.47918398370393        0.00000000    
   248.62239965170608        0.00000000    
   248.76561531970822        0.00000000    
   248.90883098771036        0.00000000    
   249.05204665571250        0.00000000    
   249.19526232371464        0.00000000    
   249.33847799171679        0.00000000    
   249.48169365971893        0.00000000    
   249.62490932772107        0.00000000    
   249.76812499572321        0.00000000    
   249.91134066372535        0.00000000    
   250.05455633172750        0.00000000    
   250.19777199972964        0.00000000    
   250.34098766773178        0.00000000    
   250.48420333573392        0.00000000    
   250.62741900373607        0.00000000    
   250.77063467173821        0.00000000    
   250.91385033974035        0.00000000    
   251.05706600774249        0.00000000    
   251.20028167574463        0.00000000    
   251.34349734374678        0.00000000    
   251.48671301174892        0.00000000    
   251.62992867975106        0.00000000    
   251.77314434775320        0.00000000    
   251.91636001575534        0.00000000    
   252.05957568375749        0.00000000    
   252.20279135175963        0.00000000    
   252.34600701976177        0.00000000    
   252.48922268776391        0.00000000    
   252.63243835576606        0.00000000    
   252.77565402376820        0.00000000    
   252.91886969177034        0.00000000    
   253.06208535977248        0.00000000    
   253.20530102777462        0.00000000    
   253.34851669577677        0.00000000    
   253.49173236377891        0.00000000    
   253.63494803178105        0.00000000    
   253.77816369978319        0.00000000    
   253.92137936778533        0.00000000    
   254.06459503578748        0.00000000    
   254.20781070378962        0.00000000    
   254.35102637179176        0.00000000    
   254.49424203979390        0.00000000    
   254.63745770779605        0.00000000    
   254.78067337579819        0.00000000    
   254.92388904380033        0.00000000    
   255.06710471180247        0.00000000    
   255.21032037980461        0.00000000    
   255.35353604780676        0.00000000    
   255.49675171580890        0.00000000    
   255.63996738381104        0.00000000    
   255.78318305181318        0.00000000    
   255.92639871981532        0.00000000    
   256.06961438781747        0.00000000    
   256.21283005581961        0.00000000    
   256.35604572382175        0.00000000    
   256.49926139182389        0.00000000    
   256.64247705982604        0.00000000    
   256.78569272782818        0.00000000    
   256.92890839583032        0.00000000    
   257.07212406383246        0.00000000    
   257.21533973183460        0.00000000    
   257.35855539983675        0.00000000    
   257.50177106783889        0.00000000    
   257.64498673584103        0.00000000    
   257.78820240384317        0.00000000    
   257.93141807184531        0.00000000    
   258.07463373984746        0.00000000    
   258.21784940784960        0.00000000    
   258.36106507585174        0.00000000    
   258.50428074385388        0.00000000    
   258.64749641185603        0.00000000    
   258.79071207985817        0.00000000    
   258.93392774786031        0.00000000    
   259.07714341586245        0.00000000    
   259.22035908386459        0.00000000    
   259.36357475186674        0.00000000    
   259.50679041986888        0.00000000    
   259.65000608787102        0.00000000    
   259.79322175587316        0.00000000    
   259.93643742387530        0.00000000    
   260.07965309187745        0.00000000    
   260.22286875987959        0.00000000    
   260.36608442788173        0.00000000    
   260.50930009588387        0.00000000    
   260.65251576388602        0.00000000    
   260.79573143188816        0.00000000    
   260.93894709989030        0.00000000    
   261.08216276789244        0.00000000    
   261.22537843589458        0.00000000    
   261.36859410389673        0.00000000    
   261.51180977189887        0.00000000    
   261.65502543990101        0.00000000    
   261.79824110790315        0.00000000    
   261.94145677590529        0.00000000    
   262.08467244390744        0.00000000    
   262.22788811190958        0.00000000    
   262.37110377991172        0.00000000    
   262.51431944791386        0.00000000    
   262.65753511591600        0.00000000    
   262.80075078391815        0.00000000    
   262.94396645192029        0.00000000    
   263.08718211992243        0.00000000    
   263.23039778792457        0.00000000    
   263.37361345592672        0.00000000    
   263.51682912392886        0.00000000    
   263.66004479193100        0.00000000    
   263.80326045993314        0.00000000    
   263.94647612793528        0.00000000    
   264.08969179593743        0.00000000    
   264.23290746393957        0.00000000    
   264.37612313194171        0.00000000    
   264.51933879994385        0.00000000    
   264.66255446794599        0.00000000    
   264.80577013594814        0.00000000    
   264.94898580395028        0.00000000    
   265.09220147195242        0.00000000    
   265.23541713995456        0.00000000    
   265.37863280795671        0.00000000    
   265.52184847595885        0.00000000    
   265.66506414396099        0.00000000    
   265.80827981196313        0.00000000    
   265.95149547996527        0.00000000    
   266.09471114796742        0.00000000    
   266.23792681596956        0.00000000    
   266.38114248397170        0.00000000    
   266.52435815197384        0.00000000    
   266.66757381997598        0.00000000    
   266.81078948797813        0.00000000    
   266.95400515598027        0.00000000    
   267.09722082398241        0.00000000    
   267.24043649198455        0.00000000    
   267.38365215998670        0.00000000    
   267.52686782798884        0.00000000    
   267.67008349599098        0.00000000    
   267.81329916399312        0.00000000    
   267.95651483199526        0.00000000    
   268.09973049999741        0.00000000    
   268.24294616799955        0.00000000    
   268.38616183600169        0.00000000    
   268.52937750400383        0.00000000    
   268.67259317200597        0.00000000    
   268.81580884000812        0.00000000    
   268.95902450801026        0.00000000    
   269.10224017601240        0.00000000    
   269.24545584401454        0.00000000    
   269.38867151201669        0.00000000    
   269.53188718001883        0.00000000    
   269.67510284802097        0.00000000    
   269.81831851602311        0.00000000    
   269.96153418402525        0.00000000    
   270.10474985202740        0.00000000    
   270.24796552002954        0.00000000    
   270.39118118803168        0.00000000    
   270.53439685603382        0.00000000    
   270.67761252403596        0.00000000    
   270.82082819203811        0.00000000    
   270.96404386004025        0.00000000    
   271.10725952804239        0.00000000    
   271.25047519604453        0.00000000    
   271.39369086404668        0.00000000    
   271.53690653204882        0.00000000    
   271.68012220005096        0.00000000    
   271.82333786805310        0.00000000    
   271.96655353605524        0.00000000    
   272.10976920405739        0.00000000    
   272.25298487205953        0.00000000    
   272.39620054006167        0.00000000    
   272.53941620806381        0.00000000    
   272.68263187606595        0.00000000    
   272.82584754406810        0.00000000    
   272.96906321207024        0.00000000    
   273.11227888007238        0.00000000    
   273.25549454807452        0.00000000    
   273.39871021607667        0.00000000    
   273.54192588407881        0.00000000    
   273.68514155208095        0.00000000    
   273.82835722008309        0.00000000    
   273.97157288808523        0.00000000    
   274.11478855608738        0.00000000    
   274.25800422408952        0.00000000    
   274.40121989209166        0.00000000    
   274.54443556009380        0.00000000    
   274.68765122809594        0.00000000    
   274.83086689609809        0.00000000    
   274.97408256410023        0.00000000    
   275.11729823210237        0.00000000    
   275.26051390010451        0.00000000    
   275.40372956810666        0.00000000    
   275.54694523610880        0.00000000    
   275.69016090411094        0.00000000    
   275.83337657211308        0.00000000    
   275.97659224011522        0.00000000    
   276.11980790811737        0.00000000    
   276.26302357611951        0.00000000    
   276.40623924412165        0.00000000    
   276.54945491212379        0.00000000    
   276.69267058012593        0.00000000    
   276.83588624812808        0.00000000    
   276.97910191613022        0.00000000    
   277.12231758413236        0.00000000    
   277.26553325213450        0.00000000    
   277.40874892013665        0.00000000    
   277.55196458813879        0.00000000    
   277.69518025614093        0.00000000    
   277.83839592414307        0.00000000    
   277.98161159214521        0.00000000    
   278.12482726014736        0.00000000    
   278.26804292814950        0.00000000    
   278.41125859615164        0.00000000    
   278.55447426415378        0.00000000    
   278.69768993215592        0.00000000    
   278.84090560015807        0.00000000    
   278.98412126816021        0.00000000    
   279.12733693616235        0.00000000    
   279.27055260416449        0.00000000    
   279.41376827216664        0.00000000    
   279.55698394016878        0.00000000    
   279.70019960817092        0.00000000    
   279.84341527617306        0.00000000    
   279.98663094417520        0.00000000    
   280.12984661217735        0.00000000    
   280.27306228017949        0.00000000    
   280.41627794818163        0.00000000    
   280.55949361618377        0.00000000    
   280.70270928418591        0.00000000    
   280.84592495218806        0.00000000    
   280.98914062019020        0.00000000    
   281.13235628819234        0.00000000    
   281.27557195619448        0.00000000    
   281.41878762419663        0.00000000    
   281.56200329219877        0.00000000    
   281.70521896020091        0.00000000    
   281.84843462820305        0.00000000    
   281.99165029620519        0.00000000    
   282.13486596420734        0.00000000    
   282.27808163220948        0.00000000    
   282.42129730021162        0.00000000    
   282.56451296821376        0.00000000    
   282.70772863621590        0.00000000    
   282.85094430421805        0.00000000    
   282.99415997222019        0.00000000    
   283.13737564022233        0.00000000    
   283.28059130822447        0.00000000    
   283.42380697622662        0.00000000    
   283.56702264422876        0.00000000    
   283.71023831223090        0.00000000    
   283.85345398023304        0.00000000    
   283.99666964823518        0.00000000    
   284.13988531623733        0.00000000    
   284.28310098423947        0.00000000    
   284.42631665224161        0.00000000    
   284.56953232024375        0.00000000    
   284.71274798824589        0.00000000    
   284.85596365624804        0.00000000    
   284.99917932425018        0.00000000    
   285.14239499225232        0.00000000    
   285.28561066025446        0.00000000    
   285.42882632825660        0.00000000    
   285.57204199625875        0.00000000    
   285.71525766426089        0.00000000    
   285.85847333226303        0.00000000    
   286.00168900026517        0.00000000    
   286.14490466826732        0.00000000    
   286.28812033626946        0.00000000    
   286.43133600427160        0.00000000    
   286.57455167227374        0.00000000    
   286.71776734027588        0.00000000    
   286.86098300827803        0.00000000    
   287.00419867628017        0.00000000    
   287.14741434428231        0.00000000    
   287.29063001228445        0.00000000    
   287.43384568028659        0.00000000    
   287.57706134828874        0.00000000    
   287.72027701629088        0.00000000    
   287.86349268429302        0.00000000    
   288.00670835229516        0.00000000    
   288.14992402029731        0.00000000    
   288.29313968829945        0.00000000    
   288.43635535630159        0.00000000    
   288.57957102430373        0.00000000    
   288.72278669230587        0.00000000    
   288.86600236030802        0.00000000    
   289.00921802831016        0.00000000    
   289.15243369631230        0.00000000    
   289.29564936431444        0.00000000    
   289.43886503231658        0.00000000    
   289.58208070031873        0.00000000    
   289.72529636832087        0.00000000    
   289.86851203632301        0.00000000    
   290.01172770432515        0.00000000    
   290.15494337232730        0.00000000    
   290.29815904032944        0.00000000    
   290.44137470833158        0.00000000    
   290.58459037633372        0.00000000    
   290.72780604433586        0.00000000    
   290.87102171233801        0.00000000    
   291.01423738034015        0.00000000    
   291.15745304834229        0.00000000    
   291.30066871634443        0.00000000    
   291.44388438434657        0.00000000    
   291.58710005234872        0.00000000    
   291.73031572035086        0.00000000    
   291.87353138835300        0.00000000    
   292.01674705635514        0.00000000    
   292.15996272435729        0.00000000    
   292.30317839235943        0.00000000    
   292.44639406036157        0.00000000    
   292.58960972836371        0.00000000    
   292.73282539636585        0.00000000    
   292.87604106436800        0.00000000    
   293.01925673237014        0.00000000    
   293.16247240037228        0.00000000    
   293.30568806837442        0.00000000    
   293.44890373637656        0.00000000    
   293.59211940437871        0.00000000    
   293.73533507238085        0.00000000    
   293.87855074038299        0.00000000    
   294.02176640838513        0.00000000    
   294.16498207638728        0.00000000    
   294.30819774438942        0.00000000    
   294.45141341239156        0.00000000    
   294.59462908039370        0.00000000    
   294.73784474839584        0.00000000    
   294.88106041639799        0.00000000    
   295.02427608440013        0.00000000    
   295.16749175240227        0.00000000    
   295.31070742040441        0.00000000    
   295.45392308840655        0.00000000    
   295.59713875640870        0.00000000    
   295.74035442441084        0.00000000    
   295.88357009241298        0.00000000    
   296.02678576041512        0.00000000    
   296.17000142841727        0.00000000    
   296.31321709641941        0.00000000    
   296.45643276442155        0.00000000    
   296.59964843242369        0.00000000    
   296.74286410042583        0.00000000    
   296.88607976842798        0.00000000    
   297.02929543643012        0.00000000    
   297.17251110443226        0.00000000    
   297.31572677243440        0.00000000    
   297.45894244043654        0.00000000    
   297.60215810843869        0.00000000    
   297.74537377644083        0.00000000    
   297.88858944444297        0.00000000    
   298.03180511244511        0.00000000    
   298.17502078044726        0.00000000    
   298.31823644844940        0.00000000    
   298.46145211645154        0.00000000    
   298.60466778445368        0.00000000    
   298.74788345245582        0.00000000    
   298.89109912045797        0.00000000    
   299.03431478846011        0.00000000    
   299.17753045646225        0.00000000    
   299.32074612446439        0.00000000    
   299.46396179246653        0.00000000    
   299.60717746046868        0.00000000    
   299.75039312847082        0.00000000    
   299.89360879647296        0.00000000    
   300.03682446447510        0.00000000    
   300.18004013247725        0.00000000    
   300.32325580047939        0.00000000    
   300.46647146848153        0.00000000    
   300.60968713648367        0.00000000    
   300.75290280448581        0.00000000    
   300.89611847248796        0.00000000    
   301.03933414049010        0.00000000    
   301.18254980849224        0.00000000    
   301.32576547649438        0.00000000    
   301.46898114449652        0.00000000    
   301.61219681249867        0.00000000    
   301.75541248050081        0.00000000    
   301.89862814850295        0.00000000    
   302.04184381650509        0.00000000    
   302.18505948450724        0.00000000    
   302.32827515250938        0.00000000    
   302.47149082051152        0.00000000    
   302.61470648851366        0.00000000    
   302.75792215651580        0.00000000    
   302.90113782451795        0.00000000    
   303.04435349252009        0.00000000    
   303.18756916052223        0.00000000    
   303.33078482852437        0.00000000    
   303.47400049652651        0.00000000    
   303.61721616452866        0.00000000    
   303.76043183253080        0.00000000    
   303.90364750053294        0.00000000    
   304.04686316853508        0.00000000    
   304.19007883653723        0.00000000    
   304.33329450453937        0.00000000    
   304.47651017254151        0.00000000    
   304.61972584054365        0.00000000    
   304.76294150854579        0.00000000    
   304.90615717654794        0.00000000    
   305.04937284455008        0.00000000    
   305.19258851255222        0.00000000    
   305.33580418055436        0.00000000    
   305.47901984855650        0.00000000    
   305.62223551655865        0.00000000    
   305.76545118456079        0.00000000    
   305.90866685256293        0.00000000    
   306.05188252056507        0.00000000    
   306.19509818856721        0.00000000    
   306.33831385656936        0.00000000    
   306.48152952457150        0.00000000    
   306.62474519257364        0.00000000    
   306.76796086057578        0.00000000    
   306.91117652857793        0.00000000    
   307.05439219658007        0.00000000    
   307.19760786458221        0.00000000    
   307.34082353258435        0.00000000    
   307.48403920058649        0.00000000    
   307.62725486858864        0.00000000    
   307.77047053659078        0.00000000    
   307.91368620459292        0.00000000    
   308.05690187259506        0.00000000    
   308.20011754059720        0.00000000    
   308.34333320859935        0.00000000    
   308.48654887660149        0.00000000    
   308.62976454460363        0.00000000    
   308.77298021260577        0.00000000    
   308.91619588060792        0.00000000    
   309.05941154861006        0.00000000    
   309.20262721661220        0.00000000    
   309.34584288461434        0.00000000    
   309.48905855261648        0.00000000    
   309.63227422061863        0.00000000    
   309.77548988862077        0.00000000    
   309.91870555662291        0.00000000    
   310.06192122462505        0.00000000    
   310.20513689262719        0.00000000    
   310.34835256062934        0.00000000    
   310.49156822863148        0.00000000    
   310.63478389663362        0.00000000    
   310.77799956463576        0.00000000    
   310.92121523263791        0.00000000    
   311.06443090064005        0.00000000    
   311.20764656864219        0.00000000    
   311.35086223664433        0.00000000    
   311.49407790464647        0.00000000    
   311.63729357264862        0.00000000    
   311.78050924065076        0.00000000    
   311.92372490865290        0.00000000    
   312.06694057665504        0.00000000    
   312.21015624465718        0.00000000    
   312.35337191265933        0.00000000    
   312.49658758066147        0.00000000    
   312.63980324866361        0.00000000    
   312.78301891666575        0.00000000    
   312.92623458466790        0.00000000    
   313.06945025267004        0.00000000    
   313.21266592067218        0.00000000    
   313.35588158867432        0.00000000    
   313.49909725667646        0.00000000    
   313.64231292467861        0.00000000    
   313.78552859268075        0.00000000    
   313.92874426068289        0.00000000    
   314.07195992868503        0.00000000    
   314.21517559668717        0.00000000    
   314.35839126468932        0.00000000    
   314.50160693269146        0.00000000    
   314.64482260069360        0.00000000    
   314.78803826869574        0.00000000    
   314.93125393669789        0.00000000    
   315.07446960470003        0.00000000    
   315.21768527270217        0.00000000    
   315.36090094070431        0.00000000    
   315.50411660870645        0.00000000    
   315.64733227670860        0.00000000    
   315.79054794471074        0.00000000    
   315.93376361271288        0.00000000    
   316.07697928071502        0.00000000    
   316.22019494871716        0.00000000    
   316.36341061671931        0.00000000    
   316.50662628472145        0.00000000    
   316.64984195272359        0.00000000    
   316.79305762072573        0.00000000    
   316.93627328872788        0.00000000    
   317.07948895673002        0.00000000    
   317.22270462473216        0.00000000    
   317.36592029273430        0.00000000    
   317.50913596073644        0.00000000    
   317.65235162873859        0.00000000    
   317.79556729674073        0.00000000    
   317.93878296474287        0.00000000    
   318.08199863274501        0.00000000    
   318.22521430074715        0.00000000    
   318.36842996874930        0.00000000    
   318.51164563675144        0.00000000    
   318.65486130475358        0.00000000    
   318.79807697275572        0.00000000    
   318.94129264075787        0.00000000    
   319.08450830876001        0.00000000    
   319.22772397676215        0.00000000    
   319.37093964476429        0.00000000    
   319.51415531276643        0.00000000    
   319.65737098076858        0.00000000    
   319.80058664877072        0.00000000    
   319.94380231677286        0.00000000    
   320.08701798477500        0.00000000    
   320.23023365277714        0.00000000    
   320.37344932077929        0.00000000    
   320.51666498878143        0.00000000    
   320.65988065678357        0.00000000    
   320.80309632478571        0.00000000    
   320.94631199278786        0.00000000    
   321.08952766079000        0.00000000    
   321.23274332879214        0.00000000    
   321.37595899679428        0.00000000    
   321.51917466479642        0.00000000    
   321.66239033279857        0.00000000    
   321.80560600080071        0.00000000    
   321.94882166880285        0.00000000    
   322.09203733680499        0.00000000    
   322.23525300480713        0.00000000    
   322.37846867280928        0.00000000    
   322.52168434081142        0.00000000    
   322.66490000881356        0.00000000    
   322.80811567681570        0.00000000    
   322.95133134481785        0.00000000    
   323.09454701281999        0.00000000    
   323.23776268082213        0.00000000    
   323.38097834882427        0.00000000    
   323.52419401682641        0.00000000    
   323.66740968482856        0.00000000    
   323.81062535283070        0.00000000    
   323.95384102083284        0.00000000    
   324.09705668883498        0.00000000    
   324.24027235683712        0.00000000    
   324.38348802483927        0.00000000    
   324.52670369284141        0.00000000    
   324.66991936084355        0.00000000    
   324.81313502884569        0.00000000    
   324.95635069684784        0.00000000    
   325.09956636484998        0.00000000    
   325.24278203285212        0.00000000    
   325.38599770085426        0.00000000    
   325.52921336885640        0.00000000    
   325.67242903685855        0.00000000    
   325.81564470486069        0.00000000    
   325.95886037286283        0.00000000    
   326.10207604086497        0.00000000    
   326.24529170886711        0.00000000    
   326.38850737686926        0.00000000    
   326.53172304487140        0.00000000    
   326.67493871287354        0.00000000    
   326.81815438087568        0.00000000    
   326.96137004887782        0.00000000    
   327.10458571687997        0.00000000    
   327.24780138488211        0.00000000    
   327.39101705288425        0.00000000    
   327.53423272088639        0.00000000    
   327.67744838888854        0.00000000    
   327.82066405689068        0.00000000    
   327.96387972489282        0.00000000    
   328.10709539289496        0.00000000    
   328.25031106089710        0.00000000    
   328.39352672889925        0.00000000    
   328.53674239690139        0.00000000    
   328.67995806490353        0.00000000    
   328.82317373290567        0.00000000    
   328.96638940090781        0.00000000    
   329.10960506890996        0.00000000    
   329.25282073691210        0.00000000    
   329.39603640491424        0.00000000    
   329.53925207291638        0.00000000    
   329.68246774091853        0.00000000    
   329.82568340892067        0.00000000    
   329.96889907692281        0.00000000    
   330.11211474492495        0.00000000    
   330.25533041292709        0.00000000    
   330.39854608092924        0.00000000    
   330.54176174893138        0.00000000    
   330.68497741693352        0.00000000    
   330.82819308493566        0.00000000    
   330.97140875293780        0.00000000    
   331.11462442093995        0.00000000    
   331.25784008894209        0.00000000    
   331.40105575694423        0.00000000    
   331.54427142494637        0.00000000    
   331.68748709294852        0.00000000    
   331.83070276095066        0.00000000    
   331.97391842895280        0.00000000    
   332.11713409695494        0.00000000    
   332.26034976495708        0.00000000    
   332.40356543295923        0.00000000    
   332.54678110096137        0.00000000    
   332.68999676896351        0.00000000    
   332.83321243696565        0.00000000    
   332.97642810496779        0.00000000    
   333.11964377296994        0.00000000    
   333.26285944097208        0.00000000    
   333.40607510897422        0.00000000    
   333.54929077697636        0.00000000    
   333.69250644497851        0.00000000    
   333.83572211298065        0.00000000    
   333.97893778098279        0.00000000    
   334.12215344898493        0.00000000    
   334.26536911698707        0.00000000    
   334.40858478498922        0.00000000    
   334.55180045299136        0.00000000    
   334.69501612099350        0.00000000    
   334.83823178899564        0.00000000    
   334.98144745699778        0.00000000    
   335.12466312499993        0.00000000    
   335.26787879300207        0.00000000    
   335.41109446100421        0.00000000    
   335.55431012900635        0.00000000    
   335.69752579700850        0.00000000    
   335.84074146501064        0.00000000    
   335.98395713301278        0.00000000    
   336.12717280101492        0.00000000    
   336.27038846901706        0.00000000    
   336.41360413701921        0.00000000    
   336.55681980502135        0.00000000    
   336.70003547302349        0.00000000    
   336.84325114102563        0.00000000    
   336.98646680902777        0.00000000    
   337.12968247702992        0.00000000    
   337.27289814503206        0.00000000    
   337.41611381303420        0.00000000    
   337.55932948103634        0.00000000    
   337.70254514903849        0.00000000    
   337.84576081704063        0.00000000    
   337.98897648504277        0.00000000    
   338.13219215304491        0.00000000    
   338.27540782104705        0.00000000    
   338.41862348904920        0.00000000    
   338.56183915705134        0.00000000    
   338.70505482505348        0.00000000    
   338.84827049305562        0.00000000    
   338.99148616105776        0.00000000    
   339.13470182905991        0.00000000    
   339.27791749706205        0.00000000    
   339.42113316506419        0.00000000    
   339.56434883306633        0.00000000    
   339.70756450106848        0.00000000    
   339.85078016907062        0.00000000    
   339.99399583707276        0.00000000    
   340.13721150507490        0.00000000    
   340.28042717307704        0.00000000    
   340.42364284107919        0.00000000    
   340.56685850908133        0.00000000    
   340.71007417708347        0.00000000    
   340.85328984508561        0.00000000    
   340.99650551308775        0.00000000    
   341.13972118108990        0.00000000    
   341.28293684909204        0.00000000    
   341.42615251709418        0.00000000    
   341.56936818509632        0.00000000    
   341.71258385309847        0.00000000    
   341.85579952110061        0.00000000    
   341.99901518910275        0.00000000    
   342.14223085710489        0.00000000    
   342.28544652510703        0.00000000    
   342.42866219310918        0.00000000    
   342.57187786111132        0.00000000    
   342.71509352911346        0.00000000    
   342.85830919711560        0.00000000    
   343.00152486511774        0.00000000    
   343.14474053311989        0.00000000    
   343.28795620112203        0.00000000    
   343.43117186912417        0.00000000    
   343.57438753712631        0.00000000    
   343.71760320512846        0.00000000    
   343.86081887313060        0.00000000    
   344.00403454113274        0.00000000    
   344.14725020913488        0.00000000    
   344.29046587713702        0.00000000    
   344.43368154513917        0.00000000    
   344.57689721314131        0.00000000    
   344.72011288114345        0.00000000    
   344.86332854914559        0.00000000    
   345.00654421714773        0.00000000    
   345.14975988514988        0.00000000    
   345.29297555315202        0.00000000    
   345.43619122115416        0.00000000    
   345.57940688915630        0.00000000    
   345.72262255715845        0.00000000    
   345.86583822516059        0.00000000    
   346.00905389316273        0.00000000    
   346.15226956116487        0.00000000    
   346.29548522916701        0.00000000    
   346.43870089716916        0.00000000    
   346.58191656517130        0.00000000    
   346.72513223317344        0.00000000    
   346.86834790117558        0.00000000    
   347.01156356917772        0.00000000    
   347.15477923717987        0.00000000    
   347.29799490518201        0.00000000    
   347.44121057318415        0.00000000    
   347.58442624118629        0.00000000    
   347.72764190918843        0.00000000    
   347.87085757719058        0.00000000    
   348.01407324519272        0.00000000    
   348.15728891319486        0.00000000    
   348.30050458119700        0.00000000    
   348.44372024919915        0.00000000    
   348.58693591720129        0.00000000    
   348.73015158520343        0.00000000    
   348.87336725320557        0.00000000    
   349.01658292120771        0.00000000    
   349.15979858920986        0.00000000    
   349.30301425721200        0.00000000    
   349.44622992521414        0.00000000    
   349.58944559321628        0.00000000    
   349.73266126121842        0.00000000    
   349.87587692922057        0.00000000    
   350.01909259722271        0.00000000    
   350.16230826522485        0.00000000    
   350.30552393322699        0.00000000    
   350.44873960122914        0.00000000    
   350.59195526923128        0.00000000    
   350.73517093723342        0.00000000    
   350.87838660523556        0.00000000    
   351.02160227323770        0.00000000    
   351.16481794123985        0.00000000    
   351.30803360924199        0.00000000    
   351.45124927724413        0.00000000    
   351.59446494524627        0.00000000    
   351.73768061324841        0.00000000    
   351.88089628125056        0.00000000    
   352.02411194925270        0.00000000    
   352.16732761725484        0.00000000    
   352.31054328525698        0.00000000    
   352.45375895325913        0.00000000    
   352.59697462126127        0.00000000    
   352.74019028926341        0.00000000    
   352.88340595726555        0.00000000    
   353.02662162526769        0.00000000    
   353.16983729326984        0.00000000    
   353.31305296127198        0.00000000    
   353.45626862927412        0.00000000    
   353.59948429727626        0.00000000    
   353.74269996527840        0.00000000    
   353.88591563328055        0.00000000    
   354.02913130128269        0.00000000    
   354.17234696928483        0.00000000    
   354.31556263728697        0.00000000    
   354.45877830528912        0.00000000    
   354.60199397329126        0.00000000    
   354.74520964129340        0.00000000    
   354.88842530929554        0.00000000    
   355.03164097729768        0.00000000    
   355.17485664529983        0.00000000    
   355.31807231330197        0.00000000    
   355.46128798130411        0.00000000    
   355.60450364930625        0.00000000    
   355.74771931730839        0.00000000    
   355.89093498531054        0.00000000    
   356.03415065331268        0.00000000    
   356.17736632131482        0.00000000    
   356.32058198931696        0.00000000    
   356.46379765731911        0.00000000    
   356.60701332532125        0.00000000    
   356.75022899332339        0.00000000    
   356.89344466132553        0.00000000    
   357.03666032932767        0.00000000    
   357.17987599732982        0.00000000    
   357.32309166533196        0.00000000    
   357.46630733333410        0.00000000    
   357.60952300133624        0.00000000    
   357.75273866933838        0.00000000    
   357.89595433734053        0.00000000    
   358.03917000534267        0.00000000    
   358.18238567334481        0.00000000    
   358.32560134134695        0.00000000    
   358.46881700934910        0.00000000    
   358.61203267735124        0.00000000    
   358.75524834535338        0.00000000    
   358.89846401335552        0.00000000    
   359.04167968135766        0.00000000    
   359.18489534935981        0.00000000    
   359.32811101736195        0.00000000    
   359.47132668536409        0.00000000    
   359.61454235336623        0.00000000    
   359.75775802136837        0.00000000    
   359.90097368937052        0.00000000    
   360.04418935737266        0.00000000    
   360.18740502537480        0.00000000    
   360.33062069337694        0.00000000    
   360.47383636137909        0.00000000    
   360.61705202938123        0.00000000    
   360.76026769738337        0.00000000    
   360.90348336538551        0.00000000    
   361.04669903338765        0.00000000    
   361.18991470138980        0.00000000    
   361.33313036939194        0.00000000    
   361.47634603739408        0.00000000    
   361.61956170539622        0.00000000    
   361.76277737339836        0.00000000    
   361.90599304140051        0.00000000    
   362.04920870940265        0.00000000    
   362.19242437740479        0.00000000    
   362.33564004540693        0.00000000    
   362.47885571340908        0.00000000    
   362.62207138141122        0.00000000    
   362.76528704941336        0.00000000    
   362.90850271741550        0.00000000    
   363.05171838541764        0.00000000    
   363.19493405341979        0.00000000    
   363.33814972142193        0.00000000    
   363.48136538942407        0.00000000    
   363.62458105742621        0.00000000    
   363.76779672542835        0.00000000    
   363.91101239343050        0.00000000    
   364.05422806143264        0.00000000    
   364.19744372943478        0.00000000    
   364.34065939743692        0.00000000    
   364.48387506543907        0.00000000    
   364.62709073344121        0.00000000    
   364.77030640144335        0.00000000    
   364.91352206944549        0.00000000    
   365.05673773744763        0.00000000    
   365.19995340544978        0.00000000    
   365.34316907345192        0.00000000    
   365.48638474145406        0.00000000    
   365.62960040945620        0.00000000    
   365.77281607745834        0.00000000    
   365.91603174546049        0.00000000    
   366.05924741346263        0.00000000    
   366.20246308146477        0.00000000    
   366.34567874946691        0.00000000    
   366.48889441746906        0.00000000    
   366.63211008547120        0.00000000    
   366.77532575347334        0.00000000    
   366.91854142147548        0.00000000    
   367.06175708947762        0.00000000    
   367.20497275747977        0.00000000    
   367.34818842548191        0.00000000    
   367.49140409348405        0.00000000    
   367.63461976148619        0.00000000    
   367.77783542948833        0.00000000    
   367.92105109749048        0.00000000    
   368.06426676549262        0.00000000    
   368.20748243349476        0.00000000    
   368.35069810149690        0.00000000    
   368.49391376949904        0.00000000    
   368.63712943750119        0.00000000    
   368.78034510550333        0.00000000    
   368.92356077350547        0.00000000    
   369.06677644150761        0.00000000    
   369.20999210950976        0.00000000    
   369.35320777751190        0.00000000    
   369.49642344551404        0.00000000    
   369.63963911351618        0.00000000    
   369.78285478151832        0.00000000    
   369.92607044952047        0.00000000    
   370.06928611752261        0.00000000    
   370.21250178552475        0.00000000    
   370.35571745352689        0.00000000    
   370.49893312152903        0.00000000    
   370.64214878953118        0.00000000    
   370.78536445753332        0.00000000    
   370.92858012553546        0.00000000    
   371.07179579353760        0.00000000    
   371.21501146153975        0.00000000    
   371.35822712954189        0.00000000    
   371.50144279754403        0.00000000    
   371.64465846554617        0.00000000    
   371.78787413354831        0.00000000    
   371.93108980155046        0.00000000    
   372.07430546955260        0.00000000    
   372.21752113755474        0.00000000    
   372.36073680555688        0.00000000    
   372.50395247355902        0.00000000    
   372.64716814156117        0.00000000    
   372.79038380956331        0.00000000    
   372.93359947756545        0.00000000    
   373.07681514556759        0.00000000    
   373.22003081356974        0.00000000    
   373.36324648157188        0.00000000    
   373.50646214957402        0.00000000    
   373.64967781757616        0.00000000    
   373.79289348557830        0.00000000    
   373.93610915358045        0.00000000    
   374.07932482158259        0.00000000    
   374.22254048958473        0.00000000    
   374.36575615758687        0.00000000    
   374.50897182558901        0.00000000    
   374.65218749359116        0.00000000    
   374.79540316159330        0.00000000    
   374.93861882959544        0.00000000    
   375.08183449759758        0.00000000    
   375.22505016559973        0.00000000    
   375.36826583360187        0.00000000    
   375.51148150160401        0.00000000    
   375.65469716960615        0.00000000    
   375.79791283760829        0.00000000    
   375.94112850561044        0.00000000    
   376.08434417361258        0.00000000    
   376.22755984161472        0.00000000    
   376.37077550961686        0.00000000    
   376.51399117761900        0.00000000    
   376.65720684562115        0.00000000    
   376.80042251362329        0.00000000    
   376.94363818162543        0.00000000    
   377.08685384962757        0.00000000    
   377.23006951762972        0.00000000    
   377.37328518563186        0.00000000    
   377.51650085363400        0.00000000    
   377.65971652163614        0.00000000    
   377.80293218963828        0.00000000    
   377.94614785764043        0.00000000    
   378.08936352564257        0.00000000    
   378.23257919364471        0.00000000    
   378.37579486164685        0.00000000    
   378.51901052964899        0.00000000    
   378.66222619765114        0.00000000    
   378.80544186565328        0.00000000    
   378.94865753365542        0.00000000    
   379.09187320165756        0.00000000    
   379.23508886965971        0.00000000    
   379.37830453766185        0.00000000    
   379.52152020566399        0.00000000    
   379.66473587366613        0.00000000    
   379.80795154166827        0.00000000    
   379.95116720967042        0.00000000    
   380.09438287767256        0.00000000    
   380.23759854567470        0.00000000    
   380.38081421367684        0.00000000    
   380.52402988167898        0.00000000    
   380.66724554968113        0.00000000    
   380.81046121768327        0.00000000    
   380.95367688568541        0.00000000    
   381.09689255368755        0.00000000    
   381.24010822168970        0.00000000    
   381.38332388969184        0.00000000    
   381.52653955769398        0.00000000    
   381.66975522569612        0.00000000    
   381.81297089369826        0.00000000    
   381.95618656170041        0.00000000    
   382.09940222970255        0.00000000    
   382.24261789770469        0.00000000    
   382.38583356570683        0.00000000    
   382.52904923370897        0.00000000    
   382.67226490171112        0.00000000    
   382.81548056971326        0.00000000    
   382.95869623771540        0.00000000    
   383.10191190571754        0.00000000    
   383.24512757371969        0.00000000    
   383.38834324172183        0.00000000    
   383.53155890972397        0.00000000    
   383.67477457772611        0.00000000    
   383.81799024572825        0.00000000    
   383.96120591373040        0.00000000    
   384.10442158173254        0.00000000    
   384.24763724973468        0.00000000    
   384.39085291773682        0.00000000    
   384.53406858573896        0.00000000    
   384.67728425374111        0.00000000    
   384.82049992174325        0.00000000    
   384.96371558974539        0.00000000    
   385.10693125774753        0.00000000    
   385.25014692574968        0.00000000    
   385.39336259375182        0.00000000    
   385.53657826175396        0.00000000    
   385.67979392975610        0.00000000    
   385.82300959775824        0.00000000    
   385.96622526576039        0.00000000    
   386.10944093376253        0.00000000    
   386.25265660176467        0.00000000    
   386.39587226976681        0.00000000    
   386.53908793776895        0.00000000    
   386.68230360577110        0.00000000    
   386.82551927377324        0.00000000    
   386.96873494177538        0.00000000    
   387.11195060977752        0.00000000    
   387.25516627777967        0.00000000    
   387.39838194578181        0.00000000    
   387.54159761378395        0.00000000    
   387.68481328178609        0.00000000    
   387.82802894978823        0.00000000    
   387.97124461779038        0.00000000    
   388.11446028579252        0.00000000    
   388.25767595379466        0.00000000    
   388.40089162179680        0.00000000    
   388.54410728979894        0.00000000    
   388.68732295780109        0.00000000    
   388.83053862580323        0.00000000    
   388.97375429380537        0.00000000    
   389.11696996180751        0.00000000    
   389.26018562980965        0.00000000    
   389.40340129781180        0.00000000    
   389.54661696581394        0.00000000    
   389.68983263381608        0.00000000    
   389.83304830181822        0.00000000    
   389.97626396982037        0.00000000    
   390.11947963782251        0.00000000    
   390.26269530582465        0.00000000    
   390.40591097382679        0.00000000    
   390.54912664182893        0.00000000    
   390.69234230983108        0.00000000    
   390.83555797783322        0.00000000    
   390.97877364583536        0.00000000    
   391.12198931383750        0.00000000    
   391.26520498183964        0.00000000    
   391.40842064984179        0.00000000    
   391.55163631784393        0.00000000    
   391.69485198584607        0.00000000    
   391.83806765384821        0.00000000    
   391.98128332185036        0.00000000    
   392.12449898985250        0.00000000    
   392.26771465785464        0.00000000    
   392.41093032585678        0.00000000    
   392.55414599385892        0.00000000    
   392.69736166186107        0.00000000    
   392.84057732986321        0.00000000    
   392.98379299786535        0.00000000    
   393.12700866586749        0.00000000    
   393.27022433386963        0.00000000    
   393.41344000187178        0.00000000    
   393.55665566987392        0.00000000    
   393.69987133787606        0.00000000    
   393.84308700587820        0.00000000    
   393.98630267388035        0.00000000    
   394.12951834188249        0.00000000    
   394.27273400988463        0.00000000    
   394.41594967788677        0.00000000    
   394.55916534588891        0.00000000    
   394.70238101389106        0.00000000    
   394.84559668189320        0.00000000    
   394.98881234989534        0.00000000    
   395.13202801789748        0.00000000    
   395.27524368589962        0.00000000    
   395.41845935390177        0.00000000    
   395.56167502190391        0.00000000    
   395.70489068990605        0.00000000    
   395.84810635790819        0.00000000    
   395.99132202591034        0.00000000    
   396.13453769391248        0.00000000    
   396.27775336191462        0.00000000    
   396.42096902991676        0.00000000    
   396.56418469791890        0.00000000    
   396.70740036592105        0.00000000    
   396.85061603392319        0.00000000    
   396.99383170192533        0.00000000    
   397.13704736992747        0.00000000    
   397.28026303792961        0.00000000    
   397.42347870593176        0.00000000    
   397.56669437393390        0.00000000    
   397.70991004193604        0.00000000    
   397.85312570993818        0.00000000    
   397.99634137794033        0.00000000    
   398.13955704594247        0.00000000    
   398.28277271394461        0.00000000    
   398.42598838194675        0.00000000    
   398.56920404994889        0.00000000    
   398.71241971795104        0.00000000    
   398.85563538595318        0.00000000    
   398.99885105395532        0.00000000    
   399.14206672195746        0.00000000    
   399.28528238995960        0.00000000    
   399.42849805796175        0.00000000    
   399.57171372596389        0.00000000    
   399.71492939396603        0.00000000    
   399.85814506196817        0.00000000    
   400.00136072997032        0.00000000    
   400.14457639797246        0.00000000    
   400.28779206597460        0.00000000    
   400.43100773397674        0.00000000    
   400.57422340197888        0.00000000    
   400.71743906998103        0.00000000    
   400.86065473798317        0.00000000    
   401.00387040598531        0.00000000    
   401.14708607398745        0.00000000    
   401.29030174198959        0.00000000    
   401.43351740999174        0.00000000    
   401.57673307799388        0.00000000    
   401.71994874599602        0.00000000    
   401.86316441399816        0.00000000    
   402.00638008200031        0.00000000    
   402.14959575000245        0.00000000    
   402.29281141800459        0.00000000    
   402.43602708600673        0.00000000    
   402.57924275400887        0.00000000    
   402.72245842201102        0.00000000    
   402.86567409001316        0.00000000    
   403.00888975801530        0.00000000    
   403.15210542601744        0.00000000    
   403.29532109401958        0.00000000    
   403.43853676202173        0.00000000    
   403.58175243002387        0.00000000    
   403.72496809802601        0.00000000    
   403.86818376602815        0.00000000    
   404.01139943403030        0.00000000    
   404.15461510203244        0.00000000    
   404.29783077003458        0.00000000    
   404.44104643803672        0.00000000    
   404.58426210603886        0.00000000    
   404.72747777404101        0.00000000    
   404.87069344204315        0.00000000    
   405.01390911004529        0.00000000    
   405.15712477804743        0.00000000    
   405.30034044604957        0.00000000    
   405.44355611405172        0.00000000    
   405.58677178205386        0.00000000    
   405.72998745005600        0.00000000    
   405.87320311805814        0.00000000    
   406.01641878606029        0.00000000    
   406.15963445406243        0.00000000    
   406.30285012206457        0.00000000    
   406.44606579006671        0.00000000    
   406.58928145806885        0.00000000    
   406.73249712607100        0.00000000    
   406.87571279407314        0.00000000    
   407.01892846207528        0.00000000    
   407.16214413007742        0.00000000    
   407.30535979807956        0.00000000    
   407.44857546608171        0.00000000    
   407.59179113408385        0.00000000    
   407.73500680208599        0.00000000    
   407.87822247008813        0.00000000    
   408.02143813809028        0.00000000    
   408.16465380609242        0.00000000    
   408.30786947409456        0.00000000    
   408.45108514209670        0.00000000    
   408.59430081009884        0.00000000    
   408.73751647810099        0.00000000    
   408.88073214610313        0.00000000    
   409.02394781410527        0.00000000    
   409.16716348210741        0.00000000    
   409.31037915010955        0.00000000    
   409.45359481811170        0.00000000    
   409.59681048611384        0.00000000    
   409.74002615411598        0.00000000    
   409.88324182211812        0.00000000    
   410.02645749012026        0.00000000    
   410.16967315812241        0.00000000    
   410.31288882612455        0.00000000    
   410.45610449412669        0.00000000    
   410.59932016212883        0.00000000    
   410.74253583013098        0.00000000    
   410.88575149813312        0.00000000    
   411.02896716613526        0.00000000    
   411.17218283413740        0.00000000    
   411.31539850213954        0.00000000    
   411.45861417014169        0.00000000    
   411.60182983814383        0.00000000    
   411.74504550614597        0.00000000    
   411.88826117414811        0.00000000    
   412.03147684215025        0.00000000    
   412.17469251015240        0.00000000    
   412.31790817815454        0.00000000    
   412.46112384615668        0.00000000    
   412.60433951415882        0.00000000    
   412.74755518216097        0.00000000    
   412.89077085016311        0.00000000    
   413.03398651816525        0.00000000    
   413.17720218616739        0.00000000    
   413.32041785416953        0.00000000    
   413.46363352217168        0.00000000    
   413.60684919017382        0.00000000    
   413.75006485817596        0.00000000    
   413.89328052617810        0.00000000    
   414.03649619418024        0.00000000    
   414.17971186218239        0.00000000    
   414.32292753018453        0.00000000    
   414.46614319818667        0.00000000    
   414.60935886618881        0.00000000    
   414.75257453419096        0.00000000    
   414.89579020219310        0.00000000    
   415.03900587019524        0.00000000    
   415.18222153819738        0.00000000    
   415.32543720619952        0.00000000    
   415.46865287420167        0.00000000    
   415.61186854220381        0.00000000    
   415.75508421020595        0.00000000    
   415.89829987820809        0.00000000    
   416.04151554621023        0.00000000    
   416.18473121421238        0.00000000    
   416.32794688221452        0.00000000    
   416.47116255021666        0.00000000    
   416.61437821821880        0.00000000    
   416.75759388622095        0.00000000    
   416.90080955422309        0.00000000    
   417.04402522222523        0.00000000    
   417.18724089022737        0.00000000    
   417.33045655822951        0.00000000    
   417.47367222623166        0.00000000    
   417.61688789423380        0.00000000    
   417.76010356223594        0.00000000    
   417.90331923023808        0.00000000    
   418.04653489824022        0.00000000    
   418.18975056624237        0.00000000    
   418.33296623424451        0.00000000    
   418.47618190224665        0.00000000    
   418.61939757024879        0.00000000    
   418.76261323825094        0.00000000    
   418.90582890625308        0.00000000    
   419.04904457425522        0.00000000    
   419.19226024225736        0.00000000    
   419.33547591025950        0.00000000    
   419.47869157826165        0.00000000    
   419.62190724626379        0.00000000    
   419.76512291426593        0.00000000    
   419.90833858226807        0.00000000    
   420.05155425027021        0.00000000    
   420.19476991827236        0.00000000    
   420.33798558627450        0.00000000    
   420.48120125427664        0.00000000    
   420.62441692227878        0.00000000    
   420.76763259028093        0.00000000    
   420.91084825828307        0.00000000    
   421.05406392628521        0.00000000    
   421.19727959428735        0.00000000    
   421.34049526228949        0.00000000    
   421.48371093029164        0.00000000    
   421.62692659829378        0.00000000    
   421.77014226629592        0.00000000    
   421.91335793429806        0.00000000    
   422.05657360230020        0.00000000    
   422.19978927030235        0.00000000    
   422.34300493830449        0.00000000    
   422.48622060630663        0.00000000    
   422.62943627430877        0.00000000    
   422.77265194231092        0.00000000    
   422.91586761031306        0.00000000    
   423.05908327831520        0.00000000    
   423.20229894631734        0.00000000    
   423.34551461431948        0.00000000    
   423.48873028232163        0.00000000    
   423.63194595032377        0.00000000    
   423.77516161832591        0.00000000    
   423.91837728632805        0.00000000    
   424.06159295433019        0.00000000    
   424.20480862233234        0.00000000    
   424.34802429033448        0.00000000    
   424.49123995833662        0.00000000    
   424.63445562633876        0.00000000    
   424.77767129434091        0.00000000    
   424.92088696234305        0.00000000    
   425.06410263034519        0.00000000    
   425.20731829834733        0.00000000    
   425.35053396634947        0.00000000    
   425.49374963435162        0.00000000    
   425.63696530235376        0.00000000    
   425.78018097035590        0.00000000    
   425.92339663835804        0.00000000    
   426.06661230636018        0.00000000    
   426.20982797436233        0.00000000    
   426.35304364236447        0.00000000    
   426.49625931036661        0.00000000    
   426.63947497836875        0.00000000    
   426.78269064637090        0.00000000    
   426.92590631437304        0.00000000    
   427.06912198237518        0.00000000    
   427.21233765037732        0.00000000    
   427.35555331837946        0.00000000    
   427.49876898638161        0.00000000    
   427.64198465438375        0.00000000    
   427.78520032238589        0.00000000    
   427.92841599038803        0.00000000    
   428.07163165839017        0.00000000    
   428.21484732639232        0.00000000    
   428.35806299439446        0.00000000    
   428.50127866239660        0.00000000    
   428.64449433039874        0.00000000    
   428.78770999840089        0.00000000    
   428.93092566640303        0.00000000    
   429.07414133440517        0.00000000    
   429.21735700240731        0.00000000    
   429.36057267040945        0.00000000    
   429.50378833841160        0.00000000    
   429.64700400641374        0.00000000    
   429.79021967441588        0.00000000    
   429.93343534241802        0.00000000    
   430.07665101042016        0.00000000    
   430.21986667842231        0.00000000    
   430.36308234642445        0.00000000    
   430.50629801442659        0.00000000    
   430.64951368242873        0.00000000    
   430.79272935043088        0.00000000    
   430.93594501843302        0.00000000    
   431.07916068643516        0.00000000    
   431.22237635443730        0.00000000    
   431.36559202243944        0.00000000    
   431.50880769044159        0.00000000    
   431.65202335844373        0.00000000    
   431.79523902644587        0.00000000    
   431.93845469444801        0.00000000    
   432.08167036245015        0.00000000    
   432.22488603045230        0.00000000    
   432.36810169845444        0.00000000    
   432.51131736645658        0.00000000    
   432.65453303445872        0.00000000    
   432.79774870246086        0.00000000    
   432.94096437046301        0.00000000    
   433.08418003846515        0.00000000    
   433.22739570646729        0.00000000    
   433.37061137446943        0.00000000    
   433.51382704247158        0.00000000    
   433.65704271047372        0.00000000    
   433.80025837847586        0.00000000    
   433.94347404647800        0.00000000    
   434.08668971448014        0.00000000    
   434.22990538248229        0.00000000    
   434.37312105048443        0.00000000    
   434.51633671848657        0.00000000    
   434.65955238648871        0.00000000    
   434.80276805449085        0.00000000    
   434.94598372249300        0.00000000    
   435.08919939049514        0.00000000    
   435.23241505849728        0.00000000    
   435.37563072649942        0.00000000    
   435.51884639450157        0.00000000    
   435.66206206250371        0.00000000    
   435.80527773050585        0.00000000    
   435.94849339850799        0.00000000    
   436.09170906651013        0.00000000    
   436.23492473451228        0.00000000    
   436.37814040251442        0.00000000    
   436.52135607051656        0.00000000    
   436.66457173851870        0.00000000    
   436.80778740652084        0.00000000    
   436.95100307452299        0.00000000    
   437.09421874252513        0.00000000    
   437.23743441052727        0.00000000    
   437.38065007852941        0.00000000    
   437.52386574653156        0.00000000    
   437.66708141453370        0.00000000    
   437.81029708253584        0.00000000    
   437.95351275053798        0.00000000    
   438.09672841854012        0.00000000    
   438.23994408654227        0.00000000    
   438.38315975454441        0.00000000    
   438.52637542254655        0.00000000    
   438.66959109054869        0.00000000    
   438.81280675855083        0.00000000    
   438.95602242655298        0.00000000    
   439.09923809455512        0.00000000    
   439.24245376255726        0.00000000    
   439.38566943055940        0.00000000    
   439.52888509856155        0.00000000    
   439.67210076656369        0.00000000    
   439.81531643456583        0.00000000    
   439.95853210256797        0.00000000    
   440.10174777057011        0.00000000    
   440.24496343857226        0.00000000    
   440.38817910657440        0.00000000    
   440.53139477457654        0.00000000    
   440.67461044257868        0.00000000    
   440.81782611058082        0.00000000    
   440.96104177858297        0.00000000    
   441.10425744658511        0.00000000    
   441.24747311458725        0.00000000    
   441.39068878258939        0.00000000    
   441.53390445059154        0.00000000    
   441.67712011859368        0.00000000    
   441.82033578659582        0.00000000    
   441.96355145459796        0.00000000    
   442.10676712260010        0.00000000    
   442.24998279060225        0.00000000    
   442.39319845860439        0.00000000    
   442.53641412660653        0.00000000    
   442.67962979460867        0.00000000    
   442.82284546261081        0.00000000    
   442.96606113061296        0.00000000    
   443.10927679861510        0.00000000    
   443.25249246661724        0.00000000    
   443.39570813461938        0.00000000    
   443.53892380262153        0.00000000    
   443.68213947062367        0.00000000    
   443.82535513862581        0.00000000    
   443.96857080662795        0.00000000    
   444.11178647463009        0.00000000    
   444.25500214263224        0.00000000    
   444.39821781063438        0.00000000    
   444.54143347863652        0.00000000    
   444.68464914663866        0.00000000    
   444.82786481464080        0.00000000    
   444.97108048264295        0.00000000    
   445.11429615064509        0.00000000    
   445.25751181864723        0.00000000    
   445.40072748664937        0.00000000    
   445.54394315465152        0.00000000    
   445.68715882265366        0.00000000    
   445.83037449065580        0.00000000    
   445.97359015865794        0.00000000    
   446.11680582666008        0.00000000    
   446.26002149466223        0.00000000    
   446.40323716266437        0.00000000    
   446.54645283066651        0.00000000    
   446.68966849866865        0.00000000    
   446.83288416667079        0.00000000    
   446.97609983467294        0.00000000    
   447.11931550267508        0.00000000    
   447.26253117067722        0.00000000    
   447.40574683867936        0.00000000    
   447.54896250668151        0.00000000    
   447.69217817468365        0.00000000    
   447.83539384268579        0.00000000    
   447.97860951068793        0.00000000    
   448.12182517869007        0.00000000    
   448.26504084669222        0.00000000    
   448.40825651469436        0.00000000    
   448.55147218269650        0.00000000    
   448.69468785069864        0.00000000    
   448.83790351870078        0.00000000    
   448.98111918670293        0.00000000    
   449.12433485470507        0.00000000    
   449.26755052270721        0.00000000    
   449.41076619070935        0.00000000    
   449.55398185871150        0.00000000    
   449.69719752671364        0.00000000    
   449.84041319471578        0.00000000    
   449.98362886271792        0.00000000    
   450.12684453072006       -0.00000000    
   450.27006019872221       -0.00000000    
   450.41327586672435       -0.00000000    
   450.55649153472649        0.00000000    
   450.69970720272863       -0.00000000    
   450.84292287073077       -0.00000000    
   450.98613853873292       -0.00000000    
   451.12935420673506        0.00000000    
   451.27256987473720        0.00000000    
   451.41578554273934        0.00000000    
   451.55900121074149       -0.00000000    
   451.70221687874363       -0.00000000    
   451.84543254674577        0.00000000    
   451.98864821474791        0.00000000    
   452.13186388275005        0.00000000    
   452.27507955075220        0.00000000    
   452.41829521875434        0.00000000    
   452.56151088675648        0.00000000    
   452.70472655475862       -0.00000000    
   452.84794222276076       -2.80259693E-45
   452.99115789076291       -7.00649232E-45
   453.13437355876505       -9.80908925E-45
   453.27758922676719       -9.80908925E-45
   453.42080489476933       -9.80908925E-45
   453.56402056277147       -1.12103877E-44
   453.70723623077362       -1.40129846E-44
   453.85045189877576       -1.68155816E-44
   453.99366756677790       -1.96181785E-44
   454.13688323478004       -2.10194770E-44
   454.28009890278219       -2.10194770E-44
   454.42331457078433       -1.96181785E-44
   454.56653023878647       -1.68155816E-44
   454.70974590678861       -1.40129846E-44
   454.85296157479075       -1.40129846E-44
   454.99617724279290       -1.68155816E-44
   455.13939291079504       -1.82168800E-44
   455.28260857879718       -1.68155816E-44
   455.42582424679932       -1.26116862E-44
   455.56903991480146       -7.00649232E-45
   455.71225558280361        0.00000000    
   455.85547125080575        5.60519386E-45
   455.99868691880789        9.80908925E-45
   456.14190258681003        1.26116862E-44
   456.28511825481218        1.54142831E-44
   456.42833392281432        1.96181785E-44
   456.57154959081646        2.38220739E-44
   456.71476525881860        3.08285662E-44
   456.85798092682074        3.92363570E-44
   457.00119659482289        4.76441478E-44
   457.14441226282503        5.46506401E-44
   457.28762793082717        5.88545355E-44
   457.43084359882931        6.02558340E-44
   457.57405926683145        6.02558340E-44
   457.71727493483360        5.88545355E-44
   457.86049060283574        5.88545355E-44
   458.00370627083788        5.88545355E-44
   458.14692193884002        5.74532370E-44
   458.29013760684217        5.04467447E-44
   458.43335327484431        4.06376555E-44
   458.57656894284645        2.80259693E-44
   458.71978461084859        1.54142831E-44
   458.86300027885073        5.60519386E-45
   459.00621594685288       -2.80259693E-45
   459.14943161485502       -9.80908925E-45
   459.29264728285716       -1.82168800E-44
   459.43586295085930       -2.94272678E-44
   459.57907861886144       -4.48415509E-44
   459.72229428686359       -6.30584309E-44
   459.86550995486573       -8.12753109E-44
   460.00872562286787       -9.52882956E-44
   460.15194129087001       -1.06498683E-43
   460.29515695887216       -1.12103877E-43
   460.43837262687430       -1.14906474E-43
   460.58158829487644       -1.19110369E-43
   460.72480396287858       -1.24715563E-43
   460.86801963088072       -1.31722056E-43
   461.01123529888287       -1.37327250E-43
   461.15445096688501       -1.37327250E-43
   461.29766663488715       -1.30320757E-43
   461.44088230288929       -1.16307773E-43
   461.58409797089143       -9.52882956E-44
   461.72731363889358       -7.42688186E-44
   461.87052930689572       -5.60519386E-44
   462.01374497489786       -3.78350585E-44
   462.15696064290000       -1.96181785E-44
   462.30017631090215        7.00649232E-45
   462.44339197890429        4.34402524E-44
   462.58660764690643        8.82818033E-44
   462.72982331490857        1.37327250E-43
   462.87303898291071        1.83570099E-43
   463.01625465091286        2.24207754E-43
   463.15947031891500        2.57838917E-43
   463.30268598691714        2.87266185E-43
   463.44590165491928        3.13890856E-43
   463.58911732292142        3.43318124E-43
   463.73233299092357        3.71344093E-43
   463.87554865892571        3.97968764E-43
   464.01876432692785        4.17586942E-43
   464.16197999492999        4.24593435E-43
   464.30519566293214        4.17586942E-43
   464.44841133093428        3.97968764E-43
   464.59162699893642        3.71344093E-43
   464.73484266693856        3.40515527E-43
   464.87805833494070        3.02680468E-43
   465.02127400294285        2.57838917E-43
   465.16448967094499        2.03188277E-43
   465.30770533894713        1.35925951E-43
   465.45092100694927        5.46506401E-44
   465.59413667495141       -3.64337601E-44
   465.73735234295356       -1.31722056E-43
   465.88056801095570       -2.22806456E-43
   466.02378367895784       -3.09686961E-43
   466.16699934695998       -3.93764868E-43
   466.31021501496213       -4.77842776E-43
   466.45343068296427       -5.60519386E-43
   466.59664635096641       -6.43195995E-43
   466.73986201896855       -7.20267411E-43
   466.88307768697069       -7.84727140E-43
   467.02629335497284       -8.32371288E-43
   467.16950902297498       -8.61798556E-43
   467.31272469097712       -8.75811540E-43
   467.45594035897926       -8.78614137E-43
   467.59915602698140       -8.71607645E-43
   467.74237169498355       -8.51989466E-43
   467.88558736298569       -8.18358303E-43
   468.02880303098783       -7.63707663E-43
   468.17201869898997       -6.86636248E-43
   468.31523436699212       -5.88545355E-43
   468.45845003499426       -4.72237582E-43
   468.60166570299640       -3.41916825E-43
   468.74488137099854       -2.01786979E-43
   468.88809703900068       -5.46506401E-44
   469.03131270700283        1.02294788E-43
   469.17452837500497        2.67648007E-43
   469.31774404300711        4.42810315E-43
   469.46095971100925        6.24979115E-43
   469.60417537901139        8.07147915E-43
   469.74739104701354        9.82310223E-43
   469.89060671501568        1.14486085E-42
   470.03382238301782        1.28779329E-42
   470.17703805101996        1.40690366E-42
   470.32025371902211        1.50079066E-42
   470.46346938702425        1.57085558E-42
   470.60668505502639        1.61709843E-42
   470.74990072302853        1.63811790E-42
   470.89311639103067        1.63111141E-42
   471.03633205903282        1.59047376E-42
   471.17954772703496        1.51340234E-42
   471.32276339503710        1.39849587E-42
   471.46597906303924        1.24855693E-42
   471.60919473104138        1.07339462E-42
   471.75241039904353        8.78614137E-43
   471.89562606704567        6.67018069E-43
   472.03884173504781        4.42810315E-43
   472.18205740304995        2.04589576E-43
   472.32527307105210       -4.90454463E-44
   472.46848873905424       -3.15292154E-43
   472.61170440705638       -5.89946653E-43
   472.75492007505852       -8.63199854E-43
   472.89813574306066       -1.12244007E-42
   473.04135141106281       -1.36066081E-42
   473.18456707906495       -1.57646077E-42
   473.32778274706709       -1.77264256E-42
   473.47099841506923       -1.95060746E-42
   473.61421408307137       -2.11175679E-42
   473.75742975107352       -2.25188663E-42
   473.90064541907566       -2.36258921E-42
   474.04386108707780       -2.43825933E-42
   474.18707675507994       -2.47609439E-42
   474.33029242308208       -2.47469309E-42
   474.47350809108423       -2.44386452E-42
   474.61672375908637       -2.38781258E-42
   474.75993942708851       -2.31074117E-42
   474.90315509509065       -2.21405157E-42
   475.04637076309280       -2.09494120E-42
   475.18958643109494       -1.95200876E-42
   475.33280209909708       -1.78105035E-42
   475.47601776709922       -1.58486856E-42
   475.61923343510136       -1.36906860E-42
   475.76244910310351       -1.13785435E-42
   475.90566477110565       -8.95429719E-43
   476.04888043910779       -6.41794697E-43
   476.19209610710993       -3.76949287E-43
   476.33531177511207       -9.52882956E-44
   476.47852744311422        2.05990874E-43
   476.62174311111636        5.29690820E-43
   476.76495877911850        8.73008943E-43
   476.90817444712064        1.23034005E-42
   477.05139011512279        1.59607895E-42
   477.19460578312493        1.96882434E-42
   477.33782145112707        2.35278012E-42
   477.48103711912921        2.75215018E-42
   477.62425278713135        3.17253972E-42
   477.76746845513350        3.61394874E-42
   477.91068412313564        4.07217334E-42
   478.05389979113778        4.53740443E-42
   478.19711545913992        5.00123422E-42
   478.34033112714206        5.45385362E-42
   478.48354679514421        5.88685485E-42
   478.62676246314635        6.29323140E-42
   478.76997813114849        6.66737809E-42
   478.91319379915063        6.99528193E-42
   479.05640946715278        7.25872605E-42
   479.19962513515492        7.43528965E-42
   479.34284080315706        7.49694678E-42
   479.48605647115920        7.42267797E-42
   479.62927213916134        7.19426632E-42
   479.77248780716349        6.79769885E-42
   479.91570347516563        6.22316648E-42
   480.05891914316777        5.45805752E-42
   480.20213481116991        4.48695768E-42
   480.34535047917205        3.29865659E-42
   480.48856614717420        1.88054254E-42
   480.63178181517634        2.29812948E-43
   480.77499748317848       -1.64932829E-42
   480.91821315118062       -3.74426950E-42
   481.06142881918277       -6.02978729E-42
   481.20464448718491       -8.47925701E-42
   481.34786015518705       -1.10618501E-41
   481.49107582318919       -1.37439353E-41
   481.63429149119133       -1.64890790E-41
   481.77750715919348       -1.92496370E-41
   481.92072282719562       -2.19667547E-41
   482.06393849519776       -2.45717686E-41
   482.20715416319990       -2.69862058E-41
   482.35036983120204       -2.91273899E-41
   482.49358549920419       -3.09154467E-41
   482.63680116720633       -3.22761075E-41
   482.78001683520847       -3.31365048E-41
   482.92323250321061       -3.34251723E-41
   483.06644817121276       -3.30762490E-41
   483.20966383921490       -3.20196699E-41
   483.35287950721704       -3.01937780E-41
   483.49609517521918       -2.75467252E-41
   483.63931084322132       -2.40462816E-41
   483.78252651122347       -1.96798356E-41
   483.92574217922561       -1.44543937E-41
   484.06895784722775       -8.39938300E-42
   484.21217351522989       -1.55544130E-42
   484.35538918323203        6.01857690E-42
   484.49860485123418        1.42441989E-41
   484.64182051923632        2.30191299E-41
   484.78503618723846        3.22186543E-41
   484.92825185524060        4.16886293E-41
   485.07146752324275        5.12482874E-41
   485.21468319124489        6.07014469E-41
   485.35789885924703        6.98351103E-41
   485.50111452724917        7.84278725E-41
   485.64433019525131        8.62527231E-41
   485.78754586325346        9.30770466E-41
   485.93076153125560        9.86654249E-41
   486.07397719925774        1.02783841E-40
   486.21719286725988        1.05202482E-40
   486.36040853526202        1.05708351E-40
   486.50362420326417        1.04116476E-40
   486.64683987126631        1.00267109E-40
   486.79005553926845        9.40397386E-41
   486.93327120727059        8.53544908E-41
   487.07648687527274        7.41693264E-41
   487.21970254327488        6.04912521E-41
   487.36291821127702        4.43721159E-41
   487.50613387927916        2.59212190E-41
   487.64934954728130        5.30531599E-42
   487.79256521528345       -1.72443789E-41
   487.93578088328559       -4.14321917E-41
   488.07899655128773       -6.69021926E-41
   488.22221221928987       -9.32452024E-41
   488.36542788729201       -1.20004398E-40
   488.50864355529416       -1.46676713E-40
   488.65185922329630       -1.72718444E-40
   488.79507489129844       -1.97548051E-40
   488.93829055930058       -2.20558773E-40
   489.08150622730273       -2.41131236E-40
   489.22472189530487       -2.58643263E-40
   489.36793756330701       -2.72483888E-40
   489.51115323130915       -2.82074374E-40
   489.65436889931129       -2.86876624E-40
   489.79758456731344       -2.86412794E-40
   489.94080023531558       -2.80270903E-40
   490.08401590331772       -2.68117442E-40
   490.22723157131986       -2.49715590E-40
   490.37044723932200       -2.24932226E-40
   490.51366290732415       -1.93757539E-40
   490.65687857532629       -1.56307837E-40
   490.80009424332843       -1.12842361E-40
   490.94330991133057       -6.37562775E-41
   491.08652557933272       -9.58908539E-42
   491.22974124733486        4.89837891E-41
   491.37295691533700        1.11150994E-40
   491.51617258333914        1.75966653E-40
   491.65938825134128        2.42364378E-40
   491.80260391934343        3.09167079E-40
   491.94581958734557        3.75099573E-40
   492.08903525534771        4.38808206E-40
   492.23225092334985        4.98884674E-40
   492.37546659135199        5.53895448E-40
   492.51868225935414        6.02405598E-40
   492.66189792735628        6.43005419E-40
   492.80511359535842        6.74344057E-40
   492.94832926336056        6.95149136E-40
   493.09154493136271        7.04267385E-40
   493.23476059936485        7.00684265E-40
   493.37797626736699        6.83563200E-40
   493.52119193536913        6.52272205E-40
   493.66440760337127        6.06413312E-40
   493.80762327137342        5.45844988E-40
   493.95083893937556        4.70703161E-40
   494.09405460737770        3.81405416E-40
   494.23727027537984        2.78667818E-40
   494.38048594338198        1.63502104E-40
   494.52370161138413        3.72226911E-41
   494.66691727938627       -9.85631301E-41
   494.81013294738841       -2.41956601E-40
   494.95334861539055       -3.90787109E-40
   495.09656428339269       -5.42647225E-40
   495.23977995139484       -6.94915119E-40
   495.38299561939698       -8.44798003E-40
   495.52621128739912       -9.89374169E-40
   495.66942695540126       -1.12564064E-39
   495.81264262340341       -1.25055939E-39
   495.95585829140555       -1.36110502E-39
   496.09907395940769       -1.45432780E-39
   496.24228962740983       -1.52740832E-39
   496.38550529541197       -1.57772194E-39
   496.52872096341412       -1.60290327E-39
   496.67193663141626       -1.60090082E-39
   496.81515229941840       -1.57003722E-39
   496.95836796742054       -1.50905832E-39
   497.10158363542268       -1.41717518E-39
   497.24479930342483       -1.29410053E-39
   497.38801497142697       -1.14008242E-39
   497.53123063942911       -9.55937786E-40
   497.67444630743125       -7.43063734E-40
   497.81766197543340       -5.03454308E-40
   497.96087764343554       -2.39692102E-40
   498.10409331143768        4.50671599E-41
   498.24730897943982        3.47122649E-40
   498.39052464744196        6.62266266E-40
   498.53374031544411        9.85827483E-40
   498.67695598344625        1.31272659E-39
   498.82017165144839        1.63754337E-39
   498.96338731945053        1.95458014E-39
   499.10660298745267        2.25795425E-39
   499.24981865545482        2.54168917E-39
   499.39303432345696        2.79981255E-39
   499.53624999145910        3.02645856E-39
   499.67946565946124        3.21597297E-39
   499.82268132746339        3.36300982E-39
   499.96589699546553        3.46263653E-39
   500.10911266346767        3.51042641E-39
   500.25232833146981        3.50256373E-39
   500.39554399947195        3.43593059E-39
   500.53875966747410        3.30819522E-39
   500.68197533547624        3.11789469E-39
   500.82519100347838        2.86449508E-39
   500.96840667148052        2.54844623E-39
   501.11162233948266        2.17121248E-39
   501.25483800748481        1.73529235E-39
   501.39805367548695        1.24424233E-39
   501.54126934348909        7.02660095E-40
   501.68448501149123        1.16181656E-40
   501.82770067949338       -5.08552232E-40
   501.97091634749552       -1.16394933E-39
   502.11413201549766       -1.84153039E-39
   502.25734768349980       -2.53201600E-39
   502.40056335150194       -3.22543173E-39
   502.54377901950409       -3.91121039E-39
   502.68699468750623       -4.57831814E-39
   502.83021035550837       -5.21537785E-39
   502.97342602351051       -5.81080918E-39
   503.11664169151265       -6.35298557E-39
   503.25985735951480       -6.83039114E-39
   503.40307302751694       -7.23179309E-39
   503.54628869551908       -7.54640982E-39
   503.68950436352122       -7.76408892E-39
   503.83272003152337       -7.87547393E-39
   503.97593569952551       -7.87217247E-39
   504.11915136752765       -7.74692442E-39
   504.26236703552979       -7.49375322E-39
   504.40558270353193       -7.10812850E-39
   504.54879837153408       -6.58711592E-39
   504.69201403953622       -5.92952579E-39
   504.83522970753836       -5.13602932E-39
   504.97844537554050       -4.20927498E-39
   505.12166104354264       -3.15397812E-39
   505.26487671154479       -1.97699251E-39
   505.40809237954693       -6.87366324E-40
   505.55130804754907        7.03631195E-40
   505.69452371555121        2.18249153E-39
   505.83773938355336        3.73348090E-39
   505.98095505155550        5.33868370E-39
   506.12417071955764        6.97808240E-39
   506.26738638755978        8.62967379E-39
   506.41060205556192        1.02696176E-38
   506.55381772356407        1.18724228E-38
   506.69703339156621        1.34111634E-38
   506.84024905956835        1.48577434E-38
   506.98346472757049        1.61831840E-38
   507.12668039557263        1.73579626E-38
   507.26989606357478        1.83523884E-38
   507.41311173157692        1.91370287E-38
   507.55632739957906        1.96831595E-38
   507.69954306758120        1.99632721E-38
   507.84275873558335        1.99515838E-38
   507.98597440358549        1.96245908E-38
   508.12919007158763        1.89616211E-38
   508.27240573958977        1.79454191E-38
   508.41562140759191        1.65627229E-38
   508.55883707559406        1.48048542E-38
   508.70205274359620        1.26682930E-38
   508.84526841159834        1.01552268E-38
   508.98848407960048        7.27406045E-39
   509.13169974760262        4.03986640E-39
   509.27491541560477        4.74776735E-40
   509.41813108360691       -3.39171401E-39
   509.56134675160905       -7.52253309E-39
   509.70456241961119       -1.18729160E-38
   509.84777808761334       -1.63904136E-38
   509.99099375561548       -2.10150306E-38
   510.13420942361762       -2.56795174E-38
   510.27742509161976       -3.03098279E-38
   510.42064075962190       -3.48257308E-38
   510.56385642762405       -3.91416236E-38
   510.70707209562619       -4.31674925E-38
   510.85028776362833       -4.68100837E-38
   510.99350343163047       -4.99741988E-38
   511.13671909963261       -5.25642132E-38
   511.27993476763476       -5.44857129E-38
   511.42315043563690       -5.56472772E-38
   511.56636610363904       -5.59624292E-38
   511.70958177164118       -5.53516313E-38
   511.85279743964333       -5.37443924E-38
   511.99601310764547       -5.10813760E-38
   512.13922877564755       -4.73165466E-38
   512.28244444364964       -4.24192327E-38
   512.42566011165172       -3.63760854E-38
   512.56887577965381       -2.91929763E-38
   512.71209144765589       -2.08966461E-38
   512.85530711565798       -1.15361546E-38
   512.99852278366006       -1.18403975E-39
   513.14173845166215        1.00628630E-38
   513.28495411966423        2.20829896E-38
   513.42816978766632        3.47300558E-38
   513.57138545566841        4.78335137E-38
   513.71460112367049        6.11995412E-38
   513.85781679167258        7.46125403E-38
   514.00103245967466        8.78371656E-38
   514.14424812767675        1.00620965E-37
   514.28746379567883        1.12697534E-37
   514.43067946368092        1.23790280E-37
   514.57389513168300        1.33616656E-37
   514.71711079968509        1.41892971E-37
   514.86032646768717        1.48339550E-37
   515.00354213568926        1.52686344E-37
   515.14675780369134        1.54678800E-37
   515.28997347169343        1.54083932E-37
   515.43318913969551        1.50696623E-37
   515.57640480769760        1.44345759E-37
   515.71962047569968        1.34900425E-37
   515.86283614370177        1.22275678E-37
   516.00605181170386        1.06438147E-37
   516.14926747970594        8.74108458E-38
   516.29248314770803        6.52775552E-38
   516.43569881571011        4.01862580E-38
   516.57891448371220        1.23517145E-38
   516.72213015171428       -1.79430873E-38
   516.86534581971637       -5.03466247E-38
   517.00856148771845       -8.44398296E-38
   517.15177715572054       -1.19738465E-37
   517.29499282372262       -1.55696950E-37
   517.43820849172471       -1.91713638E-37
   517.58142415972679       -2.27137656E-37
   517.72463982772888       -2.61277031E-37
   517.86785549573096       -2.93408648E-37
   518.01107116373305       -3.22789124E-37
   518.15428683173513       -3.48667250E-37
   518.29750249973722       -3.70297491E-37
   518.44071816773931       -3.86954334E-37
   518.58393383574139       -3.97947509E-37
   518.72714950374348       -4.02637576E-37
   518.87036517174556       -4.00451910E-37
   519.01358083974765       -3.90900345E-37
   519.15679650774973       -3.73591103E-37
   519.30001217575182       -3.48245179E-37
   519.44322784375390       -3.14710358E-37
   519.58644351175599       -2.72973546E-37
   519.72965917975807       -2.23171578E-37
   519.87287484776016       -1.65599870E-37
   520.01609051576224       -1.00718742E-37
   520.15930618376433       -2.91571927E-38
   520.30252185176641        4.82864021E-38
   520.44573751976850        1.30646553E-37
   520.58895318777058        2.16796365E-37
   520.73216885577267        3.05456519E-37
   520.87538452377476        3.95208049E-37
   521.01860019177684        4.84508473E-37
   521.16181585977893        5.71711209E-37
   521.30503152778101        6.55088782E-37
   521.44824719578310        7.32858739E-37
   521.59146286378518        8.03212711E-37
   521.73467853178727        8.64347798E-37
   521.87789419978935        9.14500203E-37
   522.02110986779144        9.51980295E-37
   522.16432553579352        9.75208667E-37
   522.30754120379561        9.82753348E-37
   522.45075687179769        9.73365590E-37
   522.59397253979978        9.46015921E-37
   522.73718820780186        8.99927416E-37
   522.88040387580395        8.34607984E-37
   523.02361954380603        7.49878036E-37
   523.16683521180812        6.45895232E-37
   523.31005087981021        5.23174625E-37
   523.45326654781229        3.82603179E-37
   523.59648221581438        2.25448699E-37
   523.73969788381646        5.33623367E-38
   523.88291355181855       -1.31625781E-37
   524.02612921982063       -3.27118037E-37
   524.16934488782272       -5.30368286E-37
   524.31256055582480       -7.38308243E-37
   524.45577622382689       -9.47581788E-37
   524.59899189182897       -1.15458581E-36
   524.74220755983106       -1.35551955E-36
   524.88542322783314       -1.54643873E-36
   525.02863889583523       -1.72331784E-36
   525.17185456383731       -1.88211504E-36
   525.31507023183940       -2.01884411E-36
   525.45828589984148       -2.12964830E-36
   525.60150156784357       -2.21087715E-36
   525.74471723584566       -2.25916343E-36
   525.88793290384774       -2.27150077E-36
   526.03114857184983       -2.24531833E-36
   526.17436423985191       -2.17855482E-36
   526.31757990785400       -2.06972384E-36
   526.46079557585608       -1.91797770E-36
   526.60401124385817       -1.72315982E-36
   526.74722691186025       -1.48585080E-36
   526.89044257986234       -1.20740279E-36
   527.03365824786442       -8.89963623E-37
   527.17687391586651       -5.36487274E-37
   527.32008958386859       -1.50731981E-37
   527.46330525187068        2.62756197E-37
   527.60652091987276        6.98674321E-37
   527.74973658787485        1.15100817E-36
   527.89295225587693        1.61309282E-36
   528.03616792387902        2.07768770E-36
   528.17938359188111        2.53706535E-36
   528.32259925988319        2.98311430E-36
   528.46581492788528        3.40745349E-36
   528.60903059588736        3.80155834E-36
   528.75224626388945        4.15689607E-36
   528.89546193189153        4.46506801E-36
   529.03867759989362        4.71795857E-36
   529.18189326789570        4.90788765E-36
   529.32510893589779        5.02776311E-36
   529.46832460389987        5.07123323E-36
   529.61154027190196        5.03283487E-36
   529.75475593990404        4.90813446E-36
   529.89797160790613        4.69386072E-36
   530.04118727590821        4.38802485E-36
   530.18440294391030        3.99002702E-36
   530.32761861191238        3.50074580E-36
   530.47083427991447        2.92260816E-36
   530.61404994791656        2.25963893E-36
   530.75726561591864        1.51748651E-36
   530.90048128392073        7.03425014E-37
   531.04369695192281       -1.73670519E-37
   531.18691261992490       -1.10337542E-36
   531.33012828792698       -2.07379330E-36
   531.47334395592907       -3.07166274E-36
   531.61655962393115       -4.08248815E-36
   531.75977529193324       -5.09070271E-36
   531.90299095993532       -6.07984992E-36
   532.04620662793741       -7.03279386E-36
   532.18942229593949       -7.93194947E-36
   532.33263796394158       -8.75953365E-36
   532.47585363194366       -9.49783221E-36
   532.61906929994575       -1.01294803E-35
   532.76228496794783       -1.06377511E-35
   532.90550063594992       -1.10068559E-35
   533.04871630395201       -1.12222402E-35
   533.19193197195409       -1.12708858E-35
   533.33514763995618       -1.11415972E-35
   533.47836330795826       -1.08252827E-35
   533.62157897596035       -1.03152227E-35
   533.76479464396243       -9.60730514E-36
   533.90801031196452       -8.70025527E-36
   534.05122597996660       -7.59581720E-36
   534.19444164796869       -6.29891274E-36
   534.33765731597077       -4.81775972E-36
   534.48087298397286       -3.16394916E-36
   534.62408865197494       -1.35247382E-36
   534.76730431997703        5.98285926E-37
   534.91051998797911        2.66663161E-36
   535.05373565598120        4.82766684E-36
   535.19695132398328        7.05347407E-36
   535.34016699198537        9.31334259E-36
   535.48338265998746        1.15740570E-35
   535.62659832798954        1.38002377E-35
   535.76981399599163        1.59547300E-35
   535.91302966399371        1.79990599E-35
   536.05624533199580        1.98939218E-35
   536.19946099999788        2.15997144E-35
   536.34267666799997        2.30771323E-35
   536.48589233600205        2.42877738E-35
   536.62910800400414        2.51947699E-35
   536.77232367200622        2.57634784E-35
   536.91553934000831        2.59621301E-35
   537.05875500801039        2.57625199E-35
   537.20197067601248        2.51406960E-35
   537.34518634401456        2.40775911E-35
   537.48840201201665        2.25596938E-35
   537.63161768001873        2.05796086E-35
   537.77483334802082        1.81366208E-35
   537.91804901602291        1.52371819E-35
   538.06126468402499        1.18953184E-35
   538.20448035202708        8.13296158E-36
   538.34769602002916        3.98018484E-36
   538.49091168803125       -5.24678969E-37
   538.63412735603333       -5.33502746E-36
   538.77734302403542       -1.03961082E-35
   538.92055869203750       -1.56452788E-35
   539.06377436003959       -2.10124006E-35
   539.20699002804167       -2.64203892E-35
   539.35020569604376       -3.17859010E-35
   539.49342136404584       -3.70202086E-35
   539.63663703204793       -4.20301650E-35
   539.77985270005001       -4.67193916E-35
   539.92306836805210       -5.09895470E-35
   540.06628403605418       -5.47417617E-35
   540.20949970405627       -5.78781850E-35
   540.35271537205836       -6.03036351E-35
   540.49593104006044       -6.19273383E-35
   540.63914670806253       -6.26647429E-35
   540.78236237606461       -6.24393556E-35
   540.92557804406670       -6.11846245E-35
   541.06879371206878       -5.88457523E-35
   541.21200938007087       -5.53815624E-35
   541.35522504807295       -5.07661572E-35
   541.49844071607504       -4.49905540E-35
   541.64165638407712       -3.80641429E-35
   541.78487205207921       -3.00159326E-35
   541.92808772008129       -2.08955887E-35
   542.07130338808338       -1.07741978E-35
   542.21451905608546        2.55249161E-37
   542.35773472408755        1.20777367E-35
   542.50095039208963        2.45564386E-35
   542.64416606009172        3.75333452E-35
   542.78738172809381        5.08302813E-35
   542.93059739609589        6.42503516E-35
   543.07381306409798        7.75798491E-35
   543.21702873210006        9.05905455E-35
   543.36024440010215        1.03042480E-34
   543.50346006810423        1.14687106E-34
   543.64667573610632        1.25270849E-34
   543.78989140410840        1.34539128E-34
   543.93310707211049        1.42240499E-34
   544.07632274011257        1.48131275E-34
   544.21953840811466        1.51980285E-34
   544.36275407611674        1.53573757E-34
   544.50596974411883        1.52720318E-34
   544.64918541212091        1.49255962E-34
   544.79240108012300        1.43048961E-34
   544.93561674812508        1.34004485E-34
   545.07883241612717        1.22069119E-34
   545.22204808412926        1.07234771E-34
   545.36526375213134        8.95423064E-35
   545.50847942013343        6.90843999E-35
   545.65169508813551        4.60077612E-35
   545.79491075613760        2.05146436E-35
   545.93812642413968       -7.13662178E-36
   546.08134209214177       -3.66319626E-35
   546.22455776014385       -6.76029212E-35
   546.36777342814594       -9.96291041E-35
   546.51098909614802       -1.32241702E-34
   546.65420476415011       -1.64928137E-34
   546.79742043215219       -1.97137795E-34
   546.94063610015428       -2.28289016E-34
   547.08385176815636       -2.57776728E-34
   547.22706743615845       -2.84981662E-34
   547.37028310416054       -3.09279750E-34
   547.51349877216262       -3.30053031E-34
   547.65671444016471       -3.46700671E-34
   547.79993010816679       -3.58650650E-34
   547.94314577616888       -3.65371884E-34
   548.08636144417096       -3.66386299E-34
   548.22957711217305       -3.61280842E-34
   548.37279278017513       -3.49719396E-34
   548.51600844817722       -3.31453798E-34
   548.65922411617930       -3.06334333E-34
   548.80243978418139       -2.74319193E-34
   548.94565545218347       -2.35482421E-34
   549.08887112018556       -1.90020786E-34
   549.23208678818764       -1.38258569E-34
   549.37530245618973       -8.06505641E-35
   549.51851812419181       -1.77830513E-35
   549.66173379219390        4.96276151E-35
   549.80494946019599        1.20738756E-34
   549.94816512819807        1.94587615E-34
   550.09138079620016        2.70100041E-34
   550.23459646420224        3.46101904E-34
   550.37781213220433        4.21332808E-34
   550.52102780020641        4.94462331E-34
   550.66424346820850        5.64108535E-34
   550.80745913621058        6.28858621E-34
   550.95067480421267        6.87291297E-34
   551.09389047221475        7.38001067E-34
   551.23710614021684        7.79623486E-34
   551.38032180821892        8.10860962E-34
   551.52353747622101        8.30510544E-34
   551.66675314422309        8.37489583E-34
   551.80996881222518        8.30862366E-34
   551.95318448022726        8.09866017E-34
   552.09640014822935        7.73933726E-34
   552.23961581623144        7.22717345E-34
   552.38283148423352        6.56106901E-34
   552.52604715223561        5.74247082E-34
   552.66926282023769        4.77550825E-34
   552.81247848823978        3.66708182E-34
   552.95569415624186        2.42692104E-34
   553.09890982424395        1.06758776E-34
   553.24212549224603       -3.95565501E-35
   553.38534116024812       -1.94448691E-34
   553.52855682825020       -3.55857037E-34
   553.67177249625229       -5.21485202E-34
   553.81498816425437       -6.88825914E-34
   553.95820383225646       -8.55191242E-34
   554.10141950025854       -1.01774677E-33
   554.24463516826063       -1.17355148E-33
   554.38785083626271       -1.31960068E-33
   554.53106650426480       -1.45287281E-33
   554.67428217226689       -1.57037927E-33
   554.81749784026897       -1.66921722E-33
   554.96071350827106       -1.74662224E-33
   555.10392917627314       -1.80002330E-33
   555.24714484427523       -1.82709640E-33
   555.39036051227731       -1.82581768E-33
   555.53357618027940       -1.79451408E-33
   555.67679184828148       -1.73191093E-33
   555.82000751628357       -1.63717582E-33
   555.96322318428565       -1.50995794E-33
   556.10643885228774       -1.35041967E-33
   556.24965452028982       -1.15926371E-33
   556.39287018829191       -9.37751353E-34
   556.53608585629399       -6.87712133E-34
   556.67930152429608       -4.11546450E-34
   556.82251719229816       -1.12217030E-34
   556.96573286030025        2.06768033E-34
   557.10894852830234        5.41382648E-34
   557.25216419630442        8.87119781E-34
   557.39537986430651        1.23903818E-33
   557.53859553230859        1.59181882E-33
   557.68181120031068        1.93983053E-33
   557.82502686831276        2.27720274E-33
   557.96824253631485        2.59790827E-33
   558.11145820431693        2.89585127E-33
   558.25467387231902        3.16495940E-33
   558.39788954032110        3.39928428E-33
   558.54110520832319        3.59310052E-33
   558.68432087632527        3.74101077E-33
   558.82753654432736        3.83804673E-33
   558.97075221232944        3.87977127E-33
   559.11396788033153        3.86237726E-33
   559.25718354833361        3.78277902E-33
   559.40039921633570        3.63870052E-33
   559.54361488433779        3.42875319E-33
   559.68683055233987        3.15250467E-33
   559.83004622034196        2.81053591E-33
   559.97326188834404        2.40448508E-33
   560.11647755634613        1.93707896E-33
   560.25969322434821        1.41214781E-33
   560.40290889235030        8.34624591E-34
   560.54612456035238        2.10526952E-34
   560.68934022835447       -4.53077216E-34
   560.83255589635655       -1.14812269E-33
   560.97577156435864       -1.86561717E-33
   561.11898723236072       -2.59572846E-33
   561.26220290036281       -3.32789100E-33
   561.40541856836489       -4.05092471E-33
   561.54863423636698       -4.75317312E-33
   561.69184990436906       -5.42265315E-33
   561.83506557237115       -6.04721791E-33
   561.97828124037324       -6.61473006E-33
   562.12149690837532       -7.11324619E-33
   562.26471257637741       -7.53120202E-33
   562.40792824437949       -7.85760962E-33
   562.55114391238158       -8.08224659E-33
   562.69435958038366       -8.19585812E-33
   562.83757524838575       -8.19033770E-33
   562.98079091638783       -8.05891817E-33
   563.12400658438992       -7.79633992E-33
   563.26722225239200       -7.39901548E-33
   563.41043792039409       -6.86517060E-33
   563.55365358839617       -6.19497131E-33
   563.69686925639826       -5.39063636E-33
   563.84008492440034       -4.45650994E-33
   563.98330059240243       -3.39912706E-33
   564.12651626040451       -2.22723706E-33
   564.26973192840660       -9.51802368E-34
   564.41294759640869        4.14037074E-34
   564.55616326441077        1.85503000E-33
   564.69937893241286        3.35391607E-33
   564.84259460041494        4.89156113E-33
   564.98581026841703        6.44712807E-33
   565.12902593641911        7.99827956E-33
   565.27224160442120        9.52141681E-33
   565.41545727242328        1.09919522E-32
   565.55867294042537        1.23846088E-32
   565.70188860842745        1.36737529E-32
   565.84510427642954        1.48337395E-32
   565.98831994443162        1.58392956E-32
   566.13153561243371        1.66659150E-32
   566.27475128043579        1.72902553E-32
   566.41796694843788        1.76905611E-32
   566.56118261643996        1.78470811E-32
   566.70439828444205        1.77424739E-32
   566.84761395244414        1.73622338E-32
   566.99082962044622        1.66950628E-32
   567.13404528844831        1.57332572E-32
   567.27726095645039        1.44730362E-32
   567.42047662445248        1.29148537E-32
   567.56369229245456        1.10636581E-32
   567.70690796045665        8.92910946E-33
   567.85012362845873        6.52573779E-33
   567.99333929646082        3.87303973E-33
   568.13655496446290        9.95509727E-34
   568.27977063246499       -2.07740084E-33
   568.42298630046707       -5.31140584E-33
   568.56620196846916       -8.66758400E-33
   568.70941763647124       -1.21026650E-32
   568.85263330447333       -1.55693918E-32
   568.99584897247541       -1.90169801E-32
   569.13906464047750       -2.23916466E-32
   569.28228030847959       -2.56372409E-32
   569.42549597648167       -2.86959389E-32
   569.56871164448376       -3.15090026E-32
   569.71192731248584       -3.40176369E-32
   569.85514298048793       -3.61638897E-32
   569.99835864849001       -3.78915726E-32
   570.14157431649210       -3.91472797E-32
   570.28478998449418       -3.98813612E-32
   570.42800565249627       -4.00489632E-32
   570.57122132049835       -3.96110504E-32
   570.71443698850044       -3.85353703E-32
   570.85765265650252       -3.67974459E-32
   571.00086832450461       -3.43814583E-32
   571.14408399250669       -3.12810655E-32
   571.28729966050878       -2.75001584E-32
   571.43051532851086       -2.30534602E-32
   571.57373099651295       -1.79670315E-32
   571.71694666451504       -1.22786145E-32
   571.86016233251712       -6.03782682E-33
   572.00337800051921        6.93840683E-34
   572.14659366852129        7.84319439E-33
   572.28980933652338        1.53257221E-32
   572.43302500452546        2.30461751E-32
   572.57624067252755        3.08993736E-32
   572.71945634052963        3.87712156E-32
   572.86267200853172        4.65398990E-32
   573.00588767653380        5.40773481E-32
   573.14910334453589        6.12508376E-32
   573.29231901253797        6.79248008E-32
   573.43553468054006        7.39628334E-32
   573.57875034854214        7.92297827E-32
   573.72196601654423        8.35940171E-32
   573.86518168454631        8.69297468E-32
   574.00839735254840        8.91193872E-32
   574.15161302055049        9.00560504E-32
   574.29482868855257        8.96458558E-32
   574.43804435655466        8.78103331E-32
   574.58126002455674        8.44886741E-32
   574.72447569255883        7.96398010E-32
   574.86769136056091        7.32443007E-32
   575.01090702856300        6.53061168E-32
   575.15412269656508        5.58539432E-32
   575.29733836456717        4.49423464E-32
   575.44055403256925        3.26524883E-32
   575.58376970057134        1.90925247E-32
   575.72698536857342        4.39750747E-33
   575.87020103657551       -1.12710895E-32
   576.01341670457759       -2.77263500E-32
   576.15663237257968       -4.47573530E-32
   576.29984804058176       -6.21310948E-32
   576.44306370858385       -7.95948854E-32
   576.58627937658594       -9.68792074E-32
   576.72949504458802       -1.13701055E-31
   576.87271071259011       -1.29767594E-31
   577.01592638059219       -1.44780396E-31
   577.15914204859428       -1.58439794E-31
   577.30235771659636       -1.70449690E-31
   577.44557338459845       -1.80522525E-31
   577.58878905260053       -1.88384325E-31
   577.73200472060262       -1.93779950E-31
   577.87522038860470       -1.96478309E-31
   578.01843605660679       -1.96277440E-31
   578.16165172460887       -1.93009437E-31
   578.30486739261096       -1.86545076E-31
   578.44808306061304       -1.76798194E-31
   578.59129872861513       -1.63729483E-31
   578.73451439661721       -1.47349792E-31
   578.87773006461930       -1.27722798E-31
   579.02094573262139       -1.04966979E-31
   579.16416140062347       -7.92568544E-32
   579.30737706862556       -5.08233270E-32
   579.45059273662764       -1.99531732E-32
   579.59380840462973        1.30123992E-32
   579.73702407263181        4.76801462E-32
   579.88023974063390        8.36081524E-32
   580.02345540863598        1.20310154E-31
   580.16667107663807        1.57260761E-31
   580.30988674464015        1.93901649E-31
   580.45310241264224        2.29648526E-31
   580.59631808064432        2.63898952E-31
   580.73953374864641        2.96040729E-31
   580.88274941664849        3.25461025E-31
   581.02596508465058        3.51555989E-31
   581.16918075265266        3.73740435E-31
   581.31239642065475        3.91458239E-31
   581.45561208865684        4.04192228E-31
   581.59882775665892        4.11474368E-31
   581.74204342466101        4.12895494E-31
   581.88525909266309        4.08114806E-31
   582.02847476066518        3.96868334E-31
   582.17169042866726        3.78977263E-31
   582.31490609666935        3.54354841E-31
   582.45812176467143        3.23012353E-31
   582.60133743267352        2.85063986E-31
   582.74455310067560        2.40730193E-31
   582.88776876867769        1.90339713E-31
   583.03098443667977        1.34329817E-31
   583.17420010468186        7.32451999E-32
   583.31741577268394        7.73499234E-33
   583.46063144068603       -6.14518589E-32
   583.60384710868811       -1.33472964E-31
   583.74706277669020       -2.07400556E-31
   583.89027844469229       -2.82231257E-31
   584.03349411269437       -3.56897271E-31
   584.17670978069646       -4.30279363E-31
   584.31992544869854       -5.01220823E-31
   584.46314111670063       -5.68542889E-31
   584.60635678470271       -6.31061274E-31
   584.74957245270480       -6.87602787E-31
   584.89278812070688       -7.37023673E-31
   585.03600378870897       -7.78227242E-31
   585.17921945671105       -8.10182680E-31
   585.32243512471314       -8.31942585E-31
   585.46565079271522       -8.42661307E-31
   585.60886646071731       -8.41611543E-31
   585.75208212871939       -8.28200469E-31
   585.89529779672148       -8.01984594E-31
   586.03851346472356       -7.62683398E-31
   586.18172913272565       -7.10190711E-31
   586.32494480072774       -6.44584631E-31
   586.46816046872982       -5.66134912E-31
   586.61137613673191       -4.75308461E-31
   586.75459180473399       -3.72771922E-31
   586.89780747273608       -2.59391589E-31
   587.04102314073816       -1.36230767E-31
   587.18423880874025       -4.54407508E-33
   587.32745447674233        1.34230875E-31
   587.47067014474442        2.78484839E-31
   587.61388581274650        4.26451013E-31
   587.75710148074859        5.76222065E-31
   587.90031714875067        7.25769631E-31
   588.04353281675276        8.72966492E-31
   588.18674848475484        1.01561094E-30
   588.32996415275693        1.15145380E-30
   588.47317982075901        1.27822616E-30
   588.61639548876110        1.39366986E-30
   588.75961115676319        1.49556811E-30
   588.90282682476527        1.58177830E-30
   589.04604249276736        1.65026392E-30
   589.18925816076944        1.69912800E-30
   589.33247382877153        1.72664510E-30
   589.47568949677361        1.73129441E-30
   589.61890516477570        1.71178835E-30
   589.76212083277778        1.66710414E-30
   589.90533650077987        1.59650922E-30
   590.04855216878195        1.49958632E-30
   590.19176783678404        1.37625637E-30
   590.33498350478612        1.22679631E-30
   590.47819917278821        1.05185444E-30
   590.62141484079029        8.52461544E-31
   590.76463050879238        6.30037371E-31
   590.90784617679446        3.86392657E-31
   591.05106184479655        1.23726117E-31
   591.19427751279864       -1.55383567E-31
   591.33749318080072       -4.47991524E-31
   591.48070884880281       -7.50805451E-31
   591.62392451680489       -1.06021033E-30
   591.76714018480698       -1.37229862E-30
   591.91035585280906       -1.68290580E-30
   592.05357152081115       -1.98765149E-30
   592.19678718881323       -2.28198587E-30
   592.34000285681532       -2.56124101E-30
   592.48321852481740       -2.82068615E-30
   592.62643419281949       -3.05558810E-30
   592.76964986082157       -3.26127535E-30
   592.91286552882366       -3.43320334E-30
   593.05608119682574       -3.56702425E-30
   593.19929686482783       -3.65865789E-30
   593.34251253282991       -3.70436224E-30
   593.48572820083200       -3.70080680E-30
   593.62894386883409       -3.64513990E-30
   593.77215953683617       -3.53505908E-30
   593.91537520483826       -3.36887653E-30
   594.05859087284034       -3.14557887E-30
   594.20180654084243       -2.86488267E-30
   594.34502220884451       -2.52728502E-30
   594.48823787684660       -2.13410379E-30
   594.63145354484868       -1.68751261E-30
   594.77466921285077       -1.19056278E-30
   594.91788488085285       -6.47197332E-31
   595.06110054885494       -6.22514419E-32
   595.20431621685702        5.58558616E-31
   595.34753188485911        1.20865975E-30
   595.49074755286119        1.88066006E-30
   595.63396322086328        2.56640096E-30
   595.77717888886536        3.25702326E-30
   595.92039455686745        3.94304703E-30
   596.06361022486954        4.61446796E-30
   596.20682589287162        5.26086572E-30
   596.35004156087371        5.87152507E-30
   596.49325722887579        6.43557165E-30
   596.63647289687788        6.94211680E-30
   596.77968856487996        7.38041407E-30
   596.92290423288205        7.74001904E-30
   597.06611990088413        8.01096353E-30
   597.20933556888622        8.18392709E-30
   597.35255123688830        8.25041606E-30
   597.49576690489039        8.20293887E-30
   597.63898257289247        8.03517683E-30
   597.78219824089456        7.74215412E-30
   597.92541390889664        7.32039351E-30
   598.06862957689873        6.76806239E-30
   598.21184524490081        6.08510581E-30
   598.35506091290290        5.27335944E-30
   598.49827658090499        4.33664354E-30
   598.64149224890707        3.28082994E-30
   598.78470791690916        2.11388905E-30
   598.92792358491124        8.45901628E-31
   599.07113925291333       -5.10955609E-31
   599.21435492091541       -1.94245852E-30
   599.35757058891750       -3.43241717E-30
   599.50078625691958       -4.96279045E-30
   599.64400192492167       -6.51384039E-30
   599.78721759292375       -8.06431405E-30
   599.93043326092584       -9.59166677E-30
   600.07364892892792       -1.10723187E-29
   600.21686459693001       -1.24819354E-29
   600.36008026493209       -1.37957461E-29
   600.50329593293418       -1.49888778E-29
   600.64651160093626       -1.60367311E-29
   600.78972726893835       -1.69153404E-29
   600.93294293694044       -1.76017855E-29
   601.07615860494252       -1.80745877E-29
   601.21937427294461       -1.83141162E-29
   601.36258994094669       -1.83029849E-29
   601.50580560894878       -1.80264515E-29
   601.64902127695086       -1.74727918E-29
   601.79223694495295       -1.66336521E-29
   601.93545261295503       -1.55043665E-29
   602.07866828095712       -1.40842474E-29
   602.22188394895920       -1.23768338E-29
   602.36509961696129       -1.03900753E-29
   602.50831528496337       -8.13647774E-30
   602.65153095296546       -5.63318409E-30
   602.79474662096754       -2.90198748E-30
   602.93796228896963        3.07203605E-32
   603.08117795697171        3.13407802E-30
   603.22439362497380        6.37295334E-30
   603.36760929297589        9.70821563E-30
   603.51082496097797        1.30970880E-29
   603.65404062898006        1.64935677E-29
   603.79725629698214        1.98489124E-29
   603.94047196498423        2.31122141E-29
   604.08368763298631        2.62310124E-29
   604.22690330098840        2.91519830E-29
   604.37011896899048        3.18216650E-29
   604.51333463699257        3.41872336E-29
   604.65655030499465        3.61973177E-29
   604.79976597299674        3.78028090E-29
   604.94298164099882        3.89577169E-29
   605.08619730900091        3.96199841E-29
   605.22941297700299        3.97523346E-29
   605.37262864500508        3.93230628E-29
   605.51584431300716        3.83067947E-29
   605.65905998100925        3.66851978E-29
   605.80227564901134        3.44476284E-29
   605.94549131701342        3.15916849E-29
   606.08870698501551        2.81236990E-29
   606.23192265301759        2.40590930E-29
   606.37513832101968        1.94226680E-29
   606.51835398902176        1.42487249E-29
   606.66156965702385        8.58109898E-30
   606.80478532502593        2.47303022E-30
   606.94800099302802       -4.01309032E-30
   607.09121666103010       -1.08061251E-29
   607.23443232903219       -1.78267446E-29
   607.37764799703427       -2.49881090E-29
   607.52086366503636       -3.21967038E-29
   607.66407933303844       -3.93533120E-29
   607.80729500104053       -4.63540914E-29
   607.95051066904261       -5.30918038E-29
   608.09372633704470       -5.94571407E-29
   608.23694200504679       -6.53401465E-29
   608.38015767304887       -7.06316872E-29
   608.52337334105096       -7.52250843E-29
   608.66658900905304       -7.90176496E-29
   608.80980467705513       -8.19123644E-29
   608.95302034505721       -8.38195166E-29
   609.09623601305930       -8.46582952E-29
   609.23945168106138       -8.43584158E-29
   609.38266734906347       -8.28615951E-29
   609.52588301706555       -8.01230070E-29
   609.66909868506764       -7.61126130E-29
   609.81231435306972       -7.08163357E-29
   609.95553002107181       -6.42370701E-29
   610.09874568907389       -5.63955982E-29
   610.24196135707598       -4.73311668E-29
   610.38517702507806       -3.71019962E-29
   610.52839269308015       -2.57854575E-29
   610.67160836108224       -1.34780444E-29
   610.81482402908432       -2.95093422E-31
   610.95803969708641        1.36297957E-29
   611.10125536508849        2.81455884E-29
   611.24447103309058        4.30849216E-29
   611.38768670109266        5.82654956E-29
   611.53090236909475        7.34917052E-29
   611.67411803709683        8.85566121E-29
   611.81733370509892        1.03244049E-28
   611.96054937310100        1.17331071E-28
   612.10376504110309        1.30590617E-28
   612.24698070910517        1.42794224E-28
   612.39019637710726        1.53715210E-28
   612.53341204510934        1.63131623E-28
   612.67662771311143        1.70829625E-28
   612.81984338111351        1.76606741E-28
   612.96305904911560        1.80275228E-28
   613.10627471711769        1.81665436E-28
   613.24949038511977        1.80629082E-28
   613.39270605312186        1.77042482E-28
   613.53592172112394        1.70809595E-28
   613.67913738912603        1.61864866E-28
   613.82235305712811        1.50175904E-28
   613.96556872513020        1.35745705E-28
   614.10878439313228        1.18614799E-28
   614.25200006113437        9.88627026E-29
   614.39521572913645        7.66092682E-29
   614.53843139713854        5.20153414E-29
   614.68164706514062        2.52829944E-29
   614.82486273314271       -3.34478736E-30
   614.96807840114479       -3.35849833E-29
   615.11129406914688       -6.51160164E-29
   615.25450973714896       -9.75798166E-29
   615.39772540515105       -1.30584526E-28
   615.54094107315314       -1.63707753E-28
   615.68415674115522       -1.96500574E-28
   615.82737240915731       -2.28491967E-28
   615.97058807715939       -2.59193963E-28
   616.11380374516148       -2.88107275E-28
   616.25701941316356       -3.14727455E-28
   616.40023508116565       -3.38551521E-28
   616.54345074916773       -3.59084823E-28
   616.68666641716982       -3.75848479E-28
   616.82988208517190       -3.88386884E-28
   616.97309775317399       -3.96275397E-28
   617.11631342117607       -3.99128036E-28
   617.25952908917816       -3.96605405E-28
   617.40274475718024       -3.88421936E-28
   617.54596042518233       -3.74353548E-28
   617.68917609318441       -3.54244239E-28
   617.83239176118650       -3.28012616E-28
   617.97560742918859       -2.95657595E-28
   618.11882309719067       -2.57263411E-28
   618.26203876519276       -2.13003663E-28
   618.40525443319484       -1.63144539E-28
   618.54847010119693       -1.08046692E-28
   618.69168576919901       -4.81661477E-29
   618.83490143720110        1.59461974E-29
   618.97811710520318        8.36464958E-29
   619.12133277320527        1.54201218E-28
   619.26454844120735        2.26791973E-28
   619.40776410920944        3.00521820E-28
   619.55097977721152        3.74423026E-28
   619.69419544521361        4.47466519E-28
   619.83741111321569        5.18572671E-28
   619.98062678121778        5.86623335E-28
   620.12384244921986        6.50475616E-28
   620.26705811722195        7.08976557E-28
   620.41027378522404        7.60978929E-28
   620.55348945322612        8.05357940E-28
   620.69670512122821        8.41028955E-28
   620.83992078923029        8.66965068E-28
   620.98313645723238        8.82215930E-28
   621.12635212523446        8.85925656E-28
   621.26956779323655        8.77350934E-28
   621.41278346123863        8.55879127E-28
   621.55599912924072        8.21044350E-28
   621.69921479724280        7.72543753E-28
   621.84243046524489        7.10251186E-28
   621.98564613324697        6.34230686E-28
   622.12886180124906        5.44746300E-28
   622.27207746925114        4.42270889E-28
   622.41529313725323        3.27491772E-28
   622.55850880525531        2.01313834E-28
   622.70172447325740        6.48593983E-29
   622.84494014125949       -8.05348190E-29
   622.98815580926157       -2.33324198E-28
   623.13137147726366       -3.91766145E-28
   623.27458714526574       -5.53933371E-28
   623.41780281326783       -7.17731016E-28
   623.56101848126991       -8.80916794E-28
   623.70423414927200       -1.04112479E-27
   623.84744981727408       -1.19589291E-27
   623.99066548527617       -1.34269239E-27
   624.13388115327825       -1.47896089E-27
   624.27709682128034       -1.60213740E-27
   624.42031248928242       -1.70970001E-27
   624.56352815728451       -1.79920375E-27
   624.70674382528659       -1.86832191E-27
   624.84995949328868       -1.91488551E-27
   624.99317516129076       -1.93692469E-27
   625.13639082929285       -1.93270922E-27
   625.27960649729494       -1.90078577E-27
   625.42282216529702       -1.84001729E-27
   625.56603783329911       -1.74961530E-27
   625.70925350130119       -1.62917264E-27
   625.85246916930328       -1.47869136E-27
   625.99568483730536       -1.29860487E-27
   626.13890050530745       -1.08979728E-27
   626.28211617330953       -8.53616255E-28
   626.42533184131162       -5.91878861E-28
   626.56854750931370       -3.06872309E-28
   626.71176317731579       -1.34703734E-30
   626.85497884531787        3.21497026E-28
   626.99819451331996        6.58031425E-28
   627.14141018132204        1.00422783E-27
   627.28462584932413        1.35569338E-27
   627.42784151732621        1.70771438E-27
   627.57105718532830        2.05530660E-27
   627.71427285333039        2.39327090E-27
   627.85748852133247        2.71625841E-27
   628.00070418933456        3.01883741E-27
   628.14391985733664        3.29556812E-27
   628.28713552533873        3.54107989E-27
   628.43035119334081        3.75015230E-27
   628.57356686134290        3.91779757E-27
   628.71678252934498        4.03934686E-27
   628.85999819734707        4.11053077E-27
   629.00321386534915        4.12756678E-27
   629.14642953335124        4.08723549E-27
   629.28964520135332        3.98695887E-27
   629.43286086935541        3.82487299E-27
   629.57607653735749        3.59989009E-27
   629.71929220535958        3.31175826E-27
   629.86250787336166        2.96110843E-27
   630.00572354136375        2.54949098E-27
   630.14893920936584        2.07940576E-27
   630.29215487736792        1.55431415E-27
   630.43537054537001        9.78643486E-28
   630.57858621337209        3.57773795E-28
   630.72180188137418       -3.01987356E-28
   630.86501754937626       -9.93445702E-28
   631.00823321737835       -1.70857527E-27
   631.15144888538043       -2.43858842E-27
   631.29466455338252       -3.17401960E-27
   631.43788022138460       -3.90482373E-27
   631.58109588938669       -4.62048620E-27
   631.72431155738877       -5.31014824E-27
   631.86752722539086       -5.96273920E-27
   632.01074289339294       -6.56712375E-27
   632.15395856139503       -7.11225437E-27
   632.29717422939711       -7.58732967E-27
   632.44038989739920       -7.98195965E-27
   632.58360556540129       -8.28633516E-27
   632.72682123340337       -8.49138969E-27
   632.87003690140546       -8.58896808E-27
   633.01325256940754       -8.57198909E-27
   633.15646823740963       -8.43459555E-27
   633.29968390541171       -8.17230470E-27
   633.44289957341380       -7.78213979E-27
   633.58611524141588       -7.26274653E-27
   633.72933090941797       -6.61450008E-27
   633.87254657742005       -5.83958715E-27
   634.01576224542214       -4.94207144E-27
   634.15897791342422       -3.92793181E-27
   634.30219358142631       -2.80507922E-27
   634.44540924942839       -1.58334639E-27
   634.58862491743048       -2.74452528E-28
   634.73184058543256        1.10806203E-27
   634.87505625343465        2.54892822E-27
   635.01827192143674        4.03127028E-27
   635.16148758943882        5.53675546E-27
   635.30470325744091        7.04577126E-27
   635.44791892544299        8.53762895E-27
   635.59113459344508        9.99079548E-27
   635.73435026144716        1.13831442E-26
   635.87756592944925        1.26922258E-26
   636.02078159745133        1.38955645E-26
   636.16399726545342        1.49709637E-26
   636.30721293345550        1.58968261E-26
   636.45042860145759        1.66524808E-26
   636.59364426945967        1.72185163E-26
   636.73685993746176        1.75771044E-26
   636.88007560546384        1.77123432E-26
   637.02329127346593        1.76105586E-26
   637.16650694146801        1.72606248E-26
   637.30972260947010        1.66542281E-26
   637.45293827747219        1.57861513E-26
   637.59615394547427        1.46544903E-26
   637.73936961347636        1.32608597E-26
   637.88258528147844        1.16105534E-26
   638.02580094948053        9.71266809E-27
   638.16901661748261        7.58018062E-27
   638.31223228548470        5.22996946E-27
   638.45544795348678        2.68279383E-27
   638.59866362148887       -3.67887888E-29
   638.74187928949095       -2.90055700E-27
   638.88509495749304       -5.87681807E-27
   639.02831062549512       -8.93065810E-27
   639.17152629349721       -1.20242462E-26
   639.31474196149929       -1.51171973E-26
   639.45795762950138       -1.81669936E-26
   639.60117329750346       -2.11294421E-26
   639.74438896550555       -2.39592033E-26
   639.88760463350764       -2.66103491E-26
   640.03082030150972       -2.90369469E-26
   640.17403596951181       -3.11937049E-26
   640.31725163751389       -3.30366226E-26
   640.46046730551598       -3.45236532E-26
   640.60368297351806       -3.56153997E-26
   640.74689864152015       -3.62757749E-26
   640.89011430952223       -3.64727005E-26
   641.03332997752432       -3.61787450E-26
   641.17654564552640       -3.53717649E-26
   641.31976131352849       -3.40354777E-26
   641.46297698153057       -3.21600041E-26
   641.60619264953266       -2.97423611E-26
   641.74940831753474       -2.67868690E-26
   641.89262398553683       -2.33054718E-26
   642.03583965353891       -1.93179987E-26
   642.17905532154100       -1.48523157E-26
   642.32227098954309       -9.94437056E-27
   642.46548665754517       -4.63814082E-27
   642.60870232554726        1.01454407E-27
   642.75191799354934        6.95429267E-27
   642.89513366155143        1.31145660E-26
   643.03834932955351        1.94222115E-26
   643.18156499755560        2.57981182E-26
   643.32478066555768        3.21579888E-26
   643.46799633355977        3.84132120E-26
   643.61121200156185        4.44718918E-26
   643.75442766956394        5.02399041E-26
   643.89764333756602        5.56221017E-26
   644.04085900556811        6.05236027E-26
   644.18407467357019        6.48510779E-26
   644.32729034157228        6.85141597E-26
   644.47050600957436        7.14268622E-26
   644.61372167757645        7.35089989E-26
   644.75693734557854        7.46876249E-26
   644.90015301358062        7.48984233E-26
   645.04336868158271        7.40870799E-26
   645.18658434958479        7.22105893E-26
   645.32980001758688        6.92384326E-26
   645.47301568558896        6.51536862E-26
   645.61623135359105        5.99540081E-26
   645.75944702159313        5.36524146E-26
   645.90266268959522        4.62779611E-26
   646.04587835759730        3.78761456E-26
   646.18909402559939        2.85091743E-26
   646.33230969360147        1.82559793E-26
   646.47552536160356        7.21199597E-27
   646.61874102960564       -4.51128752E-27
   646.76195669760773       -1.67870402E-26
   646.90517236560981       -2.94740559E-26
   647.04838803361190       -4.24179630E-26
   647.19160370161399       -5.54527123E-26
   647.33481936961607       -6.84022770E-26
   647.47803503761816       -8.10825874E-26
   647.62125070562024       -9.33037192E-26
   647.76446637362233       -1.04872192E-25
   647.90768204162441       -1.15593551E-25
   648.05089770962650       -1.25275019E-25
   648.19411337762858       -1.33728268E-25
   648.33732904563067       -1.40772327E-25
   648.48054471363275       -1.46236458E-25
   648.62376038163484       -1.49963148E-25
   648.76697604963692       -1.51810932E-25
   648.91019171763901       -1.51657227E-25
   649.05340738564109       -1.49401060E-25
   649.19662305364318       -1.44965480E-25
   649.33983872164526       -1.38300000E-25
   649.48305438964735       -1.29382581E-25
   649.62627005764944       -1.18221419E-25
   649.76948572565152       -1.04856378E-25
   649.91270139365361       -8.93600679E-26
   650.05591706165569       -7.18383949E-26
   650.19913272965778       -5.24308759E-26
   650.34234839765986       -3.13103331E-26
   650.48556406566195       -8.68215536E-27
   650.62877973366403        1.52169173E-26
   650.77199540166612        4.01205227E-26
   650.91521106966820        6.57348918E-26
   651.05842673767029        9.17416082E-26
   651.20164240567237        1.17800772E-25
   651.34485807367446        1.43554738E-25
   651.48807374167654        1.68632133E-25
   651.63128940967863        1.92652455E-25
   651.77450507768071        2.15230813E-25
   651.91772074568280        2.35983105E-25
   652.06093641368489        2.54531493E-25
   652.20415208168697        2.70509772E-25
   652.34736774968906        2.83569143E-25
   652.49058341769114        2.93383977E-25
   652.63379908569323        2.99657443E-25
   652.77701475369531        3.02126923E-25
   652.92023042169740        3.00569465E-25
   653.06344608969948        2.94806836E-25
   653.20666175770157        2.84709983E-25
   653.34987742570365        2.70203497E-25
   653.49309309370574        2.51269036E-25
   653.63630876170782        2.27948434E-25
   653.77952442970991        2.00346067E-25
   653.92274009771199        1.68630445E-25
   654.06595576571408        1.33034982E-25
   654.20917143371616        9.38579679E-26
   654.35238710171825        5.14614706E-26
   654.49560276972034        6.26951172E-27
   654.63881843772242       -4.12348380E-26
   654.78203410572451       -9.05132470E-26
   654.92524977372659       -1.40976864E-25
   655.06846544172868       -1.91992030E-25
   655.21168110973076       -2.42886772E-25
   655.35489677773285       -2.92958288E-25
   655.49811244573493       -3.41481098E-25
   655.64132811373702       -3.87715915E-25
   655.78454378173910       -4.30919164E-25
   655.92775944974119       -4.70352990E-25
   656.07097511774327       -5.05295682E-25
   656.21419078574536       -5.35052107E-25
   656.35740645374744       -5.58964799E-25
   656.50062212174953       -5.76424608E-25
   656.64383778975161       -5.86881452E-25
   656.78705345775370       -5.89854373E-25
   656.93026912575579       -5.84941791E-25
   657.07348479375787       -5.71830578E-25
   657.21670046175996       -5.50304437E-25
   657.35991612976204       -5.20251548E-25
   657.50313179776413       -4.81670975E-25
   657.64634746576621       -4.34678087E-25
   657.78956313376830       -3.79508138E-25
   657.93277880177038       -3.16519074E-25
   658.07599446977247       -2.46192297E-25
   658.21921013777455       -1.69131951E-25
   658.36242580577664       -8.60624753E-26
   658.50564147377872        2.17561944E-27
   658.64885714178081        9.46317357E-26
   658.79207280978289        1.90252937E-25
   658.93528847778498        2.87893407E-25
   659.07850414578706        3.86325745E-25
   659.22171981378915        4.84253607E-25
   659.36493548179124        5.80326117E-25
   659.50815114979332        6.73153894E-25
   659.65136681779541        7.61325617E-25
   659.79458248579749        8.43426611E-25
   659.93779815379958        9.18057290E-25
   660.08101382180166        9.83853516E-25
   660.22422948980375        1.03950608E-24
   660.36744515780583        1.08378089E-24
   660.51066082580792        1.11553984E-24
   660.65387649381000        1.13375977E-24
   660.79709216181209        1.13755222E-24
   660.94030782981417        1.12618177E-24
   661.08352349781626        1.09908233E-24
   661.22673916581834        1.05587356E-24
   661.36995483382043        9.96374218E-25
   661.51317050182251        9.20613495E-25
   661.65638616982460        8.28841165E-25
   661.79960183782669        7.21533796E-25
   661.94281750582877        5.99399541E-25
   662.08603317383086        4.63379065E-25
   662.22924884183294        3.14643680E-25
   662.37246450983503        1.54590730E-25
   662.51568017783711       -1.51648032E-26
   662.65889584583920       -1.92801673E-25
   662.80211151384128       -3.76307113E-25
   662.94532718184337       -5.63494980E-25
   663.08854284984545       -7.52026475E-25
   663.23175851784754       -9.39434731E-25
   663.37497418584962       -1.12315136E-24
   663.51818985385171       -1.30053630E-24
   663.66140552185379       -1.46890930E-24
   663.80462118985588       -1.62558397E-24
   663.94783685785796       -1.76790355E-24
   664.09105252586005       -1.89327722E-24
   664.23426819386214       -1.99921828E-24
   664.37748386186422       -2.08338205E-24
   664.52069952986631       -2.14360349E-24
   664.66391519786839       -2.17793531E-24
   664.80713086587048       -2.18468303E-24
   664.95034653387256       -2.16244090E-24
   665.09356220187465       -2.11012384E-24
   665.23677786987673       -2.02699683E-24
   665.37999353787882       -1.91270252E-24
   665.52320920588090       -1.76728292E-24
   665.66642487388299       -1.59119891E-24
   665.80964054188507       -1.38534329E-24
   665.95285620988716       -1.15105061E-24
   666.09607187788924       -8.90100158E-25
   666.23928754589133       -6.04714540E-25
   666.38250321389341       -2.97550642E-25
   666.52571888189550        2.83142856E-26
   666.66893454989759        3.69403668E-25
   666.81215021789967        7.21868618E-25
   666.95536588590176        1.08152130E-24
   667.09858155390384        1.44387420E-24
   667.24179722190593        1.80418603E-24
   667.38501288990801        2.15751209E-24
   667.52822855791010        2.49876188E-24
   667.67144422591218        2.82275909E-24
   667.81465989391427        3.12430846E-24
   667.95787556191635        3.39826447E-24
   668.10109122991844        3.63960148E-24
   668.24430689792052        3.84349165E-24
   668.38752256592261        4.00537498E-24
   668.53073823392469        4.12103856E-24
   668.67395390192678        4.18668756E-24
   668.81716956992886        4.19901903E-24
   668.96038523793095        4.15529208E-24
   669.10360090593304        4.05339137E-24
   669.24681657393512        3.89188787E-24
   669.39003224193721        3.67009253E-24
   669.53324790993929        3.38810237E-24
   669.67646357794138        3.04683680E-24
   669.81967924594346        2.64806781E-24
   669.96289491394555        2.19443611E-24
   670.10611058194763        1.68945962E-24
   670.24932624994972        1.13752717E-24
   670.39254191795180        5.43882764E-25
   670.53575758595389       -8.54058225E-26
   670.67897325395597       -7.43489225E-25
   670.82218892195806       -1.42279288E-24
   670.96540458996014       -2.11508558E-24
   671.10862025796223       -2.81156121E-24
   671.25183592596431       -3.50293212E-24
   671.39505159396640       -4.17953378E-24
   671.53826726196849       -4.83144015E-24
   671.68148292997057       -5.44858891E-24
   671.82469859797266       -6.02091223E-24
   671.96791426597474       -6.53847953E-24
   672.11112993397683       -6.99163949E-24
   672.25434560197891       -7.37116600E-24
   672.39756126998100       -7.66840957E-24
   672.54077693798308       -7.87544454E-24
   672.68399260598517       -7.98520823E-24
   672.82720827398725       -7.99164375E-24
   672.97042394198934       -7.88983336E-24
   673.11363960999142       -7.67611596E-24
   673.25685527799351       -7.34819831E-24
   673.40007094599559       -6.90525370E-24
   673.54328661399768       -6.34799526E-24
   673.68650228199976       -5.67874184E-24
   673.82971795000185       -4.90145510E-24
   673.97293361800394       -4.02176357E-24
   674.11614928600602       -3.04696006E-24
   674.25936495400811       -1.98597528E-24
   674.40258062201019       -8.49330150E-25
   674.54579629001228        3.50938949E-25
   674.68901195801436        1.60137886E-24
   674.83222762601645        2.88724235E-24
   674.97544329401853        4.19263399E-24
   675.11865896202062        5.50067818E-24
   675.26187463002270        6.79370798E-24
   675.40509029802479        8.05347073E-24
   675.54830596602687        9.26135482E-24
   675.69152163402896        1.03986311E-23
   675.83473730203104        1.14466983E-23
   675.97795297003313        1.23873495E-23
   676.12116863803521        1.32030356E-23
   676.26438430603730        1.38771330E-23
   676.40759997403939        1.43942093E-23
   676.55081564204147        1.47402825E-23
   676.69403131004356        1.49030766E-23
   676.83724697804564        1.48722590E-23
   676.98046264604773        1.46396554E-23
   677.12367831404981        1.41994679E-23
   677.26689398205190        1.35484399E-23
   677.41010965005398        1.26860177E-23
   677.55332531805607        1.16144677E-23
   677.69654098605815        1.03389641E-23
   677.83975665406024        8.86764223E-24
   677.98297232206232        7.21161651E-24
   678.12618799006441        5.38495781E-24
   678.26940365806649        3.40462821E-24
   678.41261932606858        1.29038070E-24
   678.55583499407066       -9.35384817E-25
   678.69905066207275       -3.24780977E-24
   678.84226633007484       -5.61980131E-24
   678.98548199807692       -8.02229889E-24
   679.12869766607901       -1.04245720E-23
   679.27191333408109       -1.27945603E-23
   679.41512900208318       -1.50992316E-23
   679.55834467008526       -1.73049829E-23
   679.70156033808735       -1.93780494E-23
   679.84477600608943       -2.12849534E-23
   679.98799167409152       -2.29929414E-23
   680.13120734209360       -2.44704653E-23
   680.27442301009569       -2.56876303E-23
   680.41763867809777       -2.66166718E-23
   680.56085434609986       -2.72324061E-23
   680.70407001410194       -2.75126727E-23
   680.84728568210403       -2.74387532E-23
   680.99050135010611       -2.69957826E-23
   681.13371701810820       -2.61730953E-23
   681.27693268611029       -2.49645604E-23
   681.42014835411237       -2.33688715E-23
   681.56336402211446       -2.13897710E-23
   681.70657969011654       -1.90362297E-23
   681.84979535811863       -1.63225640E-23
   681.99301102612071       -1.32684921E-23
   682.13622669412280       -9.89911573E-24
   682.27944236212488       -6.24484460E-24
   682.42265803012697       -2.34123661E-24
   682.56587369812905        1.77122860E-24
   682.70908936613114        6.04745582E-24
   682.85230503413322        1.04381144E-23
   682.99552070213531        1.48900904E-23
   683.13873637013739        1.93470062E-23
   683.28195203813948        2.37498188E-23
   683.42516770614156        2.80374608E-23
   683.56838337414365        3.21475649E-23
   683.71159904214574        3.60172054E-23
   683.85481471014782        3.95837212E-23
   683.99803037814991        4.27855436E-23
   684.14124604615199        4.55630818E-23
   684.28446171415408        4.78595790E-23
   684.42767738215616        4.96220268E-23
   684.57089305015825        5.08020301E-23
   684.71410871816033        5.13566751E-23
   684.85732438616242        5.12493584E-23
   685.00054005416450        5.04505831E-23
   685.14375572216659        4.89386776E-23
   685.28697139016867        4.67004772E-23
   685.43018705817076        4.37318927E-23
   685.57340272617284        4.00384017E-23
   685.71661839417493        3.56354566E-23
   685.85983406217701        3.05487364E-23
   686.00304973017910        2.48142950E-23
   686.14626539818119        1.84785792E-23
   686.28948106618327        1.15983063E-23
   686.43269673418536        4.24020152E-24
   686.57591240218744       -3.51941537E-24
   686.71912807018953       -1.15951911E-23
   686.86234373819161       -1.98934501E-23
   687.00555940619370       -2.83130604E-23
   687.14877507419578       -3.67464221E-23
   687.29199074219787       -4.50806113E-23
   687.43520641019995       -5.31986464E-23
   687.57842207820204       -6.09808602E-23
   687.72163774620412       -6.83063740E-23
   687.86485341420621       -7.50546815E-23
   688.00806908220829       -8.11072641E-23
   688.15128475021038       -8.63493205E-23
   688.29450041821246       -9.06714516E-23
   688.43771608621455       -9.39714461E-23
   688.58093175421664       -9.61559597E-23
   688.72414742221872       -9.71422504E-23
   688.86736309022081       -9.68597498E-23
   689.01057875822289       -9.52516348E-23
   689.15379442622498       -9.22762597E-23
   689.29701009422706       -8.79084505E-23
   689.44022576222915       -8.21406340E-23
   689.58344143023123       -7.49838417E-23
   689.72665709823332       -6.64683975E-23
   689.86987276623540       -5.66445233E-23
   690.01308843423749       -4.55825509E-23
   690.15630410223957       -3.33730067E-23
   690.29951977024166       -2.01263613E-23
   690.44273543824374       -5.97251285E-24
   690.58595110624583        8.94000918E-24
   690.72916677424791        2.44451365E-23
   690.87238244225000        4.03606420E-23
   691.01559811025209        5.64898119E-23
   691.15881377825417        7.26234058E-23
   691.30202944625626        8.85418300E-23
   691.44524511425834        1.04017659E-22
   691.58846078226043        1.18818293E-22
   691.73167645026251        1.32708821E-22
   691.87489211826460        1.45455147E-22
   692.01810778626668        1.56827189E-22
   692.16132345426877        1.66602173E-22
   692.30453912227085        1.74568103E-22
   692.44775479027294        1.80527095E-22
   692.59097045827502        1.84298860E-22
   692.73418612627711        1.85723984E-22
   692.87740179427919        1.84667264E-22
   693.02061746228128        1.81020606E-22
   693.16383313028336        1.74706071E-22
   693.30704879828545        1.65678322E-22
   693.45026446628754        1.53927008E-22
   693.59348013428962        1.39478661E-22
   693.73669580229171        1.22398244E-22
   693.87991147029379        1.02790229E-22
   694.02312713829588        8.07991981E-23
   694.16634280629796        5.66099270E-23
   694.30955847430005        3.04469071E-23
   694.45277414230213        2.57332659E-24
   694.59598981030422       -2.67105557E-23
   694.73920547830630       -5.70696184E-23
   694.88242114630839       -8.81366648E-23
   695.02563681431047       -1.19515860E-22
   695.16885248231256       -1.50786736E-22
   695.31206815031464       -1.81508652E-22
   695.45528381831673       -2.11225964E-22
   695.59849948631881       -2.39473483E-22
   695.74171515432090       -2.65782562E-22
   695.88493082232299       -2.89687294E-22
   696.02814649032507       -3.10731326E-22
   696.17136215832716       -3.28474562E-22
   696.31457782632924       -3.42500408E-22
   696.45779349433133       -3.52422663E-22
   696.60100916233341       -3.57892662E-22
   696.74422483033550       -3.58606222E-22
   696.88744049833758       -3.54310274E-22
   697.03065616633967       -3.44809133E-22
   697.17387183434175       -3.29970444E-22
   697.31708750234384       -3.09730369E-22
   697.46030317034592       -2.84098271E-22
   697.60351883834801       -2.53160434E-22
   697.74673450635009       -2.17083187E-22
   697.88995017435218       -1.76114623E-22
   698.03316584235426       -1.30585737E-22
   698.17638151035635       -8.09101309E-23
   698.31959717835844       -2.75826351E-23
   698.46281284636052        2.88233682E-23
   698.60602851436261        8.76598709E-23
   698.74924418236469        1.48209496E-22
   698.89245985036678        2.09692027E-22
   699.03567551836886        2.71272175E-22
   699.17889118637095        3.32068764E-22
   699.32210685437303        3.91164796E-22
   699.46532252237512        4.47618913E-22
   699.60853819037720        5.00477744E-22
   699.75175385837929        5.48789352E-22
   699.89496952638137        5.91617002E-22
   700.03818519438346        6.28053945E-22
   700.18140086238554        6.57238567E-22
   700.32461653038763        6.78369235E-22
   700.46783219838971        6.90719944E-22
   700.61104786639180        6.93655163E-22
   700.75426353439389        6.86644373E-22
   700.89747920239597        6.69276004E-22
   701.04069487039806        6.41270154E-22
   701.18391053840014        6.02490358E-22
   701.32712620640223        5.52953528E-22
   701.47034187440431        4.92838490E-22
   701.61355754240640        4.22492090E-22
   701.75677321040848        3.42433841E-22
   701.89998887841057        2.53357258E-22
   702.04320454641265        1.56129293E-22
   702.18642021441474        5.17866516E-23
   702.32963588241682       -5.84707237E-23
   702.47285155041891       -1.73289088E-22
   702.61606721842099       -2.91173281E-22
   702.75928288642308       -4.10502238E-22
   702.90249855442516       -5.29547154E-22
   703.04571422242725       -6.46492742E-22
   703.18892989042934       -7.59460955E-22
   703.33214555843142       -8.66537224E-22
   703.47536122643351       -9.65798796E-22
   703.61857689443559       -1.05534514E-21
   703.76179256243768       -1.13332912E-21
   703.90500823043976       -1.19798997E-21
   704.04822389844185       -1.24768543E-21
   704.19143956644393       -1.28092563E-21
   704.33465523444602       -1.29640487E-21
   704.47787090244810       -1.29303234E-21
   704.62108657045019       -1.26996205E-21
   704.76430223845227       -1.22661868E-21
   704.90751790645436       -1.16272180E-21
   705.05073357445644       -1.07830556E-21
   705.19394924245853       -9.73734157E-22
   705.33716491046061       -8.49712197E-22
   705.48038057846270       -7.07291123E-22
   705.62359624646479       -5.47867811E-22
   705.76681191446687       -3.73179120E-22
   705.91002758246896       -1.85289114E-22
   706.05324325047104        1.34298852E-23
   706.19645891847313        2.20322691E-22
   706.33967458647521        4.32482932E-22
   706.48289025447730        6.46790817E-22
   706.62610592247938        8.59956635E-22
   706.76932159048147        1.06856932E-21
   706.91253725848355        1.26914931E-21
   707.05575292648564        1.45820582E-21
   707.19896859448772        1.63229614E-21
   707.34218426248981        1.78808741E-21
   707.48539993049189        1.92241985E-21
   707.62861559849398        2.03236742E-21
   707.77183126649606        2.11529975E-21
   707.91504693449815        2.16893906E-21
   708.05826260250024        2.19141329E-21
   708.20147827050232        2.18130537E-21
   708.34469393850441        2.13769360E-21
   708.48790960650649        2.06018561E-21
   708.63112527450858        1.94894456E-21
   708.77434094251066        1.80470292E-21
   708.91755661051275        1.62876992E-21
   709.06077227851483        1.42302450E-21
   709.20398794651692        1.18989931E-21
   709.34720361451900        9.32352205E-22
   709.49041928252109        6.53827204E-22
   709.63363495052317        3.58204799E-22
   709.77685061852526        4.97417033E-23
   709.92006628652734       -2.66997887E-22
   710.06328195452943       -5.87219071E-22
   710.20649762253151       -9.05980067E-22
   710.34971329053360       -1.21828033E-21
   710.49292895853569       -1.51915304E-21
   710.63614462653777       -1.80375820E-21
   710.77936029453986       -2.06747473E-21
   710.92257596254194       -2.30599133E-21
   711.06579163054403       -2.51538960E-21
   711.20900729854611       -2.69222308E-21
   711.35222296654820       -2.83358494E-21
   711.49543863455028       -2.93716689E-21
   711.63865430255237       -3.00130409E-21
   711.78186997055445       -3.02500859E-21
   711.92508563855654       -3.00798494E-21
   712.06830130655862       -2.95063362E-21
   712.21151697456071       -2.85403484E-21
   712.35473264256279       -2.71991950E-21
   712.49794831056488       -2.55062273E-21
   712.64116397856696       -2.34902371E-21
   712.78437964656905       -2.11847296E-21
   712.92759531457114       -1.86270653E-21
   713.07081098257322       -1.58575370E-21
   713.21402665057531       -1.29183418E-21
   713.35724231857739       -9.85254000E-22
   713.50045798657948       -6.70297762E-22
   713.64367365458156       -3.51124084E-22
   713.78688932258365       -3.16656656E-23
   713.93010499058573        2.84462132E-22
   714.07332065858782        5.94041191E-22
   714.21653632658990        8.94317144E-22
   714.35975199459199        1.18304841E-21
   714.50296766259407        1.45853783E-21
   714.64618333059616        1.71964306E-21
   714.78939899859824        1.96576645E-21
   714.93261466660033        2.19682126E-21
   715.07583033460241        2.41317908E-21
   715.21904600260450        2.61559155E-21
   715.36226167060659        2.80509870E-21
   715.50547733860867        2.98291426E-21
   715.64869300661076        3.15030403E-21
   715.79190867461284        3.30844861E-21
   715.93512434261493        3.45830562E-21
   716.07834001061701        3.60046477E-21
   716.22155567861910        3.73501612E-21
   716.36477134662118        3.86141844E-21
   716.50798701462327        3.97838897E-21
   716.65120268262535        4.08381290E-21
   716.79441835062744        4.17467675E-21
   716.93763401862952        4.24703647E-21
   717.08084968663161        4.29601825E-21
   717.22406535463369        4.31585685E-21
   717.36728102263578        4.29997805E-21
   717.51049669063786        4.24112019E-21
   717.65371235863995        4.13149897E-21
   717.79692802664204        3.96301424E-21
   717.94014369464412        3.72749556E-21
   718.08335936264621        3.41698456E-21
   718.22657503064829        3.02404267E-21
   718.36979069865038        2.54208556E-21
   718.51300636665246        1.96573051E-21
   718.65622203465455        1.29114876E-21
   718.79943770265663        5.16413643E-22
   718.94265337065872       -3.58167943E-22
   719.08586903866080       -1.32974948E-21
   719.22908470666289       -2.39267950E-21
   719.37230037466497       -3.53828607E-21
   719.51551604266706       -4.75472221E-21
   719.65873171066914       -6.02688681E-21
   719.80194737867123       -7.33642480E-21
   719.94516304667331       -8.66181775E-21
   720.08837871467540       -9.97856892E-21
   720.23159438267749       -1.12594928E-20
   720.37481005067957       -1.24750953E-20
   720.51802571868166       -1.35940639E-20
   720.66124138668374       -1.45838453E-20
   720.80445705468583       -1.54113151E-20
   720.94767272268791       -1.60435283E-20
   721.09088839069000       -1.64485269E-20
   721.23410405869208       -1.65962125E-20
   721.37731972669417       -1.64592285E-20
   721.52053539469625       -1.60138742E-20
   721.66375106269834       -1.52409934E-20
   721.80696673070042       -1.41268264E-20
   721.95018239870251       -1.26638169E-20
   722.09339806670459       -1.08513107E-20
   722.23661373470668       -8.69615947E-21
   722.37982940270876       -6.21318744E-21
   722.52304507071085       -3.42548941E-21
   722.66626073871294       -3.64565441E-22
   722.80947640671502        2.92974448E-21
   722.95269207471711        6.40952934E-21
   723.09590774271919        1.00192914E-20
   723.23912341072128        1.36966505E-20
   723.38233907872336        1.73732582E-20
   723.52555474672545        2.09759335E-20
   723.66877041472753        2.44279747E-20
   723.81198608272962        2.76506575E-20
   723.95520175073170        3.05648859E-20
   724.09841741873379        3.30929598E-20
   724.24163308673587        3.51604170E-20
   724.38484875473796        3.66979260E-20
   724.52806442274004        3.76431802E-20
   724.67128009074213        3.79427424E-20
   724.81449575874421        3.75537833E-20
   724.95771142674630        3.64456876E-20
   725.10092709474839        3.46014497E-20
   725.24414276275047        3.20188561E-20
   725.38735843075256        2.87113486E-20
   725.53057409875464        2.47085764E-20
   725.67378976675673        2.00566225E-20
   725.81700543475881        1.48177936E-20
   725.96022110276090        9.07005400E-21
   726.10343677076298        2.90603352E-21
   726.24665243876507       -3.56836265E-21
   726.38986810676715       -1.02357373E-20
   726.53308377476924       -1.69693534E-20
   726.67629944277132       -2.36356197E-20
   726.81951511077341       -3.00968697E-20
   726.96273077877549       -3.62143840E-20
   727.10594644677758       -4.18515553E-20
   727.24916211477966       -4.68771913E-20
   727.39237778278175       -5.11688240E-20
   727.53559345078384       -5.46159312E-20
   727.67880911878592       -5.71230381E-20
   727.82202478678801       -5.86126030E-20
   727.96524045479009       -5.90275180E-20
   728.10845612279218       -5.83332809E-20
   728.25167179079426       -5.65196486E-20
   728.39488745879635       -5.36017561E-20
   728.53810312679843       -4.96206650E-20
   728.68131879480052       -4.46432123E-20
   728.82453446280260       -3.87612570E-20
   728.96775013080469       -3.20902037E-20
   729.11096579880677       -2.47668635E-20
   729.25418146680886       -1.69466948E-20
   729.39739713481094       -8.80040039E-21
   729.54061280281303       -5.10014352E-22
   729.68382847081511        7.73549097E-21
   729.82704413881720        1.57449629E-20
   729.97025980681929        2.33300734E-20
   730.11347547482137        3.03104632E-20
   730.25669114282346        3.65188737E-20
   730.39990681082554        4.18061411E-20
   730.54312247882763        4.60459006E-20
   730.68633814682971        4.91388452E-20
   730.82955381483180        5.10164548E-20
   730.97276948283388        5.16439682E-20
   731.11598515083597        5.10225811E-20
   731.25920081883805        4.91906862E-20
   731.40241648684014        4.62241451E-20
   731.54563215484222        4.22354543E-20
   731.68884782284431        3.73718391E-20
   731.83206349084639        3.18122419E-20
   731.97527915884848        2.57632316E-20
   732.11849482685057        1.94539083E-20
   732.26171049485265        1.31298508E-20
   732.40492616285474        7.04628312E-21
   732.54814183085682        1.46055741E-21
   732.69135749885891       -3.37584848E-21
   732.83457316686099       -7.22562783E-21
   732.97778883486308       -9.87401620E-21
   733.12100450286516       -1.11369990E-20
   733.26422017086725       -1.08691290E-20
   733.40743583886933       -8.97069862E-21
   733.55065150687142       -5.39403508E-21
   733.69386717487350       -1.48685627E-22
   733.83708284287559        6.69472570E-21
   733.98029851087767        1.50021499E-20
   734.12351417887976        2.45754471E-20
   734.26672984688184        3.51535217E-20
   734.40994551488393        4.64153531E-20
   734.55316118288602        5.79849344E-20
   734.69637685088810        6.94381806E-20
   734.83959251889019        8.03116119E-20
   734.98280818689227        9.01129138E-20
   735.12602385489436        9.83328919E-20
   735.26923952289644        1.04459004E-19
   735.41245519089853        1.07989825E-19
   735.55567085890061        1.08450383E-19
   735.69888652690270        1.05407949E-19
   735.84210219490478        9.84878460E-20
   735.98531786290687        8.73889563E-20
   736.12853353090895        7.18984096E-20
   736.27174919891104        5.19050761E-20
   736.41496486691312        2.74114989E-20
   736.55818053491521       -1.45630074E-21
   736.70139620291729       -3.44413806E-20
   736.84461187091938       -7.11512329E-20
   736.98782753892147       -1.11056235E-19
   737.13104320692355       -1.53491402E-19
   737.27425887492564       -1.97661657E-19
   737.41747454292772       -2.42650744E-19
   737.56069021092981       -2.87433889E-19
   737.70390587893189       -3.30893700E-19
   737.84712154693398       -3.71840123E-19
   737.99033721493606       -4.09032955E-19
   738.13355288293815       -4.41207696E-19
   738.27676855094023       -4.67103722E-19
   738.41998421894232       -4.85494532E-19
   738.56319988694440       -4.95218971E-19
   738.70641555494649       -4.95214059E-19
   738.84963122294857       -4.84546997E-19
   738.99284689095066       -4.62447005E-19
   739.13606255895274       -4.28335602E-19
   739.27927822695483       -3.81854695E-19
   739.42249389495692       -3.22891451E-19
   739.56570956295900       -2.51599546E-19
   739.70892523096109       -1.68415860E-19
   739.85214089896317       -7.40720916E-20
   739.99535656696526        3.03995370E-20
   740.13857223496734        1.43666771E-19
   740.28178790296943        2.64104501E-19
   740.42500357097151        3.89808709E-19
   740.56821923897360        5.18617842E-19
   740.71143490697568        6.48140833E-19
   740.85465057497777        7.75792017E-19
   740.99786624297985        8.98832652E-19
   741.14108191098194        1.01441894E-18
   741.28429757898402        1.11965389E-18
   741.42751324698611        1.21164589E-18
   741.57072891498819        1.28756866E-18
   741.71394458299028        1.34472519E-18
   741.85716025099237        1.38061221E-18
   742.00037591899445        1.39298497E-18
   742.14359158699654        1.37991997E-18
   742.28680725499862        1.33987553E-18
   742.43002292300071        1.27174708E-18
   742.57323859100279        1.17491721E-18
   742.71645425900488        1.04929825E-18
   742.85966992700696        8.95366661E-19
   743.00288559500905        7.14187172E-19
   743.14610126301113        5.07425933E-19
   743.28931693101322        2.77352470E-19
   743.43253259901530        2.68288245E-20
   743.57574826701739       -2.40714134E-19
   743.71896393501947       -5.21313469E-19
   743.86217960302156       -8.10523935E-19
   744.00539527102364       -1.10348034E-18
   744.14861093902573       -1.39497186E-18
   744.29182660702782       -1.67952716E-18
   744.43504227502990       -1.95150973E-18
   744.57825794303199       -2.20522050E-18
   744.72147361103407       -2.43500838E-18
   744.86468927903616       -2.63538296E-18
   745.00790494703824       -2.80113155E-18
   745.15112061504033       -2.92743458E-18
   745.29433628304241       -3.00997831E-18
   745.43755195104450       -3.04506339E-18
   745.58076761904658       -3.02970347E-18
   745.72398328704867       -2.96171605E-18
   745.86719895505075       -2.83979790E-18
   746.01041462305284       -2.66358857E-18
   746.15363029105492       -2.43371467E-18
   746.29684595905701       -2.15181648E-18
   746.44006162705909       -1.82055505E-18
   746.58327729506118       -1.44359788E-18
   746.72649296306327       -1.02558474E-18
   746.86970863106535       -5.72069840E-19
   747.01292429906744       -8.94458443E-20
   747.15613996706952        4.15153135E-19
   747.29935563507161        9.33966528E-19
   747.44257130307369        1.45873901E-18
   747.58578697107578        1.98086554E-18
   747.72900263907786        2.49154866E-18
   747.87221830707995        2.98196336E-18
   748.01543397508203        3.44342633E-18
   748.15864964308412        3.86756609E-18
   748.30186531108620        4.24649091E-18
   748.44508097908829        4.57294932E-18
   748.58829664709037        4.84048062E-18
   748.73151231509246        5.04355015E-18
   748.87472798309454        5.17766839E-18
   749.01794365109663        5.23948732E-18
   749.16115931909872        5.22687736E-18
   749.30437498710080        5.13897371E-18
   749.44759065510289        4.97619738E-18
   749.59080632310497        4.74024908E-18
   749.73402199110706        4.43407231E-18
   749.87723765910914        4.06179058E-18
   750.02045332711123        3.62861635E-18
   750.16366899511331        3.14073365E-18
   750.30688466311540        2.60516357E-18
   750.45010033111748        2.02960220E-18
   750.59331599911957        1.42225011E-18
   750.73653166712165        7.91627976E-19
   750.87974733512374        1.46385261E-19
   751.02296300312582       -5.04891349E-19
   751.16617867112791       -1.15386567E-18
   751.30939433912999       -1.79263108E-18
   751.45261000713208       -2.41387350E-18
   751.59582567513417       -3.01101746E-18
   751.73904134313625       -3.57834611E-18
   751.88225701113834       -4.11109426E-18
   752.02547267914042       -4.60551169E-18
   752.16868834714251       -5.05888939E-18
   752.31190401514459       -5.46955520E-18
   752.45511968314668       -5.83682753E-18
   752.59833535114876       -6.16093881E-18
   752.74155101915085       -6.44292179E-18
   752.88476668715293       -6.68446762E-18
   753.02798235515502       -6.88775015E-18
   753.17119802315710       -7.05523355E-18
   753.31441369115919       -7.18945684E-18
   753.45762935916127       -7.29281057E-18
   753.60084502716336       -7.36730894E-18
   753.74406069516544       -7.41436228E-18
   753.88727636316753       -7.43457031E-18
   754.03049203116962       -7.42751859E-18
   754.17370769917170       -7.39161812E-18
   754.31692336717379       -7.32397129E-18
   754.46013903517587       -7.22028669E-18
   754.60335470317796       -7.07483111E-18
   754.74657037118004       -6.88045359E-18
   754.88978603918213       -6.62864823E-18
   755.03300170718421       -6.30969359E-18
   755.17621737518630       -5.91284501E-18
   755.31943304318838       -5.42659185E-18
   755.46264871119047       -4.83897515E-18
   755.60586437919255       -4.13795654E-18
   755.74908004719464       -3.31184258E-18
   755.89229571519672       -2.34974591E-18
   756.03551138319881       -1.24208066E-18
   756.17872705120089        1.89204770E-20
   756.32194271920298        1.43868091E-18
   756.46515838720507        3.01975972E-18
   756.60837405520715        4.76135004E-18
   756.75158972320924        6.65880972E-18
   756.89480539121132        8.70324368E-18
   757.03802105921341        1.08811507E-17
   757.18123672721549        1.31741400E-17
   757.32445239521758        1.55587578E-17
   757.46766806321966        1.80063984E-17
   757.61088373122175        2.04833379E-17
   757.75409939922383        2.29509070E-17
   757.89731506722592        2.53657615E-17
   758.04053073522800        2.76803204E-17
   758.18374640323009        2.98433133E-17
   758.32696207123217        3.18004822E-17
   758.47017773923426        3.34953720E-17
   758.61339340723634        3.48703016E-17
   758.75660907523843        3.58673719E-17
   758.89982474324052        3.64296231E-17
   759.04304041124260        3.65022364E-17
   759.18625607924469        3.60337940E-17
   759.32947174724677        3.49775837E-17
   759.47268741524886        3.32928815E-17
   759.61590308325094        3.09462726E-17
   759.75911875125303        2.79128524E-17
   759.90233441925511        2.41774272E-17
   760.04555008725720        1.97355567E-17
   760.18876575525928        1.45945266E-17
   760.33198142326137        8.77411486E-18
   760.47519709126345        2.30722180E-18
   760.61841275926554       -4.75972132E-18
   760.76162842726762       -1.23665404E-17
   760.90484409526971       -2.04393484E-17
   761.04805976327179       -2.88908115E-17
   761.19127543127388       -3.76206639E-17
   761.33449109927597       -4.65164885E-17
   761.47770676727805       -5.54547474E-17
   761.62092243528014       -6.43020430E-17
   761.76413810328222       -7.29166592E-17
   761.90735377128431       -8.11502694E-17
   762.05056943928639       -8.88499180E-17
   762.19378510728848       -9.58601215E-17
   762.33700077529056       -1.02025198E-16
   762.48021644329265       -1.07191636E-16
   762.62343211129473       -1.11210688E-16
   762.76664777929682       -1.13940887E-16
   762.90986344729890       -1.15250678E-16
   763.05307911530099       -1.15021079E-16
   763.19629478330307       -1.13148143E-16
   763.33951045130516       -1.09545474E-16
   763.48272611930724       -1.04146579E-16
   763.62594178730933       -9.69069484E-17
   763.76915745531142       -8.78060823E-17
   763.91237312331350       -7.68492082E-17
   764.05558879131559       -6.40686523E-17
   764.19880445931767       -4.95250569E-17
   764.34202012731976       -3.33080817E-17
   764.48523579532184       -1.55368557E-17
   764.62845146332393        3.64000704E-18
   764.77166713132601        2.40448103E-17
   764.91488279932810        4.54715907E-17
   765.05809846733018        6.76873557E-17
   765.20131413533227        9.04338300E-17
   765.34452980333435        1.13429544E-16
   765.48774547133644        1.36372516E-16
   765.63096113933852        1.58943205E-16
   765.77417680734061        1.80808050E-16
   765.91739247534269        2.01623223E-16
   766.06060814334478        2.21038965E-16
   766.20382381134687        2.38703996E-16
   766.34703947934895        2.54270503E-16
   766.49025514735104        2.67399143E-16
   766.63347081535312        2.77764391E-16
   766.77668648335521        2.85059806E-16
   766.91990215135729        2.89003671E-16
   767.06311781935938        2.89344231E-16
   767.20633348736146        2.85865176E-16
   767.34954915536355        2.78390613E-16
   767.49276482336563        2.66789967E-16
   767.63598049136772        2.50982506E-16
   767.77919615936980        2.30941151E-16
   767.92241182737189        2.06696143E-16
   768.06562749537397        1.78337572E-16
   768.20884316337606        1.46017548E-16
   768.35205883137814        1.09951315E-16
   768.49527449938023        7.04175150E-17
   768.63849016738232        2.77575476E-17
   768.78170583538440       -1.76261270E-17
   768.92492150338649       -6.52726633E-17
   769.06813717138857       -1.14666635E-16
   769.21135283939066       -1.65242787E-16
   769.35456850739274       -2.16391983E-16
   769.49778417539483       -2.67467885E-16
   769.64099984339691       -3.17794797E-16
   769.78421551139900       -3.66676142E-16
   769.92743117940108       -4.13403588E-16
   770.07064684740317       -4.57266872E-16
   770.21386251540525       -4.97564094E-16
   770.35707818340734       -5.33611857E-16
   770.50029385140942       -5.64756041E-16
   770.64350951941151       -5.90381858E-16
   770.78672518741359       -6.09923861E-16
   770.92994085541568       -6.22875525E-16
   771.07315652341777       -6.28797767E-16
   771.21637219141985       -6.27326577E-16
   771.35958785942194       -6.18179786E-16
   771.50280352742402       -6.01162153E-16
   771.64601919542611       -5.76169598E-16
   771.78923486342819       -5.43191535E-16
   771.93245053143028       -5.02311396E-16
   772.07566619943236       -4.53706528E-16
   772.21888186743445       -3.97645229E-16
   772.36209753543653       -3.34483305E-16
   772.50531320343862       -2.64658541E-16
   772.64852887144070       -1.88684120E-16
   772.79174453944279       -1.07140893E-16
   772.93496020744487       -2.06686346E-17
   773.07817587544696        7.00433051E-17
   773.22139154344904        1.64265841E-16
   773.36460721145113        2.61240155E-16
   773.50782287945322        3.60187579E-16
   773.65103854745530        4.60319049E-16
   773.79425421545739        5.60843808E-16
   773.93746988345947        6.60977290E-16
   774.08068555146156        7.59947902E-16
   774.22390121946364        8.57002207E-16
   774.36711688746573        9.51408794E-16
   774.51033255546781        1.04246081E-15
   774.65354822346990        1.12947672E-15
   774.79676389147198        1.21179900E-15
   774.93997955947407        1.28879313E-15
   775.08319522747615        1.35984342E-15
   775.22641089547824        1.42434975E-15
   775.36962656348032        1.48172215E-15
   775.51284223148241        1.53137649E-15
   775.65605789948449        1.57272948E-15
   775.79927356748658        1.60519583E-15
   775.94248923548867        1.62818473E-15
   776.08570490349075        1.64110008E-15
   776.22892057149284        1.64334196E-15
   776.37213623949492        1.63431090E-15
   776.51535190749701        1.61341586E-15
   776.65856757549909        1.58008480E-15
   776.80178324350118        1.53377952E-15
   776.94499891150326        1.47401499E-15
   777.08821457950535        1.40038115E-15
   777.23143024750743        1.31257030E-15
   777.37464591550952        1.21040627E-15
   777.51786158351160        1.09387772E-15
   777.66107725151369        9.63173023E-16
   777.80429291951577        8.18717642E-16
   777.94750858751786        6.61211442E-16
   778.09072425551994        4.91666151E-16
   778.23393992352203        3.11441203E-16
   778.37715559152412        1.22277120E-16
   778.52037125952620       -7.36756603E-17
   778.66358692752829       -2.73833046E-16
   778.80680259553037       -4.75160708E-16
   778.95001826353246       -6.74165646E-16
   779.09323393153454       -8.66896929E-16
   779.23644959953663       -1.04895724E-15
   779.37966526753871       -1.21552595E-15
   779.52288093554080       -1.36139381E-15
   779.66609660354288       -1.48101170E-15
   779.80931227154497       -1.56855096E-15
   779.95252793954705       -1.61797735E-15
   780.09574360754914       -1.62313758E-15
   780.23895927555122       -1.57785763E-15
   780.38217494355331       -1.47605190E-15
   780.52539061155539       -1.31184058E-15
   780.66860627955748       -1.07967563E-15
   780.81182194755957       -7.74471658E-16
   780.95503761556165       -3.91739027E-16
   781.09825328356374        7.22817948E-17
   781.24146895156582        6.20488956E-16
   781.38468461956791        1.25479334E-15
   781.52790028756999        1.97600102E-15
   781.67111595557208        2.78370814E-15
   781.81433162357416        3.67620854E-15
   781.95754729157625        4.65042349E-15
   782.10076295957833        5.70184379E-15
   782.24397862758042        6.82450253E-15
   782.38719429558250        8.01096656E-15
   782.53040996358459        9.25235434E-15
   782.67362563158667        1.05383875E-14
   782.81684129958876        1.18574584E-14
   782.96005696759084        1.31967327E-14
   783.10327263559293        1.45422750E-14
   783.24648830359502        1.58792047E-14
   783.38970397159710        1.71918652E-14
   783.53291963959919        1.84640257E-14
   783.67613530760127        1.96790843E-14
   783.81935097560336        2.08203036E-14
   783.96256664360544        2.18710361E-14
   784.10578231160753        2.28149713E-14
   784.24899797960961        2.36363697E-14
   784.39221364761170        2.43202912E-14
   784.53542931561378        2.48528140E-14
   784.67864498361587        2.52212429E-14
   784.82186065161795        2.54142749E-14
   784.96507631962004        2.54221591E-14
   785.10829198762212        2.52368029E-14
   785.25150765562421        2.48518501E-14
   785.39472332362629        2.42627133E-14
   785.53793899162838        2.34665497E-14
   785.68115465963047        2.24621991E-14
   785.82437032763255        2.12500475E-14
   785.96758599563464        1.98318501E-14
   786.11080166363672        1.82104901E-14
   786.25401733163881        1.63896793E-14
   786.39723299964089        1.43735968E-14
   786.54044866764298        1.21664780E-14
   786.68366433564506        9.77213441E-15
   786.82688000364715        7.19342985E-15
   786.97009567164923        4.43169671E-15
   787.11331133965132        1.48611698E-15
   787.25652700765340       -1.64694482E-15
   787.39974267565549       -4.97463805E-15
   787.54295834365757       -8.50835617E-15
   787.68617401165966       -1.22644840E-14
   787.82938967966174       -1.62651705E-14
   787.97260534766383       -2.05390989E-14
   788.11582101566592       -2.51222722E-14
   788.25903668366800       -3.00587802E-14
   788.40225235167009       -3.54015523E-14
   788.54546801967217       -4.12131063E-14
   788.68868368767426       -4.75662397E-14
   788.83189935567634       -5.45447205E-14
   788.97511502367843       -6.22439180E-14
   789.11833069168051       -7.07714188E-14
   789.26154635968260       -8.02475762E-14
   789.40476202768468       -9.08060113E-14
   789.54797769568677       -1.02594108E-13
   789.69119336368885       -1.15773412E-13
   789.83440903169094       -1.30520079E-13
   789.97762469969302       -1.47025160E-13
   790.12084036769511       -1.65495005E-13
   790.26405603569719       -1.86151550E-13
   790.40727170369928       -2.09232710E-13
   790.55048737170137       -2.34992689E-13
   790.69370303970345       -2.63702336E-13
   790.83691870770554       -2.95649735E-13
   790.98013437570762       -3.31140605E-13
   791.12335004370971       -3.70498933E-13
   791.26656571171179       -4.14067706E-13
   791.40978137971388       -4.62209806E-13
   791.55299704771596       -5.15309204E-13
   791.69621271571805       -5.73771933E-13
   791.83942838372013       -6.38027825E-13
   791.98264405172222       -7.08532191E-13
   792.12585971972430       -7.85767610E-13
   792.26907538772639       -8.70246258E-13
   792.41229105572847       -9.62512513E-13
   792.55550672373056       -1.06314567E-12
   792.69872239173264       -1.17276328E-12
   792.84193805973473       -1.29202443E-12
   792.98515372773682       -1.42163299E-12
   793.12836939573890       -1.56234292E-12
   793.27158506374099       -1.71496107E-12
   793.41480073174307       -1.88035264E-12
   793.55801639974516       -2.05944550E-12
   793.70123206774724       -2.25323623E-12
   793.84444773574933       -2.46279299E-12
   793.98766340375141       -2.68926353E-12
   794.13087907175350       -2.93387840E-12
   794.27409473975558       -3.19795709E-12
   794.41731040775767       -3.48291383E-12
   794.56052607575975       -3.79026194E-12
   794.70374174376184       -4.12161971E-12
   794.84695741176392       -4.47871427E-12
   794.99017307976601       -4.86339007E-12
   795.13338874776809       -5.27760995E-12
   795.27660441577018       -5.72345990E-12
   795.41982008377227       -6.20315518E-12
   795.56303575177435       -6.71904286E-12
   795.70625141977644       -7.27360620E-12
   795.84946708777852       -7.86946723E-12
   795.99268275578061       -8.50939284E-12
   796.13589842378269       -9.19629130E-12
   796.27911409178478       -9.93322265E-12
   796.42232975978686       -1.07233961E-11
   796.56554542778895       -1.15701736E-11
   796.70876109579103       -1.24770680E-11
   796.85197676379312       -1.34477533E-11
   796.99519243179520       -1.44860599E-11
   797.13840809979729       -1.55959742E-11
   797.28162376779937       -1.67816490E-11
   797.42483943580146       -1.80473917E-11
   797.56805510380354       -1.93976779E-11
   797.71127077180563       -2.08371445E-11
   797.85448643980772       -2.23705880E-11
   797.99770210780980       -2.40029698E-11
   798.14091777581189       -2.57394123E-11
   798.28413344381397       -2.75852015E-11
   798.42734911181606       -2.95457790E-11
   798.57056477981814       -3.16267429E-11
   798.71378044782023       -3.38338420E-11
   798.85699611582231       -3.61729674E-11
   799.00021178382440       -3.86501456E-11
   799.14342745182648       -4.12715209E-11
   799.28664311982857       -4.40433662E-11
   799.42985878783065       -4.69720304E-11
   799.57307445583274       -5.00639599E-11
   799.71629012383482       -5.33256356E-11
   799.85950579183691       -5.67635730E-11
   800.00272145983899       -6.03842809E-11
   800.14593712784108       -6.41942055E-11
   800.28915279584317       -6.81997236E-11
   800.43236846384525       -7.24070109E-11
   800.57558413184734       -7.68220904E-11
   800.71879979984942       -8.14506657E-11
   800.86201546785151       -8.62981075E-11
   801.00523113585359       -9.13693218E-11
   801.14844680385568       -9.66686592E-11
   801.29166247185776       -1.02199804E-10
   801.43487813985985       -1.07965650E-10
   801.57809380786193       -1.13968127E-10
   801.72130947586402       -1.20208066E-10
   801.86452514386610       -1.26684996E-10
   802.00774081186819       -1.33397016E-10
   802.15095647987027       -1.40340434E-10
   802.29417214787236       -1.47509685E-10
   802.43738781587444       -1.54896942E-10
   802.58060348387653       -1.62491881E-10
   802.72381915187862       -1.70281345E-10
   802.86703481988070       -1.78248957E-10
   803.01025048788279       -1.86374749E-10
   803.15346615588487       -1.94634739E-10
   803.29668182388696       -2.03000491E-10
   803.43989749188904       -2.11438575E-10
   803.58311315989113       -2.19910007E-10
   803.72632882789321       -2.28369601E-10
   803.86954449589530       -2.36765385E-10
   804.01276016389738       -2.45037879E-10
   804.15597583189947       -2.53119137E-10
   804.29919149990155       -2.60932220E-10
   804.44240716790364       -2.68389866E-10
   804.58562283590572       -2.75393902E-10
   804.72883850390781       -2.81833779E-10
   804.87205417190989       -2.87585622E-10
   805.01526983991198       -2.92510793E-10
   805.15848550791407       -2.96454611E-10
   805.30170117591615       -2.99244685E-10
   805.44491684391824       -3.00689529E-10
   805.58813251192032       -3.00576397E-10
   805.73134817992241       -2.98669811E-10
   805.87456384792449       -2.94709035E-10
   806.01777951592658       -2.88406188E-10
   806.16099518392866       -2.79443552E-10
   806.30421085193075       -2.67471101E-10
   806.44742651993283       -2.52103671E-10
   806.59064218793492       -2.32917685E-10
   806.73385785593700       -2.09448153E-10
   806.87707352393909       -1.81184817E-10
   807.02028919194117       -1.47568430E-10
   807.16350485994326       -1.07986661E-10
   807.30672052794534       -6.17695547E-11
   807.44993619594743       -8.18476016E-12
   807.59315186394952        5.35676711E-11
   807.73636753195160        1.24360855E-10
   807.87958319995369        2.05147066E-10
   808.02279886795577        2.96964231E-10
   808.16601453595786        4.00942779E-10
   808.30923020395994        5.18313170E-10
   808.45244587196203        6.50413612E-10
   808.59566153996411        7.98699218E-10
   808.73887720796620        9.64750502E-10
   808.88209287596828        1.15028376E-09
   809.02530854397037        1.35716161E-09
   809.16852421197245        1.58740421E-09
   809.31173987997454        1.84320181E-09
   809.45495554797662        2.12692708E-09
   809.59817121597871        2.44114950E-09
   809.74138688398079        2.78865064E-09
   809.88460255198288        3.17244009E-09
   810.02781821998497        3.59577124E-09
   810.17103388798705        4.06216172E-09
   810.31424955598914        4.57541249E-09
   810.45746522399122        5.13962783E-09
   810.60068089199331        5.75923842E-09
   810.74389655999539        6.43902442E-09
   810.88711222799748        7.18414261E-09
   811.03032789599956        8.00015343E-09
   811.17354356400165        8.89304808E-09
   811.31675923200373        9.86928406E-09
   811.45997490000582        1.09358105E-08
   811.60319056800790        1.21001138E-08
   811.74640623600999        1.33702480E-08
   811.88962190401207        1.47548782E-08
   812.03283757201416        1.62633214E-08
   812.17605324001624        1.79055952E-08
   812.31926890801833        1.96924592E-08
   812.46248457602042        2.16354792E-08
   812.60570024402250        2.37470719E-08
   812.74891591202459        2.60405670E-08
   812.89213158002667        2.85302679E-08
   813.03534724802876        3.12315223E-08
   813.17856291603084        3.41607951E-08
   813.32177858403293        3.73357310E-08
   813.46499425203501        4.07752410E-08
   813.60820992003710        4.44995933E-08
   813.75142558803918        4.85304952E-08
   813.89464125604127        5.28911954E-08
   814.03785692404335        5.76065702E-08
   814.18107259204544        6.27032648E-08
   814.32428826004752        6.82097649E-08
   814.46750392804961        7.41565458E-08
   814.61071959605169        8.05761999E-08
   814.75393526405378        8.75035369E-08
   814.89715093205587        9.49757819E-08
   815.04036660005795        1.03032690E-07
   815.18358226806004        1.11716759E-07
   815.32679793606212        1.21073327E-07
   815.47001360406421        1.31150784E-07
   815.61322927206629        1.42000829E-07
   815.75644494006838        1.53678542E-07
   815.89966060807046        1.66242700E-07
   816.04287627607255        1.79755972E-07
   816.18609194407463        1.94285164E-07
   816.32930761207672        2.09901501E-07
   816.47252328007880        2.26680854E-07
   816.61573894808089        2.44704040E-07
   816.75895461608297        2.64057121E-07
   816.90217028408506        2.84831742E-07
   817.04538595208714        3.07125390E-07
   817.18860162008923        3.31041804E-07
   817.33181728809132        3.56691373E-07
   817.47503295609340        3.84191509E-07
   817.61824862409549        4.13667067E-07
   817.76146429209757        4.45250805E-07
   817.90467996009966        4.79083724E-07
   818.04789562810174        5.15315719E-07
   818.19111129610383        5.54105782E-07
   818.33432696410591        5.95623135E-07
   818.47754263210800        6.40047119E-07
   818.62075830011008        6.87568217E-07
   818.76397396811217        7.38388678E-07
   818.90718963611425        7.92722972E-07
   819.05040530411634        8.50798529E-07
   819.19362097211842        9.12856649E-07
   819.33683664012051        9.79153128E-07
   819.48005230812259        1.04995888E-06
   819.62326797612468        1.12556108E-06
   819.76648364412677        1.20626419E-06
   819.90969931212885        1.29239038E-06
   820.05291498013094        1.38428095E-06
   820.19613064813302        1.48229742E-06
   820.33934631613511        1.58682201E-06
   820.48256198413719        1.69825967E-06
   820.62577765213928        1.81703797E-06
   820.76899332014136        1.94360973E-06
   820.91220898814345        2.07845324E-06
   821.05542465614553        2.22207518E-06
   821.19864032414762        2.37501035E-06
   821.34185599214970        2.53782355E-06
   821.48507166015179        2.71111276E-06
   821.62828732815387        2.89550758E-06
   821.77150299615596        3.09167399E-06
   821.91471866415804        3.30031457E-06
   822.05793433216013        3.52217171E-06
   822.20115000016222        3.75802824E-06
   822.34436566816430        4.00870977E-06
   822.48758133616639        4.27508712E-06
   822.63079700416847        4.55807913E-06
   822.77401267217056        4.85865257E-06
   822.91722834017264        5.17782837E-06
   823.06044400817473        5.51668154E-06
   823.20365967617681        5.87634440E-06
   823.34687534417890        6.25801022E-06
   823.49009101218098        6.66293454E-06
   823.63330668018307        7.09243977E-06
   823.77652234818515        7.54791608E-06
   823.91973801618724        8.03082730E-06
   824.06295368418932        8.54271457E-06
   824.20616935219141        9.08519542E-06
   824.34938502019349        9.65997424E-06
   824.49260068819558        1.02688427E-05
   824.63581635619767        1.09136818E-05
   824.77903202419975        1.15964667E-05
   824.92224769220184        1.23192749E-05
   825.06546336020392        1.30842855E-05
   825.20867902820601        1.38937894E-05
   825.35189469620809        1.47501905E-05
   825.49511036421018        1.56560109E-05
   825.63832603221226        1.66138980E-05
   825.78154170021435        1.76266276E-05
   825.92475736821643        1.86971120E-05
   826.06797303621852        1.98283979E-05
   826.21118870422060        2.10236867E-05
   826.35440437222269        2.22863309E-05
   826.49762004022477        2.36198430E-05
   826.64083570822686        2.50279008E-05
   826.78405137622894        2.65143626E-05
   826.92726704423103        2.80832573E-05
   827.07048271223312        2.97388069E-05
   827.21369838023520        3.14854260E-05
   827.35691404823729        3.33277349E-05
   827.50012971623937        3.52705647E-05
   827.64334538424146        3.73189687E-05
   827.78656105224354        3.94782328E-05
   827.92977672024563        4.17538758E-05
   828.07299238824771        4.41516677E-05
   828.21620805624980        4.66776291E-05
   828.35942372425188        4.93380503E-05
   828.50263939225397        5.21394977E-05
   828.64585506025605        5.50888362E-05
   828.78907072825814        5.81932109E-05
   828.93228639626022        6.14600867E-05
   829.07550206426231        6.48972491E-05
   829.21871773226439        6.85128034E-05
   829.36193340026648        7.23152334E-05
   829.50514906826857        7.63133285E-05
   829.64836473627065        8.05162999E-05
   829.79158040427274        8.49336866E-05
   829.93479607227482        8.95754638E-05
   830.07801174027691        9.44520070E-05
   830.22122740827899        9.95741138E-05
   830.36444307628108        1.04953011E-04
   830.50765874428316        1.10600391E-04
   830.65087441228525        1.16528405E-04
   830.79409008028733        1.22749669E-04
   830.93730574828942        1.29277323E-04
   831.08052141629150        1.36124989E-04
   831.22373708429359        1.43306883E-04
   831.36695275229567        1.50837674E-04
   831.51016842029776        1.58732684E-04
   831.65338408829984        1.67007762E-04
   831.79659975630193        1.75679379E-04
   831.93981542430402        1.84764591E-04
   832.08303109230610        1.94281078E-04
   832.22624676030819        2.04247248E-04
   832.36946242831027        2.14682106E-04
   832.51267809631236        2.25605385E-04
   832.65589376431444        2.37037486E-04
   832.79910943231653        2.48999597E-04
   832.94232510031861        2.61513575E-04
   833.08554076832070        2.74602149E-04
   833.22875643632278        2.88288691E-04
   833.37197210432487        3.02597531E-04
   833.51518777232695        3.17553728E-04
   833.65840344032904        3.33183212E-04
   833.80161910833112        3.49512789E-04
   833.94483477633321        3.66570166E-04
   834.08805044433529        3.84383951E-04
   834.23126611233738        4.02983685E-04
   834.37448178033947        4.22399869E-04
   834.51769744834155        4.42663935E-04
   834.66091311634364        4.63808363E-04
   834.80412878434572        4.85866563E-04
   834.94734445234781        5.08873083E-04
   835.09056012034989        5.32863487E-04
   835.23377578835198        5.57874446E-04
   835.37699145635406        5.83943794E-04
   835.52020712435615        6.11110241E-04
   835.66342279235823        6.39413949E-04
   835.80663846036032        6.68896013E-04
   835.94985412836240        6.99598691E-04
   836.09306979636449        7.31565524E-04
   836.23628546436657        7.64841447E-04
   836.37950113236866        7.99472327E-04
   836.52271680037074        8.35505547E-04
   836.66593246837283        8.72989651E-04
   836.80914813637492        9.11974348E-04
   836.95236380437700        9.52510862E-04
   837.09557947237909        9.94651578E-04
   837.23879514038117        1.03845040E-03
   837.38201080838326        1.08396239E-03
   837.52522647638534        1.13124412E-03
   837.66844214438743        1.18035346E-03
   837.81165781238951        1.23134977E-03
   837.95487348039160        1.28429383E-03
   838.09808914839368        1.33924780E-03
   838.24130481639577        1.39627524E-03
   838.38452048439785        1.45544112E-03
   838.52773615239994        1.51681155E-03
   838.67095182040202        1.58045476E-03
   838.81416748840411        1.64644001E-03
   838.95738315640619        1.71483820E-03
   839.10059882440828        1.78572163E-03
   839.24381449241037        1.85916398E-03
   839.38703016041245        1.93524035E-03
   839.53024582841454        2.01402744E-03
   839.67346149641662        2.09560338E-03
   839.81667716441871        2.18004780E-03
   839.95989283242079        2.26744171E-03
   840.10310850042288        2.35786708E-03
   840.24632416842496        2.45140819E-03
   840.38953983642705        2.54815025E-03
   840.53275550442913        2.64818035E-03
   840.67597117243122        2.75158579E-03
   840.81918684043330        2.85845622E-03
   840.96240250843539        2.96888244E-03
   841.10561817643747        3.08295665E-03
   841.24883384443956        3.20077152E-03
   841.39204951244164        3.32242204E-03
   841.53526518044373        3.44800437E-03
   841.67848084844582        3.57761560E-03
   841.82169651644790        3.71135352E-03
   841.96491218444999        3.84931779E-03
   842.10812785245207        3.99160851E-03
   842.25134352045416        4.13832720E-03
   842.39455918845624        4.28957678E-03
   842.53777485645833        4.44546016E-03
   842.68099052446041        4.60608164E-03
   842.82420619246250        4.77154693E-03
   842.96742186046458        4.94196126E-03
   843.11063752846667        5.11743128E-03
   843.25385319646875        5.29806316E-03
   843.39706886447084        5.48396679E-03
   843.54028453247292        5.67524973E-03
   843.68350020047501        5.87202143E-03
   843.82671586847709        6.07439131E-03
   843.96993153647918        6.28246926E-03
   844.11314720448127        6.49636379E-03
   844.25636287248335        6.71618525E-03
   844.39957854048544        6.94204215E-03
   844.54279420848752        7.17404624E-03
   844.68600987648961        7.41230696E-03
   844.82922554449169        7.65693560E-03
   844.97244121249378        7.90804066E-03
   845.11565688049586        8.16573016E-03
   845.25887254849795        8.43011215E-03
   845.40208821650003        8.70129466E-03
   845.54530388450212        8.97938572E-03
   845.68851955250420        9.26448870E-03
   845.83173522050629        9.55671165E-03
   845.97495088850837        9.85615700E-03
   846.11816655651046        1.01629309E-02
   846.26138222451254        1.04771312E-02
   846.40459789251463        1.07988603E-02
   846.54781356051672        1.11282151E-02
   846.69102922851880        1.14652924E-02
   846.83424489652089        1.18101873E-02
   846.97746056452297        1.21629927E-02
   847.12067623252506        1.25237983E-02
   847.26389190052714        1.28926951E-02
   847.40710756852923        1.32697672E-02
   847.55032323653131        1.36551000E-02
   847.69353890453340        1.40487729E-02
   847.83675457253548        1.44508630E-02
   847.97997024053757        1.48614459E-02
   848.12318590853965        1.52805932E-02
   848.26640157654174        1.57083757E-02
   848.40961724454382        1.61448568E-02
   848.55283291254591        1.65900998E-02
   848.69604858054799        1.70441605E-02
   848.83926424855008        1.75070949E-02
   848.98247991655217        1.79789513E-02
   849.12569558455425        1.84597746E-02
   849.26891125255634        1.89496092E-02
   849.41212692055842        1.94484852E-02
   849.55534258856051        1.99564435E-02
   849.69855825656259        2.04735063E-02
   849.84177392456468        2.09996998E-02
   849.98498959256676        2.15350389E-02
   850.12820526056885        2.20795348E-02
   850.27142092857093        2.26331949E-02
   850.41463659657302        2.31960192E-02
   850.55785226457510        2.37680022E-02
   850.70106793257719        2.43491363E-02
   850.84428360057927        2.49394067E-02
   850.98749926858136        2.55387872E-02
   851.13071493658344        2.61472538E-02
   851.27393060458553        2.67647691E-02
   851.41714627258762        2.73912922E-02
   851.56036194058970        2.80267708E-02
   851.70357760859179        2.86711529E-02
   851.84679327659387        2.93243751E-02
   851.99000894459596        2.99863741E-02
   852.13322461259804        3.06570716E-02
   852.27644028060013        3.13363895E-02
   852.41965594860221        3.20242308E-02
   852.56287161660430        3.27205062E-02
   852.70608728460638        3.34251001E-02
   852.84930295260847        3.41379046E-02
   852.99251862061055        3.48588079E-02
   853.13573428861264        3.55876759E-02
   853.27894995661472        3.63243707E-02
   853.42216562461681        3.70687544E-02
   853.56538129261889        3.78206819E-02
   853.70859696062098        3.85799892E-02
   853.85181262862307        3.93465087E-02
   853.99502829662515        4.01200652E-02
   854.13824396462724        4.09004763E-02
   854.28145963262932        4.16875556E-02
   854.42467530063141        4.24811020E-02
   854.56789096863349        4.32809182E-02
   854.71110663663558        4.40867878E-02
   854.85432230463766        4.48984876E-02
   854.99753797263975        4.57157940E-02
   855.14075364064183        4.65384685E-02
   855.28396930864392        4.73662615E-02
   855.42718497664600        4.81989235E-02
   855.57040064464809        4.90361899E-02
   855.71361631265017        4.98778000E-02
   855.85683198065226        5.07234782E-02
   856.00004764865434        5.15729412E-02
   856.14326331665643        5.24259135E-02
   856.28647898465852        5.32820858E-02
   856.42969465266060        5.41411564E-02
   856.57291032066269        5.50028123E-02
   856.71612598866477        5.58667406E-02
   856.85934165666686        5.67326099E-02
   857.00255732466894        5.76001070E-02
   857.14577299267103        5.84688894E-02
   857.28898866067311        5.93386181E-02
   857.43220432867520        6.02089465E-02
   857.57541999667728        6.10795133E-02
   857.71863566467937        6.19499609E-02
   857.86185133268145        6.28199205E-02
   858.00506700068354        6.36890307E-02
   858.14828266868562        6.45569190E-02
   858.29149833668771        6.54232055E-02
   858.43471400468979        6.62875324E-02
   858.57792967269188        6.71494827E-02
   858.72114534069397        6.80086762E-02
   858.86436100869605        6.88647106E-02
   859.00757667669814        6.97171986E-02
   859.15079234470022        7.05657303E-02
   859.29400801270231        7.14099258E-02
   859.43722368070439        7.22493678E-02
   859.58043934870648        7.30836689E-02
   859.72365501670856        7.39123970E-02
   859.86687068471065        7.47351497E-02
   860.01008635271273        7.55515099E-02
   860.15330202071482        7.63610825E-02
   860.29651768871690        7.71634430E-02
   860.43973335671899        7.79581815E-02
   860.58294902472107        7.87449032E-02
   860.72616469272316        7.95231909E-02
   860.86938036072524        8.02926421E-02
   861.01259602872733        8.10528323E-02
   861.15581169672942        8.18033665E-02
   861.29902736473150        8.25438499E-02
   861.44224303273359        8.32738653E-02
   861.58545870073567        8.39930177E-02
   861.72867436873776        8.47009271E-02
   861.87189003673984        8.53971839E-02
   862.01510570474193        8.60814154E-02
   862.15832137274401        8.67532492E-02
   862.30153704074610        8.74122828E-02
   862.44475270874818        8.80581588E-02
   862.58796837675027        8.86905044E-02
   862.73118404475235        8.93089622E-02
   862.87439971275444        8.99131745E-02
   863.01761538075652        9.05027986E-02
   863.16083104875861        9.10774842E-02
   863.30404671676069        9.16369110E-02
   863.44726238476278        9.21807587E-02
   863.59047805276487        9.27086920E-02
   863.73369372076695        9.32203978E-02
   863.87690938876904        9.37155783E-02
   864.02012505677112        9.41939354E-02
   864.16334072477321        9.46551859E-02
   864.30655639277529        9.50990692E-02
   864.44977206077738        9.55253243E-02
   864.59298772877946        9.59337056E-02
   864.73620339678155        9.63239521E-02
   864.87941906478363        9.66958255E-02
   865.02263473278572        9.70491022E-02
   865.16585040078780        9.73835886E-02
   865.30906606878989        9.76990610E-02
   865.45228173679197        9.79953557E-02
   865.59549740479406        9.82723087E-02
   865.73871307279614        9.85297561E-02
   865.88192874079823        9.87675413E-02
   866.02514440880032        9.89855155E-02
   866.16836007680240        9.91835445E-02
   866.31157574480449        9.93615016E-02
   866.45479141280657        9.95193124E-02
   866.59800708080866        9.96568948E-02
   866.74122274881074        9.97741818E-02
   866.88443841681283        9.98711213E-02
   867.02765408481491        9.99476612E-02
   867.17086975281700       0.100003764    
   867.31408542081908       0.100039393    
   867.45730108882117       0.100054547    
   867.60051675682325       0.100049220    
   867.74373242482534       0.100023463    
   867.88694809282742        9.99773145E-02
   868.03016376082951        9.99108255E-02
   868.17337942883159        9.98240784E-02
   868.31659509683368        9.97171327E-02
   868.45981076483577        9.95900780E-02
   868.60302643283785        9.94430035E-02
   868.74624210083994        9.92760360E-02
   868.88945776884202        9.90893096E-02
   869.03267343684411        9.88829806E-02
   869.17588910484619        9.86572132E-02
   869.31910477284828        9.84121859E-02
   869.46232044085036        9.81480926E-02
   869.60553610885245        9.78651047E-02
   869.74875177685453        9.75634307E-02
   869.89196744485662        9.72432941E-02
   870.03518311285870        9.69049335E-02
   870.17839878086079        9.65485871E-02
   870.32161444886287        9.61745530E-02
   870.46483011686496        9.57830846E-02
   870.60804578486704        9.53744724E-02
   870.75126145286913        9.49490070E-02
   870.89447712087122        9.45069864E-02
   871.03769278887330        9.40487161E-02
   871.18090845687539        9.35745239E-02
   871.32412412487747        9.30847675E-02
   871.46733979287956        9.25797969E-02
   871.61055546088164        9.20599774E-02
   871.75377112888373        9.15256664E-02
   871.89698679688581        9.09772366E-02
   872.04020246488790        9.04150456E-02
   872.18341813288998        8.98394957E-02
   872.32663380089207        8.92509669E-02
   872.46984946889415        8.86498690E-02
   872.61306513689624        8.80366266E-02
   872.75628080489832        8.74116644E-02
   872.89949647290041        8.67754146E-02
   873.04271214090249        8.61282945E-02
   873.18592780890458        8.54707211E-02
   873.32914347690667        8.48031491E-02
   873.47235914490875        8.41260105E-02
   873.61557481291084        8.34397525E-02
   873.75879048091292        8.27448517E-02
   873.90200614891501        8.20417404E-02
   874.04522181691709        8.13309103E-02
   874.18843748491918        8.06127936E-02
   874.33165315292126        7.98878521E-02
   874.47486882092335        7.91565403E-02
   874.61808448892543        7.84193277E-02
   874.76130015692752        7.76766613E-02
   874.90451582492960        7.69290328E-02
   875.04773149293169        7.61768967E-02
   875.19094716093377        7.54207373E-02
   875.33416282893586        7.46610016E-02
   875.47737849693794        7.38981441E-02
   875.62059416494003        7.31326193E-02
   875.76380983294212        7.23648891E-02
   875.90702550094420        7.15954006E-02
   876.05024116894629        7.08246082E-02
   876.19345683694837        7.00529665E-02
   876.33667250495046        6.92809448E-02
   876.47988817295254        6.85089603E-02
   876.62310384095463        6.77374452E-02
   876.76631950895671        6.69668168E-02
   876.90953517695880        6.61974996E-02
   877.05275084496088        6.54299185E-02
   877.19596651296297        6.46644831E-02
   877.33918218096505        6.39016107E-02
   877.48239784896714        6.31417111E-02
   877.62561351696922        6.23851717E-02
   877.76882918497131        6.16323762E-02
   877.91204485297339        6.08836934E-02
   878.05526052097548        6.01394847E-02
   878.19847618897757        5.94001040E-02
   878.34169185697965        5.86659312E-02
   878.48490752498174        5.79373091E-02
   878.62812319298382        5.72145879E-02
   878.77133886098591        5.64980805E-02
   878.91455452898799        5.57880923E-02
   879.05777019699008        5.50849214E-02
   879.20098586499216        5.43888584E-02
   879.34420153299425        5.37001975E-02
   879.48741720099633        5.30192256E-02
   879.63063286899842        5.23462258E-02
   879.77384853700050        5.16814664E-02
   879.91706420500259        5.10251932E-02
   880.06027987300467        5.03776297E-02
   880.20349554100676        4.97389995E-02
   880.34671120900884        4.91095111E-02
   880.48992687701093        4.84893769E-02
   880.63314254501302        4.78787981E-02
   880.77635821301510        4.72779758E-02
   880.91957388101719        4.66870926E-02
   881.06278954901927        4.61063050E-02
   881.20600521702136        4.55357544E-02
   881.34922088502344        4.49755639E-02
   881.49243655302553        4.44258526E-02
   881.63565222102761        4.38867435E-02
   881.77886788902970        4.33583520E-02
   881.92208355703178        4.28407863E-02
   882.06529922503387        4.23341468E-02
   882.20851489303595        4.18385044E-02
   882.35173056103804        4.13539298E-02
   882.49494622904012        4.08804640E-02
   882.63816189704221        4.04181555E-02
   882.78137756504429        3.99670303E-02
   882.92459323304638        3.95271257E-02
   883.06780890104847        3.90984640E-02
   883.21102456905055        3.86810713E-02
   883.35424023705264        3.82749364E-02
   883.49745590505472        3.78800482E-02
   883.64067157305681        3.74963656E-02
   883.78388724105889        3.71238589E-02
   883.92710290906098        3.67624834E-02
   884.07031857706306        3.64121981E-02
   884.21353424506515        3.60729545E-02
   884.35674991306723        3.57446969E-02
   884.49996558106932        3.54273468E-02
   884.64318124907140        3.51208299E-02
   884.78639691707349        3.48250456E-02
   884.92961258507557        3.45398933E-02
   885.07282825307766        3.42652760E-02
   885.21604392107974        3.40010822E-02
   885.35925958908183        3.37472036E-02
   885.50247525708392        3.35035324E-02
   885.64569092508600        3.32699418E-02
   885.78890659308809        3.30462977E-02
   885.93212226109017        3.28324512E-02
   886.07533792909226        3.26282457E-02
   886.21855359709434        3.24335359E-02
   886.36176926509643        3.22481692E-02
   886.50498493309851        3.20719965E-02
   886.64820060110060        3.19048651E-02
   886.79141626910268        3.17466184E-02
   886.93463193710477        3.15970778E-02
   887.07784760510685        3.14560644E-02
   887.22106327310894        3.13233919E-02
   887.36427894111102        3.11988741E-02
   887.50749460911311        3.10823359E-02
   887.65071027711519        3.09735984E-02
   887.79392594511728        3.08724865E-02
   887.93714161311937        3.07788160E-02
   888.08035728112145        3.06923948E-02
   888.22357294912354        3.06130275E-02
   888.36678861712562        3.05404998E-02
   888.51000428512771        3.04746218E-02
   888.65321995312979        3.04151922E-02
   888.79643562113188        3.03620249E-02
   888.93965128913396        3.03149372E-02
   889.08286695713605        3.02737430E-02
   889.22608262513813        3.02382540E-02
   889.36929829314022        3.02082747E-02
   889.51251396114230        3.01836021E-02
   889.65572962914439        3.01640332E-02
   889.79894529714647        3.01493704E-02
   889.94216096514856        3.01394276E-02
   890.08537663315064        3.01340278E-02
   890.22859230115273        3.01329885E-02
   890.37180796915482        3.01361308E-02
   890.51502363715690        3.01432628E-02
   890.65823930515899        3.01541965E-02
   890.80145497316107        3.01687419E-02
   890.94467064116316        3.01867165E-02
   891.08788630916524        3.02079450E-02
   891.23110197716733        3.02322656E-02
   891.37431764516941        3.02595142E-02
   891.51753331317150        3.02895345E-02
   891.66074898117358        3.03221606E-02
   891.80396464917567        3.03572323E-02
   891.94718031717775        3.03945802E-02
   892.09039598517984        3.04340497E-02
   892.23361165318192        3.04754898E-02
   892.37682732118401        3.05187628E-02
   892.52004298918609        3.05637233E-02
   892.66325865718818        3.06102335E-02
   892.80647432519027        3.06581631E-02
   892.94968999319235        3.07073668E-02
   893.09290566119444        3.07577141E-02
   893.23612132919652        3.08090746E-02
   893.37933699719861        3.08613237E-02
   893.52255266520069        3.09143513E-02
   893.66576833320278        3.09680440E-02
   893.80898400120486        3.10222954E-02
   893.95219966920695        3.10769975E-02
   894.09541533720903        3.11320424E-02
   894.23863100521112        3.11873220E-02
   894.38184667321320        3.12427394E-02
   894.52506234121529        3.12982053E-02
   894.66827800921737        3.13536339E-02
   894.81149367721946        3.14089507E-02
   894.95470934522154        3.14640738E-02
   895.09792501322363        3.15189287E-02
   895.24114068122572        3.15734409E-02
   895.38435634922780        3.16275284E-02
   895.52757201722989        3.16811204E-02
   895.67078768523197        3.17341574E-02
   895.81400335323406        3.17865871E-02
   895.95721902123614        3.18383574E-02
   896.10043468923823        3.18894163E-02
   896.24365035724031        3.19397226E-02
   896.38686602524240        3.19892168E-02
   896.53008169324448        3.20378467E-02
   896.67329736124657        3.20855677E-02
   896.81651302924865        3.21323387E-02
   896.95972869725074        3.21781300E-02
   897.10294436525282        3.22229117E-02
   897.24616003325491        3.22666690E-02
   897.38937570125699        3.23093683E-02
   897.53259136925908        3.23509797E-02
   897.67580703726117        3.23914811E-02
   897.81902270526325        3.24308425E-02
   897.96223837326534        3.24690416E-02
   898.10545404126742        3.25060785E-02
   898.24866970926951        3.25419344E-02
   898.39188537727159        3.25766206E-02
   898.53510104527368        3.26101258E-02
   898.67831671327576        3.26424465E-02
   898.82153238127785        3.26735675E-02
   898.96474804927993        3.27034779E-02
   899.10796371728202        3.27321775E-02
   899.25117938528410        3.27596664E-02
   899.39439505328619        3.27859521E-02
   899.53761072128827        3.28110345E-02
   899.68082638929036        3.28349248E-02
   899.82404205729244        3.28576267E-02
   899.96725772529453        3.28791328E-02
   900.11047339329662        3.28994505E-02
   900.25368906129870        3.29185873E-02
   900.39690472930079        3.29365507E-02
   900.54012039730287        3.29533592E-02
   900.68333606530496        3.29690315E-02
   900.82655173330704        3.29835825E-02
   900.96976740130913        3.29970233E-02
   901.11298306931121        3.30093652E-02
   901.25619873731330        3.30206156E-02
   901.39941440531538        3.30307856E-02
   901.54263007331747        3.30398940E-02
   901.68584574131955        3.30479518E-02
   901.82906140932164        3.30549851E-02
   901.97227707732372        3.30610201E-02
   902.11549274532581        3.30660678E-02
   902.25870841332789        3.30701470E-02
   902.40192408132998        3.30732688E-02
   902.54513974933207        3.30754519E-02
   902.68835541733415        3.30767110E-02
   902.83157108533624        3.30770686E-02
   902.97478675333832        3.30765545E-02
   903.11800242134041        3.30751836E-02
   903.26121808934249        3.30729820E-02
   903.40443375734458        3.30699608E-02
   903.54764942534666        3.30661312E-02
   903.69086509334875        3.30615118E-02
   903.83408076135083        3.30561213E-02
   903.97729642935292        3.30499783E-02
   904.12051209735500        3.30431089E-02
   904.26372776535709        3.30355354E-02
   904.40694343335917        3.30272801E-02
   904.55015910136126        3.30183692E-02
   904.69337476936334        3.30088139E-02
   904.83659043736543        3.29986326E-02
   904.97980610536752        3.29878479E-02
   905.12302177336960        3.29764783E-02
   905.26623744137169        3.29645611E-02
   905.40945310937377        3.29521149E-02
   905.55266877737586        3.29391658E-02
   905.69588444537794        3.29257287E-02
   905.83910011338003        3.29118110E-02
   905.98231578138211        3.28974351E-02
   906.12553144938420        3.28826159E-02
   906.26874711738628        3.28673795E-02
   906.41196278538837        3.28517482E-02
   906.55517845339045        3.28357555E-02
   906.69839412139254        3.28194201E-02
   906.84160978939462        3.28027718E-02
   906.98482545739671        3.27858180E-02
   907.12804112539879        3.27685848E-02
   907.27125679340088        3.27510908E-02
   907.41447246140297        3.27333696E-02
   907.55768812940505        3.27154510E-02
   907.70090379740714        3.26973684E-02
   907.84411946540922        3.26791517E-02
   907.98733513341131        3.26608196E-02
   908.13055080141339        3.26423943E-02
   908.27376646941548        3.26239020E-02
   908.41698213741756        3.26053649E-02
   908.56019780541965        3.25868055E-02
   908.70341347342173        3.25682648E-02
   908.84662914142382        3.25497761E-02
   908.98984480942590        3.25313807E-02
   909.13306047742799        3.25130969E-02
   909.27627614543007        3.24949510E-02
   909.41949181343216        3.24769691E-02
   909.56270748143424        3.24591734E-02
   909.70592314943633        3.24416012E-02
   909.84913881743842        3.24242860E-02
   909.99235448544050        3.24072763E-02
   910.13557015344259        3.23906019E-02
   910.27878582144467        3.23743001E-02
   910.42200148944676        3.23583968E-02
   910.56521715744884        3.23429257E-02
   910.70843282545093        3.23279202E-02
   910.85164849345301        3.23134139E-02
   910.99486416145510        3.22994553E-02
   911.13807982945718        3.22860926E-02
   911.28129549745927        3.22733670E-02
   911.42451116546135        3.22613195E-02
   911.56772683346344        3.22499871E-02
   911.71094250146552        3.22393999E-02
   911.85415816946761        3.22295912E-02
   911.99737383746969        3.22206020E-02
   912.14058950547178        3.22124697E-02
   912.28380517347387        3.22052427E-02
   912.42702084147595        3.21989655E-02
   912.57023650947804        3.21936831E-02
   912.71345217748012        3.21894288E-02
   912.85666784548221        3.21862362E-02
   912.99988351348429        3.21841426E-02
   913.14309918148638        3.21831927E-02
   913.28631484948846        3.21834236E-02
   913.42953051749055        3.21848914E-02
   913.57274618549263        3.21876556E-02
   913.71596185349472        3.21917534E-02
   913.85917752149680        3.21972370E-02
   914.00239318949889        3.22041363E-02
   914.14560885750097        3.22124846E-02
   914.28882452550306        3.22223268E-02
   914.43204019350514        3.22337002E-02
   914.57525586150723        3.22466604E-02
   914.71847152950932        3.22612487E-02
   914.86168719751140        3.22775096E-02
   915.00490286551349        3.22954878E-02
   915.14811853351557        3.23152095E-02
   915.29133420151766        3.23367082E-02
   915.43454986951974        3.23600136E-02
   915.57776553752183        3.23851630E-02
   915.72098120552391        3.24121937E-02
   915.86419687352600        3.24411578E-02
   916.00741254152808        3.24720927E-02
   916.15062820953017        3.25050279E-02
   916.29384387753225        3.25400010E-02
   916.43705954553434        3.25770304E-02
   916.58027521353642        3.26161496E-02
   916.72349088153851        3.26573774E-02
   916.86670654954060        3.27007547E-02
   917.00992221754268        3.27463076E-02
   917.15313788554477        3.27940769E-02
   917.29635355354685        3.28440927E-02
   917.43956922154894        3.28963734E-02
   917.58278488955102        3.29509377E-02
   917.72600055755311        3.30077931E-02
   917.86921622555519        3.30669656E-02
   918.01243189355728        3.31284627E-02
   918.15564756155936        3.31923179E-02
   918.29886322956145        3.32585461E-02
   918.44207889756353        3.33271660E-02
   918.58529456556562        3.33981849E-02
   918.72851023356770        3.34716067E-02
   918.87172590156979        3.35474312E-02
   919.01494156957187        3.36256549E-02
   919.15815723757396        3.37062851E-02
   919.30137290557605        3.37893292E-02
   919.44458857357813        3.38748023E-02
   919.58780424158022        3.39627117E-02
   919.73101990958230        3.40530500E-02
   919.87423557758439        3.41457985E-02
   920.01745124558647        3.42409462E-02
   920.16066691358856        3.43384743E-02
   920.30388258159064        3.44383717E-02
   920.44709824959273        3.45406383E-02
   920.59031391759481        3.46452668E-02
   920.73352958559690        3.47522423E-02
   920.87674525359898        3.48615423E-02
   921.01996092160107        3.49731296E-02
   921.16317658960315        3.50869745E-02
   921.30639225760524        3.52030359E-02
   921.44960792560732        3.53212878E-02
   921.59282359360941        3.54417004E-02
   921.73603926161150        3.55642624E-02
   921.87925492961358        3.56889442E-02
   922.02247059761567        3.58157083E-02
   922.16568626561775        3.59445140E-02
   922.30890193361984        3.60752977E-02
   922.45211760162192        3.62080112E-02
   922.59533326962401        3.63426059E-02
   922.73854893762609        3.64790484E-02
   922.88176460562818        3.66172940E-02
   923.02498027363026        3.67573164E-02
   923.16819594163235        3.68990600E-02
   923.31141160963443        3.70424613E-02
   923.45462727763652        3.71874496E-02
   923.59784294563860        3.73339504E-02
   923.74105861364069        3.74818966E-02
   923.88427428164277        3.76312360E-02
   924.02748994964486        3.77819091E-02
   924.17070561764695        3.79338712E-02
   924.31392128564903        3.80870625E-02
   924.45713695365112        3.82414013E-02
   924.60035262165320        3.83968130E-02
   924.74356828965529        3.85532044E-02
   924.88678395765737        3.87104973E-02
   925.02999962565946        3.88686210E-02
   925.17321529366154        3.90275083E-02
   925.31643096166363        3.91870998E-02
   925.45964662966571        3.93473282E-02
   925.60286229766780        3.95081043E-02
   925.74607796566988        3.96693498E-02
   925.88929363367197        3.98309529E-02
   926.03250930167405        3.99928354E-02
   926.17572496967614        4.01549116E-02
   926.31894063767822        4.03171033E-02
   926.46215630568031        4.04793434E-02
   926.60537197368240        4.06415574E-02
   926.74858764168448        4.08036560E-02
   926.89180330968657        4.09655459E-02
   927.03501897768865        4.11271192E-02
   927.17823464569074        4.12882790E-02
   927.32145031369282        4.14489396E-02
   927.46466598169491        4.16090153E-02
   927.60788164969699        4.17684317E-02
   927.75109731769908        4.19271141E-02
   927.89431298570116        4.20849770E-02
   928.03752865370325        4.22419198E-02
   928.18074432170533        4.23978381E-02
   928.32395998970742        4.25526313E-02
   928.46717565770950        4.27061990E-02
   928.61039132571159        4.28584665E-02
   928.75360699371367        4.30093594E-02
   928.89682266171576        4.31588031E-02
   929.04003832971785        4.33067158E-02
   929.18325399771993        4.34530005E-02
   929.32646966572202        4.35975716E-02
   929.46968533372410        4.37403284E-02
   929.61290100172619        4.38811779E-02
   929.75611666972827        4.40200493E-02
   929.89933233773036        4.41568606E-02
   930.04254800573244        4.42915484E-02
   930.18576367373453        4.44240421E-02
   930.32897934173661        4.45542559E-02
   930.47219500973870        4.46821004E-02
   930.61541067774078        4.48074713E-02
   930.75862634574287        4.49302867E-02
   930.90184201374495        4.50504720E-02
   931.04505768174704        4.51679714E-02
   931.18827334974912        4.52827215E-02
   931.33148901775121        4.53946665E-02
   931.47470468575330        4.55037355E-02
   931.61792035375538        4.56098467E-02
   931.76113602175747        4.57129218E-02
   931.90435168975955        4.58128788E-02
   932.04756735776164        4.59096581E-02
   932.19078302576372        4.60032038E-02
   932.33399869376581        4.60934751E-02
   932.47721436176789        4.61804345E-02
   932.62043002976998        4.62640151E-02
   932.76364569777206        4.63441648E-02
   932.90686136577415        4.64208052E-02
   933.05007703377623        4.64938805E-02
   933.19329270177832        4.65633348E-02
   933.33650836978040        4.66291383E-02
   933.47972403778249        4.66912650E-02
   933.62293970578457        4.67496887E-02
   933.76615537378666        4.68043722E-02
   933.90937104178875        4.68552709E-02
   934.05258670979083        4.69023287E-02
   934.19580237779292        4.69454974E-02
   934.33901804579500        4.69847322E-02
   934.48223371379709        4.70200181E-02
   934.62544938179917        4.70513403E-02
   934.76866504980126        4.70786989E-02
   934.91188071780334        4.71020713E-02
   935.05509638580543        4.71214503E-02
   935.19831205380751        4.71367873E-02
   935.34152772180960        4.71480526E-02
   935.48474338981168        4.71552163E-02
   935.62795905781377        4.71582785E-02
   935.77117472581585        4.71572503E-02
   935.91439039381794        4.71521541E-02
   936.05760606182002        4.71429974E-02
   936.20082172982211        4.71297875E-02
   936.34403739782420        4.71125022E-02
   936.48725306582628        4.70911227E-02
   936.63046873382837        4.70656343E-02
   936.77368440183045        4.70360406E-02
   936.91690006983254        4.70023677E-02
   937.06011573783462        4.69646491E-02
   937.20333140583671        4.69229221E-02
   937.34654707383879        4.68772054E-02
   937.48976274184088        4.68275025E-02
   937.63297840984296        4.67738248E-02
   937.77619407784505        4.67161648E-02
   937.91940974584713        4.66545410E-02
   938.06262541384922        4.65889871E-02
   938.20584108185130        4.65195626E-02
   938.34905674985339        4.64463197E-02
   938.49227241785547        4.63693179E-02
   938.63548808585756        4.62885872E-02
   938.77870375385965        4.62041423E-02
   938.92191942186173        4.61160019E-02
   939.06513508986382        4.60241884E-02
   939.20835075786590        4.59287390E-02
   939.35156642586799        4.58297282E-02
   939.49478209387007        4.57272232E-02
   939.63799776187216        4.56212945E-02
   939.78121342987424        4.55119908E-02
   939.92442909787633        4.53993529E-02
   940.06764476587841        4.52833995E-02
   940.21086043388050        4.51641716E-02
   940.35407610188258        4.50417250E-02
   940.49729176988467        4.49161381E-02
   940.64050743788675        4.47874963E-02
   940.78372310588884        4.46558818E-02
   940.92693877389092        4.45213616E-02
   941.07015444189301        4.43839803E-02
   941.21337010989510        4.42437828E-02
   941.35658577789718        4.41008061E-02
   941.49980144589927        4.39551137E-02
   941.64301711390135        4.38067913E-02
   941.78623278190344        4.36559319E-02
   941.92944844990552        4.35026363E-02
   942.07266411790761        4.33469713E-02
   942.21587978590969        4.31890003E-02
   942.35909545391178        4.30287793E-02
   942.50231112191386        4.28663567E-02
   942.64552678991595        4.27018031E-02
   942.78874245791803        4.25351933E-02
   942.93195812592012        4.23666351E-02
   943.07517379392220        4.21962254E-02
   943.21838946192429        4.20240536E-02
   943.36160512992637        4.18501794E-02
   943.50482079792846        4.16746661E-02
   943.64803646593055        4.14975584E-02
   943.79125213393263        4.13189381E-02
   943.93446780193472        4.11388837E-02
   944.07768346993680        4.09575030E-02
   944.22089913793889        4.07748967E-02
   944.36411480594097        4.05911580E-02
   944.50733047394306        4.04063538E-02
   944.65054614194514        4.02205475E-02
   944.79376180994723        4.00337875E-02
   944.93697747794931        3.98461372E-02
   945.08019314595140        3.96576747E-02
   945.22340881395348        3.94685045E-02
   945.36662448195557        3.92787308E-02
   945.50984014995765        3.90884504E-02
   945.65305581795974        3.88977379E-02
   945.79627148596182        3.87066603E-02
   945.93948715396391        3.85152549E-02
   946.08270282196600        3.83235812E-02
   946.22591848996808        3.81317027E-02
   946.36913415797017        3.79397199E-02
   946.51234982597225        3.77477221E-02
   946.65556549397434        3.75558175E-02
   946.79878116197642        3.73640805E-02
   946.94199682997851        3.71725745E-02
   947.08521249798059        3.69813442E-02
   947.22842816598268        3.67904380E-02
   947.37164383398476        3.65999155E-02
   947.51485950198685        3.64098586E-02
   947.65807516998893        3.62203643E-02
   947.80129083799102        3.60315368E-02
   947.94450650599310        3.58434543E-02
   948.08772217399519        3.56561728E-02
   948.23093784199727        3.54697295E-02
   948.37415350999936        3.52841541E-02
   948.51736917800145        3.50994915E-02
   948.66058484600353        3.49158086E-02
   948.80380051400562        3.47331800E-02
   948.94701618200770        3.45517024E-02
   949.09023185000979        3.43714468E-02
   949.23344751801187        3.41924801E-02
   949.37666318601396        3.40148322E-02
   949.51987885401604        3.38385366E-02
   949.66309452201813        3.36636230E-02
   949.80631019002021        3.34901363E-02
   949.94952585802230        3.33181471E-02
   950.09274152602438        3.31477337E-02
   950.23595719402647        3.29789668E-02
   950.37917286202855        3.28119136E-02
   950.52238853003064        3.26466039E-02
   950.66560419803272        3.24830562E-02
   950.80881986603481        3.23212966E-02
   950.95203553403690        3.21613550E-02
   951.09525120203898        3.20032835E-02
   951.23846687004107        3.18471454E-02
   951.38168253804315        3.16930041E-02
   951.52489820604524        3.15409154E-02
   951.66811387404732        3.13909017E-02
   951.81132954204941        3.12429797E-02
   951.95454521005149        3.10971551E-02
   952.09776087805358        3.09534483E-02
   952.24097654605566        3.08118928E-02
   952.38419221405775        3.06725428E-02
   952.52740788205983        3.05354502E-02
   952.67062355006192        3.04006599E-02
   952.81383921806400        3.02681979E-02
   952.95705488606609        3.01380791E-02
   953.10027055406817        3.00103016E-02
   953.24348622207026        2.98848785E-02
   953.38670189007235        2.97618322E-02
   953.52991755807443        2.96411999E-02
   953.67313322607652        2.95230225E-02
   953.81634889407860        2.94073410E-02
   953.95956456208069        2.92941667E-02
   954.10278023008277        2.91834995E-02
   954.24599589808486        2.90753320E-02
   954.38921156608694        2.89696623E-02
   954.53242723408903        2.88664997E-02
   954.67564290209111        2.87658721E-02
   954.81885857009320        2.86678188E-02
   954.96207423809528        2.85723656E-02
   955.10528990609737        2.84795258E-02
   955.24850557409945        2.83892900E-02
   955.39172124210154        2.83016376E-02
   955.53493691010362        2.82165520E-02
   955.67815257810571        2.81340368E-02
   955.82136824610780        2.80541070E-02
   955.96458391410988        2.79767960E-02
   956.10779958211197        2.79021300E-02
   956.25101525011405        2.78301146E-02
   956.39423091811614        2.77607404E-02
   956.53744658611822        2.76939757E-02
   956.68066225412031        2.76297946E-02
   956.82387792212239        2.75681764E-02
   956.96709359012448        2.75091268E-02
   957.11030925812656        2.74526644E-02
   957.25352492612865        2.73988098E-02
   957.39674059413073        2.73475721E-02
   957.53995626213282        2.72989310E-02
   957.68317193013490        2.72528548E-02
   957.82638759813699        2.72093024E-02
   957.96960326613907        2.71682478E-02
   958.11281893414116        2.71296762E-02
   958.25603460214325        2.70936042E-02
   958.39925027014533        2.70600449E-02
   958.54246593814742        2.70290002E-02
   958.68568160614950        2.70004570E-02
   958.82889727415159        2.69743782E-02
   958.97211294215367        2.69507132E-02
   959.11532861015576        2.69294158E-02
   959.25854427815784        2.69104615E-02
   959.40175994615993        2.68938392E-02
   959.54497561416201        2.68795528E-02
   959.68819128216410        2.68676095E-02
   959.83140695016618        2.68579908E-02
   959.97462261816827        2.68506687E-02
   960.11783828617035        2.68455930E-02
   960.26105395417244        2.68427134E-02
   960.40426962217452        2.68419906E-02
   960.54748529017661        2.68434044E-02
   960.69070095817870        2.68469527E-02
   960.83391662618078        2.68526375E-02
   960.97713229418287        2.68604383E-02
   961.12034796218495        2.68703178E-02
   961.26356363018704        2.68822238E-02
   961.40677929818912        2.68960968E-02
   961.54999496619121        2.69118845E-02
   961.69321063419329        2.69295499E-02
   961.83642630219538        2.69490778E-02
   961.97964197019746        2.69704629E-02
   962.12285763819955        2.69936826E-02
   962.26607330620163        2.70187091E-02
   962.40928897420372        2.70454902E-02
   962.55250464220580        2.70739645E-02
   962.69572031020789        2.71040797E-02
   962.83893597820997        2.71357913E-02
   962.98215164621206        2.71690749E-02
   963.12536731421415        2.72039119E-02
   963.26858298221623        2.72402838E-02
   963.41179865021832        2.72781551E-02
   963.55501431822040        2.73174793E-02
   963.69822998622249        2.73581855E-02
   963.84144565422457        2.74002198E-02
   963.98466132222666        2.74435282E-02
   964.12787699022874        2.74880715E-02
   964.27109265823083        2.75338329E-02
   964.41430832623291        2.75807865E-02
   964.55752399423500        2.76289023E-02
   964.70073966223708        2.76781321E-02
   964.84395533023917        2.77284123E-02
   964.98717099824125        2.77796835E-02
   965.13038666624334        2.78318934E-02
   965.27360233424542        2.78850067E-02
   965.41681800224751        2.79389955E-02
   965.56003367024960        2.79938430E-02
   965.70324933825168        2.80495100E-02
   965.84646500625377        2.81059518E-02
   965.98968067425585        2.81631090E-02
   966.13289634225794        2.82209124E-02
   966.27611201026002        2.82793045E-02
   966.41932767826211        2.83382498E-02
   966.56254334626419        2.83977222E-02
   966.70575901426628        2.84577012E-02
   966.84897468226836        2.85181645E-02
   966.99219035027045        2.85790674E-02
   967.13540601827253        2.86403541E-02
   967.27862168627462        2.87019610E-02
   967.42183735427670        2.87638307E-02
   967.56505302227879        2.88259238E-02
   967.70826869028087        2.88882144E-02
   967.85148435828296        2.89506838E-02
   967.99470002628505        2.90133096E-02
   968.13791569428713        2.90760584E-02
   968.28113136228922        2.91388780E-02
   968.42434703029130        2.92017087E-02
   968.56756269829339        2.92644966E-02
   968.71077836629547        2.93272100E-02
   968.85399403429756        2.93898284E-02
   968.99720970229964        2.94523444E-02
   969.14042537030173        2.95147449E-02
   969.28364103830381        2.95770094E-02
   969.42685670630590        2.96390913E-02
   969.57007237430798        2.97009405E-02
   969.71328804231007        2.97625065E-02
   969.85650371031215        2.98237521E-02
   969.99971937831424        2.98846588E-02
   970.14293504631632        2.99452208E-02
   970.28615071431841        3.00054289E-02
   970.42936638232050        3.00652776E-02
   970.57258205032258        3.01247276E-02
   970.71579771832467        3.01837400E-02
   970.85901338632675        3.02422643E-02
   971.00222905432884        3.03002652E-02
   971.14544472233092        3.03577296E-02
   971.28866039033301        3.04146558E-02
   971.43187605833509        3.04710586E-02
   971.57509172633718        3.05269398E-02
   971.71830739433926        3.05822901E-02
   971.86152306234135        3.06370743E-02
   972.00473873034343        3.06912661E-02
   972.14795439834552        3.07448320E-02
   972.29117006634760        3.07977684E-02
   972.43438573434969        3.08500770E-02
   972.57760140235177        3.09017748E-02
   972.72081707035386        3.09528783E-02
   972.86403273835595        3.10033858E-02
   973.00724840635803        3.10532823E-02
   973.15046407436012        3.11025344E-02
   973.29367974236220        3.11511196E-02
   973.43689541036429        3.11990194E-02
   973.58011107836637        3.12462449E-02
   973.72332674636846        3.12928185E-02
   973.86654241437054        3.13387625E-02
   974.00975808237263        3.13840881E-02
   974.15297375037471        3.14288065E-02
   974.29618941837680        3.14728916E-02
   974.43940508637888        3.15163434E-02
   974.58262075438097        3.15591395E-02
   974.72583642238305        3.16013023E-02
   974.86905209038514        3.16428579E-02
   975.01226775838722        3.16838399E-02
   975.15548342638931        3.17242742E-02
   975.29869909439140        3.17641720E-02
   975.44191476239348        3.18035334E-02
   975.58513043039557        3.18423510E-02
   975.72834609839765        3.18806283E-02
   975.87156176639974        3.19183730E-02
   976.01477743440182        3.19556147E-02
   976.15799310240391        3.19923833E-02
   976.30120877040599        3.20287161E-02
   976.44442443840808        3.20646241E-02
   976.58764010641016        3.21001150E-02
   976.73085577441225        3.21351960E-02
   976.87407144241433        3.21698673E-02
   977.01728711041642        3.22041474E-02
   977.16050277841850        3.22380587E-02
   977.30371844642059        3.22716385E-02
   977.44693411442267        3.23049128E-02
   977.59014978242476        3.23379040E-02
   977.73336545042685        3.23706344E-02
   977.87658111842893        3.24031003E-02
   978.01979678643102        3.24353240E-02
   978.16301245443310        3.24673131E-02
   978.30622812243519        3.24990973E-02
   978.44944379043727        3.25307027E-02
   978.59265945843936        3.25621702E-02
   978.73587512644144        3.25935185E-02
   978.87909079444353        3.26247737E-02
   979.02230646244561        3.26559357E-02
   979.16552213044770        3.26870121E-02
   979.30873779844978        3.27180177E-02
   979.45195346645187        3.27489637E-02
   979.59516913445395        3.27798873E-02
   979.73838480245604        3.28108147E-02
   979.88160047045812        3.28417718E-02
   980.02481613846021        3.28727625E-02
   980.16803180646230        3.29037979E-02
   980.31124747446438        3.29348780E-02
   980.45446314246647        3.29660065E-02
   980.59767881046855        3.29972059E-02
   980.74089447847064        3.30285057E-02
   980.88411014647272        3.30599323E-02
   981.02732581447481        3.30915153E-02
   981.17054148247689        3.31232660E-02
   981.31375715047898        3.31551880E-02
   981.45697281848106        3.31872776E-02
   981.60018848648315        3.32195312E-02
   981.74340415448523        3.32519449E-02
   981.88661982248732        3.32845375E-02
   982.02983549048940        3.33173200E-02
   982.17305115849149        3.33503112E-02
   982.31626682649357        3.33835147E-02
   982.45948249449566        3.34169343E-02
   982.60269816249775        3.34505625E-02
   982.74591383049983        3.34843881E-02
   982.88912949850192        3.35184000E-02
   983.03234516650400        3.35526131E-02
   983.17556083450609        3.35870311E-02
   983.31877650250817        3.36216800E-02
   983.46199217051026        3.36565599E-02
   983.60520783851234        3.36916707E-02
   983.74842350651443        3.37269977E-02
   983.89163917451651        3.37625258E-02
   984.03485484251860        3.37982252E-02
   984.17807051052068        3.38340923E-02
   984.32128617852277        3.38701196E-02
   984.46450184652485        3.39063145E-02
   984.60771751452694        3.39426696E-02
   984.75093318252902        3.39791924E-02
   984.89414885053111        3.40158641E-02
   985.03736451853320        3.40526626E-02
   985.18058018653528        3.40895616E-02
   985.32379585453737        3.41265388E-02
   985.46701152253945        3.41635719E-02
   985.61022719054154        3.42006534E-02
   985.75344285854362        3.42377760E-02
   985.89665852654571        3.42749357E-02
   986.03987419454779        3.43121141E-02
   986.18308986254988        3.43492813E-02
   986.32630553055196        3.43864076E-02
   986.46952119855405        3.44234705E-02
   986.61273686655613        3.44604403E-02
   986.75595253455822        3.44973095E-02
   986.89916820256030        3.45340706E-02
   987.04238387056239        3.45707126E-02
   987.18559953856447        3.46072204E-02
   987.32881520656656        3.46435606E-02
   987.47203087456865        3.46797071E-02
   987.61524654257073        3.47156227E-02
   987.75846221057282        3.47512774E-02
   987.90167787857490        3.47866490E-02
   988.04489354657699        3.48217189E-02
   988.18810921457907        3.48564796E-02
   988.33132488258116        3.48909050E-02
   988.47454055058324        3.49249728E-02
   988.61775621858533        3.49586532E-02
   988.76097188658741        3.49919237E-02
   988.90418755458950        3.50247473E-02
   989.04740322259158        3.50571051E-02
   989.19061889059367        3.50889824E-02
   989.33383455859575        3.51203531E-02
   989.47705022659784        3.51512097E-02
   989.62026589459992        3.51815224E-02
   989.76348156260201        3.52112688E-02
   989.90669723060410        3.52404155E-02
   990.04991289860618        3.52689326E-02
   990.19312856660827        3.52968052E-02
   990.33634423461035        3.53240184E-02
   990.47955990261244        3.53505611E-02
   990.62277557061452        3.53764296E-02
   990.76599123861661        3.54016125E-02
   990.90920690661869        3.54260802E-02
   991.05242257462078        3.54498215E-02
   991.19563824262286        3.54728028E-02
   991.33885391062495        3.54950055E-02
   991.48206957862703        3.55164222E-02
   991.62528524662912        3.55370529E-02
   991.76850091463120        3.55568901E-02
   991.91171658263329        3.55759263E-02
   992.05493225063537        3.55941504E-02
   992.19814791863746        3.56115401E-02
   992.34136358663955        3.56280804E-02
   992.48457925464163        3.56437638E-02
   992.62779492264372        3.56585830E-02
   992.77101059064580        3.56725417E-02
   992.91422625864789        3.56856436E-02
   993.05744192664997        3.56978960E-02
   993.20065759465206        3.57092917E-02
   993.34387326265414        3.57198343E-02
   993.48708893065623        3.57295088E-02
   993.63030459865831        3.57383117E-02
   993.77352026666040        3.57462466E-02
   993.91673593466248        3.57533246E-02
   994.05995160266457        3.57595608E-02
   994.20316727066665        3.57649773E-02
   994.34638293866874        3.57695781E-02
   994.48959860667082        3.57733741E-02
   994.63281427467291        3.57763618E-02
   994.77602994267500        3.57785486E-02
   994.91924561067708        3.57799381E-02
   995.06246127867917        3.57805453E-02
   995.20567694668125        3.57803926E-02
   995.34889261468334        3.57795060E-02
   995.49210828268542        3.57779004E-02
   995.63532395068751        3.57756019E-02
   995.77853961868959        3.57726216E-02
   995.92175528669168        3.57689708E-02
   996.06497095469376        3.57646644E-02
   996.20818662269585        3.57597247E-02
   996.35140229069793        3.57541814E-02
   996.49461795870002        3.57480645E-02
   996.63783362670210        3.57414037E-02
   996.78104929470419        3.57342325E-02
   996.92426496270627        3.57265733E-02
   997.06748063070836        3.57184410E-02
   997.21069629871045        3.57098579E-02
   997.35391196671253        3.57008427E-02
   997.49712763471462        3.56914327E-02
   997.64034330271670        3.56816575E-02
   997.78355897071879        3.56715582E-02
   997.92677463872087        3.56611684E-02
   998.06999030672296        3.56505215E-02
   998.21320597472504        3.56396325E-02
   998.35642164272713        3.56285274E-02
   998.49963731072921        3.56172323E-02
   998.64285297873130        3.56057808E-02
   998.78606864673338        3.55942138E-02
   998.92928431473547        3.55825648E-02
   999.07249998273755        3.55708785E-02
   999.21571565073964        3.55591923E-02
   999.35893131874172        3.55475396E-02
   999.50214698674381        3.55359390E-02
   999.64536265474590        3.55244204E-02
   999.78857832274798        3.55130062E-02
   999.93179399075007        3.55017371E-02
   1000.0750096587522        3.54906544E-02
   1000.2182253267542        3.54797877E-02
   1000.3614409947563        3.54691707E-02
   1000.5046566627584        3.54588330E-02
   1000.6478723307605        3.54487896E-02
   1000.7910879987626        3.54390666E-02
   1000.9343036667647        3.54296863E-02
   1001.0775193347667        3.54206748E-02
   1001.2207350027688        3.54120731E-02
   1001.3639506707709        3.54039110E-02
   1001.5071663387730        3.53962258E-02
   1001.6503820067751        3.53890359E-02
   1001.7935976747772        3.53823528E-02
   1001.9368133427793        3.53761986E-02
   1002.0800290107813        3.53705809E-02
   1002.2232446787834        3.53655256E-02
   1002.3664603467855        3.53610627E-02
   1002.5096760147876        3.53572145E-02
   1002.6528916827897        3.53540182E-02
   1002.7961073507918        3.53514925E-02
   1002.9393230187939        3.53496522E-02
   1003.0825386867959        3.53484973E-02
   1003.2257543547980        3.53480354E-02
   1003.3689700228001        3.53482813E-02
   1003.5121856908022        3.53492461E-02
   1003.6554013588043        3.53509486E-02
   1003.7986170268064        3.53534035E-02
   1003.9418326948085        3.53566185E-02
   1004.0850483628105        3.53606008E-02
   1004.2282640308126        3.53653431E-02
   1004.3714796988147        3.53708416E-02
   1004.5146953668168        3.53770927E-02
   1004.6579110348189        3.53840999E-02
   1004.8011267028210        3.53918746E-02
   1004.9443423708231        3.54004353E-02
   1005.0875580388251        3.54097784E-02
   1005.2307737068272        3.54199111E-02
   1005.3739893748293        3.54308262E-02
   1005.5172050428314        3.54425050E-02
   1005.6604207108335        3.54549214E-02
   1005.8036363788356        3.54680680E-02
   1005.9468520468376        3.54819372E-02
   1006.0900677148397        3.54965255E-02
   1006.2332833828418        3.55118290E-02
   1006.3764990508439        3.55278477E-02
   1006.5197147188460        3.55445519E-02
   1006.6629303868481        3.55619192E-02
   1006.8061460548502        3.55799235E-02
   1006.9493617228522        3.55985314E-02
   1007.0925773908543        3.56177315E-02
   1007.2357930588564        3.56375091E-02
   1007.3790087268585        3.56578603E-02
   1007.5222243948606        3.56787667E-02
   1007.6654400628627        3.57002132E-02
   1007.8086557308648        3.57221588E-02
   1007.9518713988668        3.57445776E-02
   1008.0950870668689        3.57674249E-02
   1008.2383027348710        3.57906744E-02
   1008.3815184028731        3.58143114E-02
   1008.5247340708752        3.58383171E-02
   1008.6679497388773        3.58626693E-02
   1008.8111654068794        3.58873494E-02
   1008.9543810748814        3.59123200E-02
   1009.0975967428835        3.59375365E-02
   1009.2408124108856        3.59629542E-02
   1009.3840280788877        3.59885432E-02
   1009.5272437468898        3.60142738E-02
   1009.6704594148919        3.60401273E-02
   1009.8136750828940        3.60660739E-02
   1009.9568907508960        3.60920951E-02
   1010.1001064188981        3.61181460E-02
   1010.2433220869002        3.61441821E-02
   1010.3865377549023        3.61701548E-02
   1010.5297534229044        3.61960195E-02
   1010.6729690909065        3.62217464E-02
   1010.8161847589085        3.62473130E-02
   1010.9594004269106        3.62727046E-02
   1011.1026160949127        3.62978913E-02
   1011.2458317629148        3.63228470E-02
   1011.3890474309169        3.63475233E-02
   1011.5322630989190        3.63718756E-02
   1011.6754787669211        3.63958627E-02
   1011.8186944349231        3.64194587E-02
   1011.9619101029252        3.64426449E-02
   1012.1051257709273        3.64653990E-02
   1012.2483414389294        3.64877060E-02
   1012.3915571069315        3.65095362E-02
   1012.5347727749336        3.65308486E-02
   1012.6779884429357        3.65515910E-02
   1012.8212041109377        3.65717262E-02
   1012.9644197789398        3.65912169E-02
   1013.1076354469419        3.66100594E-02
   1013.2508511149440        3.66282389E-02
   1013.3940667829461        3.66457440E-02
   1013.5372824509482        3.66625525E-02
   1013.6804981189503        3.66786346E-02
   1013.8237137869523        3.66939455E-02
   1013.9669294549544        3.67084481E-02
   1014.1101451229565        3.67221199E-02
   1014.2533607909586        3.67349498E-02
   1014.3965764589607        3.67469341E-02
   1014.5397921269628        3.67580764E-02
   1014.6830077949649        3.67683619E-02
   1014.8262234629669        3.67777720E-02
   1014.9694391309690        3.67862657E-02
   1015.1126547989711        3.67938206E-02
   1015.2558704669732        3.68004180E-02
   1015.3990861349753        3.68060470E-02
   1015.5423018029774        3.68107073E-02
   1015.6855174709794        3.68144102E-02
   1015.8287331389815        3.68171558E-02
   1015.9719488069836        3.68189290E-02
   1016.1151644749857        3.68197151E-02
   1016.2583801429878        3.68194878E-02
   1016.4015958109899        3.68182361E-02
   1016.5448114789920        3.68159525E-02
   1016.6880271469940        3.68126556E-02
   1016.8312428149961        3.68083604E-02
   1016.9744584829982        3.68030816E-02
   1017.1176741510003        3.67968231E-02
   1017.2608898190024        3.67895849E-02
   1017.4041054870045        3.67813446E-02
   1017.5473211550066        3.67720984E-02
   1017.6905368230086        3.67618427E-02
   1017.8337524910107        3.67505886E-02
   1017.9769681590128        3.67383622E-02
   1018.1201838270149        3.67251858E-02
   1018.2633994950170        3.67110781E-02
   1018.4066151630191        3.66960429E-02
   1018.5498308310212        3.66800800E-02
   1018.6930464990232        3.66631784E-02
   1018.8362621670253        3.66453379E-02
   1018.9794778350274        3.66265848E-02
   1019.1226935030295        3.66069414E-02
   1019.2659091710316        3.65864448E-02
   1019.4091248390337        3.65651250E-02
   1019.5523405070358        3.65429968E-02
   1019.6955561750378        3.65200639E-02
   1019.8387718430399        3.64963226E-02
   1019.9819875110420        3.64717767E-02
   1020.1252031790441        3.64464521E-02
   1020.2684188470462        3.64203788E-02
   1020.4116345150483        3.63935903E-02
   1020.5548501830503        3.63661237E-02
   1020.6980658510524        3.63380089E-02
   1020.8412815190545        3.63092497E-02
   1020.9844971870566        3.62798609E-02
   1021.1277128550587        3.62498388E-02
   1021.2709285230608        3.62192020E-02
   1021.4141441910629        3.61879766E-02
   1021.5573598590649        3.61562110E-02
   1021.7005755270670        3.61239351E-02
   1021.8437911950691        3.60911787E-02
   1021.9870068630712        3.60579528E-02
   1022.1302225310733        3.60242650E-02
   1022.2734381990754        3.59901227E-02
   1022.4166538670775        3.59555371E-02
   1022.5598695350795        3.59205343E-02
   1022.7030852030816        3.58851627E-02
   1022.8463008710837        3.58494520E-02
   1022.9895165390858        3.58134434E-02
   1023.1327322070879        3.57771441E-02
   1023.2759478750900        3.57405618E-02
   1023.4191635430921        3.57037000E-02
   1023.5623792110941        3.56665701E-02
   1023.7055948790962        3.56291980E-02
   1023.8488105470983        3.55916210E-02
   1023.9920262151004        3.55538726E-02
   1024.1352418831025        3.55159864E-02
   1024.2784575511046        3.54779772E-02
   1024.4216732191067        3.54398489E-02
   1024.5648888871087        3.54016013E-02
   1024.7081045551108        3.53632346E-02
   1024.8513202231129        3.53247635E-02
   1024.9945358911150        3.52862142E-02
   1025.1377515591171        3.52476202E-02
   1025.2809672271192        3.52090076E-02
   1025.4241828951212        3.51703912E-02
   1025.5673985631233        3.51317748E-02
   1025.7106142311254        3.50931473E-02
   1025.8538298991275        3.50545086E-02
   1025.9970455671296        3.50158662E-02
   1026.1402612351317        3.49772312E-02
   1026.2834769031338        3.49386334E-02
   1026.4266925711358        3.49000916E-02
   1026.5699082391379        3.48616242E-02
   1026.7131239071400        3.48232314E-02
   1026.8563395751421        3.47849019E-02
   1026.9995552431442        3.47466208E-02
   1027.1427709111463        3.47083770E-02
   1027.2859865791484        3.46701816E-02
   1027.4292022471504        3.46320532E-02
   1027.5724179151525        3.45940143E-02
   1027.7156335831546        3.45560834E-02
   1027.8588492511567        3.45182605E-02
   1028.0020649191588        3.44805270E-02
   1028.1452805871609        3.44428644E-02
   1028.2884962551630        3.44052538E-02
   1028.4317119231650        3.43676805E-02
   1028.5749275911671        3.43301520E-02
   1028.7181432591692        3.42926756E-02
   1028.8613589271713        3.42552550E-02
   1029.0045745951734        3.42178978E-02
   1029.1477902631755        3.41805853E-02
   1029.2910059311776        3.41432877E-02
   1029.4342215991796        3.41059826E-02
   1029.5774372671817        3.40686440E-02
   1029.7206529351838        3.40312719E-02
   1029.8638686031859        3.39938737E-02
   1030.0070842711880        3.39564569E-02
   1030.1502999391901        3.39190215E-02
   1030.2935156071921        3.38815600E-02
   1030.4367312751942        3.38440463E-02
   1030.5799469431963        3.38064395E-02
   1030.7231626111984        3.37687097E-02
   1030.8663782792005        3.37308422E-02
   1031.0095939472026        3.36928293E-02
   1031.1528096152047        3.36546712E-02
   1031.2960252832067        3.36163677E-02
   1031.4392409512088        3.35779004E-02
   1031.5824566192109        3.35392356E-02
   1031.7256722872130        3.35003398E-02
   1031.8688879552151        3.34611684E-02
   1032.0121036232172        3.34216915E-02
   1032.1553192912193        3.33819017E-02
   1032.2985349592213        3.33417840E-02
   1032.4417506272234        3.33013423E-02
   1032.5849662952255        3.32605615E-02
   1032.7281819632276        3.32194157E-02
   1032.8713976312297        3.31778750E-02
   1033.0146132992318        3.31358910E-02
   1033.1578289672339        3.30934376E-02
   1033.3010446352359        3.30504961E-02
   1033.4442603032380        3.30070555E-02
   1033.5874759712401        3.29631083E-02
   1033.7306916392422        3.29186469E-02
   1033.8739073072443        3.28736417E-02
   1034.0171229752464        3.28280628E-02
   1034.1603386432485        3.27818617E-02
   1034.3035543112505        3.27350087E-02
   1034.4467699792526        3.26874778E-02
   1034.5899856472547        3.26392502E-02
   1034.7332013152568        3.25903222E-02
   1034.8764169832589        3.25406753E-02
   1035.0196326512610        3.24902870E-02
   1035.1628483192630        3.24391127E-02
   1035.3060639872651        3.23871188E-02
   1035.4492796552672        3.23342681E-02
   1035.5924953232693        3.22805308E-02
   1035.7357109912714        3.22259031E-02
   1035.8789266592735        3.21703739E-02
   1036.0221423272756        3.21139358E-02
   1036.1653579952776        3.20565626E-02
   1036.3085736632797        3.19982283E-02
   1036.4517893312818        3.19388919E-02
   1036.5950049992839        3.18785198E-02
   1036.7382206672860        3.18170823E-02
   1036.8814363352881        3.17545645E-02
   1037.0246520032902        3.16909589E-02
   1037.1678676712922        3.16262469E-02
   1037.3110833392943        3.15604173E-02
   1037.4542990072964        3.14934328E-02
   1037.5975146752985        3.14252600E-02
   1037.7407303433006        3.13558541E-02
   1037.8839460113027        3.12851928E-02
   1038.0271616793048        3.12132612E-02
   1038.1703773473068        3.11400592E-02
   1038.3135930153089        3.10655832E-02
   1038.4568086833110        3.09898276E-02
   1038.6000243513131        3.09127718E-02
   1038.7432400193152        3.08343843E-02
   1038.8864556873173        3.07546183E-02
   1039.0296713553194        3.06734405E-02
   1039.1728870233214        3.05908341E-02
   1039.3161026913235        3.05067934E-02
   1039.4593183593256        3.04213203E-02
   1039.6025340273277        3.03344112E-02
   1039.7457496953298        3.02460492E-02
   1039.8889653633319        3.01561933E-02
   1040.0321810313339        3.00648063E-02
   1040.1753966993360        2.99718454E-02
   1040.3186123673381        2.98772864E-02
   1040.4618280353402        2.97811218E-02
   1040.6050437033423        2.96833571E-02
   1040.7482593713444        2.95839962E-02
   1040.8914750393465        2.94830371E-02
   1041.0346907073485        2.93804556E-02
   1041.1779063753506        2.92762239E-02
   1041.3211220433527        2.91703008E-02
   1041.4643377113548        2.90626641E-02
   1041.6075533793569        2.89533008E-02
   1041.7507690473590        2.88422182E-02
   1041.8939847153611        2.87294220E-02
   1042.0372003833631        2.86149196E-02
   1042.1804160513652        2.84986906E-02
   1042.3236317193673        2.83807069E-02
   1042.4668473873694        2.82609258E-02
   1042.6100630553715        2.81393137E-02
   1042.7532787233736        2.80158538E-02
   1042.8964943913757        2.78905444E-02
   1043.0397100593777        2.77633984E-02
   1043.1829257273798        2.76344214E-02
   1043.3261413953819        2.75036059E-02
   1043.4693570633840        2.73709297E-02
   1043.6125727313861        2.72363611E-02
   1043.7557883993882        2.70998646E-02
   1043.8990040673903        2.69614197E-02
   1044.0422197353923        2.68210247E-02
   1044.1854354033944        2.66786888E-02
   1044.3286510713965        2.65344251E-02
   1044.4718667393986        2.63882410E-02
   1044.6150824074007        2.62401216E-02
   1044.7582980754028        2.60900389E-02
   1044.9015137434048        2.59379633E-02
   1045.0447294114069        2.57838685E-02
   1045.1879450794090        2.56277528E-02
   1045.3311607474111        2.54696216E-02
   1045.4743764154132        2.53094863E-02
   1045.6175920834153        2.51473524E-02
   1045.7608077514174        2.49832142E-02
   1045.9040234194194        2.48170439E-02
   1046.0472390874215        2.46488173E-02
   1046.1904547554236        2.44785063E-02
   1046.3336704234257        2.43061036E-02
   1046.4768860914278        2.41316147E-02
   1046.6201017594299        2.39550546E-02
   1046.7633174274320        2.37764399E-02
   1046.9065330954340        2.35957745E-02
   1047.0497487634361        2.34130491E-02
   1047.1929644314382        2.32282467E-02
   1047.3361800994403        2.30413508E-02
   1047.4793957674424        2.28523500E-02
   1047.6226114354445        2.26612538E-02
   1047.7658271034466        2.24680807E-02
   1047.9090427714486        2.22728495E-02
   1048.0522584394507        2.20755674E-02
   1048.1954741074528        2.18762364E-02
   1048.3386897754549        2.16748416E-02
   1048.4819054434570        2.14713719E-02
   1048.6251211114591        2.12658253E-02
   1048.7683367794612        2.10582111E-02
   1048.9115524474632        2.08485574E-02
   1049.0547681154653        2.06368882E-02
   1049.1979837834674        2.04232298E-02
   1049.3411994514695        2.02075876E-02
   1049.4844151194716        1.99899599E-02
   1049.6276307874737        1.97703410E-02
   1049.7708464554757        1.95487365E-02
   1049.9140621234778        1.93251669E-02
   1050.0572777914799        1.90996714E-02
   1050.2004934594820        1.88722853E-02
   1050.3437091274841        1.86430477E-02
   1050.4869247954862        1.84119772E-02
   1050.6301404634883        1.81790832E-02
   1050.7733561314903        1.79443713E-02
   1050.9165717994924        1.77078582E-02
   1051.0597874674945        1.74695738E-02
   1051.2030031354966        1.72295608E-02
   1051.3462188034987        1.69878751E-02
   1051.4894344715008        1.67445671E-02
   1051.6326501395029        1.64996739E-02
   1051.7758658075049        1.62532181E-02
   1051.9190814755070        1.60052273E-02
   1052.0622971435091        1.57557260E-02
   1052.2055128115112        1.55047551E-02
   1052.3487284795133        1.52523834E-02
   1052.4919441475154        1.49986837E-02
   1052.6351598155175        1.47437286E-02
   1052.7783754835195        1.44875832E-02
   1052.9215911515216        1.42302942E-02
   1053.0648068195237        1.39718987E-02
   1053.2080224875258        1.37124332E-02
   1053.3512381555279        1.34519497E-02
   1053.4944538235300        1.31905219E-02
   1053.6376694915321        1.29282447E-02
   1053.7808851595341        1.26652177E-02
   1053.9241008275362        1.24015361E-02
   1054.0673164955383        1.21372715E-02
   1054.2105321635404        1.18724843E-02
   1054.3537478315425        1.16072372E-02
   1054.4969634995446        1.13415970E-02
   1054.6401791675466        1.10756569E-02
   1054.7833948355487        1.08095258E-02
   1054.9266105035508        1.05433222E-02
   1055.0698261715529        1.02771660E-02
   1055.2130418395550        1.00111645E-02
   1055.3562575075571        9.74541344E-03
   1055.4994731755592        9.47999768E-03
   1055.6426888435612        9.21501126E-03
   1055.7859045115633        8.95055942E-03
   1055.9291201795654        8.68676789E-03
   1056.0723358475675        8.42377543E-03
   1056.2155515155696        8.16172734E-03
   1056.3587671835717        7.90076237E-03
   1056.5019828515738        7.64100812E-03
   1056.6451985195758        7.38257729E-03
   1056.7884141875779        7.12558255E-03
   1056.9316298555800        6.87014963E-03
   1057.0748455235821        6.61642477E-03
   1057.2180611915842        6.36457186E-03
   1057.3612768595863        6.11476414E-03
   1057.5044925275884        5.86716924E-03
   1057.6477081955904        5.62194176E-03
   1057.7909238635925        5.37922606E-03
   1057.9341395315946        5.13916276E-03
   1058.0773551995967        4.90190275E-03
   1058.2205708675988        4.66760993E-03
   1058.3637865356009        4.43646498E-03
   1058.5070022036030        4.20865789E-03
   1058.6502178716050        3.98437865E-03
   1058.7934335396071        3.76380887E-03
   1058.9366492076092        3.54712177E-03
   1059.0798648756113        3.33448313E-03
   1059.2230805436134        3.12606338E-03
   1059.3662962116155        2.92204972E-03
   1059.5095118796175        2.72264425E-03
   1059.6527275476196        2.52805836E-03
   1059.7959432156217        2.33850349E-03
   1059.9391588836238        2.15418264E-03
   1060.0823745516259        1.97528955E-03
   1060.2255902196280        1.80200860E-03
   1060.3688058876301        1.63452979E-03
   1060.5120215556321        1.47305522E-03
   1060.6552372236342        1.31780095E-03
   1060.7984528916363        1.16899516E-03
   1060.9416685596384        1.02686416E-03
   1061.0848842276405        8.91626813E-04
   1061.2280998956426        7.63488002E-04
   1061.3713155636447        6.42645173E-04
   1061.5145312316467        5.29291108E-04
   1061.6577468996488        4.23631631E-04
   1061.8009625676509        3.25884670E-04
   1061.9441782356530        2.36280262E-04
   1062.0873939036551        1.55053101E-04
   1062.2306095716572        8.24276358E-05
   1062.3738252396593        1.86180696E-05
   1062.5170409076613       -3.61735001E-05
   1062.6602565756634       -8.17431137E-05
   1062.8034722436655       -1.17883086E-04
   1062.9466879116676       -1.44372694E-04
   1063.0899035796697       -1.60983764E-04
   1063.2331192476718       -1.67482533E-04
   1063.3763349156739       -1.63642690E-04
   1063.5195505836759       -1.49255618E-04
   1063.6627662516780       -1.24122947E-04
   1063.8059819196801       -8.80546868E-05
   1063.9491975876822       -4.08589840E-05
   1064.0924132556843        1.76653266E-05
   1064.2356289236864        8.77333805E-05
   1064.3788445916884        1.69556588E-04
   1064.5220602596905        2.63346359E-04
   1064.6652759276926        3.69297341E-04
   1064.8084915956947        4.87588346E-04
   1064.9517072636968        6.18387945E-04
   1065.0949229316989        7.61860050E-04
   1065.2381385997010        9.18177888E-04
   1065.3813542677030        1.08752120E-03
   1065.5245699357051        1.27007533E-03
   1065.6677856037072        1.46601722E-03
   1065.8110012717093        1.67550985E-03
   1065.9542169397114        1.89870037E-03
   1066.0974326077135        2.13571917E-03
   1066.2406482757156        2.38669477E-03
   1066.3838639437176        2.65175849E-03
   1066.5270796117197        2.93104723E-03
   1066.6702952797218        3.22470255E-03
   1066.8135109477239        3.53286043E-03
   1066.9567266157260        3.85564286E-03
   1067.0999422837281        4.19315416E-03
   1067.2431579517302        4.54547815E-03
   1067.3863736197322        4.91268653E-03
   1067.5295892877343        5.29484730E-03
   1067.6728049557364        5.69203496E-03
   1067.8160206237385        6.10432960E-03
   1067.9592362917406        6.53181039E-03
   1068.1024519597427        6.97454531E-03
   1068.2456676277448        7.43258093E-03
   1068.3888832957468        7.90593773E-03
   1068.5320989637489        8.39462318E-03
   1068.6753146317510        8.89863633E-03
   1068.8185302997531        9.41797625E-03
   1068.9617459677552        9.95265227E-03
   1069.1049616357573        1.05026681E-02
   1069.2481773037593        1.10680219E-02
   1069.3913929717614        1.16486913E-02
   1069.5346086397635        1.22446306E-02
   1069.6778243077656        1.28557738E-02
   1069.8210399757677        1.34820491E-02
   1069.9642556437698        1.41233709E-02
   1070.1074713117719        1.47796636E-02
   1070.2506869797739        1.54508483E-02
   1070.3939026477760        1.61368344E-02
   1070.5371183157781        1.68375205E-02
   1070.6803339837802        1.75527763E-02
   1070.8235496517823        1.82824526E-02
   1070.9667653197844        1.90263875E-02
   1071.1099809877865        1.97844077E-02
   1071.2531966557885        2.05563437E-02
   1071.3964123237906        2.13420279E-02
   1071.5396279917927        2.21412927E-02
   1071.6828436597948        2.29539592E-02
   1071.8260593277969        2.37798262E-02
   1071.9692749957990        2.46186685E-02
   1072.1124906638011        2.54702456E-02
   1072.2557063318031        2.63343025E-02
   1072.3989219998052        2.72105858E-02
   1072.5421376678073        2.80988347E-02
   1072.6853533358094        2.89987884E-02
   1072.8285690038115        2.99101695E-02
   1072.9717846718136        3.08326930E-02
   1073.1150003398157        3.17660496E-02
   1073.2582160078177        3.27099226E-02
   1073.4014316758198        3.36639807E-02
   1073.5446473438219        3.46278846E-02
   1073.6878630118240        3.56013030E-02
   1073.8310786798261        3.65839005E-02
   1073.9742943478282        3.75753306E-02
   1074.1175100158302        3.85752283E-02
   1074.2607256838323        3.95832174E-02
   1074.4039413518344        4.05989029E-02
   1074.5471570198365        4.16218936E-02
   1074.6903726878386        4.26517911E-02
   1074.8335883558407        4.36881967E-02
   1074.9768040238428        4.47307080E-02
   1075.1200196918448        4.57789302E-02
   1075.2632353598469        4.68324311E-02
   1075.4064510278490        4.78907973E-02
   1075.5496666958511        4.89535704E-02
   1075.6928823638532        5.00202999E-02
   1075.8360980318553        5.10905385E-02
   1075.9793136998574        5.21638282E-02
   1076.1225293678594        5.32397181E-02
   1076.2657450358615        5.43177612E-02
   1076.4089607038636        5.53975031E-02
   1076.5521763718657        5.64784706E-02
   1076.6953920398678        5.75601906E-02
   1076.8386077078699        5.86421713E-02
   1076.9818233758720        5.97239435E-02
   1077.1250390438740        6.08050227E-02
   1077.2682547118761        6.18849583E-02
   1077.4114703798782        6.29632846E-02
   1077.5546860478803        6.40395433E-02
   1077.6979017158824        6.51132762E-02
   1077.8411173838845        6.61839768E-02
   1077.9843330518866        6.72511607E-02
   1078.1275487198886        6.83143437E-02
   1078.2707643878907        6.93730488E-02
   1078.4139800558928        7.04268217E-02
   1078.5571957238949        7.14752302E-02
   1078.7004113918970        7.25178272E-02
   1078.8436270598991        7.35541657E-02
   1078.9868427279011        7.45837763E-02
   1079.1300583959032        7.56061971E-02
   1079.2732740639053        7.66209587E-02
   1079.4164897319074        7.76276141E-02
   1079.5597053999095        7.86257386E-02
   1079.7029210679116        7.96149224E-02
   1079.8461367359137        8.05947632E-02
   1079.9893524039157        8.15648586E-02
   1080.1325680719178        8.25248063E-02
   1080.2757837399199        8.34741890E-02
   1080.4189994079220        8.44126120E-02
   1080.5622150759241        8.53396803E-02
   1080.7054307439262        8.62550214E-02
   1080.8486464119283        8.71582925E-02
   1080.9918620799303        8.80491510E-02
   1081.1350777479324        8.89272690E-02
   1081.2782934159345        8.97923261E-02
   1081.4215090839366        9.06439796E-02
   1081.5647247519387        9.14819092E-02
   1081.7079404199408        9.23058093E-02
   1081.8511560879429        9.31153893E-02
   1081.9943717559449        9.39103663E-02
   1082.1375874239470        9.46905017E-02
   1082.2808030919491        9.54555497E-02
   1082.4240187599512        9.62052867E-02
   1082.5672344279533        9.69394818E-02
   1082.7104500959554        9.76579264E-02
   1082.8536657639575        9.83604044E-02
   1082.9968814319595        9.90467072E-02
   1083.1400970999616        9.97166783E-02
   1083.2833127679637       0.100370154    
   1083.4265284359658       0.101007000    
   1083.5697441039679       0.101627074    
   1083.7129597719700       0.102230266    
   1083.8561754399720       0.102816477    
   1083.9993911079741       0.103385597    
   1084.1426067759762       0.103937529    
   1084.2858224439783       0.104472220    
   1084.4290381119804       0.104989633    
   1084.5722537799825       0.105489746    
   1084.7154694479846       0.105972558    
   1084.8586851159866       0.106438041    
   1085.0019007839887       0.106886208    
   1085.1451164519908       0.107317075    
   1085.2883321199929       0.107730672    
   1085.4315477879950       0.108127028    
   1085.5747634559971       0.108506218    
   1085.7179791239992       0.108868346    
   1085.8611947920012       0.109213486    
   1086.0044104600033       0.109541744    
   1086.1476261280054       0.109853238    
   1086.2908417960075       0.110148087    
   1086.4340574640096       0.110426426    
   1086.5772731320117       0.110688403    
   1086.7204888000138       0.110934176    
   1086.8637044680158       0.111163929    
   1087.0069201360179       0.111377850    
   1087.1501358040200       0.111576140    
   1087.2933514720221       0.111758977    
   1087.4365671400242       0.111926585    
   1087.5797828080263       0.112079173    
   1087.7229984760284       0.112216979    
   1087.8662141440304       0.112340271    
   1088.0094298120325       0.112449303    
   1088.1526454800346       0.112544358    
   1088.2958611480367       0.112625733    
   1088.4390768160388       0.112693682    
   1088.5822924840409       0.112748489    
   1088.7255081520429       0.112790450    
   1088.8687238200450       0.112819873    
   1089.0119394880471       0.112837069    
   1089.1551551560492       0.112842351    
   1089.2983708240513       0.112836078    
   1089.4415864920534       0.112818539    
   1089.5848021600555       0.112790078    
   1089.7280178280575       0.112751022    
   1089.8712334960596       0.112701692    
   1090.0144491640617       0.112642437    
   1090.1576648320638       0.112573624    
   1090.3008805000659       0.112495601    
   1090.4440961680680       0.112408735    
   1090.5873118360701       0.112313382    
   1090.7305275040721       0.112209916    
   1090.8737431720742       0.112098686    
   1091.0169588400763       0.111980043    
   1091.1601745080784       0.111854352    
   1091.3033901760805       0.111721970    
   1091.4466058440826       0.111583263    
   1091.5898215120847       0.111438602    
   1091.7330371800867       0.111288339    
   1091.8762528480888       0.111132823    
   1092.0194685160909       0.110972404    
   1092.1626841840930       0.110807419    
   1092.3058998520951       0.110638194    
   1092.4491155200972       0.110465080    
   1092.5923311880993       0.110288411    
   1092.7355468561013       0.110108554    
   1092.8787625241034       0.109925851    
   1093.0219781921055       0.109740660    
   1093.1651938601076       0.109553292    
   1093.3084095281097       0.109364063    
   1093.4516251961118       0.109173276    
   1093.5948408641138       0.108981252    
   1093.7380565321159       0.108788311    
   1093.8812722001180       0.108594775    
   1094.0244878681201       0.108400911    
   1094.1677035361222       0.108207017    
   1094.3109192041243       0.108013362    
   1094.4541348721264       0.107820198    
   1094.5973505401284       0.107627824    
   1094.7405662081305       0.107436493    
   1094.8837818761326       0.107246459    
   1095.0269975441347       0.107057966    
   1095.1702132121368       0.106871277    
   1095.3134288801389       0.106686600    
   1095.4566445481410       0.106504165    
   1095.5998602161430       0.106324181    
   1095.7430758841451       0.106146857    
   1095.8862915521472       0.105972379    
   1096.0295072201493       0.105800971    
   1096.1727228881514       0.105632797    
   1096.3159385561535       0.105468035    
   1096.4591542241556       0.105306856    
   1096.6023698921576       0.105149403    
   1096.7455855601597       0.104995832    
   1096.8888012281618       0.104846284    
   1097.0320168961639       0.104700923    
   1097.1752325641660       0.104559854    
   1097.3184482321681       0.104423203    
   1097.4616639001702       0.104291067    
   1097.6048795681722       0.104163542    
   1097.7480952361743       0.104040712    
   1097.8913109041764       0.103922658    
   1098.0345265721785       0.103809461    
   1098.1777422401806       0.103701182    
   1098.3209579081827       0.103597894    
   1098.4641735761847       0.103499651    
   1098.6073892441868       0.103406474    
   1098.7506049121889       0.103318393    
   1098.8938205801910       0.103235453    
   1099.0370362481931       0.103157684    
   1099.1802519161952       0.103085101    
   1099.3234675841973       0.103017703    
   1099.4666832521993       0.102955513    
   1099.6098989202014       0.102898538    
   1099.7531145882035       0.102846757    
   1099.8963302562056       0.102800161    
   1100.0395459242077       0.102758721    
   1100.1827615922098       0.102722377    
   1100.3259772602119       0.102691144    
   1100.4691929282139       0.102664962    
   1100.6124085962160       0.102643818    
   1100.7556242642181       0.102627650    
   1100.8988399322202       0.102616370    
   1101.0420556002223       0.102609932    
   1101.1852712682244       0.102608249    
   1101.3284869362265       0.102611266    
   1101.4717026042285       0.102618918    
   1101.6149182722306       0.102631137    
   1101.7581339402327       0.102647841    
   1101.9013496082348       0.102668941    
   1102.0445652762369       0.102694348    
   1102.1877809442390       0.102723956    
   1102.3309966122411       0.102757663    
   1102.4742122802431       0.102795392    
   1102.6174279482452       0.102837056    
   1102.7606436162473       0.102882549    
   1102.9038592842494       0.102931783    
   1103.0470749522515       0.102984637    
   1103.1902906202536       0.103041001    
   1103.3335062882556       0.103100762    
   1103.4767219562577       0.103163823    
   1103.6199376242598       0.103230074    
   1103.7631532922619       0.103299394    
   1103.9063689602640       0.103371665    
   1104.0495846282661       0.103446767    
   1104.1928002962682       0.103524581    
   1104.3360159642702       0.103604972    
   1104.4792316322723       0.103687830    
   1104.6224473002744       0.103773043    
   1104.7656629682765       0.103860497    
   1104.9088786362786       0.103950068    
   1105.0520943042807       0.104041658    
   1105.1953099722828       0.104135148    
   1105.3385256402848       0.104230411    
   1105.4817413082869       0.104327321    
   1105.6249569762890       0.104425766    
   1105.7681726442911       0.104525641    
   1105.9113883122932       0.104626834    
   1106.0546039802953       0.104729235    
   1106.1978196482974       0.104832739    
   1106.3410353162994       0.104937211    
   1106.4842509843015       0.105042532    
   1106.6274666523036       0.105148576    
   1106.7706823203057       0.105255231    
   1106.9138979883078       0.105362378    
   1107.0571136563099       0.105469920    
   1107.2003293243120       0.105577767    
   1107.3435449923140       0.105685830    
   1107.4867606603161       0.105794042    
   1107.6299763283182       0.105902269    
   1107.7731919963203       0.106010392    
   1107.9164076643224       0.106118321    
   1108.0596233323245       0.106225923    
   1108.2028390003265       0.106333122    
   1108.3460546683286       0.106439799    
   1108.4892703363307       0.106545888    
   1108.6324860043328       0.106651306    
   1108.7757016723349       0.106755972    
   1108.9189173403370       0.106859803    
   1109.0621330083391       0.106962666    
   1109.2053486763411       0.107064493    
   1109.3485643443432       0.107165173    
   1109.4917800123453       0.107264623    
   1109.6349956803474       0.107362799    
   1109.7782113483495       0.107459649    
   1109.9214270163516       0.107555091    
   1110.0646426843537       0.107649058    
   1110.2078583523557       0.107741453    
   1110.3510740203578       0.107832164    
   1110.4942896883599       0.107921116    
   1110.6375053563620       0.108008213    
   1110.7807210243641       0.108093411    
   1110.9239366923662       0.108176649    
   1111.0671523603683       0.108257897    
   1111.2103680283703       0.108337097    
   1111.3535836963724       0.108414173    
   1111.4967993643745       0.108489051    
   1111.6400150323766       0.108561657    
   1111.7832307003787       0.108631909    
   1111.9264463683808       0.108699761    
   1112.0696620363829       0.108765170    
   1112.2128777043849       0.108828083    
   1112.3560933723870       0.108888462    
   1112.4993090403891       0.108946227    
   1112.6425247083912       0.109001338    
   1112.7857403763933       0.109053701    
   1112.9289560443954       0.109103277    
   1113.0721717123974       0.109149978    
   1113.2153873803995       0.109193772    
   1113.3586030484016       0.109234616    
   1113.5018187164037       0.109272480    
   1113.6450343844058       0.109307311    
   1113.7882500524079       0.109339073    
   1113.9314657204100       0.109367698    
   1114.0746813884120       0.109393150    
   1114.2178970564141       0.109415352    
   1114.3611127244162       0.109434307    
   1114.5043283924183       0.109449938    
   1114.6475440604204       0.109462239    
   1114.7907597284225       0.109471150    
   1114.9339753964246       0.109476641    
   1115.0771910644266       0.109478645    
   1115.2204067324287       0.109477110    
   1115.3636224004308       0.109471984    
   1115.5068380684329       0.109463230    
   1115.6500537364350       0.109450854    
   1115.7932694044371       0.109434828    
   1115.9364850724392       0.109415129    
   1116.0797007404412       0.109391704    
   1116.2229164084433       0.109364495    
   1116.3661320764454       0.109333456    
   1116.5093477444475       0.109298542    
   1116.6525634124496       0.109259740    
   1116.7957790804517       0.109217025    
   1116.9389947484538       0.109170407    
   1117.0822104164558       0.109119855    
   1117.2254260844579       0.109065339    
   1117.3686417524600       0.109006785    
   1117.5118574204621       0.108944133    
   1117.6550730884642       0.108877338    
   1117.7982887564663       0.108806401    
   1117.9415044244683       0.108731344    
   1118.0847200924704       0.108652204    
   1118.2279357604725       0.108568974    
   1118.3711514284746       0.108481616    
   1118.5143670964767       0.108390063    
   1118.6575827644788       0.108294278    
   1118.8007984324809       0.108194195    
   1118.9440141004829       0.108089805    
   1119.0872297684850       0.107981145    
   1119.2304454364871       0.107868224    
   1119.3736611044892       0.107751094    
   1119.5168767724913       0.107629761    
   1119.6600924404934       0.107504167    
   1119.8033081084955       0.107374281    
   1119.9465237764975       0.107240029    
   1120.0897394444996       0.107101403    
   1120.2329551125017       0.106958419    
   1120.3761707805038       0.106811106    
   1120.5193864485059       0.106659517    
   1120.6626021165080       0.106503680    
   1120.8058177845101       0.106343567    
   1120.9490334525121       0.106179163    
   1121.0922491205142       0.106010430    
   1121.2354647885163       0.105837353    
   1121.3786804565184       0.105659954    
   1121.5218961245205       0.105478302    
   1121.6651117925226       0.105292477    
   1121.8083274605247       0.105102539    
   1121.9515431285267       0.104908496    
   1122.0947587965288       0.104710363    
   1122.2379744645309       0.104508094    
   1122.3811901325330       0.104301684    
   1122.5244058005351       0.104091153    
   1122.6676214685372       0.103876561    
   1122.8108371365392       0.103657976    
   1122.9540528045413       0.103435472    
   1123.0972684725434       0.103209116    
   1123.2404841405455       0.102978908    
   1123.3836998085476       0.102744833    
   1123.5269154765497       0.102506898    
   1123.6701311445518       0.102265112    
   1123.8133468125538       0.102019556    
   1123.9565624805559       0.101770341    
   1124.0997781485580       0.101517558    
   1124.2429938165601       0.101261295    
   1124.3862094845622       0.101001568    
   1124.5294251525643       0.100738414    
   1124.6726408205664       0.100471824    
   1124.8158564885684       0.100201860    
   1124.9590721565705        9.99285728E-02
   1125.1022878245726        9.96520892E-02
   1125.2455034925747        9.93725136E-02
   1125.3887191605768        9.90899354E-02
   1125.5319348285789        9.88044292E-02
   1125.6751504965810        9.85160023E-02
   1125.8183661645830        9.82246697E-02
   1125.9615818325851        9.79304761E-02
   1126.1047975005872        9.76335034E-02
   1126.2480131685893        9.73338783E-02
   1126.3912288365914        9.70317200E-02
   1126.5344445045935        9.67271701E-02
   1126.6776601725956        9.64203104E-02
   1126.8208758405976        9.61111933E-02
   1126.9640915085997        9.57998559E-02
   1127.1073071766018        9.54863206E-02
   1127.2505228446039        9.51706618E-02
   1127.3937385126060        9.48529914E-02
   1127.5369541806081        9.45334509E-02
   1127.6801698486101        9.42121744E-02
   1127.8233855166122        9.38892663E-02
   1127.9666011846143        9.35647786E-02
   1128.1098168526164        9.32387412E-02
   1128.2530325206185        9.29111838E-02
   1128.3962481886206        9.25821662E-02
   1128.5394638566227        9.22518373E-02
   1128.6826795246247        9.19203311E-02
   1128.8258951926268        9.15877968E-02
   1128.9691108606289        9.12543386E-02
   1129.1123265286310        9.09200236E-02
   1129.2555421966331        9.05848891E-02
   1129.3987578646352        9.02489498E-02
   1129.5419735326373        8.99122804E-02
   1129.6851892006393        8.95749778E-02
   1129.8284048686414        8.92371833E-02
   1129.9716205366435        8.88990462E-02
   1130.1148362046456        8.85607153E-02
   1130.2580518726477        8.82222950E-02
   1130.4012675406498        8.78838301E-02
   1130.5444832086519        8.75453204E-02
   1130.6876988766539        8.72068331E-02
   1130.8309145446560        8.68684202E-02
   1130.9741302126581        8.65302235E-02
   1131.1173458806602        8.61923546E-02
   1131.2605615486623        8.58549476E-02
   1131.4037772166644        8.55180919E-02
   1131.5469928846665        8.51818174E-02
   1131.6902085526685        8.48461390E-02
   1131.8334242206706        8.45110789E-02
   1131.9766398886727        8.41766819E-02
   1132.1198555566748        8.38430524E-02
   1132.2630712246769        8.35103244E-02
   1132.4062868926790        8.31786543E-02
   1132.5495025606810        8.28481540E-02
   1132.6927182286831        8.25188681E-02
   1132.8359338966852        8.21908191E-02
   1132.9791495646873        8.18639994E-02
   1133.1223652326894        8.15384313E-02
   1133.2655809006915        8.12141672E-02
   1133.4087965686936        8.08913186E-02
   1133.5520122366956        8.05699974E-02
   1133.6952279046977        8.02503154E-02
   1133.8384435726998        7.99323246E-02
   1133.9816592407019        7.96160400E-02
   1134.1248749087040        7.93014467E-02
   1134.2680905767061        7.89885223E-02
   1134.4113062447082        7.86773115E-02
   1134.5545219127102        7.83678889E-02
   1134.6977375807123        7.80603662E-02
   1134.8409532487144        7.77548328E-02
   1134.9841689167165        7.74513334E-02
   1135.1273845847186        7.71498680E-02
   1135.2706002527207        7.68504292E-02
   1135.4138159207228        7.65529871E-02
   1135.5570315887248        7.62575716E-02
   1135.7002472567269        7.59642348E-02
   1135.8434629247290        7.56730586E-02
   1135.9866785927311        7.53841326E-02
   1136.1298942607332        7.50975013E-02
   1136.2731099287353        7.48131573E-02
   1136.4163255967374        7.45310634E-02
   1136.5595412647394        7.42511749E-02
   1136.7027569327415        7.39734918E-02
   1136.8459726007436        7.36980364E-02
   1136.9891882687457        7.34248757E-02
   1137.1324039367478        7.31540844E-02
   1137.2756196047499        7.28856847E-02
   1137.4188352727519        7.26196766E-02
   1137.5620509407540        7.23560154E-02
   1137.7052666087561        7.20946491E-02
   1137.8484822767582        7.18355477E-02
   1137.9916979447603        7.15787262E-02
   1138.1349136127624        7.13241994E-02
   1138.2781292807645        7.10720494E-02
   1138.4213449487665        7.08222985E-02
   1138.5645606167686        7.05749393E-02
   1138.7077762847707        7.03299195E-02
   1138.8509919527728        7.00871795E-02
   1138.9942076207749        6.98466599E-02
   1139.1374232887770        6.96083605E-02
   1139.2806389567791        6.93723112E-02
   1139.4238546247811        6.91385567E-02
   1139.5670702927832        6.89071417E-02
   1139.7102859607853        6.86780661E-02
   1139.8535016287874        6.84512854E-02
   1139.9967172967895        6.82267100E-02
   1140.1399329647916        6.80042505E-02
   1140.2831486327937        6.77838698E-02
   1140.4263643007957        6.75655678E-02
   1140.5695799687978        6.73493892E-02
   1140.7127956367999        6.71354085E-02
   1140.8560113048020        6.69236258E-02
   1140.9992269728041        6.67140186E-02
   1141.1424426408062        6.65065199E-02
   1141.2856583088083        6.63010478E-02
   1141.4288739768103        6.60975277E-02
   1141.5720896448124        6.58959597E-02
   1141.7153053128145        6.56963587E-02
   1141.8585209808166        6.54987618E-02
   1142.0017366488187        6.53031841E-02
   1142.1449523168208        6.51096031E-02
   1142.2881679848228        6.49179444E-02
   1142.4313836528249        6.47281110E-02
   1142.5745993208270        6.45400137E-02
   1142.7178149888291        6.43536374E-02
   1142.8610306568312        6.41690046E-02
   1143.0042463248333        6.39861524E-02
   1143.1474619928354        6.38051331E-02
   1143.2906776608374        6.36259317E-02
   1143.4338933288395        6.34485036E-02
   1143.5771089968416        6.32727519E-02
   1143.7203246648437        6.30986020E-02
   1143.8635403328458        6.29259944E-02
   1144.0067560008479        6.27549365E-02
   1144.1499716688500        6.25854805E-02
   1144.2931873368520        6.24176599E-02
   1144.4364030048541        6.22515008E-02
   1144.5796186728562        6.20869696E-02
   1144.7228343408583        6.19239882E-02
   1144.8660500088604        6.17624670E-02
   1145.0092656768625        6.16023503E-02
   1145.1524813448646        6.14436418E-02
   1145.2956970128666        6.12863675E-02
   1145.4389126808687        6.11305647E-02
   1145.5821283488708        6.09762445E-02
   1145.7253440168729        6.08233660E-02
   1145.8685596848750        6.06718659E-02
   1146.0117753528771        6.05216585E-02
   1146.1549910208792        6.03726842E-02
   1146.2982066888812        6.02249280E-02
   1146.4414223568833        6.00784160E-02
   1146.5846380248854        5.99332191E-02
   1146.7278536928875        5.97893782E-02
   1146.8710693608896        5.96468933E-02
   1147.0142850288917        5.95057085E-02
   1147.1575006968937        5.93657419E-02
   1147.3007163648958        5.92269264E-02
   1147.4439320328979        5.90892434E-02
   1147.5871477009000        5.89527301E-02
   1147.7303633689021        5.88174425E-02
   1147.8735790369042        5.86834289E-02
   1148.0167947049063        5.85506894E-02
   1148.1600103729083        5.84191680E-02
   1148.3032260409104        5.82887940E-02
   1148.4464417089125        5.81594892E-02
   1148.5896573769146        5.80312237E-02
   1148.7328730449167        5.79040237E-02
   1148.8760887129188        5.77779561E-02
   1149.0193043809209        5.76530695E-02
   1149.1625200489229        5.75293824E-02
   1149.3057357169250        5.74068502E-02
   1149.4489513849271        5.72853982E-02
   1149.5921670529292        5.71649596E-02
   1149.7353827209313        5.70455007E-02
   1149.8785983889334        5.69270477E-02
   1150.0218140569355        5.68096563E-02
   1150.1650297249375        5.66933975E-02
   1150.3082453929396        5.65783195E-02
   1150.4514610609417        5.64643964E-02
   1150.5946767289438        5.63515760E-02
   1150.7378923969459        5.62397689E-02
   1150.8811080649480        5.61289191E-02
   1151.0243237329501        5.60190454E-02
   1151.1675394009521        5.59102036E-02
   1151.3107550689542        5.58024719E-02
   1151.4539707369563        5.56959063E-02
   1151.5971864049584        5.55905029E-02
   1151.7404020729605        5.54862097E-02
   1151.8836177409626        5.53829521E-02
   1152.0268334089646        5.52806705E-02
   1152.1700490769667        5.51793538E-02
   1152.3132647449688        5.50790615E-02
   1152.4564804129709        5.49798682E-02
   1152.5996960809730        5.48818447E-02
   1152.7429117489751        5.47850020E-02
   1152.8861274169772        5.46892993E-02
   1153.0293430849792        5.45946471E-02
   1153.1725587529813        5.45009784E-02
   1153.3157744209834        5.44082709E-02
   1153.4589900889855        5.43165691E-02
   1153.6022057569876        5.42259552E-02
   1153.7454214249897        5.41364998E-02
   1153.8886370929918        5.40482514E-02
   1154.0318527609938        5.39611727E-02
   1154.1750684289959        5.38752042E-02
   1154.3182840969980        5.37902713E-02
   1154.4614997650001        5.37063293E-02
   1154.6047154330022        5.36234006E-02
   1154.7479311010043        5.35415486E-02
   1154.8911467690064        5.34608588E-02
   1155.0343624370084        5.33814020E-02
   1155.1775781050105        5.33031784E-02
   1155.3207937730126        5.32261357E-02
   1155.4640094410147        5.31502105E-02
   1155.6072251090168        5.30753471E-02
   1155.7504407770189        5.30015528E-02
   1155.8936564450210        5.29288761E-02
   1156.0368721130230        5.28573878E-02
   1156.1800877810251        5.27871437E-02
   1156.3233034490272        5.27181476E-02
   1156.4665191170293        5.26503585E-02
   1156.6097347850314        5.25837056E-02
   1156.7529504530335        5.25181368E-02
   1156.8961661210355        5.24536371E-02
   1157.0393817890376        5.23902439E-02
   1157.1825974570397        5.23280278E-02
   1157.3258131250418        5.22670485E-02
   1157.4690287930439        5.22073284E-02
   1157.6122444610460        5.21488376E-02
   1157.7554601290481        5.20915128E-02
   1157.8986757970501        5.20352870E-02
   1158.0418914650522        5.19801490E-02
   1158.1851071330543        5.19261174E-02
   1158.3283228010564        5.18732518E-02
   1158.4715384690585        5.18216044E-02
   1158.6147541370606        5.17711975E-02
   1158.7579698050627        5.17220162E-02
   1158.9011854730647        5.16739972E-02
   1159.0444011410668        5.16270772E-02
   1159.1876168090689        5.15812151E-02
   1159.3308324770710        5.15364259E-02
   1159.4740481450731        5.14927506E-02
   1159.6172638130752        5.14502339E-02
   1159.7604794810773        5.14089055E-02
   1159.9036951490793        5.13687320E-02
   1160.0469108170814        5.13296500E-02
   1160.1901264850835        5.12915738E-02
   1160.3333421530856        5.12544662E-02
   1160.4765578210877        5.12183197E-02
   1160.6197734890898        5.11831939E-02
   1160.7629891570919        5.11491410E-02
   1160.9062048250939        5.11162132E-02
   1161.0494204930960        5.10843918E-02
   1161.1926361610981        5.10536097E-02
   1161.3358518291002        5.10237701E-02
   1161.4790674971023        5.09947762E-02
   1161.6222831651044        5.09666018E-02
   1161.7654988331064        5.09392619E-02
   1161.9087145011085        5.09128124E-02
   1162.0519301691106        5.08872867E-02
   1162.1951458371127        5.08626774E-02
   1162.3383615051148        5.08389249E-02
   1162.4815771731169        5.08159250E-02
   1162.6247928411190        5.07935807E-02
   1162.7680085091210        5.07718362E-02
   1162.9112241771231        5.07506765E-02
   1163.0544398451252        5.07301465E-02
   1163.1976555131273        5.07102944E-02
   1163.3408711811294        5.06911166E-02
   1163.4840868491315        5.06725647E-02
   1163.6273025171336        5.06545343E-02
   1163.7705181851356        5.06369099E-02
   1163.9137338531377        5.06196097E-02
   1164.0569495211398        5.06026074E-02
   1164.2001651891419        5.05859032E-02
   1164.3433808571440        5.05695231E-02
   1164.4865965251461        5.05534559E-02
   1164.6298121931482        5.05376607E-02
   1164.7730278611502        5.05220369E-02
   1164.9162435291523        5.05064577E-02
   1165.0594591971544        5.04908115E-02
   1165.2026748651565        5.04750237E-02
   1165.3458905331586        5.04590794E-02
   1165.4891062011607        5.04429936E-02
   1165.6323218691628        5.04267700E-02
   1165.7755375371648        5.04103862E-02
   1165.9187532051669        5.03937565E-02
   1166.0619688731690        5.03767692E-02
   1166.2051845411711        5.03593087E-02
   1166.3484002091732        5.03412858E-02
   1166.4916158771753        5.03226444E-02
   1166.6348315451773        5.03033623E-02
   1166.7780472131794        5.02834134E-02
   1166.9212628811815        5.02627455E-02
   1167.0644785491836        5.02412729E-02
   1167.2076942171857        5.02188690E-02
   1167.3509098851878        5.01954108E-02
   1167.4941255531899        5.01707941E-02
   1167.6373412211919        5.01449592E-02
   1167.7805568891940        5.01178727E-02
   1167.9237725571961        5.00895120E-02
   1168.0669882251982        5.00598364E-02
   1168.2102038932003        5.00287525E-02
   1168.3534195612024        4.99961525E-02
   1168.4966352292045        4.99619022E-02
   1168.6398508972065        4.99258935E-02
   1168.7830665652086        4.98880409E-02
   1168.9262822332107        4.98482883E-02
   1169.0694979012128        4.98066023E-02
   1169.2127135692149        4.97629344E-02
   1169.3559292372170        4.97172028E-02
   1169.4991449052191        4.96692993E-02
   1169.6423605732211        4.96190861E-02
   1169.7855762412232        4.95664440E-02
   1169.9287919092253        4.95112799E-02
   1170.0720075772274        4.94535379E-02
   1170.2152232452295        4.93931621E-02
   1170.3584389132316        4.93301041E-02
   1170.5016545812337        4.92642708E-02
   1170.6448702492357        4.91955467E-02
   1170.7880859172378        4.91238050E-02
   1170.9313015852399        4.90489192E-02
   1171.0745172532420        4.89708036E-02
   1171.2177329212441        4.88894023E-02
   1171.3609485892462        4.88046892E-02
   1171.5041642572482        4.87166420E-02
   1171.6473799252503        4.86251898E-02
   1171.7905955932524        4.85302284E-02
   1171.9338112612545        4.84316237E-02
   1172.0770269292566        4.83292416E-02
   1172.2202425972587        4.82229702E-02
   1172.3634582652608        4.81127501E-02
   1172.5066739332628        4.79985438E-02
   1172.6498896012649        4.78803217E-02
   1172.7931052692670        4.77580316E-02
   1172.9363209372691        4.76315953E-02
   1173.0795366052712        4.75008935E-02
   1173.2227522732733        4.73657995E-02
   1173.3659679412754        4.72262055E-02
   1173.5091836092774        4.70820591E-02
   1173.6523992772795        4.69333343E-02
   1173.7956149452816        4.67800200E-02
   1173.9388306132837        4.66220975E-02
   1174.0820462812858        4.64595072E-02
   1174.2252619492879        4.62921560E-02
   1174.3684776172900        4.61199284E-02
   1174.5116932852920        4.59427312E-02
   1174.6549089532941        4.57605198E-02
   1174.7981246212962        4.55732830E-02
   1174.9413402892983        4.53810506E-02
   1175.0845559573004        4.51838374E-02
   1175.2277716253025        4.49816361E-02
   1175.3709872933046        4.47743721E-02
   1175.5142029613066        4.45619598E-02
   1175.6574186293087        4.43442911E-02
   1175.8006342973108        4.41213176E-02
   1175.9438499653129        4.38930318E-02
   1176.0870656333150        4.36594635E-02
   1176.2302813013171        4.34206575E-02
   1176.3734969693191        4.31766361E-02
   1176.5167126373212        4.29273881E-02
   1176.6599283053233        4.26728576E-02
   1176.8031439733254        4.24130000E-02
   1176.9463596413275        4.21477892E-02
   1177.0895753093296        4.18772399E-02
   1177.2327909773317        4.16014120E-02
   1177.3760066453337        4.13203761E-02
   1177.5192223133358        4.10341956E-02
   1177.6624379813379        4.07429002E-02
   1177.8056536493400        4.04464826E-02
   1177.9488693173421        4.01449278E-02
   1178.0920849853442        3.98382172E-02
   1178.2353006533463        3.95263955E-02
   1178.3785163213483        3.92095260E-02
   1178.5217319893504        3.88877131E-02
   1178.6649476573525        3.85610536E-02
   1178.8081633253546        3.82296108E-02
   1178.9513789933567        3.78934331E-02
   1179.0945946613588        3.75525504E-02
   1179.2378103293609        3.72070074E-02
   1179.3810259973629        3.68568636E-02
   1179.5242416653650        3.65022086E-02
   1179.6674573333671        3.61431688E-02
   1179.8106730013692        3.57798934E-02
   1179.9538886693713        3.54124904E-02
   1180.0971043373734        3.50410566E-02
   1180.2403200053755        3.46656665E-02
   1180.3835356733775        3.42864022E-02
   1180.5267513413796        3.39033566E-02
   1180.6699670093817        3.35166603E-02
   1180.8131826773838        3.31264548E-02
   1180.9563983453859        3.27328853E-02
   1181.0996140133880        3.23361009E-02
   1181.2428296813900        3.19362283E-02
   1181.3860453493921        3.15333903E-02
   1181.5292610173942        3.11277062E-02
   1181.6724766853963        3.07193100E-02
   1181.8156923533984        3.03083733E-02
   1181.9589080214005        2.98950933E-02
   1182.1021236894026        2.94796713E-02
   1182.2453393574046        2.90623009E-02
   1182.3885550254067        2.86431387E-02
   1182.5317706934088        2.82223262E-02
   1182.6749863614109        2.77999882E-02
   1182.8182020294130        2.73762867E-02
   1182.9614176974151        2.69514080E-02
   1183.1046333654172        2.65255645E-02
   1183.2478490334192        2.60989778E-02
   1183.3910647014213        2.56718695E-02
   1183.5342803694234        2.52444278E-02
   1183.6774960374255        2.48168148E-02
   1183.8207117054276        2.43891887E-02
   1183.9639273734297        2.39617079E-02
   1184.1071430414318        2.35345792E-02
   1184.2503587094338        2.31080446E-02
   1184.3935743774359        2.26823445E-02
   1184.5367900454380        2.22577360E-02
   1184.6800057134401        2.18344312E-02
   1184.8232213814422        2.14126129E-02
   1184.9664370494443        2.09924467E-02
   1185.1096527174464        2.05741096E-02
   1185.2528683854484        2.01578103E-02
   1185.3960840534505        1.97437815E-02
   1185.5392997214526        1.93322804E-02
   1185.6825153894547        1.89235657E-02
   1185.8257310574568        1.85178705E-02
   1185.9689467254589        1.81153864E-02
   1186.1121623934609        1.77162811E-02
   1186.2553780614630        1.73207149E-02
   1186.3985937294651        1.69288758E-02
   1186.5418093974672        1.65409837E-02
   1186.6850250654693        1.61572881E-02
   1186.8282407334714        1.57780405E-02
   1186.9714564014735        1.54034793E-02
   1187.1146720694755        1.50338039E-02
   1187.2578877374776        1.46691874E-02
   1187.4011034054797        1.43097900E-02
   1187.5443190734818        1.39557663E-02
   1187.6875347414839        1.36073008E-02
   1187.8307504094860        1.32646002E-02
   1187.9739660774881        1.29278973E-02
   1188.1171817454901        1.25974007E-02
   1188.2603974134922        1.22732986E-02
   1188.4036130814943        1.19557492E-02
   1188.5468287494964        1.16448905E-02
   1188.6900444174985        1.13408640E-02
   1188.8332600855006        1.10438205E-02
   1188.9764757535027        1.07539389E-02
   1189.1196914215047        1.04714092E-02
   1189.2629070895068        1.01964120E-02
   1189.4061227575089        9.92909633E-03
   1189.5493384255110        9.66958702E-03
   1189.6925540935131        9.41798836E-03
   1189.8357697615152        9.17439349E-03
   1189.9789854295173        8.93890485E-03
   1190.1222010975193        8.71162862E-03
   1190.2654167655214        8.49270076E-03
   1190.4086324335235        8.28225538E-03
   1190.5518481015256        8.08041170E-03
   1190.6950637695277        7.88725726E-03
   1190.8382794375298        7.70285539E-03
   1190.9814951055318        7.52726011E-03
   1191.1247107735339        7.36053288E-03
   1191.2679264415360        7.20274448E-03
   1191.4111421095381        7.05397129E-03
   1191.5543577775402        6.91428967E-03
   1191.6975734455423        6.78375550E-03
   1191.8407891135444        6.66240416E-03
   1191.9840047815464        6.55024499E-03
   1192.1272204495485        6.44727238E-03
   1192.2704361175506        6.35347702E-03
   1192.4136517855527        6.26886450E-03
   1192.5568674535548        6.19344786E-03
   1192.7000831215569        6.12724572E-03
   1192.8432987895590        6.07025810E-03
   1192.9865144575610        6.02245331E-03
   1193.1297301255631        5.98378479E-03
   1193.2729457935652        5.95418923E-03
   1193.4161614615673        5.93361445E-03
   1193.5593771295694        5.92201576E-03
   1193.7025927975715        5.91935776E-03
   1193.8458084655736        5.92559762E-03
   1193.9890241335756        5.94069436E-03
   1194.1322398015777        5.96457906E-03
   1194.2754554695798        5.99716231E-03
   1194.4186711375819        6.03832677E-03
   1194.5618868055840        6.08794205E-03
   1194.7051024735861        6.14589639E-03
   1194.8483181415882        6.21208735E-03
   1194.9915338095902        6.28642738E-03
   1195.1347494775923        6.36881404E-03
   1195.2779651455944        6.45911880E-03
   1195.4211808135965        6.55719824E-03
   1195.5643964815986        6.66289590E-03
   1195.7076121496007        6.77604601E-03
   1195.8508278176027        6.89649396E-03
   1195.9940434856048        7.02409633E-03
   1196.1372591536069        7.15871714E-03
   1196.2804748216090        7.30022229E-03
   1196.4236904896111        7.44845904E-03
   1196.5669061576132        7.60324672E-03
   1196.7101218256153        7.76438974E-03
   1196.8533374936173        7.93166831E-03
   1196.9965531616194        8.10487941E-03
   1197.1397688296215        8.28383863E-03
   1197.2829844976236        8.46837088E-03
   1197.4262001656257        8.65831412E-03
   1197.5694158336278        8.85348953E-03
   1197.7126315016299        9.05370899E-03
   1197.8558471696319        9.25877504E-03
   1197.9990628376340        9.46846977E-03
   1198.1422785056361        9.68256779E-03
   1198.2854941736382        9.90084745E-03
   1198.4287098416403        1.01231132E-02
   1198.5719255096424        1.03491805E-02
   1198.7151411776445        1.05788615E-02
   1198.8583568456465        1.08119696E-02
   1199.0015725136486        1.10482872E-02
   1199.1447881816507        1.12875812E-02
   1199.2880038496528        1.15296263E-02
   1199.4312195176549        1.17742009E-02
   1199.5744351856570        1.20210983E-02
   1199.7176508536591        1.22701339E-02
   1199.8608665216611        1.25211291E-02
   1200.0040821896632        1.27738826E-02
   1200.1472978576653        1.30282026E-02
   1200.2905135256674        1.32838786E-02
   1200.4337291936695        1.35406889E-02
   1200.5769448616716        1.37984157E-02
   1200.7201605296736        1.40568484E-02
   1200.8633761976757        1.43158082E-02
   1201.0065918656778        1.45751238E-02
   1201.1498075336799        1.48346368E-02
   1201.2930232016820        1.50941852E-02
   1201.4362388696841        1.53535921E-02
   1201.5794545376862        1.56126786E-02
   1201.7226702056882        1.58712696E-02
   1201.8658858736903        1.61291882E-02
   1202.0091015416924        1.63862649E-02
   1202.1523172096945        1.66423433E-02
   1202.2955328776966        1.68972723E-02
   1202.4387485456987        1.71509143E-02
   1202.5819642137008        1.74031332E-02
   1202.7251798817028        1.76537819E-02
   1202.8683955497049        1.79027244E-02
   1203.0116112177070        1.81498248E-02
   1203.1548268857091        1.83949564E-02
   1203.2980425537112        1.86380018E-02
   1203.4412582217133        1.88788492E-02
   1203.5844738897154        1.91173833E-02
   1203.7276895577174        1.93534959E-02
   1203.8709052257195        1.95870940E-02
   1204.0141208937216        1.98180843E-02
   1204.1573365617237        2.00463813E-02
   1204.3005522297258        2.02718917E-02
   1204.4437678977279        2.04945300E-02
   1204.5869835657300        2.07142215E-02
   1204.7301992337320        2.09309049E-02
   1204.8734149017341        2.11445186E-02
   1205.0166305697362        2.13550106E-02
   1205.1598462377383        2.15623267E-02
   1205.3030619057404        2.17664242E-02
   1205.4462775737425        2.19672788E-02
   1205.5894932417445        2.21648607E-02
   1205.7327089097466        2.23591439E-02
   1205.8759245777487        2.25501060E-02
   1206.0191402457508        2.27377247E-02
   1206.1623559137529        2.29219813E-02
   1206.3055715817550        2.31028590E-02
   1206.4487872497571        2.32803524E-02
   1206.5920029177591        2.34544612E-02
   1206.7352185857612        2.36251932E-02
   1206.8784342537633        2.37925686E-02
   1207.0216499217654        2.39565931E-02
   1207.1648655897675        2.41172817E-02
   1207.3080812577696        2.42746361E-02
   1207.4512969257717        2.44286656E-02
   1207.5945125937737        2.45793909E-02
   1207.7377282617758        2.47268565E-02
   1207.8809439297779        2.48711072E-02
   1208.0241595977800        2.50122007E-02
   1208.1673752657821        2.51501836E-02
   1208.3105909337842        2.52851117E-02
   1208.4538066017863        2.54170299E-02
   1208.5970222697883        2.55459882E-02
   1208.7402379377904        2.56720278E-02
   1208.8834536057925        2.57951953E-02
   1209.0266692737946        2.59155370E-02
   1209.1698849417967        2.60331277E-02
   1209.3131006097988        2.61480417E-02
   1209.4563162778009        2.62603685E-02
   1209.5995319458029        2.63701808E-02
   1209.7427476138050        2.64775492E-02
   1209.8859632818071        2.65825316E-02
   1210.0291789498092        2.66851969E-02
   1210.1723946178113        2.67856196E-02
   1210.3156102858134        2.68838797E-02
   1210.4588259538154        2.69800555E-02
   1210.6020416218175        2.70742271E-02
   1210.7452572898196        2.71664802E-02
   1210.8884729578217        2.72568986E-02
   1211.0316886258238        2.73455493E-02
   1211.1749042938259        2.74324920E-02
   1211.3181199618280        2.75177807E-02
   1211.4613356298300        2.76014861E-02
   1211.6045512978321        2.76836772E-02
   1211.7477669658342        2.77644210E-02
   1211.8909826338363        2.78437920E-02
   1212.0341983018384        2.79218629E-02
   1212.1774139698405        2.79987101E-02
   1212.3206296378426        2.80744098E-02
   1212.4638453058446        2.81490274E-02
   1212.6070609738467        2.82226186E-02
   1212.7502766418488        2.82952357E-02
   1212.8934923098509        2.83669345E-02
   1213.0367079778530        2.84377895E-02
   1213.1799236458551        2.85078734E-02
   1213.3231393138572        2.85772625E-02
   1213.4663549818592        2.86460221E-02
   1213.6095706498613        2.87142098E-02
   1213.7527863178634        2.87818797E-02
   1213.8960019858655        2.88490783E-02
   1214.0392176538676        2.89158393E-02
   1214.1824333218697        2.89821960E-02
   1214.3256489898718        2.90481765E-02
   1214.4688646578738        2.91138310E-02
   1214.6120803258759        2.91792024E-02
   1214.7552959938780        2.92443316E-02
   1214.8985116618801        2.93092448E-02
   1215.0417273298822        2.93739550E-02
   1215.1849429978843        2.94384696E-02
   1215.3281586658863        2.95028053E-02
   1215.4713743338884        2.95669883E-02
   1215.6145900018905        2.96310466E-02
   1215.7578056698926        2.96950098E-02
   1215.9010213378947        2.97589097E-02
   1216.0442370058968        2.98227798E-02
   1216.1874526738989        2.98866369E-02
   1216.3306683419009        2.99504865E-02
   1216.4738840099030        3.00143100E-02
   1216.6170996779051        3.00780889E-02
   1216.7603153459072        3.01418174E-02
   1216.9035310139093        3.02055012E-02
   1217.0467466819114        3.02691404E-02
   1217.1899623499135        3.03327274E-02
   1217.3331780179155        3.03962491E-02
   1217.4763936859176        3.04596834E-02
   1217.6196093539197        3.05230077E-02
   1217.7628250219218        3.05862017E-02
   1217.9060406899239        3.06492373E-02
   1218.0492563579260        3.07121016E-02
   1218.1924720259281        3.07747833E-02
   1218.3356876939301        3.08372676E-02
   1218.4789033619322        3.08995452E-02
   1218.6221190299343        3.09615880E-02
   1218.7653346979364        3.10233515E-02
   1218.9085503659385        3.10847871E-02
   1219.0517660339406        3.11458576E-02
   1219.1949817019427        3.12065426E-02
   1219.3381973699447        3.12668309E-02
   1219.4814130379468        3.13266888E-02
   1219.6246287059489        3.13860811E-02
   1219.7678443739510        3.14449742E-02
   1219.9110600419531        3.15033235E-02
   1220.0542757099552        3.15610841E-02
   1220.1974913779572        3.16182077E-02
   1220.3407070459593        3.16746458E-02
   1220.4839227139614        3.17303725E-02
   1220.6271383819635        3.17853540E-02
   1220.7703540499656        3.18395644E-02
   1220.9135697179677        3.18929479E-02
   1221.0567853859698        3.19454595E-02
   1221.2000010539718        3.19970399E-02
   1221.3432167219739        3.20476480E-02
   1221.4864323899760        3.20972539E-02
   1221.6296480579781        3.21458355E-02
   1221.7728637259802        3.21933664E-02
   1221.9160793939823        3.22398096E-02
   1222.0592950619844        3.22851464E-02
   1222.2025107299864        3.23293395E-02
   1222.3457263979885        3.23723368E-02
   1222.4889420659906        3.24140973E-02
   1222.6321577339927        3.24545763E-02
   1222.7753734019948        3.24937440E-02
   1222.9185890699969        3.25315818E-02
   1223.0618047379990        3.25680748E-02
   1223.2050204060010        3.26031893E-02
   1223.3482360740031        3.26368883E-02
   1223.4914517420052        3.26691084E-02
   1223.6346674100073        3.26998159E-02
   1223.7778830780094        3.27289924E-02
   1223.9210987460115        3.27566266E-02
   1224.0643144140136        3.27827409E-02
   1224.2075300820156        3.28073315E-02
   1224.3507457500177        3.28303985E-02
   1224.4939614180198        3.28519270E-02
   1224.6371770860219        3.28718722E-02
   1224.7803927540240        3.28902043E-02
   1224.9236084220261        3.29068899E-02
   1225.0668240900281        3.29219177E-02
   1225.2100397580302        3.29353064E-02
   1225.3532554260323        3.29470634E-02
   1225.4964710940344        3.29571888E-02
   1225.6396867620365        3.29656750E-02
   1225.7829024300386        3.29725035E-02
   1225.9261180980407        3.29776555E-02
   1226.0693337660427        3.29811350E-02
   1226.2125494340448        3.29829454E-02
   1226.3557651020469        3.29831094E-02
   1226.4989807700490        3.29816565E-02
   1226.6421964380511        3.29786129E-02
   1226.7854121060532        3.29740010E-02
   1226.9286277740553        3.29678133E-02
   1227.0718434420573        3.29600237E-02
   1227.2150591100594        3.29506248E-02
   1227.3582747780615        3.29396240E-02
   1227.5014904460636        3.29270512E-02
   1227.6447061140657        3.29129584E-02
   1227.7879217820678        3.28973830E-02
   1227.9311374500699        3.28803658E-02
   1228.0743531180719        3.28619257E-02
   1228.2175687860740        3.28420885E-02
   1228.3607844540761        3.28208618E-02
   1228.5040001220782        3.27982567E-02
   1228.6472157900803        3.27742919E-02
   1228.7904314580824        3.27490121E-02
   1228.9336471260845        3.27224582E-02
   1229.0768627940865        3.26946750E-02
   1229.2200784620886        3.26656811E-02
   1229.3632941300907        3.26354802E-02
   1229.5065097980928        3.26040909E-02
   1229.6497254660949        3.25715318E-02
   1229.7929411340970        3.25378478E-02
   1229.9361568020990        3.25030982E-02
   1230.0793724701011        3.24673429E-02
   1230.2225881381032        3.24306339E-02
   1230.3658038061053        3.23929973E-02
   1230.5090194741074        3.23544741E-02
   1230.6522351421095        3.23150903E-02
   1230.7954508101116        3.22748646E-02
   1230.9386664781136        3.22338417E-02
   1231.0818821461157        3.21920663E-02
   1231.2250978141178        3.21495980E-02
   1231.3683134821199        3.21064852E-02
   1231.5115291501220        3.20627540E-02
   1231.6547448181241        3.20184156E-02
   1231.7979604861262        3.19734924E-02
   1231.9411761541282        3.19280103E-02
   1232.0843918221303        3.18820253E-02
   1232.2276074901324        3.18356156E-02
   1232.3708231581345        3.17888260E-02
   1232.5140388261366        3.17417197E-02
   1232.6572544941387        3.16943228E-02
   1232.8004701621408        3.16466503E-02
   1232.9436858301428        3.15987021E-02
   1233.0869014981449        3.15504894E-02
   1233.2301171661470        3.15020382E-02
   1233.3733328341491        3.14534158E-02
   1233.5165485021512        3.14046852E-02
   1233.6597641701533        3.13559100E-02
   1233.8029798381554        3.13071199E-02
   1233.9461955061574        3.12583148E-02
   1234.0894111741595        3.12094875E-02
   1234.2326268421616        3.11606377E-02
   1234.3758425101637        3.11117936E-02
   1234.5190581781658        3.10630128E-02
   1234.6622738461679        3.10143586E-02
   1234.8054895141699        3.09658982E-02
   1234.9487051821720        3.09176799E-02
   1235.0919208501741        3.08697186E-02
   1235.2351365181762        3.08220014E-02
   1235.3783521861783        3.07745077E-02
   1235.5215678541804        3.07272281E-02
   1235.6647835221825        3.06801945E-02
   1235.8079991901845        3.06334700E-02
   1235.9512148581866        3.05871293E-02
   1236.0944305261887        3.05412188E-02
   1236.2376461941908        3.04957554E-02
   1236.3808618621929        3.04507278E-02
   1236.5240775301950        3.04061044E-02
   1236.6672931981971        3.03618740E-02
   1236.8105088661991        3.03180479E-02
   1236.9537245342012        3.02746668E-02
   1237.0969402022033        3.02317943E-02
   1237.2401558702054        3.01894825E-02
   1237.3833715382075        3.01477648E-02
   1237.5265872062096        3.01066358E-02
   1237.6698028742117        3.00660599E-02
   1237.8130185422137        3.00260093E-02
   1237.9562342102158        2.99864709E-02
   1238.0994498782179        2.99474783E-02
   1238.2426655462200        2.99090762E-02
   1238.3858812142221        2.98713204E-02
   1238.5290968822242        2.98342388E-02
   1238.6723125502263        2.97978222E-02
   1238.8155282182283        2.97620557E-02
   1238.9587438862304        2.97269057E-02
   1239.1019595542325        2.96923555E-02
   1239.2451752222346        2.96584051E-02
   1239.3883908902367        2.96250787E-02
   1239.5316065582388        2.95924116E-02
   1239.6748222262408        2.95604244E-02
   1239.8180378942429        2.95291152E-02
   1239.9612535622450        2.94984542E-02
   1240.1044692302471        2.94684190E-02
   1240.2476848982492        2.94390023E-02
   1240.3909005662513        2.94102263E-02
   1240.5341162342534        2.93821283E-02
   1240.6773319022554        2.93547511E-02
   1240.8205475702575        2.93281246E-02
   1240.9637632382596        2.93022543E-02
   1241.1069789062617        2.92771105E-02
   1241.2501945742638        2.92526595E-02
   1241.3934102422659        2.92288810E-02
   1241.5366259102680        2.92057749E-02
   1241.6798415782700        2.91833580E-02
   1241.8230572462721        2.91616730E-02
   1241.9662729142742        2.91407388E-02
   1242.1094885822763        2.91205384E-02
   1242.2527042502784        2.91010235E-02
   1242.3959199182805        2.90821549E-02
   1242.5391355862826        2.90639065E-02
   1242.6823512542846        2.90462952E-02
   1242.8255669222867        2.90293731E-02
   1242.9687825902888        2.90131848E-02
   1243.1119982582909        2.89977565E-02
   1243.2552139262930        2.89830770E-02
   1243.3984295942951        2.89691202E-02
   1243.5416452622972        2.89558377E-02
   1243.6848609302992        2.89431904E-02
   1243.8280765983013        2.89311726E-02
   1243.9712922663034        2.89198197E-02
   1244.1145079343055        2.89091859E-02
   1244.2577236023076        2.88993232E-02
   1244.4009392703097        2.88902503E-02
   1244.5441549383117        2.88819410E-02
   1244.6873706063138        2.88743488E-02
   1244.8305862743159        2.88674179E-02
   1244.9738019423180        2.88611297E-02
   1245.1170176103201        2.88555026E-02
   1245.2602332783222        2.88505778E-02
   1245.4034489463243        2.88463943E-02
   1245.5466646143263        2.88429763E-02
   1245.6898802823284        2.88403127E-02
   1245.8330959503305        2.88383476E-02
   1245.9763116183326        2.88370308E-02
   1246.1195272863347        2.88363192E-02
   1246.2627429543368        2.88362205E-02
   1246.4059586223389        2.88367793E-02
   1246.5491742903409        2.88380608E-02
   1246.6923899583430        2.88401060E-02
   1246.8356056263451        2.88429130E-02
   1246.9788212943472        2.88464502E-02
   1247.1220369623493        2.88506728E-02
   1247.2652526303514        2.88555436E-02
   1247.4084682983535        2.88610552E-02
   1247.5516839663555        2.88672224E-02
   1247.6948996343576        2.88740750E-02
   1247.8381153023597        2.88816430E-02
   1247.9813309703618        2.88899317E-02
   1248.1245466383639        2.88989022E-02
   1248.2677623063660        2.89084986E-02
   1248.4109779743681        2.89186705E-02
   1248.5541936423701        2.89294031E-02
   1248.6974093103722        2.89407112E-02
   1248.8406249783743        2.89526340E-02
   1248.9838406463764        2.89651975E-02
   1249.1270563143785        2.89784111E-02
   1249.2702719823806        2.89922506E-02
   1249.4134876503826        2.90066805E-02
   1249.5567033183847        2.90216599E-02
   1249.6999189863868        2.90371664E-02
   1249.8431346543889        2.90532093E-02
   1249.9863503223910        2.90698037E-02
   1250.1295659903931        2.90869791E-02
   1250.2727816583952        2.91047394E-02
   1250.4159973263972        2.91230623E-02
   1250.5592129943993        2.91419011E-02
   1250.7024286624014        2.91611962E-02
   1250.8456443304035        2.91809235E-02
   1250.9888599984056        2.92010810E-02
   1251.1320756664077        2.92216893E-02
   1251.2752913344098        2.92427633E-02
   1251.4185070024118        2.92643029E-02
   1251.5617226704139        2.92862765E-02
   1251.7049383384160        2.93086264E-02
   1251.8481540064181        2.93312985E-02
   1251.9913696744202        2.93542538E-02
   1252.1345853424223        2.93774791E-02
   1252.2778010104244        2.94009894E-02
   1252.4210166784264        2.94248126E-02
   1252.5642323464285        2.94489637E-02
   1252.7074480144306        2.94734146E-02
   1252.8506636824327        2.94981096E-02
   1252.9938793504348        2.95229740E-02
   1253.1370950184369        2.95479596E-02
   1253.2803106864390        2.95730419E-02
   1253.4235263544410        2.95982305E-02
   1253.5667420224431        2.96235438E-02
   1253.7099576904452        2.96489876E-02
   1253.8531733584473        2.96745319E-02
   1253.9963890264494        2.97001153E-02
   1254.1396046944515        2.97256559E-02
   1254.2828203624535        2.97510829E-02
   1254.4260360304556        2.97763590E-02
   1254.5692516984577        2.98014805E-02
   1254.7124673664598        2.98264697E-02
   1254.8556830344619        2.98513360E-02
   1254.9988987024640        2.98760701E-02
   1255.1421143704661        2.99006104E-02
   1255.2853300384681        2.99248695E-02
   1255.4285457064702        2.99487673E-02
   1255.5717613744723        2.99722515E-02
   1255.7149770424744        2.99953129E-02
   1255.8581927104765        3.00179496E-02
   1256.0014083784786        3.00401915E-02
   1256.1446240464807        3.00620273E-02
   1256.2878397144827        3.00834160E-02
   1256.4310553824848        3.01042758E-02
   1256.5742710504869        3.01245190E-02
   1256.7174867184890        3.01440675E-02
   1256.8607023864911        3.01628895E-02
   1257.0039180544932        3.01809870E-02
   1257.1471337224953        3.01983785E-02
   1257.2903493904973        3.02150659E-02
   1257.4335650584994        3.02310102E-02
   1257.5767807265015        3.02461330E-02
   1257.7199963945036        3.02603394E-02
   1257.8632120625057        3.02735474E-02
   1258.0064277305078        3.02856974E-02
   1258.1496433985099        3.02967727E-02
   1258.2928590665119        3.03067844E-02
   1258.4360747345140        3.03157344E-02
   1258.5792904025161        3.03236023E-02
   1258.7225060705182        3.03303190E-02
   1258.8657217385203        3.03357989E-02
   1259.0089374065224        3.03399544E-02
   1259.1521530745244        3.03427335E-02
   1259.2953687425265        3.03441137E-02
   1259.4385844105286        3.03440988E-02
   1259.5818000785307        3.03426888E-02
   1259.7250157465328        3.03398613E-02
   1259.8682314145349        3.03355530E-02
   1260.0114470825370        3.03296875E-02
   1260.1546627505390        3.03221811E-02
   1260.2978784185411        3.03129684E-02
   1260.4410940865432        3.03020142E-02
   1260.5843097545453        3.02892998E-02
   1260.7275254225474        3.02748233E-02
   1260.8707410905495        3.02585606E-02
   1261.0139567585516        3.02404612E-02
   1261.1571724265536        3.02204527E-02
   1261.3003880945557        3.01984567E-02
   1261.4436037625578        3.01744211E-02
   1261.5868194305599        3.01483087E-02
   1261.7300350985620        3.01201139E-02
   1261.8732507665641        3.00898273E-02
   1262.0164664345662        3.00574228E-02
   1262.1596821025682        3.00228465E-02
   1262.3028977705703        2.99860332E-02
   1262.4461134385724        2.99469084E-02
   1262.5893291065745        2.99054123E-02
   1262.7325447745766        2.98615154E-02
   1262.8757604425787        2.98152175E-02
   1263.0189761105808        2.97665298E-02
   1263.1621917785828        2.97154468E-02
   1263.3054074465849        2.96619292E-02
   1263.4486231145870        2.96059083E-02
   1263.5918387825891        2.95473058E-02
   1263.7350544505912        2.94860471E-02
   1263.8782701185933        2.94220895E-02
   1264.0214857865953        2.93554198E-02
   1264.1647014545974        2.92860512E-02
   1264.3079171225995        2.92139836E-02
   1264.4511327906016        2.91391909E-02
   1264.5943484586037        2.90616099E-02
   1264.7375641266058        2.89811566E-02
   1264.8807797946079        2.88977548E-02
   1265.0239954626099        2.88113710E-02
   1265.1672111306120        2.87220180E-02
   1265.3104267986141        2.86297295E-02
   1265.4536424666162        2.85345409E-02
   1265.5968581346183        2.84364466E-02
   1265.7400738026204        2.83354130E-02
   1265.8832894706225        2.82313619E-02
   1266.0265051386245        2.81242169E-02
   1266.1697208066266        2.80139204E-02
   1266.3129364746287        2.79004555E-02
   1266.4561521426308        2.77838483E-02
   1266.5993678106329        2.76641324E-02
   1266.7425834786350        2.75413264E-02
   1266.8857991466371        2.74154134E-02
   1267.0290148146391        2.72863433E-02
   1267.1722304826412        2.71540489E-02
   1267.3154461506433        2.70184763E-02
   1267.4586618186454        2.68796142E-02
   1267.6018774866475        2.67374944E-02
   1267.7450931546496        2.65921652E-02
   1267.8883088226517        2.64436658E-02
   1268.0315244906537        2.62920111E-02
   1268.1747401586558        2.61371844E-02
   1268.3179558266579        2.59791408E-02
   1268.4611714946600        2.58178543E-02
   1268.6043871626621        2.56533157E-02
   1268.7476028306642        2.54855547E-02
   1268.8908184986662        2.53146235E-02
   1269.0340341666683        2.51405742E-02
   1269.1772498346704        2.49634292E-02
   1269.3204655026725        2.47831717E-02
   1269.4636811706746        2.45997701E-02
   1269.6068968386767        2.44132020E-02
   1269.7501125066788        2.42234580E-02
   1269.8933281746808        2.40305774E-02
   1270.0365438426829        2.38346178E-02
   1270.1797595106850        2.36356389E-02
   1270.3229751786871        2.34336853E-02
   1270.4661908466892        2.32287776E-02
   1270.6094065146913        2.30209082E-02
   1270.7526221826934        2.28100792E-02
   1270.8958378506954        2.25963145E-02
   1271.0390535186975        2.23796666E-02
   1271.1822691866996        2.21602134E-02
   1271.3254848547017        2.19380464E-02
   1271.4687005227038        2.17132345E-02
   1271.6119161907059        2.14858148E-02
   1271.7551318587080        2.12558005E-02
   1271.8983475267100        2.10232157E-02
   1272.0415631947121        2.07880884E-02
   1272.1847788627142        2.05504876E-02
   1272.3279945307163        2.03105025E-02
   1272.4712101987184        2.00682245E-02
   1272.6144258667205        1.98237337E-02
   1272.7576415347226        1.95770785E-02
   1272.9008572027246        1.93282813E-02
   1273.0440728707267        1.90773588E-02
   1273.1872885387288        1.88243594E-02
   1273.3305042067309        1.85693763E-02
   1273.4737198747330        1.83125213E-02
   1273.6169355427351        1.80539284E-02
   1273.7601512107371        1.77937057E-02
   1273.9033668787392        1.75319258E-02
   1274.0465825467413        1.72686242E-02
   1274.1897982147434        1.70038361E-02
   1274.3330138827455        1.67376045E-02
   1274.4762295507476        1.64700225E-02
   1274.6194452187497        1.62012111E-02
   1274.7626608867517        1.59313064E-02
   1274.9058765547538        1.56604405E-02
   1275.0490922227559        1.53887179E-02
   1275.1923078907580        1.51162110E-02
   1275.3355235587601        1.48429703E-02
   1275.4787392267622        1.45690627E-02
   1275.6219548947643        1.42945871E-02
   1275.7651705627663        1.40196756E-02
   1275.9083862307684        1.37444753E-02
   1276.0516018987705        1.34691205E-02
   1276.1948175667726        1.31937210E-02
   1276.3380332347747        1.29183456E-02
   1276.4812489027768        1.26430504E-02
   1276.6244645707789        1.23678893E-02
   1276.7676802387809        1.20929554E-02
   1276.9108959067830        1.18183792E-02
   1277.0541115747851        1.15443282E-02
   1277.1973272427872        1.12709701E-02
   1277.3405429107893        1.09984502E-02
   1277.4837585787914        1.07268728E-02
   1277.6269742467935        1.04563013E-02
   1277.7701899147955        1.01868026E-02
   1277.9134055827976        9.91846621E-03
   1278.0566212507997        9.65141132E-03
   1278.1998369188018        9.38577577E-03
   1278.3430525868039        9.12169367E-03
   1278.4862682548060        8.85929167E-03
   1278.6294839228080        8.59865174E-03
   1278.7726995908101        8.33984464E-03
   1278.9159152588122        8.08293000E-03
   1279.0591309268143        7.82798231E-03
   1279.2023465948164        7.57512078E-03
   1279.3455622628185        7.32449070E-03
   1279.4887779308206        7.07624480E-03
   1279.6319935988226        6.83052465E-03
   1279.7752092668247        6.58743456E-03
   1279.9184249348268        6.34703413E-03
   1280.0616406028289        6.10937551E-03
   1280.2048562708310        5.87452576E-03
   1280.3480719388331        5.64257428E-03
   1280.4912876068352        5.41365147E-03
   1280.6345032748372        5.18788025E-03
   1280.7777189428393        4.96538728E-03
   1280.9209346108414        4.74625826E-03
   1281.0641502788435        4.53055650E-03
   1281.2073659468456        4.31831181E-03
   1281.3505816148477        4.10956144E-03
   1281.4937972828498        3.90436500E-03
   1281.6370129508518        3.70281562E-03
   1281.7802286188539        3.50502506E-03
   1281.9234442868560        3.31109762E-03
   1282.0666599548581        3.12110037E-03
   1282.2098756228602        2.93506309E-03
   1282.3530912908623        2.75299698E-03
   1282.4963069588644        2.57492438E-03
   1282.6395226268664        2.40089372E-03
   1282.7827382948685        2.23098695E-03
   1282.9259539628706        2.06528977E-03
   1283.0691696308727        1.90388784E-03
   1283.2123852988748        1.74684823E-03
   1283.3556009668769        1.59418583E-03
   1283.4988166348789        1.44588575E-03
   1283.6420323028810        1.30192563E-03
   1283.7852479708831        1.16229802E-03
   1283.9284636388852        1.02704018E-03
   1284.0716793068873        8.96207988E-04
   1284.2148949748894        7.69864768E-04
   1284.3581106428915        6.48036599E-04
   1284.5013263108935        5.30712306E-04
   1284.6445419788956        4.17847186E-04
   1284.7877576468977        3.09389085E-04
   1284.9309733148998        2.05308199E-04
   1285.0741889829019        1.05604529E-04
   1285.2174046509040        1.03004277E-05
   1285.3606203189061       -8.05780292E-05
   1285.5038359869081       -1.67019665E-04
   1285.6470516549102       -2.49054283E-04
   1285.7902673229123       -3.26745212E-04
   1285.9334829909144       -4.00178134E-04
   1286.0766986589165       -4.69416380E-04
   1286.2199143269186       -5.34500927E-04
   1286.3631299949207       -5.95431775E-04
   1286.5063456629227       -6.52205199E-04
   1286.6495613309248       -7.04836100E-04
   1286.7927769989269       -7.53369182E-04
   1286.9359926669290       -7.97878951E-04
   1287.0792083349311       -8.38469714E-04
   1287.2224240029332       -8.75245780E-04
   1287.3656396709353       -9.08289105E-04
   1287.5088553389373       -9.37659293E-04
   1287.6520710069394       -9.63382423E-04
   1287.7952866749415       -9.85488296E-04
   1287.9385023429436       -1.00402534E-03
   1288.0817180109457       -1.01907551E-03
   1288.2249336789478       -1.03076175E-03
   1288.3681493469498       -1.03920698E-03
   1288.5113650149519       -1.04451925E-03
   1288.6545806829540       -1.04677677E-03
   1288.7977963509561       -1.04603916E-03
   1288.9410120189582       -1.04236230E-03
   1289.0842276869603       -1.03582442E-03
   1289.2274433549624       -1.02652237E-03
   1289.3706590229644       -1.01457909E-03
   1289.5138746909665       -1.00012124E-03
   1289.6570903589686       -9.83260572E-04
   1289.8003060269707       -9.64079052E-04
   1289.9435216949728       -9.42643732E-04
   1290.0867373629749       -9.19010490E-04
   1290.2299530309770       -8.93261284E-04
   1290.3731686989790       -8.65511596E-04
   1290.5163843669811       -8.35895538E-04
   1290.6596000349832       -8.04562122E-04
   1290.8028157029853       -7.71630555E-04
   1290.9460313709874       -7.37205148E-04
   1291.0892470389895       -7.01356679E-04
   1291.2324627069916       -6.64155930E-04
   1291.3756783749936       -6.25681132E-04
   1291.5188940429957       -5.86029142E-04
   1291.6621097109978       -5.45322895E-04
   1291.8053253789999       -5.03692776E-04
   1291.9485410470020       -4.61261719E-04
   1292.0917567150041       -4.18122858E-04
   1292.2349723830062       -3.74339521E-04
   1292.3781880510082       -3.29963863E-04
   1292.5214037190103       -2.85051763E-04
   1292.6646193870124       -2.39711255E-04
   1292.8078350550145       -1.94068998E-04
   1292.9510507230166       -1.48259103E-04
   1293.0942663910187       -1.02393329E-04
   1293.2374820590207       -5.65536320E-05
   1293.3806977270228       -1.07772648E-05
   1293.5239133950249        3.49208713E-05
   1293.6671290630270        8.05146992E-05
   1293.8103447310291        1.25948340E-04
   1293.9535603990312        1.71124935E-04
   1294.0967760670333        2.15925276E-04
   1294.2399917350353        2.60222703E-04
   1294.3832074030374        3.03927809E-04
   1294.5264230710395        3.46999615E-04
   1294.6696387390416        3.89423221E-04
   1294.8128544070437        4.31194901E-04
   1294.9560700750458        4.72277403E-04
   1295.0992857430479        5.12603670E-04
   1295.2425014110499        5.52084297E-04
   1295.3857170790520        5.90633601E-04
   1295.5289327470541        6.28191978E-04
   1295.6721484150562        6.64740801E-04
   1295.8153640830583        7.00280070E-04
   1295.9585797510604        7.34843314E-04
   1296.1017954190625        7.68441707E-04
   1296.2450110870645        8.01056623E-04
   1296.3882267550666        8.32624733E-04
   1296.5314424230687        8.63064080E-04
   1296.6746580910708        8.92307609E-04
   1296.8178737590729        9.20336694E-04
   1296.9610894270750        9.47184861E-04
   1297.1043050950771        9.72889364E-04
   1297.2475207630791        9.97487456E-04
   1297.3907364310812        1.02099031E-03
   1297.5339520990833        1.04337931E-03
   1297.6771677670854        1.06462091E-03
   1297.8203834350875        1.08468905E-03
   1297.9635991030896        1.10357627E-03
   1298.1068147710916        1.12131238E-03
   1298.2500304390937        1.13796070E-03
   1298.3932461070958        1.15358084E-03
   1298.5364617750979        1.16822869E-03
   1298.6796774431000        1.18190795E-03
   1298.8228931111021        1.19460002E-03
   1298.9661087791042        1.20629370E-03
   1299.1093244471062        1.21701509E-03
   1299.2525401151083        1.22681260E-03
   1299.3957557831104        1.23576447E-03
   1299.5389714511125        1.24394521E-03
   1299.6821871191146        1.25141069E-03
   1299.8254027871167        1.25820190E-03
   1299.9686184551188        1.26432627E-03
   1300.1118341231208        1.26978010E-03
   1300.2550497911229        1.27456710E-03
   1300.3982654591250        1.27871335E-03
   1300.5414811271271        1.28229335E-03
   1300.6846967951292        1.28537789E-03
   1300.8279124631313        1.28804520E-03
   1300.9711281311334        1.29033253E-03
   1301.1143437991354        1.29224733E-03
   1301.2575594671375        1.29378960E-03
   1301.4007751351396        1.29498541E-03
   1301.5439908031417        1.29588693E-03
   1301.6872064711438        1.29657239E-03
   1301.8304221391459        1.29714608E-03
   1301.9736378071480        1.29769742E-03
   1302.1168534751500        1.29829347E-03
   1302.2600691431521        1.29896030E-03
   1302.4032848111542        1.29970163E-03
   1302.5465004791563        1.30051374E-03
   1302.6897161471584        1.30140781E-03
   1302.8329318151605        1.30245090E-03
   1302.9761474831625        1.30372494E-03
   1303.1193631511646        1.30530074E-03
   1303.2625788191667        1.30722672E-03
   1303.4057944871688        1.30950660E-03
   1303.5490101551709        1.31210685E-03
   1303.6922258231730        1.31501257E-03
   1303.8354414911751        1.31822377E-03
   1303.9786571591771        1.32178515E-03
   1304.1218728271792        1.32576376E-03
   1304.2650884951813        1.33023411E-03
   1304.4083041631834        1.33524835E-03
   1304.5515198311855        1.34082139E-03
   1304.6947354991876        1.34691596E-03
   1304.8379511671897        1.35347992E-03
   1304.9811668351917        1.36047974E-03
   1305.1243825031938        1.36791170E-03
   1305.2675981711959        1.37582794E-03
   1305.4108138391980        1.38428062E-03
   1305.5540295072001        1.39329955E-03
   1305.6972451752022        1.40286610E-03
   1305.8404608432043        1.41293555E-03
   1305.9836765112063        1.42343715E-03
   1306.1268921792084        1.43431500E-03
   1306.2701078472105        1.44553557E-03
   1306.4133235152126        1.45710260E-03
   1306.5565391832147        1.46904215E-03
   1306.6997548512168        1.48136541E-03
   1306.8429705192189        1.49405748E-03
   1306.9861861872209        1.50705501E-03
   1307.1294018552230        1.52025744E-03
   1307.2726175232251        1.53356791E-03
   1307.4158331912272        1.54692307E-03
   1307.5590488592293        1.56031176E-03
   1307.7022645272314        1.57374889E-03
   1307.8454801952334        1.58724561E-03
   1307.9886958632355        1.60076842E-03
   1308.1319115312376        1.61423534E-03
   1308.2751271992397        1.62753463E-03
   1308.4183428672418        1.64053589E-03
   1308.5615585352439        1.65312737E-03
   1308.7047742032460        1.66523829E-03
   1308.8479898712480        1.67684257E-03
   1308.9912055392501        1.68792158E-03
   1309.1344212072522        1.69844180E-03
   1309.2776368752543        1.70830265E-03
   1309.4208525432564        1.71736628E-03
   1309.5640682112585        1.72548369E-03
   1309.7072838792606        1.73253566E-03
   1309.8504995472626        1.73845142E-03
   1309.9937152152647        1.74320117E-03
   1310.1369308832668        1.74674764E-03
   1310.2801465512689        1.74904987E-03
   1310.4233622192710        1.75001100E-03
   1310.5665778872731        1.74951926E-03
   1310.7097935552752        1.74742565E-03
   1310.8530092232772        1.74359605E-03
   1310.9962248912793        1.73792243E-03
   1311.1394405592814        1.73034519E-03
   1311.2826562272835        1.72083080E-03
   1311.4258718952856        1.70933828E-03
   1311.5690875632877        1.69579312E-03
   1311.7123032312898        1.68007612E-03
   1311.8555188992918        1.66204199E-03
   1311.9987345672939        1.64155662E-03
   1312.1419502352960        1.61851570E-03
   1312.2851659032981        1.59285218E-03
   1312.4283815713002        1.56452134E-03
   1312.5715972393023        1.53347850E-03
   1312.7148129073043        1.49966776E-03
   1312.8580285753064        1.46299973E-03
   1313.0012442433085        1.42335519E-03
   1313.1444599113106        1.38063356E-03
   1313.2876755793127        1.33474171E-03
   1313.4308912473148        1.28563121E-03
   1313.5741069153169        1.23328716E-03
   1313.7173225833189        1.17768720E-03
   1313.8605382513210        1.11878663E-03
   1314.0037539193231        1.05650350E-03
   1314.1469695873252        9.90748405E-04
   1314.2901852553273        9.21443105E-04
   1314.4334009233294        8.48524272E-04
   1314.5766165913315        7.71973282E-04
   1314.7198322593335        6.91790134E-04
   1314.8630479273356        6.07971102E-04
   1315.0062635953377        5.20512462E-04
   1315.1494792633398        4.29373235E-04
   1315.2926949313419        3.34486365E-04
   1315.4359105993440        2.35799700E-04
   1315.5791262673461        1.33272260E-04
   1315.7223419353481        2.69152224E-05
   1315.8655576033502       -8.32341611E-05
   1316.0087732713523       -1.97112560E-04
   1316.1519889393544       -3.14682722E-04
   1316.2952046073565       -4.35937196E-04
   1316.4384202753586       -5.60902059E-04
   1316.5816359433607       -6.89599663E-04
   1316.7248516113627       -8.22037458E-04
   1316.8680672793648       -9.58189368E-04
   1317.0112829473669       -1.09798834E-03
   1317.1544986153690       -1.24133006E-03
   1317.2977142833711       -1.38812512E-03
   1317.4409299513732       -1.53829902E-03
   1317.5841456193752       -1.69182941E-03
   1317.7273612873773       -1.84871629E-03
   1317.8705769553794       -2.00894475E-03
   1318.0137926233815       -2.17246264E-03
   1318.1570082913836       -2.33914703E-03
   1318.3002239593857       -2.50885636E-03
   1318.4434396273878       -2.68144533E-03
   1318.5866552953898       -2.85679847E-03
   1318.7298709633919       -3.03484127E-03
   1318.8730866313940       -3.21553648E-03
   1319.0163022993961       -3.39884311E-03
   1319.1595179673982       -3.58471647E-03
   1319.3027336354003       -3.77305597E-03
   1319.4459493034024       -3.96369398E-03
   1319.5891649714044       -4.15644050E-03
   1319.7323806394065       -4.35111672E-03
   1319.8755963074086       -4.54756990E-03
   1320.0188119754107       -4.74570319E-03
   1320.1620276434128       -4.94543090E-03
   1320.3052433114149       -5.14664501E-03
   1320.4484589794170       -5.34920394E-03
   1320.5916746474190       -5.55293262E-03
   1320.7348903154211       -5.75763360E-03
   1320.8781059834232       -5.96312061E-03
   1321.0213216514253       -6.16924092E-03
   1321.1645373194274       -6.37587160E-03
   1321.3077529874295       -6.58292323E-03
   1321.4509686554316       -6.79029897E-03
   1321.5941843234336       -6.99786842E-03
   1321.7373999914357       -7.20544904E-03
   1321.8806156594378       -7.41282105E-03
   1322.0238313274399       -7.61977956E-03
   1322.1670469954420       -7.82613456E-03
   1322.3102626634441       -8.03174824E-03
   1322.4534783314461       -8.23649392E-03
   1322.5966939994482       -8.44024494E-03
   1322.7399096674503       -8.64284858E-03
   1322.8831253354524       -8.84413719E-03
   1323.0263410034545       -9.04393196E-03
   1323.1695566714566       -9.24207270E-03
   1323.3127723394587       -9.43839177E-03
   1323.4559880074607       -9.63275507E-03
   1323.5992036754628       -9.82504338E-03
   1323.7424193434649       -1.00151300E-02
   1323.8856350114670       -1.02028698E-02
   1324.0288506794691       -1.03880838E-02
   1324.1720663474712       -1.05705708E-02
   1324.3152820154733       -1.07501447E-02
   1324.4584976834753       -1.09266452E-02
   1324.6017133514774       -1.10999644E-02
   1324.7449290194795       -1.12700127E-02
   1324.8881446874816       -1.14367008E-02
   1325.0313603554837       -1.15999356E-02
   1325.1745760234858       -1.17595904E-02
   1325.3177916914879       -1.19155236E-02
   1325.4610073594899       -1.20675825E-02
   1325.6042230274920       -1.22156441E-02
   1325.7474386954941       -1.23596191E-02
   1325.8906543634962       -1.24994516E-02
   1326.0338700314983       -1.26350895E-02
   1326.1770856995004       -1.27664730E-02
   1326.3203013675025       -1.28935017E-02
   1326.4635170355045       -1.30160414E-02
   1326.6067327035066       -1.31339543E-02
   1326.7499483715087       -1.32471360E-02
   1326.8931640395108       -1.33555420E-02
   1327.0363797075129       -1.34591535E-02
   1327.1795953755150       -1.35579817E-02
   1327.3228110435170       -1.36520229E-02
   1327.4660267115191       -1.37412436E-02
   1327.6092423795212       -1.38255768E-02
   1327.7524580475233       -1.39049441E-02
   1327.8956737155254       -1.39792785E-02
   1328.0388893835275       -1.40485428E-02
   1328.1821050515296       -1.41127594E-02
   1328.3253207195316       -1.41719803E-02
   1328.4685363875337       -1.42262578E-02
   1328.6117520555358       -1.42756216E-02
   1328.7549677235379       -1.43200643E-02
   1328.8981833915400       -1.43595561E-02
   1329.0413990595421       -1.43940784E-02
   1329.1846147275442       -1.44236311E-02
   1329.3278303955462       -1.44482478E-02
   1329.4710460635483       -1.44679993E-02
   1329.6142617315504       -1.44829676E-02
   1329.7574773995525       -1.44932494E-02
   1329.9006930675546       -1.44989118E-02
   1330.0439087355567       -1.44999921E-02
   1330.1871244035588       -1.44965202E-02
   1330.3303400715608       -1.44885331E-02
   1330.4735557395629       -1.44761056E-02
   1330.6167714075650       -1.44593529E-02
   1330.7599870755671       -1.44384056E-02
   1330.9032027435692       -1.44133903E-02
   1331.0464184115713       -1.43844187E-02
   1331.1896340795734       -1.43515766E-02
   1331.3328497475754       -1.43149570E-02
   1331.4760654155775       -1.42746493E-02
   1331.6192810835796       -1.42307617E-02
   1331.7624967515817       -1.41834244E-02
   1331.9057124195838       -1.41327754E-02
   1332.0489280875859       -1.40789673E-02
   1332.1921437555879       -1.40221342E-02
   1332.3353594235900       -1.39623992E-02
   1332.4785750915921       -1.38998665E-02
   1332.6217907595942       -1.38346553E-02
   1332.7650064275963       -1.37668960E-02
   1332.9082220955984       -1.36967525E-02
   1333.0514377636005       -1.36243962E-02
   1333.1946534316025       -1.35499947E-02
   1333.3378690996046       -1.34737082E-02
   1333.4810847676067       -1.33956671E-02
   1333.6243004356088       -1.33160092E-02
   1333.7675161036109       -1.32348724E-02
   1333.9107317716130       -1.31524019E-02
   1334.0539474396151       -1.30687691E-02
   1334.1971631076171       -1.29841566E-02
   1334.3403787756192       -1.28987469E-02
   1334.4835944436213       -1.28126964E-02
   1334.6268101116234       -1.27261393E-02
   1334.7700257796255       -1.26391761E-02
   1334.9132414476276       -1.25519298E-02
   1335.0564571156297       -1.24645494E-02
   1335.1996727836317       -1.23772100E-02
   1335.3428884516338       -1.22901052E-02
   1335.4861041196359       -1.22034177E-02
   1335.6293197876380       -1.21173039E-02
   1335.7725354556401       -1.20318942E-02
   1335.9157511236422       -1.19472854E-02
   1336.0589667916443       -1.18635818E-02
   1336.2021824596463       -1.17808990E-02
   1336.3453981276484       -1.16993897E-02
   1336.4886137956505       -1.16192177E-02
   1336.6318294636526       -1.15405656E-02
   1336.7750451316547       -1.14635900E-02
   1336.9182607996568       -1.13884099E-02
   1337.0614764676588       -1.13151185E-02
   1337.2046921356609       -1.12437978E-02
   1337.3479078036630       -1.11745298E-02
   1337.4911234716651       -1.11074373E-02
   1337.6343391396672       -1.10426620E-02
   1337.7775548076693       -1.09803379E-02
   1337.9207704756714       -1.09205842E-02
   1338.0639861436734       -1.08634979E-02
   1338.2072018116755       -1.08091384E-02
   1338.3504174796776       -1.07575394E-02
   1338.4936331476797       -1.07087381E-02
   1338.6368488156818       -1.06628016E-02
   1338.7800644836839       -1.06198117E-02
   1338.9232801516860       -1.05798841E-02
   1339.0664958196880       -1.05431192E-02
   1339.2097114876901       -1.05095915E-02
   1339.3529271556922       -1.04793496E-02
   1339.4961428236943       -1.04524158E-02
   1339.6393584916964       -1.04288124E-02
   1339.7825741596985       -1.04085766E-02
   1339.9257898277006       -1.03917643E-02
   1340.0690054957026       -1.03784278E-02
   1340.2122211637047       -1.03686154E-02
   1340.3554368317068       -1.03623569E-02
   1340.4986524997089       -1.03596635E-02
   1340.6418681677110       -1.03605129E-02
   1340.7850838357131       -1.03648864E-02
   1340.9282995037152       -1.03727765E-02
   1341.0715151717172       -1.03841871E-02
   1341.2147308397193       -1.03991404E-02
   1341.3579465077214       -1.04176439E-02
   1341.5011621757235       -1.04396865E-02
   1341.6443778437256       -1.04652345E-02
   1341.7875935117277       -1.04942396E-02
   1341.9308091797297       -1.05266422E-02
   1342.0740248477318       -1.05623975E-02
   1342.2172405157339       -1.06014758E-02
   1342.3604561837360       -1.06438585E-02
   1342.5036718517381       -1.06895305E-02
   1342.6468875197402       -1.07384436E-02
   1342.7901031877423       -1.07905343E-02
   1342.9333188557443       -1.08457096E-02
   1343.0765345237464       -1.09038725E-02
   1343.2197501917485       -1.09649561E-02
   1343.3629658597506       -1.10289119E-02
   1343.5061815277527       -1.10957101E-02
   1343.6493971957548       -1.11653060E-02
   1343.7926128637569       -1.12376437E-02
   1343.9358285317589       -1.13126263E-02
   1344.0790441997610       -1.13901421E-02
   1344.2222598677631       -1.14700869E-02
   1344.3654755357652       -1.15523450E-02
   1344.5086912037673       -1.16368309E-02
   1344.6519068717694       -1.17234662E-02
   1344.7951225397715       -1.18121915E-02
   1344.9383382077735       -1.19029321E-02
   1345.0815538757756       -1.19955838E-02
   1345.2247695437777       -1.20900273E-02
   1345.3679852117798       -1.21861286E-02
   1345.5112008797819       -1.22837648E-02
   1345.6544165477840       -1.23828463E-02
   1345.7976322157861       -1.24833025E-02
   1345.9408478837881       -1.25850774E-02
   1346.0840635517902       -1.26880892E-02
   1346.2272792197923       -1.27922334E-02
   1346.3704948877944       -1.28973722E-02
   1346.5137105557965       -1.30033493E-02
   1346.6569262237986       -1.31100230E-02
   1346.8001418918006       -1.32172666E-02
   1346.9433575598027       -1.33249834E-02
   1347.0865732278048       -1.34331100E-02
   1347.2297888958069       -1.35415718E-02
   1347.3730045638090       -1.36502758E-02
   1347.5162202318111       -1.37590952E-02
   1347.6594358998132       -1.38678998E-02
   1347.8026515678152       -1.39765665E-02
   1347.9458672358173       -1.40849911E-02
   1348.0890829038194       -1.41930953E-02
   1348.2322985718215       -1.43008158E-02
   1348.3755142398236       -1.44080780E-02
   1348.5187299078257       -1.45147778E-02
   1348.6619455758278       -1.46207921E-02
   1348.8051612438298       -1.47259720E-02
   1348.9483769118319       -1.48301795E-02
   1349.0915925798340       -1.49332993E-02
   1349.2348082478361       -1.50352605E-02
   1349.3780239158382       -1.51360147E-02
   1349.5212395838403       -1.52355321E-02
   1349.6644552518424       -1.53337456E-02
   1349.8076709198444       -1.54305585E-02
   1349.9508865878465       -1.55258402E-02
   1350.0941022558486       -1.56194605E-02
   1350.2373179238507       -1.57113187E-02
   1350.3805335918528       -1.58013441E-02
   1350.5237492598549       -1.58894919E-02
   1350.6669649278570       -1.59757249E-02
   1350.8101805958590       -1.60599984E-02
   1350.9533962638611       -1.61422417E-02
   1351.0966119318632       -1.62223540E-02
   1351.2398275998653       -1.63002275E-02
   1351.3830432678674       -1.63757727E-02
   1351.5262589358695       -1.64489374E-02
   1351.6694746038715       -1.65196955E-02
   1351.8126902718736       -1.65880546E-02
   1351.9559059398757       -1.66539997E-02
   1352.0991216078778       -1.67174786E-02
   1352.2423372758799       -1.67784095E-02
   1352.3855529438820       -1.68366991E-02
   1352.5287686118841       -1.68922618E-02
   1352.6719842798861       -1.69450454E-02
   1352.8151999478882       -1.69950314E-02
   1352.9584156158903       -1.70422308E-02
   1353.1016312838924       -1.70866586E-02
   1353.2448469518945       -1.71283111E-02
   1353.3880626198966       -1.71671510E-02
   1353.5312782878987       -1.72031038E-02
   1353.6744939559007       -1.72361024E-02
   1353.8177096239028       -1.72661021E-02
   1353.9609252919049       -1.72930975E-02
   1354.1041409599070       -1.73171163E-02
   1354.2473566279091       -1.73381884E-02
   1354.3905722959112       -1.73563231E-02
   1354.5337879639133       -1.73714980E-02
   1354.6770036319153       -1.73836760E-02
   1354.8202192999174       -1.73928160E-02
   1354.9634349679195       -1.73988976E-02
   1355.1066506359216       -1.74019374E-02
   1355.2498663039237       -1.74019765E-02
   1355.3930819719258       -1.73990633E-02
   1355.5362976399279       -1.73932277E-02
   1355.6795133079299       -1.73844658E-02
   1355.8227289759320       -1.73727497E-02
   1355.9659446439341       -1.73580460E-02
   1356.1091603119362       -1.73403546E-02
   1356.2523759799383       -1.73197035E-02
   1356.3955916479404       -1.72961447E-02
   1356.5388073159424       -1.72697455E-02
   1356.6820229839445       -1.72405541E-02
   1356.8252386519466       -1.72085911E-02
   1356.9684543199487       -1.71738565E-02
   1357.1116699879508       -1.71363428E-02
   1357.2548856559529       -1.70960538E-02
   1357.3981013239550       -1.70530267E-02
   1357.5413169919570       -1.70073286E-02
   1357.6845326599591       -1.69590451E-02
   1357.8277483279612       -1.69082507E-02
   1357.9709639959633       -1.68549940E-02
   1358.1141796639654       -1.67992711E-02
   1358.2573953319675       -1.67410746E-02
   1358.4006109999696       -1.66804194E-02
   1358.5438266679716       -1.66173577E-02
   1358.6870423359737       -1.65519752E-02
   1358.8302580039758       -1.64843760E-02
   1358.9734736719779       -1.64146498E-02
   1359.1166893399800       -1.63428634E-02
   1359.2599050079821       -1.62690394E-02
   1359.4031206759842       -1.61931887E-02
   1359.5463363439862       -1.61153227E-02
   1359.6895520119883       -1.60354823E-02
   1359.8327676799904       -1.59537569E-02
   1359.9759833479925       -1.58702545E-02
   1360.1191990159946       -1.57850869E-02
   1360.2624146839967       -1.56983361E-02
   1360.4056303519988       -1.56100504E-02
   1360.5488460200008       -1.55202411E-02
   1360.6920616880029       -1.54289231E-02
   1360.8352773560050       -1.53361373E-02
   1360.9784930240071       -1.52419619E-02
   1361.1217086920092       -1.51465088E-02
   1361.2649243600113       -1.50498860E-02
   1361.4081400280133       -1.49522088E-02
   1361.5513556960154       -1.48535483E-02
   1361.6945713640175       -1.47539414E-02
   1361.8377870320196       -1.46534219E-02
   1361.9810027000217       -1.45520419E-02
   1362.1242183680238       -1.44498833E-02
   1362.2674340360259       -1.43470652E-02
   1362.4106497040279       -1.42437145E-02
   1362.5538653720300       -1.41399391E-02
   1362.6970810400321       -1.40357986E-02
   1362.8402967080342       -1.39313377E-02
   1362.9835123760363       -1.38265789E-02
   1363.1267280440384       -1.37215666E-02
   1363.2699437120405       -1.36163794E-02
   1363.4131593800425       -1.35111287E-02
   1363.5563750480446       -1.34059563E-02
   1363.6995907160467       -1.33009888E-02
   1363.8428063840488       -1.31963268E-02
   1363.9860220520509       -1.30920373E-02
   1364.1292377200530       -1.29881538E-02
   1364.2724533880551       -1.28847174E-02
   1364.4156690560571       -1.27817988E-02
   1364.5588847240592       -1.26794986E-02
   1364.7021003920613       -1.25779323E-02
   1364.8453160600634       -1.24772117E-02
   1364.9885317280655       -1.23774111E-02
   1365.1317473960676       -1.22785717E-02
   1365.2749630640697       -1.21807232E-02
   1365.4181787320717       -1.20838918E-02
   1365.5613944000738       -1.19881369E-02
   1365.7046100680759       -1.18935555E-02
   1365.8478257360780       -1.18002817E-02
   1365.9910414040801       -1.17084533E-02
   1366.1342570720822       -1.16181932E-02
   1366.2774727400842       -1.15295686E-02
   1366.4206884080863       -1.14426054E-02
   1366.5639040760884       -1.13573186E-02
   1366.7071197440905       -1.12737529E-02
   1366.8503354120926       -1.11919940E-02
   1366.9935510800947       -1.11121535E-02
   1367.1367667480968       -1.10343434E-02
   1367.2799824160988       -1.09586641E-02
   1367.4231980841009       -1.08851753E-02
   1367.5664137521030       -1.08139105E-02
   1367.7096294201051       -1.07448846E-02
   1367.8528450881072       -1.06781274E-02
   1367.9960607561093       -1.06137022E-02
   1368.1392764241114       -1.05516985E-02
   1368.2824920921134       -1.04922354E-02
   1368.4257077601155       -1.04354061E-02
   1368.5689234281176       -1.03812665E-02
   1368.7121390961197       -1.03298314E-02
   1368.8553547641218       -1.02810934E-02
   1368.9985704321239       -1.02350451E-02
   1369.1417861001260       -1.01917163E-02
   1369.2850017681280       -1.01511776E-02
   1369.4282174361301       -1.01135112E-02
   1369.5714331041322       -1.00787953E-02
   1369.7146487721343       -1.00470781E-02
   1369.8578644401364       -1.00183785E-02
   1370.0010801081385       -9.99269634E-03
   1370.1442957761406       -9.97002050E-03
   1370.2875114441426       -9.95036587E-03
   1370.4307271121447       -9.93379205E-03
   1370.5739427801468       -9.92036983E-03
   1370.7171584481489       -9.91016254E-03
   1370.8603741161510       -9.90319997E-03
   1371.0035897841531       -9.89946723E-03
   1371.1468054521551       -9.89892706E-03
   1371.2900211201572       -9.90153477E-03
   1371.4332367881593       -9.90727544E-03
   1371.5764524561614       -9.91616026E-03
   1371.7196681241635       -9.92822275E-03
   1371.8628837921656       -9.94349644E-03
   1372.0060994601677       -9.96199995E-03
   1372.1493151281697       -9.98371094E-03
   1372.2925307961718       -1.00085884E-02
   1372.4357464641739       -1.00365654E-02
   1372.5789621321760       -1.00676119E-02
   1372.7221778001781       -1.01017281E-02
   1372.8653934681802       -1.01389363E-02
   1373.0086091361823       -1.01792663E-02
   1373.1518248041843       -1.02227144E-02
   1373.2950404721864       -1.02692358E-02
   1373.4382561401885       -1.03187524E-02
   1373.5814718081906       -1.03711709E-02
   1373.7246874761927       -1.04264207E-02
   1373.8679031441948       -1.04844607E-02
   1374.0111188121969       -1.05452836E-02
   1374.1543344801989       -1.06088929E-02
   1374.2975501482010       -1.06752850E-02
   1374.4407658162031       -1.07444227E-02
   1374.5839814842052       -1.08162165E-02
   1374.7271971522073       -1.08905509E-02
   1374.8704128202094       -1.09673254E-02
   1375.0136284882115       -1.10464804E-02
   1375.1568441562135       -1.11279897E-02
   1375.3000598242156       -1.12118497E-02
   1375.4432754922177       -1.12980343E-02
   1375.5864911602198       -1.13864802E-02
   1375.7297068282219       -1.14770941E-02
   1375.8729224962240       -1.15697570E-02
   1376.0161381642260       -1.16643496E-02
   1376.1593538322281       -1.17607825E-02
   1376.3025695002302       -1.18589923E-02
   1376.4457851682323       -1.19589567E-02
   1376.5890008362344       -1.20606460E-02
   1376.7322165042365       -1.21640041E-02
   1376.8754321722386       -1.22689269E-02
   1377.0186478402406       -1.23752765E-02
   1377.1618635082427       -1.24829113E-02
   1377.3050791762448       -1.25917345E-02
   1377.4482948442469       -1.27016790E-02
   1377.5915105122490       -1.28127113E-02
   1377.7347261802511       -1.29248053E-02
   1377.8779418482532       -1.30379088E-02
   1378.0211575162552       -1.31519400E-02
   1378.1643731842573       -1.32667795E-02
   1378.3075888522594       -1.33822970E-02
   1378.4508045202615       -1.34983733E-02
   1378.5940201882636       -1.36149265E-02
   1378.7372358562657       -1.37319081E-02
   1378.8804515242678       -1.38492845E-02
   1379.0236671922698       -1.39670148E-02
   1379.1668828602719       -1.40850246E-02
   1379.3100985282740       -1.42031945E-02
   1379.4533141962761       -1.43213943E-02
   1379.5965298642782       -1.44395158E-02
   1379.7397455322803       -1.45574845E-02
   1379.8829612002824       -1.46752596E-02
   1380.0261768682844       -1.47928260E-02
   1380.1693925362865       -1.49101578E-02
   1380.3126082042886       -1.50271952E-02
   1380.4558238722907       -1.51438490E-02
   1380.5990395402928       -1.52599998E-02
   1380.7422552082949       -1.53755359E-02
   1380.8854708762969       -1.54903829E-02
   1381.0286865442990       -1.56044997E-02
   1381.1719022123011       -1.57178827E-02
   1381.3151178803032       -1.58305131E-02
   1381.4583335483053       -1.59423463E-02
   1381.6015492163074       -1.60533078E-02
   1381.7447648843095       -1.61633044E-02
   1381.8879805523115       -1.62722468E-02
   1382.0311962203136       -1.63800828E-02
   1382.1744118883157       -1.64867975E-02
   1382.3176275563178       -1.65923834E-02
   1382.4608432243199       -1.66968536E-02
   1382.6040588923220       -1.68001913E-02
   1382.7472745603241       -1.69023573E-02
   1382.8904902283261       -1.70032829E-02
   1383.0337058963282       -1.71028972E-02
   1383.1769215643303       -1.72011591E-02
   1383.3201372323324       -1.72980726E-02
   1383.4633529003345       -1.73936710E-02
   1383.6065685683366       -1.74879860E-02
   1383.7497842363387       -1.75810270E-02
   1383.8929999043407       -1.76727753E-02
   1384.0362155723428       -1.77631807E-02
   1384.1794312403449       -1.78522002E-02
   1384.3226469083470       -1.79398134E-02
   1384.4658625763491       -1.80260297E-02
   1384.6090782443512       -1.81108918E-02
   1384.7522939123533       -1.81944519E-02
   1384.8955095803553       -1.82767548E-02
   1385.0387252483574       -1.83578040E-02
   1385.1819409163595       -1.84375681E-02
   1385.3251565843616       -1.85160041E-02
   1385.4683722523637       -1.85930971E-02
   1385.6115879203658       -1.86688639E-02
   1385.7548035883678       -1.87433716E-02
   1385.8980192563699       -1.88167132E-02
   1386.0412349243720       -1.88889522E-02
   1386.1844505923741       -1.89601202E-02
   1386.3276662603762       -1.90302227E-02
   1386.4708819283783       -1.90992411E-02
   1386.6140975963804       -1.91671662E-02
   1386.7573132643824       -1.92340259E-02
   1386.9005289323845       -1.92998685E-02
   1387.0437446003866       -1.93647891E-02
   1387.1869602683887       -1.94288902E-02
   1387.3301759363908       -1.94922313E-02
   1387.4733916043929       -1.95548292E-02
   1387.6166072723950       -1.96166690E-02
   1387.7598229403970       -1.96777266E-02
   1387.9030386083991       -1.97380222E-02
   1388.0462542764012       -1.97976250E-02
   1388.1894699444033       -1.98566411E-02
   1388.3326856124054       -1.99151877E-02
   1388.4759012804075       -1.99733563E-02
   1388.6191169484096       -2.00312044E-02
   1388.7623326164116       -2.00887490E-02
   1388.9055482844137       -2.01459862E-02
   1389.0487639524158       -2.02029198E-02
   1389.1919796204179       -2.02595908E-02
   1389.3351952884200       -2.03160867E-02
   1389.4784109564221       -2.03725193E-02
   1389.6216266244242       -2.04289798E-02
   1389.7648422924262       -2.04855204E-02
   1389.9080579604283       -2.05421597E-02
   1390.0512736284304       -2.05988847E-02
   1390.1944892964325       -2.06557084E-02
   1390.3377049644346       -2.07126737E-02
   1390.4809206324367       -2.07698438E-02
   1390.6241363004387       -2.08273083E-02
   1390.7673519684408       -2.08851602E-02
   1390.9105676364429       -2.09434628E-02
   1391.0537833044450       -2.10022423E-02
   1391.1969989724471       -2.10614931E-02
   1391.3402146404492       -2.11211964E-02
   1391.4834303084513       -2.11813543E-02
   1391.6266459764533       -2.12420169E-02
   1391.7698616444554       -2.13032644E-02
   1391.9130773124575       -2.13651825E-02
   1392.0562929804596       -2.14278307E-02
   1392.1995086484617       -2.14912333E-02
   1392.3427243164638       -2.15553939E-02
   1392.4859399844659       -2.16203108E-02
   1392.6291556524679       -2.16859970E-02
   1392.7723713204700       -2.17524860E-02
   1392.9155869884721       -2.18198318E-02
   1393.0588026564742       -2.18880903E-02
   1393.2020183244763       -2.19573081E-02
   1393.3452339924784       -2.20274869E-02
   1393.4884496604805       -2.20985953E-02
   1393.6316653284825       -2.21705958E-02
   1393.7748809964846       -2.22434588E-02
   1393.9180966644867       -2.23172065E-02
   1394.0613123324888       -2.23918725E-02
   1394.2045280004909       -2.24675089E-02
   1394.3477436684930       -2.25441437E-02
   1394.4909593364951       -2.26217750E-02
   1394.6341750044971       -2.27003731E-02
   1394.7773906724992       -2.27799043E-02
   1394.9206063405013       -2.28603445E-02
   1395.0638220085034       -2.29416918E-02
   1395.2070376765055       -2.30239779E-02
   1395.3502533445076       -2.31072344E-02
   1395.4934690125096       -2.31914874E-02
   1395.6366846805117       -2.32767314E-02
   1395.7799003485138       -2.33629066E-02
   1395.9231160165159       -2.34499406E-02
   1396.0663316845180       -2.35377606E-02
   1396.2095473525201       -2.36263461E-02
   1396.3527630205222       -2.37157084E-02
   1396.4959786885242       -2.38058735E-02
   1396.6391943565263       -2.38968506E-02
   1396.7824100245284       -2.39886194E-02
   1396.9256256925305       -2.40811277E-02
   1397.0688413605326       -2.41743065E-02
   1397.2120570285347       -2.42680833E-02
   1397.3552726965368       -2.43624095E-02
   1397.4984883645388       -2.44572684E-02
   1397.6417040325409       -2.45526750E-02
   1397.7849197005430       -2.46486515E-02
   1397.9281353685451       -2.47451905E-02
   1398.0713510365472       -2.48422269E-02
   1398.2145667045493       -2.49396656E-02
   1398.3577823725514       -2.50374079E-02
   1398.5009980405534       -2.51353867E-02
   1398.6442137085555       -2.52335873E-02
   1398.7874293765576       -2.53320169E-02
   1398.9306450445597       -2.54306868E-02
   1399.0738607125618       -2.55295914E-02
   1399.2170763805639       -2.56286878E-02
   1399.3602920485660       -2.57279053E-02
   1399.5035077165680       -2.58271452E-02
   1399.6467233845701       -2.59263162E-02
   1399.7899390525722       -2.60253642E-02
   1399.9331547205743       -2.61242855E-02
   1400.0763703885764       -2.62231044E-02
   1400.2195860565785       -2.63218265E-02
   1400.3628017245805       -2.64204219E-02
   1400.5060173925826       -2.65188087E-02
   1400.6492330605847       -2.66168918E-02
   1400.7924487285868       -2.67145876E-02
   1400.9356643965889       -2.68118382E-02
   1401.0788800645910       -2.69086305E-02
   1401.2220957325931       -2.70049646E-02
   1401.3653114005951       -2.71008462E-02
   1401.5085270685972       -2.71962639E-02
   1401.6517427365993       -2.72911880E-02
   1401.7949584046014       -2.73855422E-02
   1401.9381740726035       -2.74792407E-02
   1402.0813897406056       -2.75722127E-02
   1402.2246054086077       -2.76644342E-02
   1402.3678210766097       -2.77559180E-02
   1402.5110367446118       -2.78466921E-02
   1402.6542524126139       -2.79367641E-02
   1402.7974680806160       -2.80260984E-02
   1402.9406837486181       -2.81146262E-02
   1403.0838994166202       -2.82022767E-02
   1403.2271150846223       -2.82889903E-02
   1403.3703307526243       -2.83747371E-02
   1403.5135464206264       -2.84595247E-02
   1403.6567620886285       -2.85433717E-02
   1403.7999777566306       -2.86262967E-02
   1403.9431934246327       -2.87082996E-02
   1404.0864090926348       -2.87893414E-02
   1404.2296247606369       -2.88693737E-02
   1404.3728404286389       -2.89483555E-02
   1404.5160560966410       -2.90262662E-02
   1404.6592717646431       -2.91031152E-02
   1404.8024874326452       -2.91789379E-02
   1404.9457031006473       -2.92537436E-02
   1405.0889187686494       -2.93275230E-02
   1405.2321344366514       -2.94002481E-02
   1405.3753501046535       -2.94718873E-02
   1405.5185657726556       -2.95424145E-02
   1405.6617814406577       -2.96118092E-02
   1405.8049971086598       -2.96800844E-02
   1405.9482127766619       -2.97472831E-02
   1406.0914284446640       -2.98134591E-02
   1406.2346441126660       -2.98786499E-02
   1406.3778597806681       -2.99428608E-02
   1406.5210754486702       -3.00060678E-02
   1406.6642911166723       -3.00682541E-02
   1406.8075067846744       -3.01294178E-02
   1406.9507224526765       -3.01895868E-02
   1407.0939381206786       -3.02488115E-02
   1407.2371537886806       -3.03071290E-02
   1407.3803694566827       -3.03645637E-02
   1407.5235851246848       -3.04211173E-02
   1407.6668007926869       -3.04767657E-02
   1407.8100164606890       -3.05314939E-02
   1407.9532321286911       -3.05852946E-02
   1408.0964477966932       -3.06381993E-02
   1408.2396634646952       -3.06902733E-02
   1408.3828791326973       -3.07415947E-02
   1408.5260948006994       -3.07922252E-02
   1408.6693104687015       -3.08421832E-02
   1408.8125261367036       -3.08914557E-02
   1408.9557418047057       -3.09400223E-02
   1409.0989574727078       -3.09878848E-02
   1409.2421731407098       -3.10350731E-02
   1409.3853888087119       -3.10816411E-02
   1409.5286044767140       -3.11276596E-02
   1409.6718201447161       -3.11731882E-02
   1409.8150358127182       -3.12182736E-02
   1409.9582514807203       -3.12629268E-02
   1410.1014671487223       -3.13071236E-02
   1410.2446828167244       -3.13508585E-02
   1410.3878984847265       -3.13941315E-02
   1410.5311141527286       -3.14370021E-02
   1410.6743298207307       -3.14795673E-02
   1410.8175454887328       -3.15219127E-02
   1410.9607611567349       -3.15641016E-02
   1411.1039768247369       -3.16061378E-02
   1411.2471924927390       -3.16480175E-02
   1411.3904081607411       -3.16897035E-02
   1411.5336238287432       -3.17312032E-02
   1411.6768394967453       -3.17725390E-02
   1411.8200551647474       -3.18137780E-02
   1411.9632708327495       -3.18549871E-02
   1412.1064865007515       -3.18962187E-02
   1412.2497021687536       -3.19374986E-02
   1412.3929178367557       -3.19788083E-02
   1412.5361335047578       -3.20201144E-02
   1412.6793491727599       -3.20613980E-02
   1412.8225648407620       -3.21026966E-02
   1412.9657805087641       -3.21440510E-02
   1413.1089961767661       -3.21855471E-02
   1413.2522118447682       -3.22272368E-02
   1413.3954275127703       -3.22691537E-02
   1413.5386431807724       -3.23112831E-02
   1413.6818588487745       -3.23536023E-02
   1413.8250745167766       -3.23960930E-02
   1413.9682901847787       -3.24387401E-02
   1414.1115058527807       -3.24815735E-02
   1414.2547215207828       -3.25246342E-02
   1414.3979371887849       -3.25679705E-02
   1414.5411528567870       -3.26116234E-02
   1414.6843685247891       -3.26555818E-02
   1414.8275841927912       -3.26998159E-02
   1414.9707998607932       -3.27442735E-02
   1415.1140155287953       -3.27889547E-02
   1415.2572311967974       -3.28338705E-02
   1415.4004468647995       -3.28790583E-02
   1415.5436625328016       -3.29245329E-02
   1415.6868782008037       -3.29703018E-02
   1415.8300938688058       -3.30163315E-02
   1415.9733095368078       -3.30625772E-02
   1416.1165252048099       -3.31089906E-02
   1416.2597408728120       -3.31555307E-02
   1416.4029565408141       -3.32021862E-02
   1416.5461722088162       -3.32489833E-02
   1416.6893878768183       -3.32959443E-02
   1416.8326035448204       -3.33430767E-02
   1416.9758192128224       -3.33903432E-02
   1417.1190348808245       -3.34376954E-02
   1417.2622505488266       -3.34850699E-02
   1417.4054662168287       -3.35324109E-02
   1417.5486818848308       -3.35797071E-02
   1417.6918975528329       -3.36269513E-02
   1417.8351132208350       -3.36741358E-02
   1417.9783288888370       -3.37212458E-02
   1418.1215445568391       -3.37682255E-02
   1418.2647602248412       -3.38150039E-02
   1418.4079758928433       -3.38615030E-02
   1418.5511915608454       -3.39076445E-02
   1418.6944072288475       -3.39533761E-02
   1418.8376228968496       -3.39986905E-02
   1418.9808385648516       -3.40435766E-02
   1419.1240542328537       -3.40880230E-02
   1419.2672699008558       -3.41319740E-02
   1419.4104855688579       -3.41753624E-02
   1419.5537012368600       -3.42180878E-02
   1419.6969169048621       -3.42600793E-02
   1419.8401325728641       -3.43012810E-02
   1419.9833482408662       -3.43416743E-02
   1420.1265639088683       -3.43812369E-02
   1420.2697795768704       -3.44199538E-02
   1420.4129952448725       -3.44577804E-02
   1420.5562109128746       -3.44946571E-02
   1420.6994265808767       -3.45304757E-02
   1420.8426422488787       -3.45651321E-02
   1420.9858579168808       -3.45985293E-02
   1421.1290735848829       -3.46306041E-02
   1421.2722892528850       -3.46613191E-02
   1421.4155049208871       -3.46906483E-02
   1421.5587205888892       -3.47185396E-02
   1421.7019362568913       -3.47449258E-02
   1421.8451519248933       -3.47697213E-02
   1421.9883675928954       -3.47928293E-02
   1422.1315832608975       -3.48141864E-02
   1422.2747989288996       -3.48337367E-02
   1422.4180145969017       -3.48514467E-02
   1422.5612302649038       -3.48673016E-02
   1422.7044459329059       -3.48812789E-02
   1422.8476616009079       -3.48933339E-02
   1422.9908772689100       -3.49033773E-02
   1423.1340929369121       -3.49113122E-02
   1423.2773086049142       -3.49170454E-02
   1423.4205242729163       -3.49205136E-02
   1423.5637399409184       -3.49216759E-02
   1423.7069556089205       -3.49205062E-02
   1423.8501712769225       -3.49169597E-02
   1423.9933869449246       -3.49109918E-02
   1424.1366026129267       -3.49025428E-02
   1424.2798182809288       -3.48915346E-02
   1424.4230339489309       -3.48779187E-02
   1424.5662496169330       -3.48616391E-02
   1424.7094652849350       -3.48426625E-02
   1424.8526809529371       -3.48209888E-02
   1424.9958966209392       -3.47965993E-02
   1425.1391122889413       -3.47694829E-02
   1425.2823279569434       -3.47395986E-02
   1425.4255436249455       -3.47068906E-02
   1425.5687592929476       -3.46713066E-02
   1425.7119749609496       -3.46328244E-02
   1425.8551906289517       -3.45914252E-02
   1425.9984062969538       -3.45471278E-02
   1426.1416219649559       -3.44999284E-02
   1426.2848376329580       -3.44498083E-02
   1426.4280533009601       -3.43967304E-02
   1426.5712689689622       -3.43406796E-02
   1426.7144846369642       -3.42816114E-02
   1426.8577003049663       -3.42195258E-02
   1427.0009159729684       -3.41544338E-02
   1427.1441316409705       -3.40863615E-02
   1427.2873473089726       -3.40153500E-02
   1427.4305629769747       -3.39414179E-02
   1427.5737786449768       -3.38645503E-02
   1427.7169943129788       -3.37847434E-02
   1427.8602099809809       -3.37019786E-02
   1428.0034256489830       -3.36162709E-02
   1428.1466413169851       -3.35276611E-02
   1428.2898569849872       -3.34362015E-02
   1428.4330726529893       -3.33419479E-02
   1428.5762883209914       -3.32449526E-02
   1428.7195039889934       -3.31452414E-02
   1428.8627196569955       -3.30428593E-02
   1429.0059353249976       -3.29378322E-02
   1429.1491509929997       -3.28301936E-02
   1429.2923666610018       -3.27199996E-02
   1429.4355823290039       -3.26073244E-02
   1429.5787979970059       -3.24922539E-02
   1429.7220136650080       -3.23748589E-02
   1429.8652293330101       -3.22551951E-02
   1430.0084450010122       -3.21332961E-02
   1430.1516606690143       -3.20091844E-02
   1430.2948763370164       -3.18829268E-02
   1430.4380920050185       -3.17545868E-02
   1430.5813076730205       -3.16242650E-02
   1430.7245233410226       -3.14920694E-02
   1430.8677390090247       -3.13581154E-02
   1431.0109546770268       -3.12224999E-02
   1431.1541703450289       -3.10853068E-02
   1431.2973860130310       -3.09465993E-02
   1431.4406016810331       -3.08064502E-02
   1431.5838173490351       -3.06649450E-02
   1431.7270330170372       -3.05221826E-02
   1431.8702486850393       -3.03782746E-02
   1432.0134643530414       -3.02333236E-02
   1432.1566800210435       -3.00874282E-02
   1432.2998956890456       -2.99406722E-02
   1432.4431113570477       -2.97931507E-02
   1432.5863270250497       -2.96449717E-02
   1432.7295426930518       -2.94962488E-02
   1432.8727583610539       -2.93471087E-02
   1433.0159740290560       -2.91976780E-02
   1433.1591896970581       -2.90480778E-02
   1433.3024053650602       -2.88984254E-02
   1433.4456210330623       -2.87488289E-02
   1433.5888367010643       -2.85993796E-02
   1433.7320523690664       -2.84501724E-02
   1433.8752680370685       -2.83013042E-02
   1434.0184837050706       -2.81528980E-02
   1434.1616993730727       -2.80050710E-02
   1434.3049150410748       -2.78579444E-02
   1434.4481307090768       -2.77116261E-02
   1434.5913463770789       -2.75662094E-02
   1434.7345620450810       -2.74217911E-02
   1434.8777777130831       -2.72784624E-02
   1435.0209933810852       -2.71363426E-02
   1435.1642090490873       -2.69955471E-02
   1435.3074247170894       -2.68562008E-02
   1435.4506403850914       -2.67184190E-02
   1435.5938560530935       -2.65823044E-02
   1435.7370717210956       -2.64479350E-02
   1435.8802873890977       -2.63153967E-02
   1436.0235030570998       -2.61847638E-02
   1436.1667187251019       -2.60561313E-02
   1436.3099343931040       -2.59296056E-02
   1436.4531500611060       -2.58052982E-02
   1436.5963657291081       -2.56833024E-02
   1436.7395813971102       -2.55636927E-02
   1436.8827970651123       -2.54465304E-02
   1437.0260127331144       -2.53318809E-02
   1437.1692284011165       -2.52198037E-02
   1437.3124440691186       -2.51103695E-02
   1437.4556597371206       -2.50036605E-02
   1437.5988754051227       -2.48997565E-02
   1437.7420910731248       -2.47987360E-02
   1437.8853067411269       -2.47006640E-02
   1438.0285224091290       -2.46055834E-02
   1438.1717380771311       -2.45135203E-02
   1438.3149537451332       -2.44245026E-02
   1438.4581694131352       -2.43385509E-02
   1438.6013850811373       -2.42557153E-02
   1438.7446007491394       -2.41760444E-02
   1438.8878164171415       -2.40995791E-02
   1439.0310320851436       -2.40263436E-02
   1439.1742477531457       -2.39563417E-02
   1439.3174634211477       -2.38895677E-02
   1439.4606790891498       -2.38260236E-02
   1439.6038947571519       -2.37657130E-02
   1439.7471104251540       -2.37086583E-02
   1439.8903260931561       -2.36548930E-02
   1440.0335417611582       -2.36044358E-02
   1440.1767574291603       -2.35572904E-02
   1440.3199730971623       -2.35134270E-02
   1440.4631887651644       -2.34727953E-02
   1440.6064044331665       -2.34353337E-02
   1440.7496201011686       -2.34009977E-02
   1440.8928357691707       -2.33697593E-02
   1441.0360514371728       -2.33416036E-02
   1441.1792671051749       -2.33165100E-02
   1441.3224827731769       -2.32944414E-02
   1441.4656984411790       -2.32753493E-02
   1441.6089141091811       -2.32591685E-02
   1441.7521297771832       -2.32458245E-02
   1441.8953454451853       -2.32352559E-02
   1442.0385611131874       -2.32274029E-02
   1442.1817767811895       -2.32222266E-02
   1442.3249924491915       -2.32196860E-02
   1442.4682081171936       -2.32197139E-02
   1442.6114237851957       -2.32222211E-02
   1442.7546394531978       -2.32270975E-02
   1442.8978551211999       -2.32342128E-02
   1443.0410707892020       -2.32434552E-02
   1443.1842864572041       -2.32547391E-02
   1443.3275021252061       -2.32679881E-02
   1443.4707177932082       -2.32831333E-02
   1443.6139334612103       -2.33000908E-02
   1443.7571491292124       -2.33187471E-02
   1443.9003647972145       -2.33389698E-02
   1444.0435804652166       -2.33606268E-02
   1444.1867961332186       -2.33835913E-02
   1444.3300118012207       -2.34077610E-02
   1444.4732274692228       -2.34330427E-02
   1444.6164431372249       -2.34593507E-02
   1444.7596588052270       -2.34865956E-02
   1444.9028744732291       -2.35146582E-02
   1445.0460901412312       -2.35434026E-02
   1445.1893058092332       -2.35726777E-02
   1445.3325214772353       -2.36023571E-02
   1445.4757371452374       -2.36323215E-02
   1445.6189528132395       -2.36624759E-02
   1445.7621684812416       -2.36927215E-02
   1445.9053841492437       -2.37229541E-02
   1446.0485998172458       -2.37530563E-02
   1446.1918154852478       -2.37828828E-02
   1446.3350311532499       -2.38122735E-02
   1446.4782468212520       -2.38410756E-02
   1446.6214624892541       -2.38691606E-02
   1446.7646781572562       -2.38964278E-02
   1446.9078938252583       -2.39227973E-02
   1447.0511094932604       -2.39481870E-02
   1447.1943251612624       -2.39724927E-02
   1447.3375408292645       -2.39955839E-02
   1447.4807564972666       -2.40173116E-02
   1447.6239721652687       -2.40375437E-02
   1447.7671878332708       -2.40561627E-02
   1447.9104035012729       -2.40730755E-02
   1448.0536191692750       -2.40882095E-02
   1448.1968348372770       -2.41014827E-02
   1448.3400505052791       -2.41128113E-02
   1448.4832661732812       -2.41220854E-02
   1448.6264818412833       -2.41291802E-02
   1448.7696975092854       -2.41339672E-02
   1448.9129131772875       -2.41363458E-02
   1449.0561288452895       -2.41362397E-02
   1449.1993445132916       -2.41336115E-02
   1449.3425601812937       -2.41284184E-02
   1449.4857758492958       -2.41206065E-02
   1449.6289915172979       -2.41100974E-02
   1449.7722071853000       -2.40967944E-02
   1449.9154228533021       -2.40806025E-02
   1450.0586385213041       -2.40614414E-02
   1450.2018541893062       -2.40392573E-02
   1450.3450698573083       -2.40140241E-02
   1450.4882855253104       -2.39857398E-02
   1450.6315011933125       -2.39543933E-02
   1450.7747168613146       -2.39199512E-02
   1450.9179325293167       -2.38823425E-02
   1451.0611481973187       -2.38415003E-02
   1451.2043638653208       -2.37973630E-02
   1451.3475795333229       -2.37499084E-02
   1451.4907952013250       -2.36991551E-02
   1451.6340108693271       -2.36451309E-02
   1451.7772265373292       -2.35878546E-02
   1451.9204422053313       -2.35273093E-02
   1452.0636578733333       -2.34634671E-02
   1452.2068735413354       -2.33962815E-02
   1452.3500892093375       -2.33257189E-02
   1452.4933048773396       -2.32517757E-02
   1452.6365205453417       -2.31744833E-02
   1452.7797362133438       -2.30938960E-02
   1452.9229518813459       -2.30100751E-02
   1453.0661675493479       -2.29230579E-02
   1453.2093832173500       -2.28328519E-02
   1453.3525988853521       -2.27394495E-02
   1453.4958145533542       -2.26428509E-02
   1453.6390302213563       -2.25430802E-02
   1453.7822458893584       -2.24402025E-02
   1453.9254615573604       -2.23343037E-02
   1454.0686772253625       -2.22254656E-02
   1454.2118928933646       -2.21137553E-02
   1454.3551085613667       -2.19992027E-02
   1454.4983242293688       -2.18818095E-02
   1454.6415398973709       -2.17615813E-02
   1454.7847555653730       -2.16385406E-02
   1454.9279712333750       -2.15127636E-02
   1455.0711869013771       -2.13843677E-02
   1455.2144025693792       -2.12534834E-02
   1455.3576182373813       -2.11202130E-02
   1455.5008339053834       -2.09846180E-02
   1455.6440495733855       -2.08467338E-02
   1455.7872652413876       -2.07065921E-02
   1455.9304809093896       -2.05642451E-02
   1456.0736965773917       -2.04197764E-02
   1456.2169122453938       -2.02732999E-02
   1456.3601279133959       -2.01249421E-02
   1456.5033435813980       -1.99748129E-02
   1456.6465592494001       -1.98229980E-02
   1456.7897749174022       -1.96695402E-02
   1456.9329905854042       -1.95144769E-02
   1457.0762062534063       -1.93578415E-02
   1457.2194219214084       -1.91997066E-02
   1457.3626375894105       -1.90401915E-02
   1457.5058532574126       -1.88794378E-02
   1457.6490689254147       -1.87175833E-02
   1457.7922845934168       -1.85547248E-02
   1457.9355002614188       -1.83909219E-02
   1458.0787159294209       -1.82262007E-02
   1458.2219315974230       -1.80606004E-02
   1458.3651472654251       -1.78941917E-02
   1458.5083629334272       -1.77270789E-02
   1458.6515786014293       -1.75593887E-02
   1458.7947942694313       -1.73912570E-02
   1458.9380099374334       -1.72227975E-02
   1459.0812256054355       -1.70540754E-02
   1459.2244412734376       -1.68851316E-02
   1459.3676569414397       -1.67159997E-02
   1459.5108726094418       -1.65467318E-02
   1459.6540882774439       -1.63774155E-02
   1459.7973039454459       -1.62081681E-02
   1459.9405196134480       -1.60391126E-02
   1460.0837352814501       -1.58703383E-02
   1460.2269509494522       -1.57018993E-02
   1460.3701666174543       -1.55338179E-02
   1460.5133822854564       -1.53660998E-02
   1460.6565979534585       -1.51987709E-02
   1460.7998136214605       -1.50318909E-02
   1460.9430292894626       -1.48655567E-02
   1461.0862449574647       -1.46998875E-02
   1461.2294606254668       -1.45349912E-02
   1461.3726762934689       -1.43709462E-02
   1461.5158919614710       -1.42077748E-02
   1461.6591076294731       -1.40454788E-02
   1461.8023232974751       -1.38840713E-02
   1461.9455389654772       -1.37236081E-02
   1462.0887546334793       -1.35641862E-02
   1462.2319703014814       -1.34059116E-02
   1462.3751859694835       -1.32488776E-02
   1462.5184016374856       -1.30931325E-02
   1462.6616173054877       -1.29386932E-02
   1462.8048329734897       -1.27855409E-02
   1462.9480486414918       -1.26336571E-02
   1463.0912643094939       -1.24830529E-02
   1463.2344799774960       -1.23337843E-02
   1463.3776956454981       -1.21859368E-02
   1463.5209113135002       -1.20396037E-02
   1463.6641269815022       -1.18948389E-02
   1463.8073426495043       -1.17516592E-02
   1463.9505583175064       -1.16100367E-02
   1464.0937739855085       -1.14699546E-02
   1464.2369896535106       -1.13314223E-02
   1464.3802053215127       -1.11945122E-02
   1464.5234209895148       -1.10593271E-02
   1464.6666366575168       -1.09259840E-02
   1464.8098523255189       -1.07945576E-02
   1464.9530679935210       -1.06650759E-02
   1465.0962836615231       -1.05375107E-02
   1465.2394993295252       -1.04118213E-02
   1465.3827149975273       -1.02879759E-02
   1465.5259306655294       -1.01660043E-02
   1465.6691463335314       -1.00459941E-02
   1465.8123620015335       -9.92805138E-03
   1465.9555776695356       -9.81226005E-03
   1466.0987933375377       -9.69865173E-03
   1466.2420090055398       -9.58719663E-03
   1466.3852246735419       -9.47785564E-03
   1466.5284403415440       -9.37061198E-03
   1466.6716560095460       -9.26550478E-03
   1466.8148716775481       -9.16262344E-03
   1466.9580873455502       -9.06208903E-03
   1467.1013030135523       -8.96401517E-03
   1467.2445186815544       -8.86846520E-03
   1467.3877343495565       -8.77543911E-03
   1467.5309500175586       -8.68490711E-03
   1467.6741656855606       -8.59683007E-03
   1467.8173813535627       -8.51123221E-03
   1467.9605970215648       -8.42820480E-03
   1468.1038126895669       -8.34788941E-03
   1468.2470283575690       -8.27043504E-03
   1468.3902440255711       -8.19593668E-03
   1468.5334596935731       -8.12442973E-03
   1468.6766753615752       -8.05590488E-03
   1468.8198910295773       -7.99034722E-03
   1468.9631066975794       -7.92776980E-03
   1469.1063223655815       -7.86825642E-03
   1469.2495380335836       -7.81195238E-03
   1469.3927537015857       -7.75901973E-03
   1469.5359693695877       -7.70959817E-03
   1469.6791850375898       -7.66376592E-03
   1469.8224007055919       -7.62153603E-03
   1469.9656163735940       -7.58290477E-03
   1470.1088320415961       -7.54789822E-03
   1470.2520477095982       -7.51660764E-03
   1470.3952633776003       -7.48918951E-03
   1470.5384790456023       -7.46582076E-03
   1470.6816947136044       -7.44666532E-03
   1470.8249103816065       -7.43182749E-03
   1470.9681260496086       -7.42135569E-03
   1471.1113417176107       -7.41528161E-03
   1471.2545573856128       -7.41364434E-03
   1471.3977730536149       -7.41653703E-03
   1471.5409887216169       -7.42411241E-03
   1471.6842043896190       -7.43657723E-03
   1471.8274200576211       -7.45413266E-03
   1471.9706357256232       -7.47693703E-03
   1472.1138513936253       -7.50507973E-03
   1472.2570670616274       -7.53860548E-03
   1472.4002827296295       -7.57757761E-03
   1472.5434983976315       -7.62208924E-03
   1472.6867140656336       -7.67230615E-03
   1472.8299297336357       -7.72842765E-03
   1472.9731454016378       -7.79066049E-03
   1473.1163610696399       -7.85917789E-03
   1473.2595767376420       -7.93410093E-03
   1473.4027924056440       -8.01550597E-03
   1473.5460080736461       -8.10345635E-03
   1473.6892237416482       -8.19804892E-03
   1473.8324394096503       -8.29944387E-03
   1473.9756550776524       -8.40785913E-03
   1474.1188707456545       -8.52351449E-03
   1474.2620864136566       -8.64658505E-03
   1474.4053020816586       -8.77719186E-03
   1474.5485177496607       -8.91539268E-03
   1474.6917334176628       -9.06124525E-03
   1474.8349490856649       -9.21484642E-03
   1474.9781647536670       -9.37634706E-03
   1475.1213804216691       -9.54595394E-03
   1475.2645960896712       -9.72389057E-03
   1475.4078117576732       -9.91036370E-03
   1475.5510274256753       -1.01055261E-02
   1475.6942430936774       -1.03094671E-02
   1475.8374587616795       -1.05222519E-02
   1475.9806744296816       -1.07439533E-02
   1476.1238900976837       -1.09746996E-02
   1476.2671057656858       -1.12146847E-02
   1476.4103214336878       -1.14641245E-02
   1476.5535371016899       -1.17232185E-02
   1476.6967527696920       -1.19920988E-02
   1476.8399684376941       -1.22708324E-02
   1476.9831841056962       -1.25594437E-02
   1477.1263997736983       -1.28579699E-02
   1477.2696154417004       -1.31665077E-02
   1477.4128311097024       -1.34852193E-02
   1477.5560467777045       -1.38143059E-02
   1477.6992624457066       -1.41539723E-02
   1477.8424781137087       -1.45043600E-02
   1477.9856937817108       -1.48655418E-02
   1478.1289094497129       -1.52375288E-02
   1478.2721251177149       -1.56203154E-02
   1478.4153407857170       -1.60139445E-02
   1478.5585564537191       -1.64185278E-02
   1478.7017721217212       -1.68342385E-02
   1478.8449877897233       -1.72612481E-02
   1478.9882034577254       -1.76996700E-02
   1479.1314191257275       -1.81495454E-02
   1479.2746347937295       -1.86108593E-02
   1479.4178504617316       -1.90835670E-02
   1479.5610661297337       -1.95676424E-02
   1479.7042817977358       -2.00631395E-02
   1479.8474974657379       -2.05701627E-02
   1479.9907131337400       -2.10888609E-02
   1480.1339288017421       -2.16193497E-02
   1480.2771444697441       -2.21616644E-02
   1480.4203601377462       -2.27157623E-02
   1480.5635758057483       -2.32815519E-02
   1480.7067914737504       -2.38589626E-02
   1480.8500071417525       -2.44479813E-02
   1480.9932228097546       -2.50486601E-02
   1481.1364384777567       -2.56610885E-02
   1481.2796541457587       -2.62853317E-02
   1481.4228698137608       -2.69213840E-02
   1481.5660854817629       -2.75691580E-02
   1481.7093011497650       -2.82285176E-02
   1481.8525168177671       -2.88993195E-02
   1481.9957324857692       -2.95814686E-02
   1482.1389481537713       -3.02749425E-02
   1482.2821638217733       -3.09797712E-02
   1482.4253794897754       -3.16959918E-02
   1482.5685951577775       -3.24235708E-02
   1482.7118108257796       -3.31623927E-02
   1482.8550264937817       -3.39122862E-02
   1482.9982421617838       -3.46730612E-02
   1483.1414578297858       -3.54445800E-02
   1483.2846734977879       -3.62267494E-02
   1483.4278891657900       -3.70195210E-02
   1483.5711048337921       -3.78228649E-02
   1483.7143205017942       -3.86367142E-02
   1483.8575361697963       -3.94609161E-02
   1484.0007518377984       -4.02952544E-02
   1484.1439675058004       -4.11394835E-02
   1484.2871831738025       -4.19933833E-02
   1484.4303988418046       -4.28567976E-02
   1484.5736145098067       -4.37296331E-02
   1484.7168301778088       -4.46118191E-02
   1484.8600458458109       -4.55032401E-02
   1485.0032615138130       -4.64037023E-02
   1485.1464771818150       -4.73129302E-02
   1485.2896928498171       -4.82306257E-02
   1485.4329085178192       -4.91565056E-02
   1485.5761241858213       -5.00903465E-02
   1485.7193398538234       -5.10319807E-02
   1485.8625555218255       -5.19812703E-02
   1486.0057711898276       -5.29380515E-02
   1486.1489868578296       -5.39021119E-02
   1486.2922025258317       -5.48731573E-02
   1486.4354181938338       -5.58508448E-02
   1486.5786338618359       -5.68348356E-02
   1486.7218495298380       -5.78248464E-02
   1486.8650651978401       -5.88206612E-02
   1487.0082808658422       -5.98221086E-02
   1487.1514965338442       -6.08289838E-02
   1487.2947122018463       -6.18409999E-02
   1487.4379278698484       -6.28578290E-02
   1487.5811435378505       -6.38790727E-02
   1487.7243592058526       -6.49043396E-02
   1487.8675748738547       -6.59332871E-02
   1488.0107905418567       -6.69656396E-02
   1488.1540062098588       -6.80011436E-02
   1488.2972218778609       -6.90395758E-02
   1488.4404375458630       -7.00806379E-02
   1488.5836532138651       -7.11239800E-02
   1488.7268688818672       -7.21691549E-02
   1488.8700845498693       -7.32157230E-02
   1489.0133002178713       -7.42632896E-02
   1489.1565158858734       -7.53115416E-02
   1489.2997315538755       -7.63602108E-02
   1489.4429472218776       -7.74090216E-02
   1489.5861628898797       -7.84576759E-02
   1489.7293785578818       -7.95057490E-02
   1489.8725942258839       -8.05528089E-02
   1490.0158098938859       -8.15983638E-02
   1490.1590255618880       -8.26419517E-02
   1490.3022412298901       -8.36831778E-02
   1490.4454568978922       -8.47217068E-02
   1490.5886725658943       -8.57572258E-02
   1490.7318882338964       -8.67893845E-02
   1490.8751039018985       -8.78177807E-02
   1491.0183195699005       -8.88419077E-02
   1491.1615352379026       -8.98612440E-02
   1491.3047509059047       -9.08753127E-02
   1491.4479665739068       -9.18836594E-02
   1491.5911822419089       -9.28859338E-02
   1491.7343979099110       -9.38818008E-02
   1491.8776135779131       -9.48708802E-02
   1492.0208292459151       -9.58527699E-02
   1492.1640449139172       -9.68270004E-02
   1492.3072605819193       -9.77930278E-02
   1492.4504762499214       -9.87503305E-02
   1492.5936919179235       -9.96984094E-02
   1492.7369075859256      -0.100636825    
   1492.8801232539276      -0.101565205    
   1493.0233389219297      -0.102483168    
   1493.1665545899318      -0.103390291    
   1493.3097702579339      -0.104286082    
   1493.4529859259360      -0.105169982    
   1493.5962015939381      -0.106041431    
   1493.7394172619402      -0.106899910    
   1493.8826329299422      -0.107744969    
   1494.0258485979443      -0.108576201    
   1494.1690642659464      -0.109393202    
   1494.3122799339485      -0.110195577    
   1494.4554956019506      -0.110982820    
   1494.5987112699527      -0.111754432    
   1494.7419269379548      -0.112509847    
   1494.8851426059568      -0.113248527    
   1495.0283582739589      -0.113969989    
   1495.1715739419610      -0.114673823    
   1495.3147896099631      -0.115359642    
   1495.4580052779652      -0.116027035    
   1495.6012209459673      -0.116675526    
   1495.7444366139694      -0.117304564    
   1495.8876522819714      -0.117913611    
   1496.0308679499735      -0.118502125    
   1496.1740836179756      -0.119069621    
   1496.3172992859777      -0.119615674    
   1496.4605149539798      -0.120139897    
   1496.6037306219819      -0.120641872    
   1496.7469462899840      -0.121121183    
   1496.8901619579860      -0.121577315    
   1497.0333776259881      -0.122009739    
   1497.1765932939902      -0.122417927    
   1497.3198089619923      -0.122801408    
   1497.4630246299944      -0.123159789    
   1497.6062402979965      -0.123492710    
   1497.7494559659985      -0.123799808    
   1497.8926716340006      -0.124080688    
   1498.0358873020027      -0.124334916    
   1498.1791029700048      -0.124562040    
   1498.3223186380069      -0.124761559    
   1498.4655343060090      -0.124933049    
   1498.6087499740111      -0.125076145    
   1498.7519656420131      -0.125190526    
   1498.8951813100152      -0.125275910    
   1499.0383969780173      -0.125331953    
   1499.1816126460194      -0.125358298    
   1499.3248283140215      -0.125354543    
   1499.4680439820236      -0.125320226    
   1499.6112596500257      -0.125254959    
   1499.7544753180277      -0.125158444    
   1499.8976909860298      -0.125030413    
   1500.0409066540319      -0.124870673    
   1500.1841223220340      -0.124678999    
   1500.3273379900361      -0.124455132    
   1500.4705536580382      -0.124198757    
   1500.6137693260403      -0.123909548    
   1500.7569849940423      -0.123587206    
   1500.9002006620444      -0.123231456    
   1501.0434163300465      -0.122842118    
   1501.1866319980486      -0.122419074    
   1501.3298476660507      -0.121962219    
   1501.4730633340528      -0.121471375    
   1501.6162790020549      -0.120946348    
   1501.7594946700569      -0.120386913    
   1501.9027103380590      -0.119792871    
   1502.0459260060611      -0.119164087    
   1502.1891416740632      -0.118500516    
   1502.3323573420653      -0.117802188    
   1502.4755730100674      -0.117069118    
   1502.6187886780694      -0.116301313    
   1502.7620043460715      -0.115498744    
   1502.9052200140736      -0.114661328    
   1503.0484356820757      -0.113788992    
   1503.1916513500778      -0.112881705    
   1503.3348670180799      -0.111939505    
   1503.4780826860820      -0.110962540    
   1503.6212983540840      -0.109950975    
   1503.7645140220861      -0.108904995    
   1503.9077296900882      -0.107824713    
   1504.0509453580903      -0.106710218    
   1504.1941610260924      -0.105561584    
   1504.3373766940945      -0.104378946    
   1504.4805923620966      -0.103162482    
   1504.6238080300986      -0.101912454    
   1504.7670236981007      -0.100629196    
   1504.9102393661028       -9.93130058E-02
   1505.0534550341049       -9.79641825E-02
   1505.1966707021070       -9.65829939E-02
   1505.3398863701091       -9.51696634E-02
   1505.4831020381112       -9.37244818E-02
   1505.6263177061132       -9.22477767E-02
   1505.7695333741153       -9.07399803E-02
   1505.9127490421174       -8.92015845E-02
   1506.0559647101195       -8.76331031E-02
   1506.1991803781216       -8.60350206E-02
   1506.3423960461237       -8.44077766E-02
   1506.4856117141258       -8.27517658E-02
   1506.6288273821278       -8.10674205E-02
   1506.7720430501299       -7.93552399E-02
   1506.9152587181320       -7.76157677E-02
   1507.0584743861341       -7.58496523E-02
   1507.2016900541362       -7.40575492E-02
   1507.3449057221383       -7.22401068E-02
   1507.4881213901403       -7.03979433E-02
   1507.6313370581424       -6.85316324E-02
   1507.7745527261445       -6.66417331E-02
   1507.9177683941466       -6.47289008E-02
   1508.0609840621487       -6.27938509E-02
   1508.2041997301508       -6.08373620E-02
   1508.3474153981529       -5.88602722E-02
   1508.4906310661549       -5.68633676E-02
   1508.6338467341570       -5.48474230E-02
   1508.7770624021591       -5.28131649E-02
   1508.9202780701612       -5.07613420E-02
   1509.0634937381633       -4.86927256E-02
   1509.2067094061654       -4.66081351E-02
   1509.3499250741675       -4.45084646E-02
   1509.4931407421695       -4.23946455E-02
   1509.6363564101716       -4.02676240E-02
   1509.7795720781737       -3.81283015E-02
   1509.9227877461758       -3.59775126E-02
   1510.0660034141779       -3.38160843E-02
   1510.2092190821800       -3.16448361E-02
   1510.3524347501821       -2.94646770E-02
   1510.4956504181841       -2.72766054E-02
   1510.6388660861862       -2.50816420E-02
   1510.7820817541883       -2.28808373E-02
   1510.9252974221904       -2.06752196E-02
   1511.0685130901925       -1.84657574E-02
   1511.2117287581946       -1.62533522E-02
   1511.3549444261967       -1.40389353E-02
   1511.4981600941987       -1.18234754E-02
   1511.6413757622008       -9.60800052E-03
   1511.7845914302029       -7.39362836E-03
   1511.9278070982050       -5.18147647E-03
   1512.0710227662071       -2.97260284E-03
   1512.2142384342092       -7.68035650E-04
   1512.3574541022112        1.43128633E-03
   1512.5006697702133        3.62442434E-03
   1512.6438854382154        5.81043959E-03
   1512.7871011062175        7.98828900E-03
   1512.9303167742196        1.01568848E-02
   1513.0735324422217        1.23151243E-02
   1513.2167481102238        1.44619048E-02
   1513.3599637782258        1.65961981E-02
   1513.5031794462279        1.87170506E-02
   1513.6463951142300        2.08235085E-02
   1513.7896107822321        2.29146630E-02
   1513.9328264502342        2.49895304E-02
   1514.0760421182363        2.70470381E-02
   1514.2192577862384        2.90860981E-02
   1514.3624734542404        3.11056376E-02
   1514.5056891222425        3.31046581E-02
   1514.6489047902446        3.50822508E-02
   1514.7921204582467        3.70375216E-02
   1514.9353361262488        3.89696062E-02
   1515.0785517942509        4.08776104E-02
   1515.2217674622530        4.27605808E-02
   1515.3649831302550        4.46175486E-02
   1515.5081987982571        4.64475155E-02
   1515.6514144662592        4.82495576E-02
   1515.7946301342613        5.00228554E-02
   1515.9378458022634        5.17666787E-02
   1516.0810614702655        5.34803122E-02
   1516.2242771382676        5.51629364E-02
   1516.3674928062696        5.68136573E-02
   1516.5107084742717        5.84316254E-02
   1516.6539241422738        6.00159764E-02
   1516.7971398102759        6.15659058E-02
   1516.9403554782780        6.30807281E-02
   1517.0835711462801        6.45597875E-02
   1517.2267868142821        6.60024881E-02
   1517.3700024822842        6.74081743E-02
   1517.5132181502863        6.87762499E-02
   1517.6564338182884        7.01060593E-02
   1517.7996494862905        7.13969171E-02
   1517.9428651542926        7.26481378E-02
   1518.0860808222947        7.38591552E-02
   1518.2292964902967        7.50295222E-02
   1518.3725121582988        7.61588216E-02
   1518.5157278263009        7.72466063E-02
   1518.6589434943030        7.82924592E-02
   1518.8021591623051        7.92958736E-02
   1518.9453748303072        8.02563727E-02
   1519.0885904983093        8.11735094E-02
   1519.2318061663113        8.20468664E-02
   1519.3750218343134        8.28761756E-02
   1519.5182375023155        8.36611986E-02
   1519.6614531703176        8.44017565E-02
   1519.8046688383197        8.50976706E-02
   1519.9478845063218        8.57487023E-02
   1520.0911001743239        8.63545239E-02
   1520.2343158423259        8.69148374E-02
   1520.3775315103280        8.74294043E-02
   1520.5207471783301        8.78981352E-02
   1520.6639628463322        8.83210301E-02
   1520.8071785143343        8.86981189E-02
   1520.9503941823364        8.90293121E-02
   1521.0936098503385        8.93146396E-02
   1521.2368255183405        8.95541310E-02
   1521.3800411863426        8.97477269E-02
   1521.5232568543447        8.98953974E-02
   1521.6664725223468        8.99972618E-02
   1521.8096881903489        9.00534689E-02
   1521.9529038583510        9.00642574E-02
   1522.0961195263530        9.00298655E-02
   1522.2393351943551        8.99505615E-02
   1522.3825508623572        8.98264647E-02
   1522.5257665303593        8.96576643E-02
   1522.6689821983614        8.94443989E-02
   1522.8121978663635        8.91869366E-02
   1522.9554135343656        8.88856351E-02
   1523.0986292023676        8.85409713E-02
   1523.2418448703697        8.81533623E-02
   1523.3850605383718        8.77231956E-02
   1523.5282762063739        8.72508585E-02
   1523.6714918743760        8.67367089E-02
   1523.8147075423781        8.61811042E-02
   1523.9579232103802        8.55845511E-02
   1524.1011388783822        8.49475563E-02
   1524.2443545463843        8.42707753E-02
   1524.3875702143864        8.35548341E-02
   1524.5307858823885        8.28003287E-02
   1524.6740015503906        8.20077956E-02
   1524.8172172183927        8.11776817E-02
   1524.9604328863948        8.03105831E-02
   1525.1036485543968        7.94070363E-02
   1525.2468642223989        7.84678459E-02
   1525.3900798904010        7.74936080E-02
   1525.5332955584031        7.64852166E-02
   1525.6765112264052        7.54433572E-02
   1525.8197268944073        7.43686855E-02
   1525.9629425624094        7.32618272E-02
   1526.1061582304114        7.21235275E-02
   1526.2493738984135        7.09545016E-02
   1526.3925895664156        6.97555542E-02
   1526.5358052344177        6.85275197E-02
   1526.6790209024198        6.72712624E-02
   1526.8222365704219        6.59876466E-02
   1526.9654522384239        6.46774471E-02
   1527.1086679064260        6.33413792E-02
   1527.2518835744281        6.19802475E-02
   1527.3950992424302        6.05948865E-02
   1527.5383149104323        5.91861308E-02
   1527.6815305784344        5.77549338E-02
   1527.8247462464365        5.63021302E-02
   1527.9679619144385        5.48286736E-02
   1528.1111775824406        5.33353984E-02
   1528.2543932504427        5.18230796E-02
   1528.3976089184448        5.02924323E-02
   1528.5408245864469        4.87444401E-02
   1528.6840402544490        4.71799672E-02
   1528.8272559224511        4.56000268E-02
   1528.9704715904531        4.40055430E-02
   1529.1136872584552        4.23974693E-02
   1529.2569029264573        4.07765806E-02
   1529.4001185944594        3.91436517E-02
   1529.5433342624615        3.74994874E-02
   1529.6865499304636        3.58449519E-02
   1529.8297655984657        3.41809988E-02
   1529.9729812664677        3.25086415E-02
   1530.1161969344698        3.08287442E-02
   1530.2594126024719        2.91422307E-02
   1530.4026282704740        2.74498761E-02
   1530.5458439384761        2.57524252E-02
   1530.6890596064782        2.40506530E-02
   1530.8322752744803        2.23453343E-02
   1530.9754909424823        2.06372738E-02
   1531.1187066104844        1.89273953E-02
   1531.2619222784865        1.72165930E-02
   1531.4051379464886        1.55057311E-02
   1531.5483536144907        1.37955546E-02
   1531.6915692824928        1.20868683E-02
   1531.8347849504948        1.03804171E-02
   1531.9780006184969        8.67679715E-03
   1532.1212162864990        6.97675347E-03
   1532.2644319545011        5.28112054E-03
   1532.4076476225032        3.59073281E-03
   1532.5508632905053        1.90630555E-03
   1532.6940789585074        2.28524208E-04
   1532.8372946265094       -1.44201517E-03
   1532.9805102945115       -3.10465693E-03
   1533.1237259625136       -4.75877523E-03
   1533.2669416305157       -6.40377402E-03
   1533.4101572985178       -8.03905725E-03
   1533.5533729665199       -9.66387987E-03
   1533.6965886345220       -1.12775564E-02
   1533.8398043025240       -1.28795207E-02
   1533.9830199705261       -1.44692361E-02
   1534.1262356385282       -1.60462856E-02
   1534.2694513065303       -1.76101923E-02
   1534.4126669745324       -1.91604495E-02
   1534.5558826425345       -2.06965208E-02
   1534.6990983105366       -2.22178400E-02
   1534.8423139785386       -2.37239003E-02
   1534.9855296465407       -2.52142251E-02
   1535.1287453145428       -2.66884267E-02
   1535.2719609825449       -2.81462371E-02
   1535.4151766505470       -2.95872986E-02
   1535.5583923185491       -3.10112536E-02
   1535.7016079865512       -3.24177146E-02
   1535.8448236545532       -3.38062495E-02
   1535.9880393225553       -3.51764858E-02
   1536.1312549905574       -3.65280211E-02
   1536.2744706585595       -3.78606766E-02
   1536.4176863265616       -3.91742438E-02
   1536.5609019945637       -4.04685736E-02
   1536.7041176625657       -4.17434871E-02
   1536.8473333305678       -4.29987907E-02
   1536.9905489985699       -4.42341864E-02
   1537.1337646665720       -4.54493910E-02
   1537.2769803345741       -4.66441959E-02
   1537.4201960025762       -4.78184521E-02
   1537.5634116705783       -4.89721596E-02
   1537.7066273385803       -5.01053333E-02
   1537.8498430065824       -5.12179583E-02
   1537.9930586745845       -5.23099303E-02
   1538.1362743425866       -5.33811003E-02
   1538.2794900105887       -5.44313192E-02
   1538.4227056785908       -5.54604977E-02
   1538.5659213465929       -5.64686656E-02
   1538.7091370145949       -5.74559420E-02
   1538.8523526825970       -5.84224463E-02
   1538.9955683505991       -5.93683273E-02
   1539.1387840186012       -6.02936596E-02
   1539.2819996866033       -6.11984730E-02
   1539.4252153546054       -6.20827228E-02
   1539.5684310226075       -6.29464090E-02
   1539.7116466906095       -6.37896508E-02
   1539.8548623586116       -6.46126717E-02
   1539.9980780266137       -6.54157400E-02
   1540.1412936946158       -6.61991090E-02
   1540.2845093626179       -6.69629648E-02
   1540.4277250306200       -6.77074119E-02
   1540.5709406986221       -6.84324950E-02
   1540.7141563666241       -6.91383183E-02
   1540.8573720346262       -6.98250756E-02
   1541.0005877026283       -7.04931095E-02
   1541.1438033706304       -7.11428225E-02
   1541.2870190386325       -7.17746243E-02
   1541.4302347066346       -7.23888725E-02
   1541.5734503746366       -7.29857460E-02
   1541.7166660426387       -7.35653937E-02
   1541.8598817106408       -7.41279572E-02
   1542.0030973786429       -7.46737048E-02
   1542.1463130466450       -7.52030313E-02
   1542.2895287146471       -7.57164061E-02
   1542.4327443826492       -7.62143582E-02
   1542.5759600506512       -7.66972750E-02
   1542.7191757186533       -7.71654546E-02
   1542.8623913866554       -7.76191205E-02
   1543.0056070546575       -7.80584738E-02
   1543.1488227226596       -7.84837753E-02
   1543.2920383906617       -7.88954347E-02
   1543.4352540586638       -7.92939737E-02
   1543.5784697266658       -7.96799660E-02
   1543.7216853946679       -8.00539255E-02
   1543.8649010626700       -8.04162323E-02
   1544.0081167306721       -8.07671249E-02
   1544.1513323986742       -8.11068118E-02
   1544.2945480666763       -8.14355761E-02
   1544.4377637346784       -8.17538425E-02
   1544.5809794026804       -8.20621625E-02
   1544.7241950706825       -8.23611245E-02
   1544.8674107386846       -8.26513022E-02
   1545.0106264066867       -8.29331428E-02
   1545.1538420746888       -8.32069591E-02
   1545.2970577426909       -8.34729895E-02
   1545.4402734106930       -8.37314799E-02
   1545.5834890786950       -8.39827880E-02
   1545.7267047466971       -8.42274129E-02
   1545.8699204146992       -8.44659433E-02
   1546.0131360827013       -8.46989304E-02
   1546.1563517507034       -8.49268213E-02
   1546.2995674187055       -8.51499066E-02
   1546.4427830867075       -8.53684247E-02
   1546.5859987547096       -8.55826065E-02
   1546.7292144227117       -8.57928246E-02
   1546.8724300907138       -8.59995484E-02
   1547.0156457587159       -8.62033218E-02
   1547.1588614267180       -8.64047110E-02
   1547.3020770947201       -8.66041780E-02
   1547.4452927627221       -8.68020803E-02
   1547.5885084307242       -8.69986266E-02
   1547.7317240987263       -8.71940106E-02
   1547.8749397667284       -8.73885006E-02
   1548.0181554347305       -8.75825062E-02
   1548.1613711027326       -8.77765417E-02
   1548.3045867707347       -8.79711211E-02
   1548.4478024387367       -8.81666467E-02
   1548.5910181067388       -8.83633941E-02
   1548.7342337747409       -8.85614902E-02
   1548.8774494427430       -8.87610465E-02
   1549.0206651107451       -8.89622569E-02
   1549.1638807787472       -8.91654342E-02
   1549.3070964467493       -8.93710330E-02
   1549.4503121147513       -8.95795152E-02
   1549.5935277827534       -8.97912756E-02
   1549.7367434507555       -9.00065452E-02
   1549.8799591187576       -9.02254283E-02
   1550.0231747867597       -9.04479623E-02
   1550.1663904547618       -9.06742439E-02
   1550.3096061227639       -9.09045488E-02
   1550.4528217907659       -9.11392570E-02
   1550.5960374587680       -9.13788304E-02
   1550.7392531267701       -9.16235968E-02
   1550.8824687947722       -9.18737650E-02
   1551.0256844627743       -9.21293646E-02
   1551.1689001307764       -9.23903361E-02
   1551.3121157987784       -9.26566571E-02
   1551.4553314667805       -9.29284096E-02
   1551.5985471347826       -9.32058468E-02
   1551.7417628027847       -9.34893042E-02
   1551.8849784707868       -9.37791020E-02
   1552.0281941387889       -9.40753967E-02
   1552.1714098067910       -9.43781883E-02
   1552.3146254747930       -9.46873128E-02
   1552.4578411427951       -9.50026512E-02
   1552.6010568107972       -9.53241959E-02
   1552.7442724787993       -9.56521481E-02
   1552.8874881468014       -9.59868208E-02
   1553.0307038148035       -9.63284969E-02
   1553.1739194828056       -9.66773257E-02
   1553.3171351508076       -9.70332772E-02
   1553.4603508188097       -9.73961428E-02
   1553.6035664868118       -9.77656990E-02
   1553.7467821548139       -9.81418118E-02
   1553.8899978228160       -9.85245183E-02
   1554.0332134908181       -9.89139974E-02
   1554.1764291588202       -9.93104577E-02
   1554.3196448268222       -9.97140110E-02
   1554.4628604948243      -0.100124568    
   1554.6060761628264      -0.100541830    
   1554.7492918308285      -0.100965500    
   1554.8925074988306      -0.101395324    
   1555.0357231668327      -0.101831257    
   1555.1789388348348      -0.102273367    
   1555.3221545028368      -0.102721848    
   1555.4653701708389      -0.103176787    
   1555.6085858388410      -0.103638150    
   1555.7518015068431      -0.104105674    
   1555.8950171748452      -0.104579002    
   1556.0382328428473      -0.105057798    
   1556.1814485108493      -0.105541848    
   1556.3246641788514      -0.106031172    
   1556.4678798468535      -0.106525898    
   1556.6110955148556      -0.107026130    
   1556.7543111828577      -0.107531771    
   1556.8975268508598      -0.108042575    
   1557.0407425188619      -0.108558103    
   1557.1839581868639      -0.109077953    
   1557.3271738548660      -0.109601878    
   1557.4703895228681      -0.110129818    
   1557.6136051908702      -0.110661842    
   1557.7568208588723      -0.111198016    
   1557.9000365268744      -0.111738294    
   1558.0432521948765      -0.112282433    
   1558.1864678628785      -0.112830013    
   1558.3296835308806      -0.113380566    
   1558.4728991988827      -0.113933772    
   1558.6161148668848      -0.114489481    
   1558.7593305348869      -0.115047716    
   1558.9025462028890      -0.115608536    
   1559.0457618708911      -0.116171896    
   1559.1889775388931      -0.116737574    
   1559.3321932068952      -0.117305182    
   1559.4754088748973      -0.117874272    
   1559.6186245428994      -0.118444487    
   1559.7618402109015      -0.119015619    
   1559.9050558789036      -0.119587660    
   1560.0482715469057      -0.120160662    
   1560.1914872149077      -0.120734662    
   1560.3347028829098      -0.121309489    
   1560.4779185509119      -0.121884786    
   1560.6211342189140      -0.122460067    
   1560.7643498869161      -0.123034924    
   1560.9075655549182      -0.123609118    
   1561.0507812229203      -0.124182619    
   1561.1939968909223      -0.124755494    
   1561.3372125589244      -0.125327781    
   1561.4804282269265      -0.125899360    
   1561.6236438949286      -0.126469895    
   1561.7668595629307      -0.127038941    
   1561.9100752309328      -0.127606094    
   1562.0532908989348      -0.128171027    
   1562.1965065669369      -0.128733724    
   1562.3397222349390      -0.129294232    
   1562.4829379029411      -0.129852653    
   1562.6261535709432      -0.130408928    
   1562.7693692389453      -0.130962789    
   1562.9125849069474      -0.131513834    
   1563.0558005749494      -0.132061601    
   1563.1990162429515      -0.132605836    
   1563.3422319109536      -0.133146465    
   1563.4854475789557      -0.133683592    
   1563.6286632469578      -0.134217337    
   1563.7718789149599      -0.134747714    
   1563.9150945829620      -0.135274515    
   1564.0583102509640      -0.135797396    
   1564.2015259189661      -0.136315912    
   1564.3447415869682      -0.136829734    
   1564.4879572549703      -0.137338713    
   1564.6311729229724      -0.137842953    
   1564.7743885909745      -0.138342619    
   1564.9176042589766      -0.138837814    
   1565.0608199269786      -0.139328390    
   1565.2040355949807      -0.139814019    
   1565.3472512629828      -0.140294254    
   1565.4904669309849      -0.140768796    
   1565.6336825989870      -0.141237453    
   1565.7768982669891      -0.141700283    
   1565.9201139349912      -0.142157465    
   1566.0633296029932      -0.142609119    
   1566.2065452709953      -0.143055215    
   1566.3497609389974      -0.143495500    
   1566.4929766069995      -0.143929571    
   1566.6361922750016      -0.144357026    
   1566.7794079430037      -0.144777671    
   1566.9226236110057      -0.145191550    
   1567.0658392790078      -0.145598859    
   1567.2090549470099      -0.145999789    
   1567.3522706150120      -0.146394342    
   1567.4954862830141      -0.146782339    
   1567.6387019510162      -0.147163376    
   1567.7819176190183      -0.147537082    
   1567.9251332870203      -0.147903204    
   1568.0683489550224      -0.148261711    
   1568.2115646230245      -0.148612753    
   1568.3547802910266      -0.148956493    
   1568.4979959590287      -0.149293020    
   1568.6412116270308      -0.149622217    
   1568.7844272950329      -0.149943724    
   1568.9276429630349      -0.150257170    
   1569.0708586310370      -0.150562257    
   1569.2140742990391      -0.150858924    
   1569.3572899670412      -0.151147306    
   1569.5005056350433      -0.151427567    
   1569.6437213030454      -0.151699811    
   1569.7869369710475      -0.151963905    
   1569.9301526390495      -0.152219579    
   1570.0733683070516      -0.152466446    
   1570.2165839750537      -0.152704135    
   1570.3597996430558      -0.152932495    
   1570.5030153110579      -0.153151512    
   1570.6462309790600      -0.153361380    
   1570.7894466470621      -0.153562203    
   1570.9326623150641      -0.153753951    
   1571.0758779830662      -0.153936386    
   1571.2190936510683      -0.154109105    
   1571.3623093190704      -0.154271722    
   1571.5055249870725      -0.154424012    
   1571.6487406550746      -0.154565990    
   1571.7919563230766      -0.154697806    
   1571.9351719910787      -0.154819608    
   1572.0783876590808      -0.154931366    
   1572.2216033270829      -0.155032873    
   1572.3648189950850      -0.155123770    
   1572.5080346630871      -0.155203611    
   1572.6512503310892      -0.155272126    
   1572.7944659990912      -0.155329257    
   1572.9376816670933      -0.155375093    
   1573.0808973350954      -0.155409783    
   1573.2241130030975      -0.155433327    
   1573.3673286710996      -0.155445516    
   1573.5105443391017      -0.155445918    
   1573.6537600071038      -0.155434087    
   1573.7969756751058      -0.155409709    
   1573.9401913431079      -0.155372620    
   1574.0834070111100      -0.155322909    
   1574.2266226791121      -0.155260712    
   1574.3698383471142      -0.155186102    
   1574.5130540151163      -0.155098945    
   1574.6562696831184      -0.154998899    
   1574.7994853511204      -0.154885486    
   1574.9427010191225      -0.154758319    
   1575.0859166871246      -0.154617161    
   1575.2291323551267      -0.154462069    
   1575.3723480231288      -0.154293209    
   1575.5155636911309      -0.154110685    
   1575.6587793591330      -0.153914407    
   1575.8019950271350      -0.153704047    
   1575.9452106951371      -0.153479129    
   1576.0884263631392      -0.153239205    
   1576.2316420311413      -0.152984008    
   1576.3748576991434      -0.152713522    
   1576.5180733671455      -0.152427867    
   1576.6612890351475      -0.152127221    
   1576.8045047031496      -0.151811540    
   1576.9477203711517      -0.151480541    
   1577.0909360391538      -0.151133761    
   1577.2341517071559      -0.150770739    
   1577.3773673751580      -0.150391161    
   1577.5205830431601      -0.149994969    
   1577.6637987111621      -0.149582341    
   1577.8070143791642      -0.149153456    
   1577.9502300471663      -0.148708373    
   1578.0934457151684      -0.148246959    
   1578.2366613831705      -0.147768840    
   1578.3798770511726      -0.147273570    
   1578.5230927191747      -0.146760792    
   1578.6663083871767      -0.146230340    
   1578.8095240551788      -0.145682335    
   1578.9527397231809      -0.145116955    
   1579.0959553911830      -0.144534364    
   1579.2391710591851      -0.143934458    
   1579.3823867271872      -0.143316925    
   1579.5256023951893      -0.142681316    
   1579.6688180631913      -0.142027259    
   1579.8120337311934      -0.141354606    
   1579.9552493991955      -0.140663445    
   1580.0984650671976      -0.139954031    
   1580.2416807351997      -0.139226556    
   1580.3848964032018      -0.138481066    
   1580.5281120712039      -0.137717336    
   1580.6713277392059      -0.136935025    
   1580.8145434072080      -0.136133745    
   1580.9577590752101      -0.135313317    
   1581.1009747432122      -0.134473830    
   1581.2441904112143      -0.133615524    
   1581.3874060792164      -0.132738650    
   1581.5306217472184      -0.131843328    
   1581.6738374152205      -0.130929485    
   1581.8170530832226      -0.129996806    
   1581.9602687512247      -0.129045025    
   1582.1034844192268      -0.128073975    
   1582.2467000872289      -0.127083704    
   1582.3899157552310      -0.126074463    
   1582.5331314232330      -0.125046521    
   1582.6763470912351      -0.124000058    
   1582.8195627592372      -0.122935049    
   1582.9627784272393      -0.121851318    
   1583.1059940952414      -0.120748602    
   1583.2492097632435      -0.119626753    
   1583.3924254312456      -0.118485838    
   1583.5356410992476      -0.117326155    
   1583.6788567672497      -0.116148047    
   1583.8220724352518      -0.114951789    
   1583.9652881032539      -0.113737449    
   1584.1085037712560      -0.112504885    
   1584.2517194392581      -0.111253902    
   1584.3949351072602      -0.109984338    
   1584.5381507752622      -0.108696289    
   1584.6813664432643      -0.107390001    
   1584.8245821112664      -0.106065884    
   1584.9677977792685      -0.104724281    
   1585.1110134472706      -0.103365391    
   1585.2542291152727      -0.101989180    
   1585.3974447832748      -0.100595489    
   1585.5406604512768       -9.91841778E-02
   1585.6838761192789       -9.77552757E-02
   1585.8270917872810       -9.63090435E-02
   1585.9703074552831       -9.48458761E-02
   1586.1135231232852       -9.33661833E-02
   1586.2567387912873       -9.18702111E-02
   1586.3999544592893       -9.03580040E-02
   1586.5431701272914       -8.88294429E-02
   1586.6863857952935       -8.72844085E-02
   1586.8296014632956       -8.57229307E-02
   1586.9728171312977       -8.41452479E-02
   1587.1160327992998       -8.25517997E-02
   1587.2592484673019       -8.09430927E-02
   1587.4024641353039       -7.93194994E-02
   1587.5456798033060       -7.76811615E-02
   1587.6888954713081       -7.60280117E-02
   1587.8321111393102       -7.43599385E-02
   1587.9753268073123       -7.26768970E-02
   1588.1185424753144       -7.09790811E-02
   1588.2617581433165       -6.92668781E-02
   1588.4049738113185       -6.75407797E-02
   1588.5481894793206       -6.58011883E-02
   1588.6914051473227       -6.40483275E-02
   1588.8346208153248       -6.22822531E-02
   1588.9778364833269       -6.05028868E-02
   1589.1210521513290       -5.87101877E-02
   1589.2642678193311       -5.69043010E-02
   1589.4074834873331       -5.50855473E-02
   1589.5506991553352       -5.32544032E-02
   1589.6939148233373       -5.14113232E-02
   1589.8371304913394       -4.95566092E-02
   1589.9803461593415       -4.76903468E-02
   1590.1235618273436       -4.58124876E-02
   1590.2667774953457       -4.39229757E-02
   1590.4099931633477       -4.20218930E-02
   1590.5532088313498       -4.01095226E-02
   1590.6964244993519       -3.81863005E-02
   1590.8396401673540       -3.62526700E-02
   1590.9828558353561       -3.43089625E-02
   1591.1260715033582       -3.23553123E-02
   1591.2692871713602       -3.03916819E-02
   1591.4125028393623       -2.84179915E-02
   1591.5557185073644       -2.64342781E-02
   1591.6989341753665       -2.44407933E-02
   1591.8421498433686       -2.24379580E-02
   1591.9853655113707       -2.04262305E-02
   1592.1285811793728       -1.84059627E-02
   1592.2717968473748       -1.63773000E-02
   1592.4150125153769       -1.43402293E-02
   1592.5582281833790       -1.22946762E-02
   1592.7014438513811       -1.02406628E-02
   1592.8446595193832       -8.17835703E-03
   1592.9878751873853       -6.10809028E-03
   1593.1310908553874       -4.03026119E-03
   1593.2743065233894       -1.94521993E-03
   1593.4175221913915        1.46839768E-04
   1593.5607378593936        2.24590674E-03
   1593.7039535273957        4.35207039E-03
   1593.8471691953978        6.46539032E-03
   1593.9903848633999        8.58574733E-03
   1594.1336005314020        1.07128359E-02
   1594.2768161994040        1.28462426E-02
   1594.4200318674061        1.49856135E-02
   1594.5632475354082        1.71307474E-02
   1594.7064632034103        1.92816462E-02
   1594.8496788714124        2.14384291E-02
   1594.9928945394145        2.36011874E-02
   1595.1361102074166        2.57698856E-02
   1595.2793258754186        2.79443096E-02
   1595.4225415434207        3.01240999E-02
   1595.5657572114228        3.23088877E-02
   1595.7089728794249        3.44984457E-02
   1595.8521885474270        3.66927385E-02
   1595.9954042154291        3.88918966E-02
   1596.1386198834311        4.10960689E-02
   1596.2818355514332        4.33052704E-02
   1596.4250512194353        4.55193482E-02
   1596.5682668874374        4.77379933E-02
   1596.7114825554395        4.99608815E-02
   1596.8546982234416        5.21877818E-02
   1596.9979138914437        5.44186272E-02
   1597.1411295594457        5.66534959E-02
   1597.2843452274478        5.88925220E-02
   1597.4275608954499        6.11357875E-02
   1597.5707765634520        6.33831918E-02
   1597.7139922314541        6.56344742E-02
   1597.8572078994562        6.78893179E-02
   1598.0004235674583        7.01474696E-02
   1598.1436392354603        7.24088550E-02
   1598.2868549034624        7.46735856E-02
   1598.4300705714645        7.69418776E-02
   1598.5732862394666        7.92138651E-02
   1598.7165019074687        8.14895183E-02
   1598.8597175754708        8.37686509E-02
   1599.0029332434729        8.60509723E-02
   1599.1461489114749        8.83362219E-02
   1599.2893645794770        9.06242803E-02
   1599.4325802474791        9.29151699E-02
   1599.5757959154812        9.52090323E-02
   1599.7190115834833        9.75059867E-02
   1599.8622272514854        9.98060256E-02
   1600.0054429194875       0.102109000    
   1600.1486585874895       0.104414612    
   1600.2918742554916       0.106722616    
   1600.4350899234937       0.109032869    
   1600.5783055914958       0.111345440    
   1600.7215212594979       0.113660447    
   1600.8647369275000       0.115978070    
   1601.0079525955020       0.118298337    
   1601.1511682635041       0.120621115    
   1601.2943839315062       0.122946188    
   1601.4375995995083       0.125273272    
   1601.5808152675104       0.127602190    
   1601.7240309355125       0.129932940    
   1601.8672466035146       0.132265598    
   1602.0104622715166       0.134600371    
   1602.1536779395187       0.136937320    
   1602.2968936075208       0.139276326    
   1602.4401092755229       0.141617149    
   1602.5833249435250       0.143959463    
   1602.7265406115271       0.146303028    
   1602.8697562795292       0.148647800    
   1603.0129719475312       0.150993794    
   1603.1561876155333       0.153341144    
   1603.2994032835354       0.155689895    
   1603.4426189515375       0.158039942    
   1603.5858346195396       0.160391092    
   1603.7290502875417       0.162743062    
   1603.8722659555438       0.165095612    
   1604.0154816235458       0.167448595    
   1604.1586972915479       0.169802040    
   1604.3019129595500       0.172156006    
   1604.4451286275521       0.174510568    
   1604.5883442955542       0.176865637    
   1604.7315599635563       0.179220960    
   1604.8747756315584       0.181576192    
   1605.0179912995604       0.183931038    
   1605.1612069675625       0.186285257    
   1605.3044226355646       0.188638747    
   1605.4476383035667       0.190991580    
   1605.5908539715688       0.193343729    
   1605.7340696395709       0.195695132    
   1605.8772853075729       0.198045552    
   1606.0205009755750       0.200394630    
   1606.1637166435771       0.202742040    
   1606.3069323115792       0.205087423    
   1606.4501479795813       0.207430691    
   1606.5933636475834       0.209771782    
   1606.7365793155855       0.212110668    
   1606.8797949835875       0.214447290    
   1607.0230106515896       0.216781333    
   1607.1662263195917       0.219112471    
   1607.3094419875938       0.221440345    
   1607.4526576555959       0.223764628    
   1607.5958733235980       0.226085126    
   1607.7390889916001       0.228401706    
   1607.8823046596021       0.230714217    
   1608.0255203276042       0.233022511    
   1608.1687359956063       0.235326275    
   1608.3119516636084       0.237625122    
   1608.4551673316105       0.239918619    
   1608.5983829996126       0.242206350    
   1608.7415986676147       0.244488001    
   1608.8848143356167       0.246763423    
   1609.0280300036188       0.249032497    
   1609.1712456716209       0.251295030    
   1609.3144613396230       0.253550708    
   1609.4576770076251       0.255799115    
   1609.6008926756272       0.258039802    
   1609.7441083436293       0.260272324    
   1609.8873240116313       0.262496322    
   1610.0305396796334       0.264711499    
   1610.1737553476355       0.266917616    
   1610.3169710156376       0.269114494    
   1610.4601866836397       0.271301806    
   1610.6034023516418       0.273479074    
   1610.7466180196438       0.275645792    
   1610.8898336876459       0.277801454    
   1611.0330493556480       0.279945731    
   1611.1762650236501       0.282078385    
   1611.3194806916522       0.284199178    
   1611.4626963596543       0.286307842    
   1611.6059120276564       0.288403898    
   1611.7491276956584       0.290486872    
   1611.8923433636605       0.292556196    
   1612.0355590316626       0.294611365    
   1612.1787746996647       0.296651900    
   1612.3219903676668       0.298677474    
   1612.4652060356689       0.300687790    
   1612.6084217036710       0.302682579    
   1612.7516373716730       0.304661572    
   1612.8948530396751       0.306624293    
   1613.0380687076772       0.308570266    
   1613.1812843756793       0.310498834    
   1613.3245000436814       0.312409580    
   1613.4677157116835       0.314302087    
   1613.6109313796856       0.316176057    
   1613.7541470476876       0.318031222    
   1613.8973627156897       0.319867194    
   1614.0405783836918       0.321683526    
   1614.1837940516939       0.323479652    
   1614.3270097196960       0.325255066    
   1614.4702253876981       0.327009171    
   1614.6134410557002       0.328741580    
   1614.7566567237022       0.330452025    
   1614.8998723917043       0.332140237    
   1615.0430880597064       0.333805919    
   1615.1863037277085       0.335448712    
   1615.3295193957106       0.337068081    
   1615.4727350637127       0.338663489    
   1615.6159507317147       0.340234399    
   1615.7591663997168       0.341780484    
   1615.9023820677189       0.343301296    
   1616.0455977357210       0.344796658    
   1616.1888134037231       0.346266270    
   1616.3320290717252       0.347709864    
   1616.4752447397273       0.349127054    
   1616.6184604077293       0.350517333    
   1616.7616760757314       0.351880223    
   1616.9048917437335       0.353215337    
   1617.0481074117356       0.354522318    
   1617.1913230797377       0.355800986    
   1617.3345387477398       0.357051134    
   1617.4777544157419       0.358272493    
   1617.6209700837439       0.359464645    
   1617.7641857517460       0.360627234    
   1617.9074014197481       0.361759782    
   1618.0506170877502       0.362862110    
   1618.1938327557523       0.363933861    
   1618.3370484237544       0.364974856    
   1618.4802640917565       0.365984976    
   1618.6234797597585       0.366963983    
   1618.7666954277606       0.367911607    
   1618.9099110957627       0.368827581    
   1619.0531267637648       0.369711637    
   1619.1963424317669       0.370563477    
   1619.3395580997690       0.371382922    
   1619.4827737677711       0.372169912    
   1619.6259894357731       0.372924447    
   1619.7692051037752       0.373646289    
   1619.9124207717773       0.374335349    
   1620.0556364397794       0.374991357    
   1620.1988521077815       0.375614136    
   1620.3420677757836       0.376203567    
   1620.4852834437856       0.376759529    
   1620.6284991117877       0.377282083    
   1620.7717147797898       0.377771199    
   1620.9149304477919       0.378226876    
   1621.0581461157940       0.378649026    
   1621.2013617837961       0.379037529    
   1621.3445774517982       0.379392266    
   1621.4877931198002       0.379713118    
   1621.6310087878023       0.380000174    
   1621.7742244558044       0.380253613    
   1621.9174401238065       0.380473554    
   1622.0606557918086       0.380660176    
   1622.2038714598107       0.380813420    
   1622.3470871278128       0.380933285    
   1622.4903027958148       0.381019741    
   1622.6335184638169       0.381072760    
   1622.7767341318190       0.381092548    
   1622.9199497998211       0.381079257    
   1623.0631654678232       0.381033212    
   1623.2063811358253       0.380954742    
   1623.3495968038274       0.380844057    
   1623.4928124718294       0.380701184    
   1623.6360281398315       0.380526274    
   1623.7792438078336       0.380319297    
   1623.9224594758357       0.380080521    
   1624.0656751438378       0.379810184    
   1624.2088908118399       0.379508734    
   1624.3521064798420       0.379176497    
   1624.4953221478440       0.378813773    
   1624.6385378158461       0.378420770    
   1624.7817534838482       0.377997696    
   1624.9249691518503       0.377544641    
   1625.0681848198524       0.377061903    
   1625.2114004878545       0.376549900    
   1625.3546161558565       0.376009107    
   1625.4978318238586       0.375440061    
   1625.6410474918607       0.374843180    
   1625.7842631598628       0.374218762    
   1625.9274788278649       0.373567045    
   1626.0706944958670       0.372888207    
   1626.2139101638691       0.372182488    
   1626.3571258318711       0.371450424    
   1626.5003414998732       0.370692402    
   1626.6435571678753       0.369909018    
   1626.7867728358774       0.369100779    
   1626.9299885038795       0.368268132    
   1627.0732041718816       0.367411464    
   1627.2164198398837       0.366531134    
   1627.3596355078857       0.365627527    
   1627.5028511758878       0.364701062    
   1627.6460668438899       0.363752186    
   1627.7892825118920       0.362781465    
   1627.9324981798941       0.361789465    
   1628.0757138478962       0.360776663    
   1628.2189295158983       0.359743476    
   1628.3621451839003       0.358690262    
   1628.5053608519024       0.357617378    
   1628.6485765199045       0.356525242    
   1628.7917921879066       0.355414391    
   1628.9350078559087       0.354285479    
   1629.0782235239108       0.353139043    
   1629.2214391919129       0.351975650    
   1629.3646548599149       0.350795746    
   1629.5078705279170       0.349599779    
   1629.6510861959191       0.348388016    
   1629.7943018639212       0.347160876    
   1629.9375175319233       0.345918894    
   1630.0807331999254       0.344662577    
   1630.2239488679274       0.343392521    
   1630.3671645359295       0.342109174    
   1630.5103802039316       0.340812922    
   1630.6535958719337       0.339504182    
   1630.7968115399358       0.338183284    
   1630.9400272079379       0.336850733    
   1631.0832428759400       0.335507035    
   1631.2264585439420       0.334152758    
   1631.3696742119441       0.332788378    
   1631.5128898799462       0.331414402    
   1631.6561055479483       0.330031216    
   1631.7993212159504       0.328639120    
   1631.9425368839525       0.327238381    
   1632.0857525519546       0.325829327    
   1632.2289682199566       0.324412465    
   1632.3721838879587       0.322988242    
   1632.5153995559608       0.321557224    
   1632.6586152239629       0.320119739    
   1632.8018308919650       0.318676174    
   1632.9450465599671       0.317226648    
   1633.0882622279692       0.315771401    
   1633.2314778959712       0.314310789    
   1633.3746935639733       0.312845170    
   1633.5179092319754       0.311375082    
   1633.6611248999775       0.309900939    
   1633.8043405679796       0.308423162    
   1633.9475562359817       0.306942046    
   1634.0907719039838       0.305457681    
   1634.2339875719858       0.303970188    
   1634.3772032399879       0.302479684    
   1634.5204189079900       0.300986499    
   1634.6636345759921       0.299491048    
   1634.8068502439942       0.297993720    
   1634.9500659119963       0.296494901    
   1635.0932815799983       0.294994831    
   1635.2364972480004       0.293493509    
   1635.3797129160025       0.291991115    
   1635.5229285840046       0.290487647    
   1635.6661442520067       0.288983315    
   1635.8093599200088       0.287478328    
   1635.9525755880109       0.285973012    
   1636.0957912560129       0.284467667    
   1636.2390069240150       0.282962501    
   1636.3822225920171       0.281457573    
   1636.5254382600192       0.279952794    
   1636.6686539280213       0.278448105    
   1636.8118695960234       0.276943505    
   1636.9550852640255       0.275439143    
   1637.0983009320275       0.273935348    
   1637.2415166000296       0.272432387    
   1637.3847322680317       0.270930409    
   1637.5279479360338       0.269429505    
   1637.6711636040359       0.267929643    
   1637.8143792720380       0.266430795    
   1637.9575949400401       0.264932871    
   1638.1008106080421       0.263435960    
   1638.2440262760442       0.261940181    
   1638.3872419440463       0.260445714    
   1638.5304576120484       0.258952647    
   1638.6736732800505       0.257460952    
   1638.8168889480526       0.255970538    
   1638.9601046160547       0.254481226    
   1639.1033202840567       0.252992928    
   1639.2465359520588       0.251505673    
   1639.3897516200609       0.250019491    
   1639.5329672880630       0.248534575    
   1639.6761829560651       0.247051001    
   1639.8193986240672       0.245568812    
   1639.9626142920692       0.244087920    
   1640.1058299600713       0.242608219    
   1640.2490456280734       0.241129607    
   1640.3922612960755       0.239651978    
   1640.5354769640776       0.238175362    
   1640.6786926320797       0.236699879    
   1640.8219083000818       0.235225633    
   1640.9651239680838       0.233752608    
   1641.1083396360859       0.232280672    
   1641.2515553040880       0.230809659    
   1641.3947709720901       0.229339451    
   1641.5379866400922       0.227870002    
   1641.6812023080943       0.226401374    
   1641.8244179760964       0.224933639    
   1641.9676336440984       0.223466843    
   1642.1108493121005       0.222000942    
   1642.2540649801026       0.220535845    
   1642.3972806481047       0.219071388    
   1642.5404963161068       0.217607409    
   1642.6837119841089       0.216143876    
   1642.8269276521110       0.214680821    
   1642.9701433201130       0.213218361    
   1643.1133589881151       0.211756632    
   1643.2565746561172       0.210295677    
   1643.3997903241193       0.208835423    
   1643.5430059921214       0.207375735    
   1643.6862216601235       0.205916494    
   1643.8294373281256       0.204457641    
   1643.9726529961276       0.202999279    
   1644.1158686641297       0.201541513    
   1644.2590843321318       0.200084522    
   1644.4023000001339       0.198628381    
   1644.5455156681360       0.197173059    
   1644.6887313361381       0.195718482    
   1644.8319470041401       0.194264472    
   1644.9751626721422       0.192811012    
   1645.1183783401443       0.191358164    
   1645.2615940081464       0.189906150    
   1645.4048096761485       0.188455164    
   1645.5480253441506       0.187005401    
   1645.6912410121527       0.185556799    
   1645.8344566801547       0.184109271    
   1645.9776723481568       0.182662711    
   1646.1208880161589       0.181217104    
   1646.2641036841610       0.179772586    
   1646.4073193521631       0.178329378    
   1646.5505350201652       0.176887780    
   1646.6937506881673       0.175448030    
   1646.8369663561693       0.174010277    
   1646.9801820241714       0.172574490    
   1647.1233976921735       0.171140552    
   1647.2666133601756       0.169708416    
   1647.4098290281777       0.168278128    
   1647.5530446961798       0.166849911    
   1647.6962603641819       0.165424109    
   1647.8394760321839       0.164000988    
   1647.9826917001860       0.162580803    
   1648.1259073681881       0.161163568    
   1648.2691230361902       0.159749240    
   1648.4123387041923       0.158337787    
   1648.5555543721944       0.156929255    
   1648.6987700401965       0.155523866    
   1648.8419857081985       0.154121935    
   1648.9852013762006       0.152723834    
   1649.1284170442027       0.151329875    
   1649.2716327122048       0.149940163    
   1649.4148483802069       0.148554653    
   1649.5580640482090       0.147173330    
   1649.7012797162110       0.145796224    
   1649.8444953842131       0.144423544    
   1649.9877110522152       0.143055633    
   1650.1309267202173       0.141692877    
   1650.2741423882194       0.140335634    
   1650.4173580562215       0.138984069    
   1650.5605737242236       0.137638271    
   1650.7037893922256       0.136298209    
   1650.8470050602277       0.134963855    
   1650.9902207282298       0.133635312    
   1651.1334363962319       0.132312804    
   1651.2766520642340       0.130996674    
   1651.4198677322361       0.129687279    
   1651.5630834002382       0.128384873    
   1651.7062990682402       0.127089545    
   1651.8495147362423       0.125801325    
   1651.9927304042444       0.124520198    
   1652.1359460722465       0.123246282    
   1652.2791617402486       0.121979795    
   1652.4223774082507       0.120721035    
   1652.5655930762528       0.119470298    
   1652.7088087442548       0.118227802    
   1652.8520244122569       0.116993643    
   1652.9952400802590       0.115767814    
   1653.1384557482611       0.114550285    
   1653.2816714162632       0.113341101    
   1653.4248870842653       0.112140447    
   1653.5681027522674       0.110948592    
   1653.7113184202694       0.109765828    
   1653.8545340882715       0.108592339    
   1653.9977497562736       0.107428193    
   1654.1409654242757       0.106273368    
   1654.2841810922778       0.105127826    
   1654.4273967602799       0.103991605    
   1654.5706124282819       0.102864832    
   1654.7138280962840       0.101747692    
   1654.8570437642861       0.100640371    
   1655.0002594322882        9.95430350E-02
   1655.1434751002903        9.84557047E-02
   1655.2866907682924        9.73783508E-02
   1655.4299064362945        9.63108838E-02
   1655.5731221042965        9.52532664E-02
   1655.7163377722986        9.42056105E-02
   1655.8595534403007        9.31681246E-02
   1656.0027691083028        9.21410471E-02
   1656.1459847763049        9.11244899E-02
   1656.2892004443070        9.01184604E-02
   1656.4324161123091        8.91227722E-02
   1656.5756317803111        8.81372243E-02
   1656.7188474483132        8.71616900E-02
   1656.8620631163153        8.61961171E-02
   1657.0052787843174        8.52406472E-02
   1657.1484944523195        8.42954442E-02
   1657.2917101203216        8.33606422E-02
   1657.4349257883237        8.24362338E-02
   1657.5781414563257        8.15220177E-02
   1657.7213571243278        8.06177408E-02
   1657.8645727923299        7.97231793E-02
   1658.0077884603320        7.88382366E-02
   1658.1510041283341        7.79629797E-02
   1658.2942197963362        7.70975724E-02
   1658.4374354643383        7.62421489E-02
   1658.5806511323403        7.53966868E-02
   1658.7238668003424        7.45610222E-02
   1658.8670824683445        7.37348646E-02
   1659.0102981363466        7.29179084E-02
   1659.1535138043487        7.21099526E-02
   1659.2967294723508        7.13109523E-02
   1659.4399451403528        7.05210119E-02
   1659.5831608083549        6.97402507E-02
   1659.7263764763570        6.89686984E-02
   1659.8695921443591        6.82061911E-02
   1660.0128078123612        6.74524009E-02
   1660.1560234803633        6.67069256E-02
   1660.2992391483654        6.59694821E-02
   1660.4424548163674        6.52399510E-02
   1660.5856704843695        6.45183474E-02
   1660.7288861523716        6.38047755E-02
   1660.8721018203737        6.30992651E-02
   1661.0153174883758        6.24016598E-02
   1661.1585331563779        6.17116913E-02
   1661.3017488243800        6.10289760E-02
   1661.4449644923820        6.03531823E-02
   1661.5881801603841        5.96840978E-02
   1661.7313958283862        5.90216666E-02
   1661.8746114963883        5.83659261E-02
   1662.0178271643904        5.77169061E-02
   1662.1610428323925        5.70744835E-02
   1662.3042585003946        5.64384088E-02
   1662.4474741683966        5.58083318E-02
   1662.5906898363987        5.51839322E-02
   1662.7339055044008        5.45649864E-02
   1662.8771211724029        5.39514087E-02
   1663.0203368404050        5.33432029E-02
   1663.1635525084071        5.27403764E-02
   1663.3067681764092        5.21428436E-02
   1663.4499838444112        5.15503809E-02
   1663.5931995124133        5.09626269E-02
   1663.7364151804154        5.03792129E-02
   1663.8796308484175        4.97998521E-02
   1664.0228465164196        4.92244139E-02
   1664.1660621844217        4.86528985E-02
   1664.3092778524237        4.80853319E-02
   1664.4524935204258        4.75216545E-02
   1664.5957091884279        4.69616614E-02
   1664.7389248564300        4.64050286E-02
   1664.8821405244321        4.58514281E-02
   1665.0253561924342        4.53005917E-02
   1665.1685718604363        4.47523892E-02
   1665.3117875284383        4.42068055E-02
   1665.4550031964404        4.36638519E-02
   1665.5982188644425        4.31235060E-02
   1665.7414345324446        4.25856151E-02
   1665.8846502004467        4.20499258E-02
   1666.0278658684488        4.15161476E-02
   1666.1710815364509        4.09840420E-02
   1666.3142972044529        4.04534899E-02
   1666.4575128724550        3.99244763E-02
   1666.6007285404571        3.93970236E-02
   1666.7439442084592        3.88711169E-02
   1666.8871598764613        3.83465961E-02
   1667.0303755444634        3.78232077E-02
   1667.1735912124655        3.73006277E-02
   1667.3168068804675        3.67785916E-02
   1667.4600225484696        3.62569652E-02
   1667.6032382164717        3.57357338E-02
   1667.7464538844738        3.52149755E-02
   1667.8896695524759        3.46947424E-02
   1668.0328852204780        3.41749713E-02
   1668.1761008884801        3.36554572E-02
   1668.3193165564821        3.31359021E-02
   1668.4625322244842        3.26160528E-02
   1668.6057478924863        3.20957713E-02
   1668.7489635604884        3.15750614E-02
   1668.8921792284905        3.10540125E-02
   1669.0353948964926        3.05326767E-02
   1669.1786105644946        3.00110076E-02
   1669.3218262324967        2.94888169E-02
   1669.4650419004988        2.89658383E-02
   1669.6082575685009        2.84418035E-02
   1669.7514732365030        2.79165637E-02
   1669.8946889045051        2.73901001E-02
   1670.0379045725072        2.68625114E-02
   1670.1811202405092        2.63339076E-02
   1670.3243359085113        2.58043110E-02
   1670.4675515765134        2.52736006E-02
   1670.6107672445155        2.47415304E-02
   1670.7539829125176        2.42078379E-02
   1670.8971985805197        2.36723423E-02
   1671.0404142485218        2.31350288E-02
   1671.1836299165238        2.25960147E-02
   1671.3268455845259        2.20554732E-02
   1671.4700612525280        2.15135124E-02
   1671.6132769205301        2.09700763E-02
   1671.7564925885322        2.04249602E-02
   1671.8997082565343        1.98778734E-02
   1672.0429239245364        1.93285812E-02
   1672.1861395925384        1.87769793E-02
   1672.3293552605405        1.82231255E-02
   1672.4725709285426        1.76671483E-02
   1672.6157865965447        1.71091408E-02
   1672.7590022645468        1.65490620E-02
   1672.9022179325489        1.59867257E-02
   1673.0454336005510        1.54218748E-02
   1673.1886492685530        1.48542766E-02
   1673.3318649365551        1.42838322E-02
   1673.4750806045572        1.37105985E-02
   1673.6182962725593        1.31347356E-02
   1673.7615119405614        1.25564011E-02
   1673.9047276085635        1.19756497E-02
   1674.0479432765655        1.13923820E-02
   1674.1911589445676        1.08063715E-02
   1674.3343746125697        1.02173612E-02
   1674.4775902805718        9.62517597E-03
   1674.6208059485739        9.02978331E-03
   1674.7640216165760        8.43127724E-03
   1674.9072372845781        7.82978069E-03
   1675.0504529525801        7.22534489E-03
   1675.1936686205822        6.61789160E-03
   1675.3368842885843        6.00721873E-03
   1675.4800999565864        5.39308600E-03
   1675.6233156245885        4.77531925E-03
   1675.7665312925906        4.15387936E-03
   1675.9097469605927        3.52885481E-03
   1676.0529626285947        2.90038623E-03
   1676.1961782965968        2.26855651E-03
   1676.3393939645989        1.63331721E-03
   1676.4826096326010        9.94496047E-04
   1676.6258253006031        3.51876020E-04
   1676.7690409686052       -2.94707716E-04
   1676.9122566366073       -9.45295207E-04
   1677.0554723046093       -1.59980450E-03
   1677.1986879726114       -2.25810474E-03
   1677.3419036406135       -2.92010140E-03
   1677.4851193086156       -3.58580472E-03
   1677.6283349766177       -4.25534090E-03
   1677.7715506446198       -4.92890365E-03
   1677.9147663126219       -5.60666900E-03
   1678.0579819806239       -6.28870400E-03
   1678.2011976486260       -6.97495556E-03
   1678.3444133166281       -7.66529422E-03
   1678.4876289846302       -8.35961476E-03
   1678.6308446526323       -9.05791763E-03
   1678.7740603206344       -9.76032764E-03
   1678.9172759886364       -1.04670431E-02
   1679.0604916566385       -1.11782448E-02
   1679.2037073246406       -1.18940026E-02
   1679.3469229926427       -1.26142576E-02
   1679.4901386606448       -1.33388583E-02
   1679.6333543286469       -1.40676470E-02
   1679.7765699966490       -1.48005504E-02
   1679.9197856646510       -1.55376196E-02
   1680.0630013326531       -1.62789971E-02
   1680.2062170006552       -1.70248132E-02
   1680.3494326686573       -1.77751109E-02
   1680.4926483366594       -1.85297951E-02
   1680.6358640046615       -1.92886740E-02
   1680.7790796726636       -2.00515538E-02
   1680.9222953406656       -2.08183452E-02
   1681.0655110086677       -2.15890985E-02
   1681.2087266766698       -2.23639663E-02
   1681.3519423446719       -2.31430996E-02
   1681.4951580126740       -2.39265654E-02
   1681.6383736806761       -2.47142836E-02
   1681.7815893486782       -2.55060494E-02
   1681.9248050166802       -2.63016149E-02
   1682.0680206846823       -2.71008033E-02
   1682.2112363526844       -2.79035494E-02
   1682.3544520206865       -2.87099350E-02
   1682.4976676886886       -2.95200907E-02
   1682.6408833566907       -3.03340852E-02
   1682.7840990246928       -3.11518498E-02
   1682.9273146926948       -3.19731683E-02
   1683.0705303606969       -3.27977687E-02
   1683.2137460286990       -3.36254202E-02
   1683.3569616967011       -3.44560221E-02
   1683.5001773647032       -3.52895968E-02
   1683.6433930327053       -3.61262262E-02
   1683.7866087007073       -3.69659476E-02
   1683.9298243687094       -3.78086567E-02
   1684.0730400367115       -3.86541151E-02
   1684.2162557047136       -3.95019874E-02
   1684.3594713727157       -4.03519608E-02
   1684.5026870407178       -4.12038453E-02
   1684.6459027087199       -4.20576036E-02
   1684.7891183767219       -4.29132916E-02
   1684.9323340447240       -4.37709652E-02
   1685.0755497127261       -4.46305461E-02
   1685.2187653807282       -4.54918221E-02
   1685.3619810487303       -4.63544540E-02
   1685.5051967167324       -4.72180992E-02
   1685.6484123847345       -4.80825007E-02
   1685.7916280527365       -4.89475355E-02
   1685.9348437207386       -4.98131849E-02
   1686.0780593887407       -5.06794564E-02
   1686.2212750567428       -5.15462942E-02
   1686.3644907247449       -5.24135008E-02
   1686.5077063927470       -5.32807559E-02
   1686.6509220607491       -5.41476719E-02
   1686.7941377287511       -5.50139323E-02
   1686.9373533967532       -5.58793545E-02
   1687.0805690647553       -5.67438826E-02
   1687.2237847327574       -5.76074831E-02
   1687.3670004007595       -5.84700778E-02
   1687.5102160687616       -5.93314469E-02
   1687.6534317367637       -6.01912774E-02
   1687.7966474047657       -6.10491969E-02
   1687.9398630727678       -6.19048886E-02
   1688.0830787407699       -6.27581477E-02
   1688.2262944087720       -6.36088699E-02
   1688.3695100767741       -6.44570217E-02
   1688.5127257447762       -6.53025657E-02
   1688.6559414127782       -6.61453456E-02
   1688.7991570807803       -6.69851005E-02
   1688.9423727487824       -6.78214878E-02
   1689.0855884167845       -6.86541870E-02
   1689.2288040847866       -6.94829524E-02
   1689.3720197527887       -7.03076497E-02
   1689.5152354207908       -7.11281896E-02
   1689.6584510887928       -7.19444752E-02
   1689.8016667567949       -7.27563053E-02
   1689.9448824247970       -7.35634193E-02
   1690.0880980927991       -7.43654668E-02
   1690.2313137608012       -7.51621276E-02
   1690.3745294288033       -7.59531632E-02
   1690.5177450968054       -7.67384470E-02
   1690.6609607648074       -7.75179341E-02
   1690.8041764328095       -7.82916099E-02
   1690.9473921008116       -7.90593624E-02
   1691.0906077688137       -7.98209608E-02
   1691.2338234368158       -8.05760846E-02
   1691.3770391048179       -8.13244432E-02
   1691.5202547728200       -8.20658058E-02
   1691.6634704408220       -8.28001052E-02
   1691.8066861088241       -8.35273266E-02
   1691.9499017768262       -8.42474625E-02
   1692.0931174448283       -8.49604085E-02
   1692.2363331128304       -8.56659561E-02
   1692.3795487808325       -8.63638222E-02
   1692.5227644488346       -8.70536938E-02
   1692.6659801168366       -8.77353474E-02
   1692.8091957848387       -8.84086788E-02
   1692.9524114528408       -8.90737027E-02
   1693.0956271208429       -8.97304863E-02
   1693.2388427888450       -9.03790146E-02
   1693.3820584568471       -9.10191685E-02
   1693.5252741248491       -9.16506797E-02
   1693.6684897928512       -9.22732428E-02
   1693.8117054608533       -9.28866193E-02
   1693.9549211288554       -9.34907198E-02
   1694.0981367968575       -9.40855592E-02
   1694.2413524648596       -9.46712643E-02
   1694.3845681328617       -9.52479094E-02
   1694.5277838008637       -9.58154723E-02
   1694.6709994688658       -9.63737816E-02
   1694.8142151368679       -9.69226211E-02
   1694.9574308048700       -9.74617451E-02
   1695.1006464728721       -9.79910642E-02
   1695.2438621408742       -9.85106379E-02
   1695.3870778088763       -9.90206003E-02
   1695.5302934768783       -9.95211154E-02
   1695.6735091448804      -0.100012206    
   1695.8167248128825      -0.100493774    
   1695.9599404808846      -0.100965634    
   1696.1031561488867      -0.101427570    
   1696.2463718168888      -0.101879500    
   1696.3895874848909      -0.102321431    
   1696.5328031528929      -0.102753483    
   1696.6760188208950      -0.103175819    
   1696.8192344888971      -0.103588581    
   1696.9624501568992      -0.103991762    
   1697.1056658249013      -0.104385279    
   1697.2488814929034      -0.104768962    
   1697.3920971609055      -0.105142727    
   1697.5353128289075      -0.105506606    
   1697.6785284969096      -0.105860740    
   1697.8217441649117      -0.106205329    
   1697.9649598329138      -0.106540501    
   1698.1081755009159      -0.106866293    
   1698.2513911689180      -0.107182652    
   1698.3946068369200      -0.107489467    
   1698.5378225049221      -0.107786700    
   1698.6810381729242      -0.108074397    
   1698.8242538409263      -0.108352706    
   1698.9674695089284      -0.108621851    
   1699.1106851769305      -0.108882025    
   1699.2539008449326      -0.109133333    
   1699.3971165129346      -0.109375805    
   1699.5403321809367      -0.109609365    
   1699.6835478489388      -0.109833986    
   1699.8267635169409      -0.110049710    
   1699.9699791849430      -0.110256694    
   1700.1131948529451      -0.110455126    
   1700.2564105209472      -0.110645160    
   1700.3996261889492      -0.110826895    
   1700.5428418569513      -0.111000352    
   1700.6860575249534      -0.111165509    
   1700.8292731929555      -0.111322351    
   1700.9724888609576      -0.111470945    
   1701.1157045289597      -0.111611441    
   1701.2589201969618      -0.111744076    
   1701.4021358649638      -0.111869097    
   1701.5453515329659      -0.111986652    
   1701.6885672009680      -0.112096772    
   1701.8317828689701      -0.112199403    
   1701.9749985369722      -0.112294495    
   1702.1182142049743      -0.112382062    
   1702.2614298729764      -0.112462267    
   1702.4046455409784      -0.112535343    
   1702.5478612089805      -0.112601496    
   1702.6910768769826      -0.112660885    
   1702.8342925449847      -0.112713575    
   1702.9775082129868      -0.112759560    
   1703.1207238809889      -0.112798840    
   1703.2639395489909      -0.112831458    
   1703.4071552169930      -0.112857588    
   1703.5503708849951      -0.112877488    
   1703.6935865529972      -0.112891443    
   1703.8368022209993      -0.112899646    
   1703.9800178890014      -0.112902150    
   1704.1232335570035      -0.112898901    
   1704.2664492250055      -0.112889796    
   1704.4096648930076      -0.112874791    
   1704.5528805610097      -0.112853982    
   1704.6960962290118      -0.112827547    
   1704.8393118970139      -0.112795703    
   1704.9825275650160      -0.112758644    
   1705.1257432330181      -0.112716489    
   1705.2689589010201      -0.112669230    
   1705.4121745690222      -0.112616800    
   1705.5553902370243      -0.112559155    
   1705.6986059050264      -0.112496376    
   1705.8418215730285      -0.112428643    
   1705.9850372410306      -0.112356260    
   1706.1282529090327      -0.112279490    
   1706.2714685770347      -0.112198442    
   1706.4146842450368      -0.112113081    
   1706.5578999130389      -0.112023331    
   1706.7011155810410      -0.111929119    
   1706.8443312490431      -0.111830473    
   1706.9875469170452      -0.111727543    
   1707.1307625850473      -0.111620560    
   1707.2739782530493      -0.111509755    
   1707.4171939210514      -0.111395299    
   1707.5604095890535      -0.111277223    
   1707.7036252570556      -0.111155480    
   1707.8468409250577      -0.111029968    
   1707.9900565930598      -0.110900655    
   1708.1332722610618      -0.110767663    
   1708.2764879290639      -0.110631198    
   1708.4197035970660      -0.110491499    
   1708.5629192650681      -0.110348716    
   1708.7061349330702      -0.110202879    
   1708.8493506010723      -0.110053964    
   1708.9925662690744      -0.109901890    
   1709.1357819370764      -0.109746665    
   1709.2789976050785      -0.109588370    
   1709.4222132730806      -0.109427184    
   1709.5654289410827      -0.109263346    
   1709.7086446090848      -0.109097049    
   1709.8518602770869      -0.108928367    
   1709.9950759450890      -0.108757228    
   1710.1382916130910      -0.108583525    
   1710.2815072810931      -0.108407199    
   1710.4247229490952      -0.108228281    
   1710.5679386170973      -0.108046964    
   1710.7111542850994      -0.107863463    
   1710.8543699531015      -0.107677922    
   1710.9975856211036      -0.107490391    
   1711.1408012891056      -0.107300892    
   1711.2840169571077      -0.107109368    
   1711.4272326251098      -0.106915832    
   1711.5704482931119      -0.106720373    
   1711.7136639611140      -0.106523171    
   1711.8568796291161      -0.106324427    
   1712.0000952971182      -0.106124356    
   1712.1433109651202      -0.105923057    
   1712.2865266331223      -0.105720490    
   1712.4297423011244      -0.105516583    
   1712.5729579691265      -0.105311245    
   1712.7161736371286      -0.105104521    
   1712.8593893051307      -0.104896545    
   1713.0026049731327      -0.104687527    
   1713.1458206411348      -0.104477644    
   1713.2890363091369      -0.104266986    
   1713.4322519771390      -0.104055569    
   1713.5754676451411      -0.103843369    
   1713.7186833131432      -0.103630334    
   1713.8618989811453      -0.103416532    
   1714.0051146491473      -0.103202090    
   1714.1483303171494      -0.102987237    
   1714.2915459851515      -0.102772206    
   1714.4347616531536      -0.102557108    
   1714.5779773211557      -0.102341950    
   1714.7211929891578      -0.102126628    
   1714.8644086571599      -0.101911083    
   1715.0076243251619      -0.101695329    
   1715.1508399931640      -0.101479553    
   1715.2940556611661      -0.101263955    
   1715.4372713291682      -0.101048782    
   1715.5804869971703      -0.100834161    
   1715.7237026651724      -0.100620165    
   1715.8669183331745      -0.100406758    
   1716.0101340011765      -0.100193858    
   1716.1533496691786       -9.99814272E-02
   1716.2965653371807       -9.97695327E-02
   1716.4397810051828       -9.95583534E-02
   1716.5829966731849       -9.93481129E-02
   1716.7262123411870       -9.91389602E-02
   1716.8694280091891       -9.89309400E-02
   1717.0126436771911       -9.87240002E-02
   1717.1558593451932       -9.85180140E-02
   1717.2990750131953       -9.83129591E-02
   1717.4422906811974       -9.81089175E-02
   1717.5855063491995       -9.79061276E-02
   1717.7287220172016       -9.77048278E-02
   1717.8719376852036       -9.75052416E-02
   1718.0151533532057       -9.73074734E-02
   1718.1583690212078       -9.71114859E-02
   1718.3015846892099       -9.69171524E-02
   1718.4448003572120       -9.67243388E-02
   1718.5880160252141       -9.65330377E-02
   1718.7312316932162       -9.63433683E-02
   1718.8744473612182       -9.61555541E-02
   1719.0176630292203       -9.59698111E-02
   1719.1608786972224       -9.57862362E-02
   1719.3040943652245       -9.56048295E-02
   1719.4473100332266       -9.54254940E-02
   1719.5905257012287       -9.52481776E-02
   1719.7337413692308       -9.50728804E-02
   1719.8769570372328       -9.48996991E-02
   1720.0201727052349       -9.47288424E-02
   1720.1633883732370       -9.45605189E-02
   1720.3066040412391       -9.43948776E-02
   1720.4498197092412       -9.42319483E-02
   1720.5930353772433       -9.40715969E-02
   1720.7362510452454       -9.39136371E-02
   1720.8794667132474       -9.37579423E-02
   1721.0226823812495       -9.36045274E-02
   1721.1658980492516       -9.34535414E-02
   1721.3091137172537       -9.33051854E-02
   1721.4523293852558       -9.31596011E-02
   1721.5955450532579       -9.30168107E-02
   1721.7387607212600       -9.28767622E-02
   1721.8819763892620       -9.27393362E-02
   1722.0251920572641       -9.26044658E-02
   1722.1684077252662       -9.24721435E-02
   1722.3116233932683       -9.23424587E-02
   1722.4548390612704       -9.22155529E-02
   1722.5980547292725       -9.20915753E-02
   1722.7412703972745       -9.19705480E-02
   1722.8844860652766       -9.18523818E-02
   1723.0277017332787       -9.17369202E-02
   1723.1709174012808       -9.16240215E-02
   1723.3141330692829       -9.15136635E-02
   1723.4573487372850       -9.14059430E-02
   1723.6005644052871       -9.13009793E-02
   1723.7437800732891       -9.11988914E-02
   1723.8869957412912       -9.10996795E-02
   1724.0302114092933       -9.10032839E-02
   1724.1734270772954       -9.09096003E-02
   1724.3166427452975       -9.08184946E-02
   1724.4598584132996       -9.07298923E-02
   1724.6030740813017       -9.06437859E-02
   1724.7462897493037       -9.05602798E-02
   1724.8895054173058       -9.04794782E-02
   1725.0327210853079       -9.04013962E-02
   1725.1759367533100       -9.03259292E-02
   1725.3191524213121       -9.02528837E-02
   1725.4623680893142       -9.01820511E-02
   1725.6055837573163       -9.01133567E-02
   1725.7487994253183       -9.00468230E-02
   1725.8920150933204       -8.99825692E-02
   1726.0352307613225       -8.99207145E-02
   1726.1784464293246       -8.98612738E-02
   1726.3216620973267       -8.98041651E-02
   1726.4648777653288       -8.97491947E-02
   1726.6080934333309       -8.96961838E-02
   1726.7513091013329       -8.96449983E-02
   1726.8945247693350       -8.95956084E-02
   1727.0377404373371       -8.95481110E-02
   1727.1809561053392       -8.95026177E-02
   1727.3241717733413       -8.94591734E-02
   1727.4673874413434       -8.94176885E-02
   1727.6106031093454       -8.93779546E-02
   1727.7538187773475       -8.93397406E-02
   1727.8970344453496       -8.93029124E-02
   1728.0402501133517       -8.92674252E-02
   1728.1834657813538       -8.92333835E-02
   1728.3266814493559       -8.92009065E-02
   1728.4698971173580       -8.91700983E-02
   1728.6131127853600       -8.91409516E-02
   1728.7563284533621       -8.91132951E-02
   1728.8995441213642       -8.90868604E-02
   1729.0427597893663       -8.90613869E-02
   1729.1859754573684       -8.90367255E-02
   1729.3291911253705       -8.90128687E-02
   1729.4724067933726       -8.89899135E-02
   1729.6156224613746       -8.89679864E-02
   1729.7588381293767       -8.89470577E-02
   1729.9020537973788       -8.89269933E-02
   1730.0452694653809       -8.89075845E-02
   1730.1884851333830       -8.88886750E-02
   1730.3317008013851       -8.88701826E-02
   1730.4749164693872       -8.88521373E-02
   1730.6181321373892       -8.88346806E-02
   1730.7613478053913       -8.88179243E-02
   1730.9045634733934       -8.88019130E-02
   1731.0477791413955       -8.87865722E-02
   1731.1909948093976       -8.87717158E-02
   1731.3342104773997       -8.87570903E-02
   1731.4774261454018       -8.87424946E-02
   1731.6206418134038       -8.87278542E-02
   1731.7638574814059       -8.87132511E-02
   1731.9070731494080       -8.86987895E-02
   1732.0502888174101       -8.86845291E-02
   1732.1935044854122       -8.86704251E-02
   1732.3367201534143       -8.86563510E-02
   1732.4799358214163       -8.86421502E-02
   1732.6231514894184       -8.86276737E-02
   1732.7663671574205       -8.86128545E-02
   1732.9095828254226       -8.85977447E-02
   1733.0527984934247       -8.85824263E-02
   1733.1960141614268       -8.85669962E-02
   1733.3392298294289       -8.85514766E-02
   1733.4824454974309       -8.85357559E-02
   1733.6256611654330       -8.85196701E-02
   1733.7688768334351       -8.85031074E-02
   1733.9120925014372       -8.84860456E-02
   1734.0553081694393       -8.84685665E-02
   1734.1985238374414       -8.84508044E-02
   1734.3417395054435       -8.84328485E-02
   1734.4849551734455       -8.84147286E-02
   1734.6281708414476       -8.83963555E-02
   1734.7713865094497       -8.83776098E-02
   1734.9146021774518       -8.83583650E-02
   1735.0578178454539       -8.83385390E-02
   1735.2010335134560       -8.83181244E-02
   1735.3442491814581       -8.82971883E-02
   1735.4874648494601       -8.82758424E-02
   1735.6306805174622       -8.82541612E-02
   1735.7738961854643       -8.82321224E-02
   1735.9171118534664       -8.82096440E-02
   1736.0603275214685       -8.81866291E-02
   1736.2035431894706       -8.81630629E-02
   1736.3467588574727       -8.81389901E-02
   1736.4899745254747       -8.81145373E-02
   1736.6331901934768       -8.80898237E-02
   1736.7764058614789       -8.80649313E-02
   1736.9196215294810       -8.80398452E-02
   1737.0628371974831       -8.80144984E-02
   1737.2060528654852       -8.79888013E-02
   1737.3492685334872       -8.79626945E-02
   1737.4924842014893       -8.79361928E-02
   1737.6356998694914       -8.79094228E-02
   1737.7789155374935       -8.78825262E-02
   1737.9221312054956       -8.78556073E-02
   1738.0653468734977       -8.78286660E-02
   1738.2085625414998       -8.78016427E-02
   1738.3517782095018       -8.77744183E-02
   1738.4949938775039       -8.77469629E-02
   1738.6382095455060       -8.77193213E-02
   1738.7814252135081       -8.76916125E-02
   1738.9246408815102       -8.76639858E-02
   1739.0678565495123       -8.76365677E-02
   1739.2110722175144       -8.76094103E-02
   1739.3542878855164       -8.75825137E-02
   1739.4975035535185       -8.75558257E-02
   1739.6407192215206       -8.75292942E-02
   1739.7839348895227       -8.75029489E-02
   1739.9271505575248       -8.74769092E-02
   1740.0703662255269       -8.74513760E-02
   1740.2135818935290       -8.74265283E-02
   1740.3567975615310       -8.74024332E-02
   1740.5000132295331       -8.73790607E-02
   1740.6432288975352       -8.73562992E-02
   1740.7864445655373       -8.73340368E-02
   1740.9296602335394       -8.73122737E-02
   1741.0728759015415       -8.72910991E-02
   1741.2160915695436       -8.72706622E-02
   1741.3593072375456       -8.72511640E-02
   1741.5025229055477       -8.72326940E-02
   1741.6457385735498       -8.72152746E-02
   1741.7889542415519       -8.71988237E-02
   1741.9321699095540       -8.71832296E-02
   1742.0753855775561       -8.71684551E-02
   1742.2186012455581       -8.71545598E-02
   1742.3618169135602       -8.71417224E-02
   1742.5050325815623       -8.71301591E-02
   1742.6482482495644       -8.71200040E-02
   1742.7914639175665       -8.71112794E-02
   1742.9346795855686       -8.71039554E-02
   1743.0778952535707       -8.70979279E-02
   1743.2211109215727       -8.70931447E-02
   1743.3643265895748       -8.70896280E-02
   1743.5075422575769       -8.70874673E-02
   1743.6507579255790       -8.70868191E-02
   1743.7939735935811       -8.70878324E-02
   1743.9371892615832       -8.70905817E-02
   1744.0804049295853       -8.70950148E-02
   1744.2236205975873       -8.71010199E-02
   1744.3668362655894       -8.71085003E-02
   1744.5100519335915       -8.71174335E-02
   1744.6532676015936       -8.71279016E-02
   1744.7964832695957       -8.71400535E-02
   1744.9396989375978       -8.71540159E-02
   1745.0829146055999       -8.71698409E-02
   1745.2261302736019       -8.71874988E-02
   1745.3693459416040       -8.72068852E-02
   1745.5125616096061       -8.72279182E-02
   1745.6557772776082       -8.72505605E-02
   1745.7989929456103       -8.72748494E-02
   1745.9422086136124       -8.73008668E-02
   1746.0854242816145       -8.73287767E-02
   1746.2286399496165       -8.73586386E-02
   1746.3718556176186       -8.73904601E-02
   1746.5150712856207       -8.74241516E-02
   1746.6582869536228       -8.74595940E-02
   1746.8015026216249       -8.74967426E-02
   1746.9447182896270       -8.75355750E-02
   1747.0879339576290       -8.75761360E-02
   1747.2311496256311       -8.76184478E-02
   1747.3743652936332       -8.76625031E-02
   1747.5175809616353       -8.77082497E-02
   1747.6607966296374       -8.77555758E-02
   1747.8040122976395       -8.78043622E-02
   1747.9472279656416       -8.78545269E-02
   1748.0904436336436       -8.79060775E-02
   1748.2336593016457       -8.79590809E-02
   1748.3768749696478       -8.80136043E-02
   1748.5200906376499       -8.80697072E-02
   1748.6633063056520       -8.81273299E-02
   1748.8065219736541       -8.81863087E-02
   1748.9497376416562       -8.82465094E-02
   1749.0929533096582       -8.83077681E-02
   1749.2361689776603       -8.83700550E-02
   1749.3793846456624       -8.84333700E-02
   1749.5226003136645       -8.84976983E-02
   1749.6658159816666       -8.85630250E-02
   1749.8090316496687       -8.86292458E-02
   1749.9522473176708       -8.86962265E-02
   1750.0954629856728       -8.87637958E-02
   1750.2386786536749       -8.88318196E-02
   1750.3818943216770       -8.89002383E-02
   1750.5251099896791       -8.89690369E-02
   1750.6683256576812       -8.90382230E-02
   1750.8115413256833       -8.91077816E-02
   1750.9547569936854       -8.91776085E-02
   1751.0979726616874       -8.92475024E-02
   1751.2411883296895       -8.93172398E-02
   1751.3844039976916       -8.93866420E-02
   1751.5276196656937       -8.94556046E-02
   1751.6708353336958       -8.95241052E-02
   1751.8140510016979       -8.95921439E-02
   1751.9572666696999       -8.96596983E-02
   1752.1004823377020       -8.97266641E-02
   1752.2436980057041       -8.97928625E-02
   1752.3869136737062       -8.98580477E-02
   1752.5301293417083       -8.99219662E-02
   1752.6733450097104       -8.99844766E-02
   1752.8165606777125       -9.00454968E-02
   1752.9597763457145       -9.01050344E-02
   1753.1029920137166       -9.01630670E-02
   1753.2462076817187       -9.02195051E-02
   1753.3894233497208       -9.02741402E-02
   1753.5326390177229       -9.03267190E-02
   1753.6758546857250       -9.03769806E-02
   1753.8190703537271       -9.04247463E-02
   1753.9622860217291       -9.04698968E-02
   1754.1055016897312       -9.05123800E-02
   1754.2487173577333       -9.05521512E-02
   1754.3919330257354       -9.05891359E-02
   1754.5351486937375       -9.06231552E-02
   1754.6783643617396       -9.06539559E-02
   1754.8215800297417       -9.06812623E-02
   1754.9647956977437       -9.07048360E-02
   1755.1080113657458       -9.07245576E-02
   1755.2512270337479       -9.07403976E-02
   1755.3944427017500       -9.07523632E-02
   1755.5376583697521       -9.07604396E-02
   1755.6808740377542       -9.07644928E-02
   1755.8240897057563       -9.07642990E-02
   1755.9673053737583       -9.07595903E-02
   1756.1105210417604       -9.07501057E-02
   1756.2537367097625       -9.07356665E-02
   1756.3969523777646       -9.07161683E-02
   1756.5401680457667       -9.06915665E-02
   1756.6833837137688       -9.06617939E-02
   1756.8265993817708       -9.06267464E-02
   1756.9698150497729       -9.05862227E-02
   1757.1130307177750       -9.05399546E-02
   1757.2562463857771       -9.04877260E-02
   1757.3994620537792       -9.04293582E-02
   1757.5426777217813       -9.03647840E-02
   1757.6858933897834       -9.02939886E-02
   1757.8291090577854       -9.02169272E-02
   1757.9723247257875       -9.01335180E-02
   1758.1155403937896       -9.00436044E-02
   1758.2587560617917       -8.99469927E-02
   1758.4019717297938       -8.98434967E-02
   1758.5451873977959       -8.97329599E-02
   1758.6884030657980       -8.96152928E-02
   1758.8316187338000       -8.94904733E-02
   1758.9748344018021       -8.93584862E-02
   1759.1180500698042       -8.92192647E-02
   1759.2612657378063       -8.90726671E-02
   1759.4044814058084       -8.89184698E-02
   1759.5476970738105       -8.87564793E-02
   1759.6909127418126       -8.85865241E-02
   1759.8341284098146       -8.84085447E-02
   1759.9773440778167       -8.82225186E-02
   1760.1205597458188       -8.80284607E-02
   1760.2637754138209       -8.78263265E-02
   1760.4069910818230       -8.76160115E-02
   1760.5502067498251       -8.73973817E-02
   1760.6934224178272       -8.71703401E-02
   1760.8366380858292       -8.69348049E-02
   1760.9798537538313       -8.66907835E-02
   1761.1230694218334       -8.64383429E-02
   1761.2662850898355       -8.61775428E-02
   1761.4095007578376       -8.59083906E-02
   1761.5527164258397       -8.56308043E-02
   1761.6959320938417       -8.53446648E-02
   1761.8391477618438       -8.50498453E-02
   1761.9823634298459       -8.47462863E-02
   1762.1255790978480       -8.44340324E-02
   1762.2687947658501       -8.41131806E-02
   1762.4120104338522       -8.37838650E-02
   1762.5552261018543       -8.34461302E-02
   1762.6984417698563       -8.30999836E-02
   1762.8416574378584       -8.27452987E-02
   1762.9848731058605       -8.23819488E-02
   1763.1280887738626       -8.20098147E-02
   1763.2713044418647       -8.16288963E-02
   1763.4145201098668       -8.12392980E-02
   1763.5577357778689       -8.08411762E-02
   1763.7009514458709       -8.04346800E-02
   1763.8441671138730       -8.00198913E-02
   1763.9873827818751       -7.95968026E-02
   1764.1305984498772       -7.91653991E-02
   1764.2738141178793       -7.87257105E-02
   1764.4170297858814       -7.82778412E-02
   1764.5602454538835       -7.78219774E-02
   1764.7034611218855       -7.73583353E-02
   1764.8466767898876       -7.68871084E-02
   1764.9898924578897       -7.64083862E-02
   1765.1331081258918       -7.59221464E-02
   1765.2763237938939       -7.54283220E-02
   1765.4195394618960       -7.49268681E-02
   1765.5627551298981       -7.44177997E-02
   1765.7059707979001       -7.39012882E-02
   1765.8491864659022       -7.33775944E-02
   1765.9924021339043       -7.28469640E-02
   1766.1356178019064       -7.23096356E-02
   1766.2788334699085       -7.17657134E-02
   1766.4220491379106       -7.12152421E-02
   1766.5652648059126       -7.06582516E-02
   1766.7084804739147       -7.00948089E-02
   1766.8516961419168       -6.95250928E-02
   1766.9949118099189       -6.89493641E-02
   1767.1381274779210       -6.83678985E-02
   1767.2813431459231       -6.77809566E-02
   1767.4245588139252       -6.71886802E-02
   1767.5677744819272       -6.65911213E-02
   1767.7109901499293       -6.59883171E-02
   1767.8542058179314       -6.53803647E-02
   1767.9974214859335       -6.47674799E-02
   1768.1406371539356       -6.41499460E-02
   1768.2838528219377       -6.35281056E-02
   1768.4270684899398       -6.29022345E-02
   1768.5702841579418       -6.22724891E-02
   1768.7134998259439       -6.16389476E-02
   1768.8567154939460       -6.10016435E-02
   1768.9999311619481       -6.03606403E-02
   1769.1431468299502       -5.97161055E-02
   1769.2863624979523       -5.90683036E-02
   1769.4295781659544       -5.84175661E-02
   1769.5727938339564       -5.77642173E-02
   1769.7160095019585       -5.71085177E-02
   1769.8592251699606       -5.64506203E-02
   1770.0024408379627       -5.57906218E-02
   1770.1456565059648       -5.51286414E-02
   1770.2888721739669       -5.44648543E-02
   1770.4320878419690       -5.37995473E-02
   1770.5753035099710       -5.31330481E-02
   1770.7185191779731       -5.24656922E-02
   1770.8617348459752       -5.17977476E-02
   1771.0049505139773       -5.11293858E-02
   1771.1481661819794       -5.04606962E-02
   1771.2913818499815       -4.97917682E-02
   1771.4345975179835       -4.91227582E-02
   1771.5778131859856       -4.84539121E-02
   1771.7210288539877       -4.77855504E-02
   1771.8642445219898       -4.71179932E-02
   1772.0074601899919       -4.64514792E-02
   1772.1506758579940       -4.57861573E-02
   1772.2938915259961       -4.51221019E-02
   1772.4371071939981       -4.44594063E-02
   1772.5803228620002       -4.37982194E-02
   1772.7235385300023       -4.31387946E-02
   1772.8667541980044       -4.24814448E-02
   1773.0099698660065       -4.18265015E-02
   1773.1531855340086       -4.11742292E-02
   1773.2964012020107       -4.05248180E-02
   1773.4396168700127       -3.98783684E-02
   1773.5828325380148       -3.92349549E-02
   1773.7260482060169       -3.85946967E-02
   1773.8692638740190       -3.79578024E-02
   1774.0124795420211       -3.73245552E-02
   1774.1556952100232       -3.66952419E-02
   1774.2989108780253       -3.60700935E-02
   1774.4421265460273       -3.54492478E-02
   1774.5853422140294       -3.48327458E-02
   1774.7285578820315       -3.42206173E-02
   1774.8717735500336       -3.36129256E-02
   1775.0149892180357       -3.30098532E-02
   1775.1582048860378       -3.24116684E-02
   1775.3014205540399       -3.18186879E-02
   1775.4446362220419       -3.12311687E-02
   1775.5878518900440       -3.06492504E-02
   1775.7310675580461       -3.00729368E-02
   1775.8742832260482       -2.95021813E-02
   1776.0174988940503       -2.89369766E-02
   1776.1607145620524       -2.83774454E-02
   1776.3039302300544       -2.78238300E-02
   1776.4471458980565       -2.72764396E-02
   1776.5903615660586       -2.67355517E-02
   1776.7335772340607       -2.62013245E-02
   1776.8767929020628       -2.56737936E-02
   1777.0200085700649       -2.51528993E-02
   1777.1632242380670       -2.46385764E-02
   1777.3064399060690       -2.41308361E-02
   1777.4496555740711       -2.36298051E-02
   1777.5928712420732       -2.31357031E-02
   1777.7360869100753       -2.26487629E-02
   1777.8793025780774       -2.21691448E-02
   1778.0225182460795       -2.16968749E-02
   1778.1657339140816       -2.12318655E-02
   1778.3089495820836       -2.07740162E-02
   1778.4521652500857       -2.03232877E-02
   1778.5953809180878       -1.98797788E-02
   1778.7385965860899       -1.94436871E-02
   1778.8818122540920       -1.90152396E-02
   1779.0250279220941       -1.85945928E-02
   1779.1682435900962       -1.81817710E-02
   1779.3114592580982       -1.77766457E-02
   1779.4546749261003       -1.73790269E-02
   1779.5978905941024       -1.69887654E-02
   1779.7411062621045       -1.66058280E-02
   1779.8843219301066       -1.62303261E-02
   1780.0275375981087       -1.58624295E-02
   1780.1707532661108       -1.55022806E-02
   1780.3139689341128       -1.51499100E-02
   1780.4571846021149       -1.48052257E-02
   1780.6004002701170       -1.44680720E-02
   1780.7436159381191       -1.41383074E-02
   1780.8868316061212       -1.38158649E-02
   1781.0300472741233       -1.35007668E-02
   1781.1732629421253       -1.31930914E-02
   1781.3164786101274       -1.28929010E-02
   1781.4596942781295       -1.26001853E-02
   1781.6029099461316       -1.23148188E-02
   1781.7461256141337       -1.20365946E-02
   1781.8893412821358       -1.17653012E-02
   1782.0325569501379       -1.15008084E-02
   1782.1757726181399       -1.12431161E-02
   1782.3189882861420       -1.09923091E-02
   1782.4622039541441       -1.07484749E-02
   1782.6054196221462       -1.05116125E-02
   1782.7486352901483       -1.02815982E-02
   1782.8918509581504       -1.00582102E-02
   1783.0350666261525       -9.84121300E-03
   1783.1782822941545       -9.63043142E-03
   1783.3214979621566       -9.42579191E-03
   1783.4647136301587       -9.22731403E-03
   1783.6079292981608       -9.03503597E-03
   1783.7511449661629       -8.84892512E-03
   1783.8943606341650       -8.66882876E-03
   1784.0375763021671       -8.49448796E-03
   1784.1807919701691       -8.32562055E-03
   1784.3240076381712       -8.16202350E-03
   1784.4672233061733       -8.00361298E-03
   1784.6104389741754       -7.85040669E-03
   1784.7536546421775       -7.70243816E-03
   1784.8968703101796       -7.55967293E-03
   1785.0400859781817       -7.42196292E-03
   1785.1833016461837       -7.28905993E-03
   1785.3265173141858       -7.16067245E-03
   1785.4697329821879       -7.03654066E-03
   1785.6129486501900       -6.91650715E-03
   1785.7561643181921       -6.80052675E-03
   1785.8993799861942       -6.68862276E-03
   1786.0425956541962       -6.58079796E-03
   1786.1858113221983       -6.47693500E-03
   1786.3290269902004       -6.37678057E-03
   1786.4722426582025       -6.28000498E-03
   1786.6154583262046       -6.18631393E-03
   1786.7586739942067       -6.09554257E-03
   1786.9018896622088       -6.00766204E-03
   1787.0451053302108       -5.92271611E-03
   1787.1883209982129       -5.84072061E-03
   1787.3315366662150       -5.76156564E-03
   1787.4747523342171       -5.68500161E-03
   1787.6179680022192       -5.61067648E-03
   1787.7611836702213       -5.53823449E-03
   1787.9043993382234       -5.46741672E-03
   1788.0476150062254       -5.39811887E-03
   1788.1908306742275       -5.33035211E-03
   1788.3340463422296       -5.26416488E-03
   1788.4772620102317       -5.19951060E-03
   1788.6204776782338       -5.13621233E-03
   1788.7636933462359       -5.07398322E-03
   1788.9069090142380       -5.01252897E-03
   1789.0501246822400       -4.95162793E-03
   1789.1933403502421       -4.89118323E-03
   1789.3365560182442       -4.83120047E-03
   1789.4797716862463       -4.77170572E-03
   1789.6229873542484       -4.71266545E-03
   1789.7662030222505       -4.65390831E-03
   1789.9094186902526       -4.59513068E-03
   1790.0526343582546       -4.53593582E-03
   1790.1958500262567       -4.47598100E-03
   1790.3390656942588       -4.41506505E-03
   1790.4822813622609       -4.35317308E-03
   1790.6254970302630       -4.29040194E-03
   1790.7687126982651       -4.22680378E-03
   1790.9119283662671       -4.16231528E-03
   1791.0551440342692       -4.09672037E-03
   1791.1983597022713       -4.02972475E-03
   1791.3415753702734       -3.96105647E-03
   1791.4847910382755       -3.89055163E-03
   1791.6280067062776       -3.81816551E-03
   1791.7712223742797       -3.74393538E-03
   1791.9144380422817       -3.66790220E-03
   1792.0576537102838       -3.59002128E-03
   1792.2008693782859       -3.51011008E-03
   1792.3440850462880       -3.42789292E-03
   1792.4873007142901       -3.34309042E-03
   1792.6305163822922       -3.25552747E-03
   1792.7737320502943       -3.16517800E-03
   1792.9169477182963       -3.07213515E-03
   1793.0601633862984       -2.97648460E-03
   1793.2033790543005       -2.87821889E-03
   1793.3465947223026       -2.77720764E-03
   1793.4898103903047       -2.67320499E-03
   1793.6330260583068       -2.56593153E-03
   1793.7762417263089       -2.45517120E-03
   1793.9194573943109       -2.34082714E-03
   1794.0626730623130       -2.22292170E-03
   1794.2058887303151       -2.10154057E-03
   1794.3491043983172       -1.97675079E-03
   1794.4923200663193       -1.84849650E-03
   1794.6355357343214       -1.71661004E-03
   1794.7787514023235       -1.58086792E-03
   1794.9219670703255       -1.44112110E-03
   1795.0651827383276       -1.29736215E-03
   1795.2083984063297       -1.14969537E-03
   1795.3516140743318       -9.98262316E-04
   1795.4948297423339       -8.43130052E-04
   1795.6380454103360       -6.84231520E-04
   1795.7812610783380       -5.21387905E-04
   1795.9244767463401       -3.54357064E-04
   1796.0676924143422       -1.82945281E-04
   1796.2109080823443       -7.06315041E-06
   1796.3541237503464        1.73244625E-04
   1796.4973394183485        3.57829034E-04
   1796.6405550863506        5.46544790E-04
   1796.7837707543526        7.39365816E-04
   1796.9269864223547        9.36407596E-04
   1797.0702020903568        1.13786757E-03
   1797.2134177583589        1.34391338E-03
   1797.3566334263610        1.55459344E-03
   1797.4998490943631        1.76981837E-03
   1797.6430647623652        1.98937953E-03
   1797.7862804303672        2.21309811E-03
   1797.9294960983693        2.44086981E-03
   1798.0727117663714        2.67272443E-03
   1798.2159274343735        2.90883332E-03
   1798.3591431023756        3.14937532E-03
   1798.5023587703777        3.39446217E-03
   1798.6455744383798        3.64406407E-03
   1798.7887901063818        3.89799476E-03
   1798.9320057743839        4.15603071E-03
   1799.0752214423860        4.41803783E-03
   1799.2184371103881        4.68403846E-03
   1799.3616527783902        4.95415181E-03
   1799.5048684463923        5.22853434E-03
   1799.6480841143944        5.50726056E-03
   1799.7912997823964        5.79027086E-03
   1799.9345154503985        6.07737899E-03
   1800.0777311184006        6.36834651E-03
